source,id,text,retrieval_intent,retrieval_scenario,retrieval_object,memory_clues,forgotten_information,primary_retrieval_mode,retrieval_state,memory_state,retrieval_complexity,retrieval_outcome_effort
google_play,gplay-0001,"Found the photo of the stage when they announced the results by searching the person's face and then scrolling a bit. Took two minutes. The user remembers contextual details but lacks a precise identifier, so retrieval depends on connecting those clues.",Retrieval-related,Person-related memory,Photo/image,person/relationship,Not stated,Contextual retrieval,Recovery-dependent,People/relationship context remembered; Content remembered; exact wording uncertain,"Medium–High — multiple contextual clues, missing precise identifier",Successful — high effort
google_play,gplay-0002,Two things. Why did they move the sharing button? The new layout is confusing. App keeps crashing when I open a large video.,Not retrieval-related,Not stated,Video,Not stated,Not stated,Not applicable,Not applicable,Not applicable,Not applicable,Not applicable
google_play,gplay-0003,"Frustrating search. I've been looking for the screenshot of a chat where my landlord agreed to the repair for days. I remember green chat bubbles. I can't recall what it said exactly. Tried ""whatsapp"" and it popped up near the top. I scrolled for like 40 minutes. Finally found it after three days.",Retrieval-related,Document / screenshot retrieval,Screenshot,document/screenshot context,location; exact wording/name,Contextual retrieval,Recovery-dependent,Precise identifier missing; People/relationship context remembered; Content remembered; exact wording uncertain,"Medium–High — multiple contextual clues, missing precise identifier",Unsuccessful — not found / abandoned
google_play,gplay-0004,It would help if the app told me why a photo showed up in results.,Not retrieval-related,Not stated,Photo/image,Not stated,Not stated,Not applicable,Not applicable,Not applicable,Not applicable,Not applicable
google_play,gplay-0005,"Search is useless for old photos. I'm trying to find a photo of the tiny café we found in Goa. All I remember visually is blue wooden chairs and a hand-painted menu board. I don't remember the name of the place. I searched ""goa 2022"" and it gave me hundreds of photos. I have hundreds of similar shots and can't tell which one it was. I jumped to roughly that year with the scrollbar and went month by month. Never found it.",Retrieval-related,Trip / experience memory,Photo/image,place/trip/experience context; time/date reference,date/time; location; exact wording/name,Contextual retrieval,Candidate-heavy,Precise identifier missing; Time approximate; Place/event context remembered; People/relationship context remembered,High — many plausible candidates / weak discrimination,Unsuccessful — not found / abandoned
google_play,gplay-0006,"Does anyone know how to find a photo of the tiny café we found in Goa? I need it because my friend is going to Goa and asked for the name. It had my college friends in it. No clue what the place was called. I typed ""goa 2022"" in search and it gave me hundreds of photos. All the results look the same as tiny thumbnails. Never found it. The user remembers contextual details but lacks a precise identifier, so retrieval depends on connecting those clues.",Retrieval-related,Trip / experience memory,Photo/image,place/trip/experience context; time/date reference; person/relationship,Not stated,Contextual retrieval,Candidate-heavy,Time approximate; Place/event context remembered; People/relationship context remembered; Content remembered; exact wording uncertain,High — many plausible candidates / weak discrimination,Unsuccessful — not found / abandoned
google_play,gplay-0007,"Honestly search is amazing. I typed ""me on stage with trophy under purple lights"" and it found the photo of the stage when they announced the results in seconds.",Retrieval-related,General photo/media retrieval,Photo/image,Not stated,Not stated,Direct retrieval,Direct / efficient,Contextual clues available; precise identifier varies,Low–Medium — relatively strong clue set,Successful — low effort
google_play,gplay-0009,Two things. The widget on the home screen shows the same photo every day. Storage is full again and now they want me to pay for more. Too expensive for what it is.,Not retrieval-related,Not stated,Photo/image,Not stated,Not stated,Not applicable,Not applicable,Not applicable,Not applicable,Not applicable
google_play,gplay-0010,"Search is useless for old photos. I've been looking for a screenshot of a recipe from Instagram for days. It was sometime this year. I don't know what word the app would use for it. Tried ""recipe"" and got no results. The photo is definitely in my library but search never shows it. I scrolled for like 40 minutes. Finally found it after three days.",Retrieval-related,Document / screenshot retrieval,Screenshot,time/date reference; document/screenshot context,Not stated,Contextual retrieval,Recovery-dependent,Precise identifier missing; Time approximate; People/relationship context remembered; Content remembered; exact wording uncertain,"Medium–High — multiple contextual clues, missing precise identifier",Unsuccessful — not found / abandoned
google_play,gplay-0011,"Great backup app but search needs work. Does anyone know how to find a picture of the ramen bowl from the tiny shop? I need it now because a friend wants the shop name. It was taken near the station in Tokyo. I don't remember the name of the place. Tried ""ramen bowl with egg at a small shop near station"" but it just showed random photos. It doesn't understand what I'm describing at all. Never found it.",Retrieval-related,Person-related memory,Photo/image,person/relationship,location; exact wording/name,Contextual retrieval,Recovery-dependent,Precise identifier missing; Place/event context remembered; People/relationship context remembered,"Medium–High — multiple contextual clues, missing precise identifier",Unsuccessful — not found / abandoned
google_play,gplay-0012,"I've been looking for the picture of the pharmacy receipt for days. It's a picture of a pharmacy bill. I can't recall what it said exactly. Tried ""pharmacy"" and it popped up near the top. I scrolled for like 40 minutes. Finally found it after three days.",Retrieval-related,Document / screenshot retrieval,Document,document/screenshot context,exact wording/name,Contextual retrieval,Recovery-dependent,Precise identifier missing; Content remembered; exact wording uncertain,"Medium–High — multiple contextual clues, missing precise identifier",Unsuccessful — not found / abandoned
google_play,gplay-0013,"Search is hit or miss. Looking for the photo from the Ganpati procession. We were on the road near our society when I took it. I don't remember when exactly. Searched for ""people covered in red colour with ganesh idol"" and nothing came up. The photo is definitely in my library but search never shows it. I went through the face group for that person too. I found a similar one but not the exact photo I wanted.",Retrieval-related,Person-related memory,Photo/image,person/relationship,date/time; exact wording/name,Contextual retrieval,Recovery-dependent,Precise identifier missing; People/relationship context remembered,"Medium–High — multiple contextual clues, missing precise identifier",Unsuccessful — not found / abandoned
google_play,gplay-0014,Frustrating search. It's frustrating that I have to guess what word the app uses for something.,Not retrieval-related,Not stated,Not stated,Not stated,Not stated,Not applicable,Not applicable,Not applicable,Not applicable,Not applicable
google_play,gplay-0015,"Frustrating search. Does anyone know how to find the group photo from the night we all stayed up on the terrace? It had the whole hostel gang in it. I don't remember when exactly. I typed ""terrace"" in search and nothing came up. It just doesn't show up in search even though I know it's there. Finally found it after way too long.",Retrieval-related,General photo/media retrieval,Photo/image,Not stated,date/time; exact wording/name,Contextual retrieval,Recovery-dependent,Precise identifier missing; People/relationship context remembered,"Medium–High — multiple contextual clues, missing precise identifier",Unsuccessful — not found / abandoned
google_play,gplay-0016,"search is hit or miss. does anyone know how to find the family photo from diwali where everyone is wearing white? i remember everyone in white kurtas with diyas in front. i can't remember the date at all. i searched ""diwali"" and nothing came up. the photo is definitely in my library but search never shows it. i jumped to roughly that year with the scrollbar and went month by month. found one that might be it, but i'm not sure it's the same one.",Retrieval-related,Person-related memory,Photo/image,person/relationship,date/time; location,Contextual retrieval,Candidate-heavy,Precise identifier missing; Time approximate; People/relationship context remembered,"Medium–High — multiple contextual clues, missing precise identifier",Unsuccessful — not found / abandoned
google_play,gplay-0017,"search is useless for old photos. i've been looking for a screenshot of a map with a pin someone sent for days. for context, a friend shared the location of a trekking base camp. i can't recall what it said exactly. i typed ""map"" in search and there it was. got it eventually, after half an hour of scrolling.",Retrieval-related,Document / screenshot retrieval,Screenshot,person/relationship; document/screenshot context,location; exact wording/name,Contextual retrieval,Recovery-dependent,Precise identifier missing; Place/event context remembered; People/relationship context remembered; Content remembered; exact wording uncertain,"Medium–High — multiple contextual clues, missing precise identifier",Unsuccessful — not found / abandoned
google_play,gplay-0018,"Search is hit or miss. I'm trying to find the photo of the street where we got lost. I need it now because we want to frame it. Timing wise it was on the third or fourth day of the trip. I don't even remember what the event was called. Tried ""narrow street with yellow tiles and tram"" and it popped up near the top. Finally found it after half an hour of scrolling.",Retrieval-related,Trip / experience memory,Photo/image,place/trip/experience context,Not stated,Contextual retrieval,Recovery-dependent,Place/event context remembered; People/relationship context remembered,"Medium–High — multiple contextual clues, missing precise identifier",Unsuccessful — not found / abandoned
google_play,gplay-0019,"Search is useless for old photos. Looking for a sunset photo from the hotel balcony. I need it because I want to use it as a wallpaper again. This was during that Switzerland trip. I don't remember when exactly. Tried ""sunset"" and it gave me hundreds of photos. I have hundreds of similar shots and can't tell which one it was. Ended up scrolling back through years of photos. Still haven't found it.",Retrieval-related,Trip / experience memory,Photo/image,place/trip/experience context,date/time; exact wording/name,Contextual retrieval,Candidate-heavy,Precise identifier missing; Time approximate; Place/event context remembered; People/relationship context remembered,High — many plausible candidates / weak discrimination,Unsuccessful — not found / abandoned
google_play,gplay-0020,Two things. Uploading in original quality eats my data plan.,Not retrieval-related,Not stated,Not stated,Not stated,Not stated,Not applicable,Not applicable,Not applicable,Not applicable,Not applicable
google_play,gplay-0021,"Search is useless for old photos. It would help if the app told me why a photo showed up in results. The user remembers contextual details but lacks a precise identifier, so retrieval depends on connecting those clues.",Retrieval-related,General photo/media retrieval,Photo/image,Not stated,Not stated,Contextual retrieval,Contextual / first attempt,People/relationship context remembered; Content remembered; exact wording uncertain,"Medium–High — multiple contextual clues, missing precise identifier",Successful — low effort
google_play,gplay-0022,"Great backup app but search needs work. It would help if the app told me why a photo showed up in results. The user remembers contextual details but lacks a precise identifier, so retrieval depends on connecting those clues.",Retrieval-related,General photo/media retrieval,Photo/image,Not stated,Not stated,Contextual retrieval,Contextual / first attempt,People/relationship context remembered; Content remembered; exact wording uncertain,"Medium–High — multiple contextual clues, missing precise identifier",Successful — low effort
google_play,gplay-0024,The app is slow to load thumbnails on my old phone.,Not retrieval-related,Not stated,Not stated,Not stated,Not stated,Not applicable,Not applicable,Not applicable,Not applicable,Not applicable
google_play,gplay-0025,"Frustrating search. Does anyone know how to find a short video of the band at the pub? It was at a random Friday gig. I can't recall the name of the event. Tried ""friday 2022"" and got no results. It just doesn't show up in search even though I know it's there. Ended up scrolling back through years of photos. I gave up on finding it.",Retrieval-related,Event memory,Video,time/date reference,date/time; exact wording/name,Contextual retrieval,Recovery-dependent,Precise identifier missing; Time approximate; People/relationship context remembered,"Medium–High — multiple contextual clues, missing precise identifier",Unsuccessful — not found / abandoned
google_play,gplay-0026,"search is hit or miss. does anyone know how to find the photo of the menu at the street food stall? i need it because i want to recommend it to someone visiting. timing wise it was a winter evening, not sure which year. i can't recall where exactly it was. i typed ""handwritten street food menu board"" in search but it just showed random photos. i ran out of ideas pretty quickly. finally found it after half an hour of scrolling.",Retrieval-related,General photo/media retrieval,Photo/image,Not stated,date/time; location; exact wording/name,Direct retrieval,Direct / efficient,Precise identifier missing; Time approximate; Place/event context remembered; People/relationship context remembered,"Medium–High — multiple contextual clues, missing precise identifier",Unsuccessful — not found / abandoned
google_play,gplay-0027,"Search should work the way I remember things, like 'couple dancing under disco ball pink lehenga', not just single words.",Not retrieval-related,Not stated,Not stated,Not stated,Not stated,Not applicable,Not applicable,Not applicable,Not applicable,Not applicable
google_play,gplay-0028,"Honestly, The locked folder is a nice privacy feature. Too many notifications about 'memories' I didn't ask for.",Not retrieval-related,Not stated,Not stated,Not stated,Not stated,Not applicable,Not applicable,Not applicable,Not applicable,Not applicable
google_play,gplay-0029,"Honestly, The app is slow to load thumbnails on my old phone. Face grouping merged my twin daughters into one person lol.",Not retrieval-related,Person-related memory,Not stated,person/relationship,Not stated,Not applicable,Not applicable,Not applicable,Not applicable,Not applicable
google_play,gplay-0030,"I've been looking for a picture of the ramen bowl from the tiny shop for days. It's from the Japan trip. I don't remember the name of the place. I searched ""ramen"" and got a bunch of pictures that had nothing to do with it. It seems like search ignores half of what I type and only matches one word. I jumped to roughly that year with the scrollbar and went month by month. Still haven't found it.",Retrieval-related,Trip / experience memory,Photo/image,place/trip/experience context,date/time; location; exact wording/name,Contextual retrieval,Recovery-dependent,Precise identifier missing; Time approximate; Place/event context remembered,"Medium–High — multiple contextual clues, missing precise identifier",Unsuccessful — not found / abandoned
google_play,gplay-0031,"Honestly, I wish the video editor had more music options.",Not retrieval-related,Not stated,Video,Not stated,Not stated,Not applicable,Not applicable,Not applicable,Not applicable,Not applicable
google_play,gplay-0032,"Great backup app but search needs work. Does anyone know how to find the photo of a plant I saw at a nursery? I remember purple and green striped leaves in a hanging pot. I don't remember the name of the place. Searched for ""plant with purple striped leaves"" but it just showed random photos. It seems like search ignores half of what I type and only matches one word. Gave up for the day and tried again the next week. Never found it.",Retrieval-related,Trip / experience memory,Photo/image,place/trip/experience context,location; exact wording/name,Contextual retrieval,Recovery-dependent,Precise identifier missing; Place/event context remembered; People/relationship context remembered,"Medium–High — multiple contextual clues, missing precise identifier",Unsuccessful — not found / abandoned
google_play,gplay-0033,"Search is useless for old photos. I'm trying to find the photo of the prescription for my mother's eye drops. For context, the doctor's handwriting was unreadable. I don't know what it's called. I searched ""eye clinic"" and nothing came up. I just didn't know how to describe it in a way search would get. Eventually I searched my WhatsApp chats instead. I gave up on finding it.",Retrieval-related,Event memory,Photo/image,person/relationship,Not stated,Contextual retrieval,Recovery-dependent,Precise identifier missing; People/relationship context remembered; Content remembered; exact wording uncertain,"Medium–High — multiple contextual clues, missing precise identifier",Unsuccessful — not found / abandoned
google_play,gplay-0035,Update: The app is slow to load thumbnails on my old phone.,Not retrieval-related,Not stated,Not stated,Not stated,Not stated,Not applicable,Not applicable,Not applicable,Not applicable,Not applicable
google_play,gplay-0036,"Great backup app but search needs work. I've been looking for a photo of the rental agreement for days. I need it because the landlord is refusing to return the deposit. It had something about the notice period on it. I can't recall what it said exactly. Tried ""agreement 2021"" and got no results. The text in the photo doesn't seem to be searchable. Tried synonyms like ""contract"" too. Found one that might be it, but I'm not sure it's the same one.",Retrieval-related,General photo/media retrieval,Photo/image,time/date reference,exact wording/name,Contextual retrieval,Candidate-heavy,Precise identifier missing; Time approximate; People/relationship context remembered; Content remembered; exact wording uncertain,"Medium–High — multiple contextual clues, missing precise identifier",Unsuccessful — not found / abandoned
google_play,gplay-0037,"I've been looking for a shot of the fireworks at the new year party for days. I remember green fireworks over a swimming pool. I can't remember the date at all. I typed ""green fireworks over pool"" in search and it popped up near the top. Finally found it after way too long.",Not retrieval-related,Event memory,Not stated,Not stated,date/time,Not applicable,Not applicable,Not applicable,Not applicable,Not applicable
google_play,gplay-0038,"was sure i'd never find the photo of my son's vaccination card, but searching ""vaccination"" plus the year got it on the first try.",Retrieval-related,General photo/media retrieval,Photo/image,Not stated,Not stated,Direct retrieval,Direct / efficient,Time approximate; People/relationship context remembered,"Medium–High — multiple contextual clues, missing precise identifier",Successful — low effort
google_play,gplay-0039,"Does anyone know how to find the photo of my handwritten letter to myself? The photo shows a letter. I can't recall what it said exactly. I searched ""letter"" and nothing came up. After that I had no idea what else to try. I asked my sister if she still had it. Got it eventually, after half an hour of scrolling.",Retrieval-related,Event memory,Photo/image,person/relationship,exact wording/name,Contextual retrieval,Recovery-dependent,Precise identifier missing; People/relationship context remembered,"Medium–High — multiple contextual clues, missing precise identifier",Unsuccessful — not found / abandoned
google_play,gplay-0040,"was sure i'd never find the photo from the ganpati procession, but searching ""ganpati"" plus the year got it on the first try.",Retrieval-related,General photo/media retrieval,Photo/image,Not stated,Not stated,Direct retrieval,Direct / efficient,Time approximate; People/relationship context remembered,"Medium–High — multiple contextual clues, missing precise identifier",Successful — low effort
google_play,gplay-0041,"Two things. Love the collage feature, made a nice one for my mom.",Not retrieval-related,Person-related memory,Not stated,person/relationship,Not stated,Not applicable,Not applicable,Not applicable,Not applicable,Not applicable
google_play,gplay-0042,"Great backup app but search needs work. I've been looking for the video of my dog meeting the new puppy for days. I need it because our old dog passed away last week. I can picture the puppy running circles around him. Not sure which month or year, honestly. I typed ""2020 video"" in search and got no results. Screen recordings don't seem to be indexed at all. Tried synonyms like ""puppy"" too. Got it eventually, after half an hour of scrolling.",Retrieval-related,Event memory,Video,time/date reference,Not stated,Contextual retrieval,Recovery-dependent,Precise identifier missing; Time approximate; People/relationship context remembered,"Medium–High — multiple contextual clues, missing precise identifier",Unsuccessful — not found / abandoned
google_play,gplay-0043,Great backup app but search needs work. It's frustrating that I have to guess what word the app uses for something.,Not retrieval-related,Not stated,Not stated,Not stated,Not stated,Not applicable,Not applicable,Not applicable,Not applicable,Not applicable
google_play,gplay-0044,"Great backup app but search needs work. Search should work the way I remember things, like 'wine bottle with bird drawing on label', not just single words.",Not retrieval-related,Not stated,Not stated,Not stated,Not stated,Not applicable,Not applicable,Not applicable,Not applicable,Not applicable
google_play,gplay-0045,"Frustrating search. I've been looking for the photo of my son's first steps for days. It's the one my wife took, not me. I have no idea what year it was. I typed ""baby walking"" in search and got a bunch of pictures that had nothing to do with it. I just didn't know how to describe it in a way search would get. Still haven't found it.",Retrieval-related,General photo/media retrieval,Photo/image,Not stated,Not stated,Contextual retrieval,Contextual / first attempt,Precise identifier missing; Time approximate; People/relationship context remembered,"Medium–High — multiple contextual clues, missing precise identifier",Unsuccessful — not found / abandoned
google_play,gplay-0046,"I'm trying to find a screenshot of a recipe from Instagram. I can picture a dark background with white text. I don't remember the exact words on it. Searched for ""instagram screenshot"" and got thousands of results to scroll through. All the results look the same as tiny thumbnails. I checked my Gmail in case I had sent it to someone. Eventually I just gave up.",Retrieval-related,Document / screenshot retrieval,Screenshot,document/screenshot context,exact wording/name,Contextual retrieval,Candidate-heavy,Precise identifier missing; People/relationship context remembered; Content remembered; exact wording uncertain,High — many plausible candidates / weak discrimination,Unsuccessful — not found / abandoned
google_play,gplay-0047,"Frustrating search. Looking for the photo of the temple on the hill. It was a long time ago, maybe 2015. I can't recall where exactly it was. Tried ""white temple on hill with steps"" and nothing came up. The photo is definitely in my library but search never shows it. Found one that might be it, but I'm not sure it's the same one.",Retrieval-related,General photo/media retrieval,Photo/image,time/date reference,location; exact wording/name,Contextual retrieval,Candidate-heavy,Precise identifier missing; Time approximate; People/relationship context remembered,"Medium–High — multiple contextual clues, missing precise identifier",Unsuccessful — not found / abandoned
google_play,gplay-0048,"Looking for a picture of the ramen bowl from the tiny shop. I need it because a friend wants the shop name. I know it was near the station in Tokyo. No idea what the thing is actually called. I searched ""tokyo april 2023"" and nothing came up. How do you even search for something like that? I found a similar one but not the exact photo I wanted.",Retrieval-related,Person-related memory,Photo/image,time/date reference; person/relationship,Not stated,Contextual retrieval,Recovery-dependent,Precise identifier missing; Time approximate; Place/event context remembered; People/relationship context remembered,"Medium–High — multiple contextual clues, missing precise identifier",Unsuccessful — not found / abandoned
google_play,gplay-0049,"I'm trying to find the photo of the menu at the street food stall. I can picture a handwritten board in Hindi. I have no idea what year it was. I typed ""delhi winter"" in search and got a bunch of pictures that had nothing to do with it. It took ""menu"" literally and ignored everything else. I found a similar one but not the exact photo I wanted.",Retrieval-related,General photo/media retrieval,Photo/image,Not stated,Not stated,Contextual retrieval,Contextual / first attempt,Precise identifier missing; Time approximate; Place/event context remembered,"Medium–High — multiple contextual clues, missing precise identifier",Successful — low effort
google_play,gplay-0050,"two things. the locked folder is a nice privacy feature. love the collage feature, made a nice one for my mom.",Not retrieval-related,Person-related memory,Not stated,person/relationship,Not stated,Not applicable,Not applicable,Not applicable,Not applicable,Not applicable
google_play,gplay-0051,"Deleted photos don't free up space on the phone, confusing. Please add a dark mode for the web version.",Not retrieval-related,Not stated,Photo/image,Not stated,Not stated,Not applicable,Not applicable,Not applicable,Not applicable,Not applicable
google_play,gplay-0052,"Didn't remember anything except green hills and a reflection of my face in the glass, searched for that and it showed up. Impressed.",Not retrieval-related,Person-related memory,Not stated,person/relationship,Not stated,Not applicable,Not applicable,Not applicable,Not applicable,Not applicable
google_play,gplay-0053,"Looking for the photo of the dessert we ordered at that restaurant. It was at my sister's birthday dinner. I don't even remember what the event was called. Tried ""bangalore october"" and got a bunch of pictures that had nothing to do with it. I didn't know what else to try. Gave up for the day and tried again the next week. Still haven't found it.",Retrieval-related,Trip / experience memory,Photo/image,place/trip/experience context; person/relationship,Not stated,Contextual retrieval,Recovery-dependent,Place/event context remembered; People/relationship context remembered,"Medium–High — multiple contextual clues, missing precise identifier",Unsuccessful — not found / abandoned
google_play,gplay-0054,"Update: Can't figure out how to download all my photos to a hard drive. The user remembers contextual details but lacks a precise identifier, so retrieval depends on connecting those clues.",Retrieval-related,General photo/media retrieval,Photo/image,Not stated,Not stated,Contextual retrieval,Contextual / first attempt,Time approximate; People/relationship context remembered; Content remembered; exact wording uncertain,"Medium–High — multiple contextual clues, missing precise identifier",Successful — low effort
google_play,gplay-0055,"Search is hit or miss. Search should work the way I remember things, like 'parking pillar sign', not just single words.",Not retrieval-related,Not stated,Not stated,Not stated,Not stated,Not applicable,Not applicable,Not applicable,Not applicable,Not applicable
google_play,gplay-0056,Frustrating search. It's frustrating that I have to guess what word the app uses for something.,Not retrieval-related,Not stated,Not stated,Not stated,Not stated,Not applicable,Not applicable,Not applicable,Not applicable,Not applicable
google_play,gplay-0057,"Honestly, Please add a dark mode for the web version.",Not retrieval-related,Not stated,Not stated,Not stated,Not stated,Not applicable,Not applicable,Not applicable,Not applicable,Not applicable
google_play,gplay-0058,"Honestly, The app is slow to load thumbnails on my old phone. Printing service delivery took two weeks.",Not retrieval-related,Not stated,Not stated,Not stated,Not stated,Not applicable,Not applicable,Not applicable,Not applicable,Not applicable
google_play,gplay-0059,"honestly search is amazing. i typed ""old lady in green saree with bride on stage"" and it found the photo with the bride and my grandmother in seconds.",Retrieval-related,Person-related memory,Photo/image,person/relationship,Not stated,Direct retrieval,Direct / efficient,People/relationship context remembered,Low–Medium — relatively strong clue set,Successful — low effort
google_play,gplay-0060,"Minor gripe: The app is slow to load thumbnails on my old phone. The editing tools are great, the magic eraser is really good.",Not retrieval-related,Not stated,Not stated,Not stated,Not stated,Not applicable,Not applicable,Not applicable,Not applicable,Not applicable
google_play,gplay-0061,"search is useless for old photos. looking for the video of my mom singing at the dinner table. i remember my mom being in it. i can't remember the date at all. i searched ""video of mom singing at dinner"" and it gave me hundreds of photos. i have hundreds of similar shots and can't tell which one it was. i jumped to roughly that year with the scrollbar and went month by month. found one that might be it, but i'm not sure it's the same one.",Retrieval-related,Person-related memory,Video,person/relationship,date/time,Contextual retrieval,Candidate-heavy,Precise identifier missing; Time approximate; People/relationship context remembered,High — many plausible candidates / weak discrimination,Successful — high effort
google_play,gplay-0062,"Frustrating search. I've been looking for the photo of the dessert we ordered at that restaurant for days. It was last year, maybe around October. No clue what the place was called. I searched ""dessert"" and got thousands of results to scroll through. I have hundreds of similar shots and can't tell which one it was. Never found it. The user remembers contextual details but lacks a precise identifier, so retrieval depends on connecting those clues.",Retrieval-related,Trip / experience memory,Photo/image,place/trip/experience context; time/date reference,Not stated,Contextual retrieval,Candidate-heavy,Time approximate; Place/event context remembered; People/relationship context remembered; Content remembered; exact wording uncertain,High — many plausible candidates / weak discrimination,Unsuccessful — not found / abandoned
google_play,gplay-0063,"Great backup app but search needs work. Does anyone know how to find the group photo from the night we all stayed up on the terrace? I need it because one of them is getting married and we're making a video. I remember fairy lights and everyone squinting because of the flash. I have no idea what year it was. Tried ""friends on terrace at night with fairy lights"" and there it was. Got it eventually, after two evenings.",Retrieval-related,Event memory,Video,person/relationship,Not stated,Contextual retrieval,Recovery-dependent,Precise identifier missing; Time approximate; People/relationship context remembered,"Medium–High — multiple contextual clues, missing precise identifier",Successful — high effort
google_play,gplay-0064,Two things. Storage is full again and now they want me to pay for more. Too expensive for what it is.,Not retrieval-related,Not stated,Not stated,Not stated,Not stated,Not applicable,Not applicable,Not applicable,Not applicable,Not applicable
google_play,gplay-0065,"Was sure I'd never find the photo of the warranty card for the washing machine, but searching ""warranty"" plus the year got it on the first try.",Retrieval-related,General photo/media retrieval,Photo/image,Not stated,Not stated,Direct retrieval,Direct / efficient,Time approximate; People/relationship context remembered,"Medium–High — multiple contextual clues, missing precise identifier",Successful — low effort
google_play,gplay-0066,"Search is useless for old photos. Does anyone know how to find the screenshot where I had the information about that course? I need it because the application deadline might be close. Timing wise it was a few months ago. I have no idea what year it was. I searched ""course"" and nothing came up. Text inside screenshots doesn't seem to be searchable. Finally found it after half an hour of scrolling.",Retrieval-related,Document / screenshot retrieval,Screenshot,time/date reference; document/screenshot context,Not stated,Contextual retrieval,Recovery-dependent,Precise identifier missing; Time approximate; People/relationship context remembered; Content remembered; exact wording uncertain,"Medium–High — multiple contextual clues, missing precise identifier",Unsuccessful — not found / abandoned
google_play,gplay-0067,Frustrating search. It's frustrating that I have to guess what word the app uses for something.,Not retrieval-related,Not stated,Not stated,Not stated,Not stated,Not applicable,Not applicable,Not applicable,Not applicable,Not applicable
google_play,gplay-0068,Two things. The app is slow to load thumbnails on my old phone. Storage is full again and now they want me to pay for more. Too expensive for what it is.,Not retrieval-related,Not stated,Not stated,Not stated,Not stated,Not applicable,Not applicable,Not applicable,Not applicable,Not applicable
google_play,gplay-0069,Minor gripe: Why did they move the sharing button? The new layout is confusing.,Not retrieval-related,Not stated,Not stated,Not stated,Not stated,Not applicable,Not applicable,Not applicable,Not applicable,Not applicable
google_play,gplay-0070,"Frustrating search. Looking for the screenshot of the product I wanted to buy. Timing wise it was a couple of months ago. No idea what the thing is actually called. Tried ""brass lamp with curved neck"" and got no results. Text inside screenshots doesn't seem to be searchable. Still haven't found it.",Retrieval-related,Document / screenshot retrieval,Screenshot,time/date reference; document/screenshot context,Not stated,Contextual retrieval,Recovery-dependent,Precise identifier missing; Time approximate; People/relationship context remembered; Content remembered; exact wording uncertain,"Medium–High — multiple contextual clues, missing precise identifier",Unsuccessful — not found / abandoned
google_play,gplay-0071,"looking for the photo from my friend's wedding where we were standing outside. i need it because it's their anniversary next week. i know it was outside the venue near the parking area. i can't remember the date at all. tried ""friends standing outside wedding venue at night"" and got thousands of results to scroll through. i have hundreds of similar shots and can't tell which one it was. i asked my sister if she still had it. never found it.",Retrieval-related,Event memory,Photo/image,person/relationship,date/time; location,Contextual retrieval,Candidate-heavy,Precise identifier missing; Time approximate; Place/event context remembered; People/relationship context remembered,High — many plausible candidates / weak discrimination,Unsuccessful — not found / abandoned
google_play,gplay-0073,"Frustrating search. Looking for a screenshot of a map with a pin someone sent. For context, a friend shared the location of a trekking base camp. No clue what the place was called. Tried ""map"" and there it was. Got it eventually, after way too long.",Retrieval-related,Document / screenshot retrieval,Screenshot,person/relationship; document/screenshot context,Not stated,Contextual retrieval,Recovery-dependent,Place/event context remembered; People/relationship context remembered; Content remembered; exact wording uncertain,"Medium–High — multiple contextual clues, missing precise identifier",Unsuccessful — not found / abandoned
google_play,gplay-0074,"Search is useless for old photos. It's frustrating that I have to guess what word the app uses for something. The user remembers contextual details but lacks a precise identifier, so retrieval depends on connecting those clues.",Retrieval-related,General photo/media retrieval,Photo/image,Not stated,Not stated,Contextual retrieval,Contextual / first attempt,People/relationship context remembered; Content remembered; exact wording uncertain,"Medium–High — multiple contextual clues, missing precise identifier",Successful — low effort
google_play,gplay-0075,"Does anyone know how to find that photo where I was wearing the blue shirt? It was taken at a friend's place, I think. No clue what the place was called. I searched ""summer"" and got no results. How do you even search for something like that? Found one that might be it, but I'm not sure it's the same one.",Retrieval-related,Person-related memory,Photo/image,person/relationship,Not stated,Contextual retrieval,Candidate-heavy,Precise identifier missing; Time approximate,"Medium–High — multiple contextual clues, missing precise identifier",Unsuccessful — not found / abandoned
google_play,gplay-0076,"I remember photos by who I was with and what we were doing, not by where the GPS says I was.",Retrieval-related,General photo/media retrieval,Photo/image,Not stated,Not stated,Contextual retrieval,Contextual / first attempt,Contextual clues available; precise identifier varies,Low–Medium — relatively strong clue set,Successful — low effort
google_play,gplay-0077,Backup has been stuck on 'preparing' for three days. Very annoying. Storage is full again and now they want me to pay for more. Too expensive for what it is.,Not retrieval-related,Not stated,Not stated,Not stated,Not stated,Not applicable,Not applicable,Not applicable,Not applicable,Not applicable
google_play,gplay-0078,"Was sure I'd never find the old scanned photo of my grandparents' wedding, but searching ""old photo"" plus the year got it on the first try.",Retrieval-related,Document / screenshot retrieval,Document,document/screenshot context,Not stated,Direct retrieval,Direct / efficient,Time approximate; Place/event context remembered; People/relationship context remembered,"Medium–High — multiple contextual clues, missing precise identifier",Successful — low effort
google_play,gplay-0079,"Great backup app but search needs work. I've been looking for the photo of the temple on the hill for days. Timing wise it was a long time ago, maybe 2015. No clue what the place was called. Tried ""white temple on hill with steps"" and got thousands of results to scroll through. I have hundreds of similar shots and can't tell which one it was. I checked all my albums one by one. Still haven't found it. The user remembers contextual details but lacks a precise identifier, so retrieval depends on connecting those clues.",Retrieval-related,General photo/media retrieval,Photo/image,time/date reference,Not stated,Contextual retrieval,Candidate-heavy,Time approximate; People/relationship context remembered; Content remembered; exact wording uncertain,High — many plausible candidates / weak discrimination,Unsuccessful — not found / abandoned
google_play,gplay-0080,"Honestly, The widget on the home screen shows the same photo every day. Why did they move the sharing button? The new layout is confusing.",Not retrieval-related,Not stated,Photo/image,Not stated,Not stated,Not applicable,Not applicable,Not applicable,Not applicable,Not applicable
google_play,gplay-0081,"i'm trying to find the photo from the ganpati procession. it was not sure which year. i can't remember the date at all. tried ""people covered in red colour with ganesh idol"" and there it was. ended up scrolling back through years of photos. finally found it after three days.",Retrieval-related,General photo/media retrieval,Photo/image,Not stated,date/time,Contextual retrieval,Recovery-dependent,Precise identifier missing; Time approximate,"Medium–High — multiple contextual clues, missing precise identifier",Unsuccessful — not found / abandoned
google_play,gplay-0082,"Frustrating search. I'm trying to find the picture of the dent on my car. It's a picture of a dent on the car door. Not sure which month or year, honestly. I searched ""dent on silver car door"" but it just showed random photos. I know exactly what it looks like but can't put it into search words. I checked all my albums one by one. Got it eventually, after way too long.",Retrieval-related,Event memory,Photo/image,Not stated,Not stated,Contextual retrieval,Contextual / first attempt,Precise identifier missing; Time approximate; People/relationship context remembered,"Medium–High — multiple contextual clues, missing precise identifier",Unsuccessful — not found / abandoned
google_play,gplay-0084,"search is hit or miss. i've been looking for a picture of the ramen bowl from the tiny shop for days. it's from the japan trip. i can't recall where exactly it was. i typed ""ramen bowl with egg at a small shop near station"" in search and it gave me hundreds of photos. all the results look the same as tiny thumbnails. i jumped to roughly that year with the scrollbar and went month by month. i found a similar one but not the exact photo i wanted.",Retrieval-related,Trip / experience memory,Photo/image,place/trip/experience context,date/time; location; exact wording/name,Contextual retrieval,Candidate-heavy,Precise identifier missing; Time approximate; Place/event context remembered,High — many plausible candidates / weak discrimination,Unsuccessful — not found / abandoned
google_play,gplay-0085,"Honestly, Shared album invite link doesn't work for my dad.",Not retrieval-related,Person-related memory,Not stated,person/relationship,Not stated,Not applicable,Not applicable,Not applicable,Not applicable,Not applicable
google_play,gplay-0086,"Cancelled my subscription, moving everything to an external drive. Printing service delivery took two weeks.",Not retrieval-related,Not stated,Not stated,Not stated,Not stated,Not applicable,Not applicable,Not applicable,Not applicable,Not applicable
google_play,gplay-0087,Minor gripe: The widget on the home screen shows the same photo every day. Backup has been stuck on 'preparing' for three days. Very annoying.,Not retrieval-related,Not stated,Photo/image,Not stated,Not stated,Not applicable,Not applicable,Not applicable,Not applicable,Not applicable
google_play,gplay-0088,"can't figure out how to download all my photos to a hard drive. The user remembers contextual details but lacks a precise identifier, so retrieval depends on connecting those clues.",Retrieval-related,General photo/media retrieval,Photo/image,Not stated,Not stated,Contextual retrieval,Contextual / first attempt,People/relationship context remembered; Content remembered; exact wording uncertain,"Medium–High — multiple contextual clues, missing precise identifier",Successful — low effort
google_play,gplay-0090,"App keeps crashing when I open a large video. Deleted photos don't free up space on the phone, confusing.",Not retrieval-related,Not stated,Video,Not stated,Not stated,Not applicable,Not applicable,Not applicable,Not applicable,Not applicable
google_play,gplay-0091,printing service delivery took two weeks. syncing between my two phones is inconsistent.,Not retrieval-related,Not stated,Not stated,Not stated,Not stated,Not applicable,Not applicable,Not applicable,Not applicable,Not applicable
google_play,gplay-0092,Update: The widget on the home screen shows the same photo every day. Printing service delivery took two weeks.,Not retrieval-related,Not stated,Photo/image,Not stated,Not stated,Not applicable,Not applicable,Not applicable,Not applicable,Not applicable
google_play,gplay-0093,"frustrating search. search should work the way i remember things, like 'class photo on school steps sarees suits', not just single words.",Retrieval-related,General photo/media retrieval,Photo/image,Not stated,Not stated,Contextual retrieval,Contextual / first attempt,People/relationship context remembered,Low–Medium — relatively strong clue set,Successful — low effort
google_play,gplay-0095,"Looking for the photo of the electrician's handwritten estimate. I need it because he's charging way more now. Timing wise it was a few months ago. I don't know what word the app would use for it. Searched for ""handwritten estimate on notebook paper"" and got no results. How do you even search for something like that? Eventually I searched my WhatsApp chats instead. I gave up on finding it.",Retrieval-related,Event memory,Photo/image,time/date reference,Not stated,Contextual retrieval,Recovery-dependent,Precise identifier missing; Time approximate; People/relationship context remembered; Content remembered; exact wording uncertain,"Medium–High — multiple contextual clues, missing precise identifier",Unsuccessful — not found / abandoned
google_play,gplay-0097,"Update: Face grouping merged my twin daughters into one person lol. Deleted photos don't free up space on the phone, confusing.",Not retrieval-related,Person-related memory,Photo/image,person/relationship,Not stated,Not applicable,Not applicable,Not applicable,Not applicable,Not applicable
google_play,gplay-0098,"Looking for the picture of the dent on my car. I need it because the insurance surveyor wants the original photo. Timing wise it was maybe 6 months ago. Not sure which month or year, honestly. Searched for ""dent on silver car door"" and got a bunch of pictures that had nothing to do with it. How do you even search for something like that? I gave up on finding it.",Retrieval-related,General photo/media retrieval,Photo/image,time/date reference,Not stated,Contextual retrieval,Recovery-dependent,Precise identifier missing; Time approximate; People/relationship context remembered,"Medium–High — multiple contextual clues, missing precise identifier",Unsuccessful — not found / abandoned
google_play,gplay-0100,Update: Uploading in original quality eats my data plan. Syncing between my two phones is inconsistent.,Not retrieval-related,Not stated,Not stated,Not stated,Not stated,Not applicable,Not applicable,Not applicable,Not applicable,Not applicable
google_play,gplay-0101,"looking for the screenshot of the product i wanted to buy. for context, i saw it in an ad and screenshotted it. i don't remember the exact words on it. searched for ""brass lamp with curved neck"" and there it was. i even googled how to search google photos better. got it eventually, after about an hour.",Retrieval-related,Document / screenshot retrieval,Screenshot,document/screenshot context,exact wording/name,Contextual retrieval,Contextual / first attempt,Precise identifier missing; Content remembered; exact wording uncertain,"Medium–High — multiple contextual clues, missing precise identifier",Successful — high effort
google_play,gplay-0102,"Does anyone know how to find the photo of us dancing at the sangeet? It was at the sangeet night. I don't remember which album it went into. I typed ""couple dancing under disco ball pink lehenga"" in search and it gave me hundreds of photos. I have hundreds of similar shots and can't tell which one it was. I found a similar one but not the exact photo I wanted.",Retrieval-related,General photo/media retrieval,Photo/image,Not stated,specific retrieval detail,Contextual retrieval,Candidate-heavy,Precise identifier missing; People/relationship context remembered,High — many plausible candidates / weak discrimination,Successful — low effort
google_play,gplay-0103,"search is useless for old photos. does anyone know how to find the screenshot of the train booking confirmation? i can picture a white screen with a green tick. i don't remember the exact words on it. i typed ""train ticket booking confirmation screenshot"" in search and got no results. the photo is definitely in my library but search never shows it. ended up scrolling back through years of photos. i gave up on finding it.",Retrieval-related,Document / screenshot retrieval,Screenshot,document/screenshot context,date/time; exact wording/name,Contextual retrieval,Recovery-dependent,Precise identifier missing; Time approximate; People/relationship context remembered; Content remembered; exact wording uncertain,"Medium–High — multiple contextual clues, missing precise identifier",Unsuccessful — not found / abandoned
google_play,gplay-0104,"I've been looking for that photo where I was wearing the blue shirt for days. It was maybe two summers ago. I can't recall where exactly it was. Searched for ""me wearing blue shirt white wall"" and nothing came up. I didn't know what else to try. Ended up scrolling back through years of photos. Found one that might be it, but I'm not sure it's the same one.",Retrieval-related,General photo/media retrieval,Photo/image,Not stated,date/time; location; exact wording/name,Contextual retrieval,Candidate-heavy,Precise identifier missing; Time approximate,"Medium–High — multiple contextual clues, missing precise identifier",Unsuccessful — not found / abandoned
google_play,gplay-0105,"Great backup app but search needs work. I've been looking for the photo of the menu at the street food stall for days. I need it because I want to recommend it to someone visiting. It was a winter evening, not sure which year. No clue what the place was called. I typed ""handwritten street food menu board"" in search but it just showed random photos. It took ""menu"" literally and ignored everything else. I went through the face group for that person too. Still haven't found it.",Retrieval-related,Person-related memory,Photo/image,person/relationship,Not stated,Contextual retrieval,Contextual / first attempt,Precise identifier missing; Time approximate; Place/event context remembered; People/relationship context remembered,"Medium–High — multiple contextual clues, missing precise identifier",Unsuccessful — not found / abandoned
google_play,gplay-0106,"Looking for a picture of the waterfall we hiked to. I need it because my cousin asked for it for a reunion slideshow. Timing wise it was during monsoon, around 2020. I can't remember the date at all. Tried ""meghalaya 2020"" and nothing came up. I didn't know what else to try. Finally found it after two evenings.",Retrieval-related,General photo/media retrieval,Photo/image,time/date reference,date/time,Contextual retrieval,Recovery-dependent,Precise identifier missing; Time approximate; People/relationship context remembered,"Medium–High — multiple contextual clues, missing precise identifier",Unsuccessful — not found / abandoned
google_play,gplay-0108,"Found a picture of the waterfall we hiked to by searching the person's face and then scrolling a bit. Took two minutes. The user remembers contextual details but lacks a precise identifier, so retrieval depends on connecting those clues.",Retrieval-related,Person-related memory,Photo/image,person/relationship,Not stated,Contextual retrieval,Recovery-dependent,People/relationship context remembered; Content remembered; exact wording uncertain,"Medium–High — multiple contextual clues, missing precise identifier",Successful — high effort
google_play,gplay-0109,"I'm trying to find the photo of my first tattoo right after I got it. It's a picture of a tattoo. I have no idea what year it was. Tried ""tattoo"" but it just showed random photos. It seems like search ignores half of what I type and only matches one word. I jumped to roughly that year with the scrollbar and went month by month. Found one that might be it, but I'm not sure it's the same one.",Retrieval-related,General photo/media retrieval,Photo/image,Not stated,Not stated,Contextual retrieval,Candidate-heavy,Precise identifier missing; Time approximate; People/relationship context remembered,"Medium–High — multiple contextual clues, missing precise identifier",Successful — high effort
google_play,gplay-0111,"Great backup app but search needs work. Looking for the photo of my car's insurance papers. It's a picture of the insurance papers. I can't recall what it said exactly. Searched for ""insurance"" and got a bunch of pictures that had nothing to do with it. How do you even search for something like that? I found a similar one but not the exact photo I wanted.",Retrieval-related,General photo/media retrieval,Photo/image,Not stated,exact wording/name,Contextual retrieval,Contextual / first attempt,Precise identifier missing,"Medium–High — multiple contextual clues, missing precise identifier",Successful — low effort
google_play,gplay-0112,"Does anyone know how to find the photo of the parking spot sign? I need it now because I got a parking fine and need to prove where I was. I remember I took it so I'd remember where I parked. I can't recall where exactly it was. I searched ""parking"" and got no results. I ran out of ideas pretty quickly. Still haven't found it.",Retrieval-related,General photo/media retrieval,Photo/image,Not stated,location; exact wording/name,Direct retrieval,Direct / efficient,Precise identifier missing; People/relationship context remembered,"Medium–High — multiple contextual clues, missing precise identifier",Unsuccessful — not found / abandoned
google_play,gplay-0113,"Honestly search is amazing. I typed ""video of old dog meeting new puppy"" and it found the video of my dog meeting the new puppy in seconds.",Retrieval-related,General photo/media retrieval,Video,Not stated,Not stated,Direct retrieval,Direct / efficient,Contextual clues available; precise identifier varies,Low–Medium — relatively strong clue set,Successful — low effort
google_play,gplay-0114,The widget on the home screen shows the same photo every day.,Not retrieval-related,Not stated,Photo/image,Not stated,Not stated,Not applicable,Not applicable,Not applicable,Not applicable,Not applicable
google_play,gplay-0115,"Does anyone know how to find the selfie from the concert? I need it because it's her birthday and I want to post it. It had my best friend in it. I have no idea what year it was. I typed ""selfie at concert with confetti"" in search and got a bunch of pictures that had nothing to do with it. After that I had no idea what else to try. I gave up on finding it.",Retrieval-related,Event memory,Photo/image,person/relationship,Not stated,Contextual retrieval,Recovery-dependent,Precise identifier missing; Time approximate; People/relationship context remembered,"Medium–High — multiple contextual clues, missing precise identifier",Unsuccessful — not found / abandoned
google_play,gplay-0116,"Search is useless for old photos. I've been looking for the photo with the bride and my grandmother for days. Timing wise it was reception night. I'm not sure if I ever put it in an album. I typed ""grandmother"" in search and got thousands of results to scroll through. All the results look the same as tiny thumbnails. In the end I texted my friend to send it again. Got it eventually, after about an hour.",Retrieval-related,Event memory,Photo/image,person/relationship,Not stated,Contextual retrieval,Candidate-heavy,Precise identifier missing; People/relationship context remembered; Content remembered; exact wording uncertain,High — many plausible candidates / weak discrimination,Unsuccessful — not found / abandoned
google_play,gplay-0117,Frustrating search. It's frustrating that I have to guess what word the app uses for something.,Not retrieval-related,Not stated,Not stated,Not stated,Not stated,Not applicable,Not applicable,Not applicable,Not applicable,Not applicable
google_play,gplay-0119,"Does anyone know how to find the photo of us at the football match? It had my school friends in it. I can't recall the name of the event. I typed ""stadium"" in search and nothing came up. I know exactly what it looks like but can't put it into search words. Never found it.",Retrieval-related,Event memory,Photo/image,person/relationship,exact wording/name,Contextual retrieval,Recovery-dependent,Precise identifier missing; Place/event context remembered; People/relationship context remembered,"Medium–High — multiple contextual clues, missing precise identifier",Unsuccessful — not found / abandoned
google_play,gplay-0120,"search is useless for old photos. i'm trying to find a shot of the fireworks at the new year party. it was one of the new years, 2019 or 2020. i have no idea what year it was. tried ""green fireworks over pool"" but it just showed random photos. i ran out of ideas pretty quickly. i scrolled for like 40 minutes. finally found it after two evenings.",Retrieval-related,Event memory,Photo/image,time/date reference,Not stated,Direct retrieval,Direct / efficient,Precise identifier missing; Time approximate; People/relationship context remembered,"Medium–High — multiple contextual clues, missing precise identifier",Successful — high effort
app_store,app-0001,"I've been looking for the photo of us dancing at the sangeet for days. I need it because I wanted it for our first anniversary post. It had my husband and his cousins in it. I don't remember which album it went into. Searched for ""couple dancing under disco ball pink lehenga"" and it popped up near the top. Tried ""dance"" and it popped up near the top. I scrolled for like 40 minutes. Finally found it after way too long.",Retrieval-related,Event memory,Photo/image,Not stated,specific retrieval detail,Contextual retrieval,Recovery-dependent,Precise identifier missing; People/relationship context remembered,"Medium–High — multiple contextual clues, missing precise identifier",Unsuccessful — not found / abandoned
app_store,app-0002,"I've been looking for that picture from the trip where we stayed near the beach for days. It was taken at a homestay near a quiet beach. I can't remember the date at all. Searched for ""hammock between coconut trees near beach homestay"" and it gave me hundreds of photos. Searched for ""beach"" and it gave me hundreds of photos. There are so many almost identical shots from that day that I can't tell which one it is. I checked all my albums one by one. Never found it.",Retrieval-related,Trip / experience memory,Photo/image,place/trip/experience context,date/time; location,Contextual retrieval,Candidate-heavy,Precise identifier missing; Time approximate; Place/event context remembered,High — many plausible candidates / weak discrimination,Unsuccessful — not found / abandoned
app_store,app-0003,"On my Samsung. I'm trying to find a photo of the rental agreement. I need it because the landlord is refusing to return the deposit. I remember the landlord only gave us one copy so I photographed every page. I can't remember the date at all. I typed ""agreement"" in search and got no results. I searched ""agreement 2021"" and got no results. The photo is definitely in my library but search never shows it. I checked my Gmail in case I had sent it to someone. I gave up on finding it.",Retrieval-related,General photo/media retrieval,Photo/image,time/date reference,date/time,Contextual retrieval,Recovery-dependent,Precise identifier missing; Time approximate; People/relationship context remembered,"Medium–High — multiple contextual clues, missing precise identifier",Unsuccessful — not found / abandoned
app_store,app-0004,Update: Face grouping merged my twin daughters into one person lol.,Not retrieval-related,Person-related memory,Not stated,person/relationship,Not stated,Not applicable,Not applicable,Not applicable,Not applicable,Not applicable
app_store,app-0005,"Search should work the way I remember things, like 'train ticket booking confirmation screenshot', not just single words.",Retrieval-related,Document / screenshot retrieval,Screenshot,document/screenshot context,Not stated,Contextual retrieval,Contextual / first attempt,People/relationship context remembered; Content remembered; exact wording uncertain,"Medium–High — multiple contextual clues, missing precise identifier",Successful — low effort
app_store,app-0006,"Search should work the way I remember things, like 'sunset from hotel balcony with red railing', not just single words.",Not retrieval-related,Not stated,Not stated,Not stated,Not stated,Not applicable,Not applicable,Not applicable,Not applicable,Not applicable
app_store,app-0007,Uploading in original quality eats my data plan.,Not retrieval-related,Not stated,Not stated,Not stated,Not stated,Not applicable,Not applicable,Not applicable,Not applicable,Not applicable
app_store,app-0008,Uploading in original quality eats my data plan.,Not retrieval-related,Not stated,Not stated,Not stated,Not stated,Not applicable,Not applicable,Not applicable,Not applicable,Not applicable
app_store,app-0009,"Does anyone know how to find the photo of the warranty card for the washing machine? I remember I photographed it right after installation. It was when we bought it, 2 years ago maybe. I don't remember the exact words on it. I typed ""washing machine warranty card"" in search and nothing came up. The text on the bill isn't searchable as far as I can tell. I scrolled for like 40 minutes. Found one that might be it, but I'm not sure it's the same one.",Retrieval-related,Document / screenshot retrieval,Document,time/date reference; document/screenshot context,date/time; exact wording/name,Contextual retrieval,Candidate-heavy,Precise identifier missing; Time approximate; Content remembered; exact wording uncertain,"Medium–High — multiple contextual clues, missing precise identifier",Unsuccessful — not found / abandoned
app_store,app-0010,"I've been looking for the photo of my first tattoo right after I got it for days. It's a picture of a tattoo. Timing wise it was a few years back. I can't remember the date at all. I typed ""tattoo"" in search and it gave me hundreds of photos. There are so many almost identical shots from that day that I can't tell which one it is. I jumped to roughly that year with the scrollbar and went month by month. Eventually I just gave up.",Retrieval-related,Event memory,Photo/image,Not stated,date/time,Contextual retrieval,Candidate-heavy,Precise identifier missing; Time approximate; People/relationship context remembered,High — many plausible candidates / weak discrimination,Unsuccessful — not found / abandoned
app_store,app-0011,"Does anyone know how to find the screenshot of the train booking confirmation? I need it because the TTE asked for the PNR. It was last month. It had the PNR number on it. I can't recall what it said exactly. Tried ""pnr"" and nothing came up. How do you even search for something like that? I kept retyping different searches. Still haven't found it.",Retrieval-related,Document / screenshot retrieval,Screenshot,time/date reference; document/screenshot context,exact wording/name,Contextual retrieval,Recovery-dependent,Precise identifier missing; Time approximate; People/relationship context remembered; Content remembered; exact wording uncertain,"Medium–High — multiple contextual clues, missing precise identifier",Unsuccessful — not found / abandoned
app_store,app-0012,"I use search a lot for work stuff. Looking for a sunset photo from the hotel balcony. I need it because I want to use it as a wallpaper again. It's from that Switzerland trip. I know it was at the hotel near the lake. I can't recall where exactly it was. I typed ""switzerland july"" in search and it gave me hundreds of photos. I have hundreds of similar shots and can't tell which one it was. I asked my sister if she still had it. Found one that might be it, but I'm not sure it's the same one.",Retrieval-related,Trip / experience memory,Photo/image,place/trip/experience context; person/relationship,location; exact wording/name,Contextual retrieval,Candidate-heavy,Precise identifier missing; Place/event context remembered; People/relationship context remembered,High — many plausible candidates / weak discrimination,Successful — low effort
app_store,app-0013,Update: The widget on the home screen shows the same photo every day. Face grouping merged my twin daughters into one person lol.,Not retrieval-related,Person-related memory,Photo/image,person/relationship,Not stated,Not applicable,Not applicable,Not applicable,Not applicable,Not applicable
app_store,app-0014,"Does anyone know how to find the screenshot of the product I wanted to buy? I need it now because there's a sale now. Timing wise it was a couple of months ago. I remember a brass lamp with a curved neck. No idea what the thing is actually called. I typed ""screenshot lamp"" in search and nothing came up. Text inside screenshots doesn't seem to be searchable. I tried the screenshots category filter as well. Eventually I just gave up.",Retrieval-related,Document / screenshot retrieval,Screenshot,time/date reference; document/screenshot context,Not stated,Contextual retrieval,Recovery-dependent,Precise identifier missing; Time approximate; People/relationship context remembered; Content remembered; exact wording uncertain,"Medium–High — multiple contextual clues, missing precise identifier",Unsuccessful — not found / abandoned
app_store,app-0015,"I've been looking for the photo of the menu at the street food stall for days. I need it because I want to recommend it to someone visiting. All I remember visually is a handwritten board in Hindi. I can't recall what it said exactly. Searched for ""menu"" and there it was. Ended up scrolling back through years of photos. Got it eventually, after half an hour of scrolling.",Retrieval-related,Event memory,Photo/image,Not stated,date/time; exact wording/name,Contextual retrieval,Recovery-dependent,Precise identifier missing; Time approximate; Place/event context remembered; People/relationship context remembered,"Medium–High — multiple contextual clues, missing precise identifier",Unsuccessful — not found / abandoned
app_store,app-0016,"I've been looking for the photo from our college fest for days. I need it because 10 year reunion is coming up. I can picture all of us in black t-shirts in front of a big banner. It was at the college cultural fest. I don't even remember what the event was called. I typed ""2014"" in search and got thousands of results to scroll through. I typed ""students in black t shirts in front of banner"" in search and got thousands of results to scroll through. I have hundreds of similar shots and can't tell which one it was. I went through the map view hoping to spot it. I gave up on finding it.",Retrieval-related,Event memory,Photo/image,time/date reference,Not stated,Contextual retrieval,Candidate-heavy,Time approximate; Place/event context remembered; People/relationship context remembered,High — many plausible candidates / weak discrimination,Unsuccessful — not found / abandoned
app_store,app-0017,It's frustrating that I have to guess what word the app uses for something.,Not retrieval-related,Not stated,Not stated,Not stated,Not stated,Not applicable,Not applicable,Not applicable,Not applicable,Not applicable
app_store,app-0018,"On photos.google.com from my PC. Looking for a photo with a guy we met on a trek. I need it because I found him on Instagram and wanted to send it. It's from the Himachal trek. I never knew his name. Tried ""himachal 2019"" and nothing came up. Searched for ""trek"" and got a bunch of pictures that had nothing to do with it. How do you even search for something like that? I jumped to roughly that year with the scrollbar and went month by month. Found one that might be it, but I'm not sure it's the same one.",Retrieval-related,General photo/media retrieval,Photo/image,time/date reference,Not stated,Contextual retrieval,Candidate-heavy,Precise identifier missing; Time approximate; Place/event context remembered; People/relationship context remembered,"Medium–High — multiple contextual clues, missing precise identifier",Unsuccessful — not found / abandoned
app_store,app-0019,"Looking for the family photo from Diwali where everyone is wearing white. I need it now because my aunt asked me to send it. It was taken at my aunt's house. I don't remember when exactly. I searched ""diwali 2018"" and there it was. I typed ""diwali"" in search and it popped up near the top. I went through the face group for that person too. Finally found it after half an hour of scrolling.",Retrieval-related,Person-related memory,Photo/image,time/date reference; person/relationship,date/time; location; exact wording/name,Contextual retrieval,Recovery-dependent,Precise identifier missing; Time approximate; People/relationship context remembered,"Medium–High — multiple contextual clues, missing precise identifier",Unsuccessful — not found / abandoned
app_store,app-0020,"Honestly, Face grouping merged my twin daughters into one person lol.",Not retrieval-related,Person-related memory,Not stated,person/relationship,Not stated,Not applicable,Not applicable,Not applicable,Not applicable,Not applicable
app_store,app-0021,"Looking for the photo of the whiteboard from our planning session. I need it now because my manager needs the timeline. We were in the small meeting room when I took it. For context, we photographed it after the workshop. I can't recall what it said exactly. Tried ""whiteboard"" and got a bunch of pictures that had nothing to do with it. I didn't know what else to try. I even googled how to search Google Photos better. Finally found it after two evenings.",Retrieval-related,General photo/media retrieval,Photo/image,Not stated,date/time; exact wording/name,Contextual retrieval,Recovery-dependent,Precise identifier missing; Place/event context remembered; People/relationship context remembered; Content remembered; exact wording uncertain,"Medium–High — multiple contextual clues, missing precise identifier",Successful — low effort
app_store,app-0022,"I'm trying to find the photo of a plant I saw at a nursery. I need it now because I want to buy it now that I have a balcony. Timing wise it was last spring. I know it was at a nursery near my office. No clue what the place was called. I searched ""plant with purple striped leaves"" and got no results. I typed ""nursery"" in search and nothing came up. I just didn't know how to describe it in a way search would get. I kept retyping different searches. Still haven't found it. The user remembers contextual details but lacks a precise identifier, so retrieval depends on connecting those clues.",Retrieval-related,Trip / experience memory,Photo/image,place/trip/experience context,Not stated,Contextual retrieval,Recovery-dependent,Place/event context remembered; People/relationship context remembered; Content remembered; exact wording uncertain,"Medium–High — multiple contextual clues, missing precise identifier",Unsuccessful — not found / abandoned
app_store,app-0023,"Was sure I'd never find a short video of the band at the pub, but searching ""band"" plus the year got it on the first try.",Retrieval-related,General photo/media retrieval,Video,Not stated,Not stated,Direct retrieval,Direct / efficient,Time approximate; People/relationship context remembered,"Medium–High — multiple contextual clues, missing precise identifier",Successful — low effort
app_store,app-0024,"Does anyone know how to find a picture of the sofa fabric sample? I can picture a mustard-coloured textured fabric. No idea what the thing is actually called. I typed ""mustard fabric sample"" in search and nothing came up. Text inside screenshots doesn't seem to be searchable. I even googled how to search Google Photos better. I found a similar one but not the exact photo I wanted.",Retrieval-related,Document / screenshot retrieval,Screenshot,document/screenshot context,Not stated,Contextual retrieval,Recovery-dependent,Precise identifier missing; People/relationship context remembered; Content remembered; exact wording uncertain,"Medium–High — multiple contextual clues, missing precise identifier",Unsuccessful — not found / abandoned
app_store,app-0025,"On photos.google.com from my PC. Does anyone know how to find the photo of the view from the train window? I need it because I was telling someone about the trip and wanted to show them. All I remember visually is green hills and a reflection of my face in the glass. It was in 2018 or 2019, can't pin it down. No clue what the place was called. Searched for ""view from train window with green hills"" and got a bunch of pictures that had nothing to do with it. It doesn't understand what I'm describing at all. Ended up scrolling back through years of photos. Found one that might be it, but I'm not sure it's the same one.",Retrieval-related,Trip / experience memory,Photo/image,place/trip/experience context; time/date reference; person/relationship,Not stated,Contextual retrieval,Candidate-heavy,Precise identifier missing; Time approximate; Place/event context remembered; People/relationship context remembered,"Medium–High — multiple contextual clues, missing precise identifier",Successful — high effort
app_store,app-0030,"Two things. Too many notifications about 'memories' I didn't ask for. Love the collage feature, made a nice one for my mom.",Not retrieval-related,Person-related memory,Not stated,person/relationship,Not stated,Not applicable,Not applicable,Not applicable,Not applicable,Not applicable
app_store,app-0031,"On Android. Looking for a picture of the waterfall we hiked to. I need it now because my cousin asked for it for a reunion slideshow. It was during monsoon, around 2020. Not sure which month or year, honestly. Searched for ""waterfall"" and nothing came up. I searched ""waterfall with people in raincoats and mist"" and nothing came up. How do you even search for something like that? I jumped to roughly that year with the scrollbar and went month by month. Found one that might be it, but I'm not sure it's the same one.",Retrieval-related,General photo/media retrieval,Photo/image,time/date reference,Not stated,Contextual retrieval,Candidate-heavy,Precise identifier missing; Time approximate; People/relationship context remembered,"Medium–High — multiple contextual clues, missing precise identifier",Unsuccessful — not found / abandoned
app_store,app-0032,"Was sure I'd never find the photo of my first tattoo right after I got it, but searching ""tattoo"" plus the year got it on the first try.",Retrieval-related,General photo/media retrieval,Photo/image,Not stated,Not stated,Direct retrieval,Direct / efficient,Time approximate; People/relationship context remembered,"Medium–High — multiple contextual clues, missing precise identifier",Successful — low effort
app_store,app-0033,"Honestly, Love the collage feature, made a nice one for my mom. The widget on the home screen shows the same photo every day.",Not retrieval-related,Person-related memory,Photo/image,person/relationship,Not stated,Not applicable,Not applicable,Not applicable,Not applicable,Not applicable
app_store,app-0034,"On my Samsung. Does anyone know how to find the photo of us at the football match? I need it because reunion group chat asked for it. Timing wise it was some time after school ended. I don't even remember what the event was called. Tried ""friends with painted faces at football match"" but it just showed random photos. After that I had no idea what else to try. I asked my sister if she still had it. Found one that might be it, but I'm not sure it's the same one.",Retrieval-related,Event memory,Photo/image,person/relationship,Not stated,Contextual retrieval,Candidate-heavy,Precise identifier missing; People/relationship context remembered; Content remembered; exact wording uncertain,"Medium–High — multiple contextual clues, missing precise identifier",Successful — low effort
app_store,app-0035,Update: Storage is full again and now they want me to pay for more. Too expensive for what it is.,Not retrieval-related,Not stated,Not stated,Not stated,Not stated,Not applicable,Not applicable,Not applicable,Not applicable,Not applicable
app_store,app-0036,"I search in Photos pretty much every day. Looking for the picture of the houseboat we stayed on. I need it because I wanted to print it for my parents' anniversary. I remember a wooden roof and my dad standing at the front. It was taken somewhere in the Kerala backwaters. No clue what the place was called. I searched ""kerala 2019"" but it just showed random photos. It seems like search ignores half of what I type and only matches one word. I jumped to roughly that year with the scrollbar and went month by month. Eventually I just gave up.",Retrieval-related,Event memory,Photo/image,time/date reference; person/relationship,Not stated,Contextual retrieval,Recovery-dependent,Time approximate; People/relationship context remembered,"Medium–High — multiple contextual clues, missing precise identifier",Unsuccessful — not found / abandoned
app_store,app-0037,"On my iPhone. I'm trying to find the video of my mom singing at the dinner table. I need it because I want to play it at her 60th. It was while singing an old song. I don't remember when exactly. I searched ""mom singing"" and got a bunch of pictures that had nothing to do with it. I typed ""sunday dinner"" in search and nothing came up. I know exactly what it looks like but can't put it into search words. I jumped to roughly that year with the scrollbar and went month by month. Found one that might be it, but I'm not sure it's the same one.",Retrieval-related,Person-related memory,Video,person/relationship,date/time; exact wording/name,Contextual retrieval,Candidate-heavy,Precise identifier missing; Time approximate; People/relationship context remembered,"Medium–High — multiple contextual clues, missing precise identifier",Unsuccessful — not found / abandoned
app_store,app-0039,"Does anyone know how to find the picture of my college marksheet? I need it because background verification asked for it. All I remember visually is a certificate with a blue border. I remember it showed my semester grades. I don't remember when exactly. Tried ""2020 certificate"" and nothing came up. I typed ""college marksheet with blue border"" in search but it just showed random photos. How do you even search for something like that? I kept retyping different searches. Still haven't found it.",Retrieval-related,General photo/media retrieval,Photo/image,time/date reference,date/time; exact wording/name,Contextual retrieval,Recovery-dependent,Precise identifier missing; Time approximate; Place/event context remembered; People/relationship context remembered,"Medium–High — multiple contextual clues, missing precise identifier",Unsuccessful — not found / abandoned
app_store,app-0040,"I use search a lot for work stuff. Does anyone know how to find the photo of a plant I saw at a nursery? I need it because I want to buy it now that I have a balcony. Timing wise it was last spring. The photo shows a plant with striped leaves. No idea what the thing is actually called. Searched for ""nursery"" and nothing came up. I searched ""plant"" and nothing came up. It just doesn't show up in search even though I know it's there. I kept retyping different searches. Never found it.",Retrieval-related,Trip / experience memory,Photo/image,place/trip/experience context,Not stated,Contextual retrieval,Recovery-dependent,Precise identifier missing; Place/event context remembered; People/relationship context remembered,"Medium–High — multiple contextual clues, missing precise identifier",Unsuccessful — not found / abandoned
app_store,app-0041,"My wife and I share a partner library. I've been looking for the video of my mom singing at the dinner table for days. It was taken at home. I remember my mom being in it. Not sure which month or year, honestly. Searched for ""sunday dinner"" and got thousands of results to scroll through. I searched ""video of mom singing at dinner"" and got thousands of results to scroll through. All the results look the same as tiny thumbnails. I jumped to roughly that year with the scrollbar and went month by month. Found one that might be it, but I'm not sure it's the same one.",Retrieval-related,Person-related memory,Video,person/relationship,Not stated,Contextual retrieval,Candidate-heavy,Precise identifier missing; Time approximate; People/relationship context remembered,High — many plausible candidates / weak discrimination,Unsuccessful — not found / abandoned
app_store,app-0042,"Half my library is screenshots. I've been looking for the video of my nephew saying his first word for days. We were at my sister's house when I took it. It was when he was around one. The location data was probably off. Searched for ""baby saying first word video"" and nothing came up. Searched for ""screen recording"" and got no results. It just doesn't show up in search even though I know it's there. I kept retyping different searches. I found a similar one but not the exact photo I wanted. The user remembers contextual details but lacks a precise identifier, so retrieval depends on connecting those clues.",Retrieval-related,Document / screenshot retrieval,Screenshot,person/relationship; document/screenshot context,Not stated,Contextual retrieval,Recovery-dependent,People/relationship context remembered; Content remembered; exact wording uncertain,"Medium–High — multiple contextual clues, missing precise identifier",Unsuccessful — not found / abandoned
app_store,app-0044,"Honestly search is amazing. I typed ""restaurant bill split between friends"" and it found the photo of the bill I took sometime last summer in seconds.",Retrieval-related,Trip / experience memory,Document,place/trip/experience context; person/relationship; document/screenshot context,Not stated,Direct retrieval,Direct / efficient,Time approximate; Place/event context remembered; People/relationship context remembered,"Medium–High — multiple contextual clues, missing precise identifier",Successful — low effort
app_store,app-0046,"Honestly, Backup has been stuck on 'preparing' for three days. Very annoying. The app is slow to load thumbnails on my old phone.",Not retrieval-related,Not stated,Not stated,Not stated,Not stated,Not applicable,Not applicable,Not applicable,Not applicable,Not applicable
app_store,app-0048,Update: I wish the video editor had more music options. Printing service delivery took two weeks.,Not retrieval-related,Not stated,Video,Not stated,Not stated,Not applicable,Not applicable,Not applicable,Not applicable,Not applicable
app_store,app-0049,"Honestly I've stopped using search and just scroll, it's more predictable.",Not retrieval-related,Not stated,Not stated,Not stated,Not stated,Not applicable,Not applicable,Not applicable,Not applicable,Not applicable
app_store,app-0050,"I've been looking for a short video of the band at the pub for days. I need it now because I want to find the band name. I remember red lights and the singer with a violin. I don't remember the name of the place. I searched ""band"" and it gave me hundreds of photos. There are so many almost identical shots from that day that I can't tell which one it is. I went through the map view hoping to spot it. Still haven't found it.",Retrieval-related,General photo/media retrieval,Video,Not stated,location; exact wording/name,Contextual retrieval,Candidate-heavy,Precise identifier missing; People/relationship context remembered,High — many plausible candidates / weak discrimination,Unsuccessful — not found / abandoned
app_store,app-0051,It would help if the app told me why a photo showed up in results.,Not retrieval-related,Not stated,Photo/image,Not stated,Not stated,Not applicable,Not applicable,Not applicable,Not applicable,Not applicable
app_store,app-0053,"I take a ridiculous number of screenshots. I'm trying to find the photo of the menu at the street food stall. It was while eating chaat after the market. I don't remember the exact words on it. I typed ""handwritten street food menu board"" in search and nothing came up. I know exactly what it looks like but can't put it into search words. I scrolled for like 40 minutes. Never found it.",Retrieval-related,Document / screenshot retrieval,Screenshot,document/screenshot context,exact wording/name,Contextual retrieval,Recovery-dependent,Precise identifier missing; Place/event context remembered; People/relationship context remembered; Content remembered; exact wording uncertain,"Medium–High — multiple contextual clues, missing precise identifier",Unsuccessful — not found / abandoned
app_store,app-0054,"On my iPhone. Does anyone know how to find the photo of the menu at the street food stall? I need it now because I want to recommend it to someone visiting. It was while eating chaat after the market. I can't recall what it said exactly. Tried ""menu"" but it just showed random photos. I searched ""handwritten street food menu board"" and got a bunch of pictures that had nothing to do with it. It seems like search ignores half of what I type and only matches one word. I asked my sister if she still had it. I gave up on finding it.",Retrieval-related,Person-related memory,Photo/image,person/relationship,exact wording/name,Contextual retrieval,Recovery-dependent,Precise identifier missing; Place/event context remembered; People/relationship context remembered,"Medium–High — multiple contextual clues, missing precise identifier",Unsuccessful — not found / abandoned
app_store,app-0055,"Honestly I've stopped using search and just scroll, it's more predictable.",Not retrieval-related,Not stated,Not stated,Not stated,Not stated,Not applicable,Not applicable,Not applicable,Not applicable,Not applicable
app_store,app-0056,"I've been looking for the photo of the view from the train window for days. I need it now because I was telling someone about the trip and wanted to show them. I remember nobody, it was just me being in it. I have no idea what year it was. Searched for ""train"" and got no results. I didn't know what else to try. I jumped to roughly that year with the scrollbar and went month by month. Still haven't found it.",Retrieval-related,Trip / experience memory,Photo/image,place/trip/experience context,Not stated,Contextual retrieval,Recovery-dependent,Precise identifier missing; Time approximate; Place/event context remembered; People/relationship context remembered,"Medium–High — multiple contextual clues, missing precise identifier",Unsuccessful — not found / abandoned
app_store,app-0057,Two things. The app is slow to load thumbnails on my old phone.,Not retrieval-related,Not stated,Not stated,Not stated,Not stated,Not applicable,Not applicable,Not applicable,Not applicable,Not applicable
app_store,app-0058,"Looking for the picture of the dent on my car. I need it because the insurance surveyor wants the original photo. It's a picture of a dent on the car door. I can't remember the date at all. Searched for ""dent on silver car door"" and got a bunch of pictures that had nothing to do with it. It doesn't understand what I'm describing at all. I jumped to roughly that year with the scrollbar and went month by month. Found one that might be it, but I'm not sure it's the same one.",Retrieval-related,General photo/media retrieval,Photo/image,Not stated,date/time,Contextual retrieval,Candidate-heavy,Precise identifier missing; Time approximate; People/relationship context remembered,"Medium–High — multiple contextual clues, missing precise identifier",Successful — high effort
app_store,app-0059,"Does anyone know how to find the screenshot where I had the information about that course? I need it now because the application deadline might be close. All I remember visually is a blue banner with a university logo. I don't remember the exact words on it. Searched for ""screenshot of course details with fees"" and it gave me hundreds of photos. There are so many almost identical shots from that day that I can't tell which one it is. I tried the screenshots category filter as well. Finally found it after half an hour of scrolling.",Retrieval-related,Document / screenshot retrieval,Screenshot,document/screenshot context,location; exact wording/name,Contextual retrieval,Candidate-heavy,Precise identifier missing; People/relationship context remembered; Content remembered; exact wording uncertain,High — many plausible candidates / weak discrimination,Unsuccessful — not found / abandoned
app_store,app-0060,"I've used Google Photos since it launched. I'm trying to find the photo of the stage when they announced the results. Timing wise it was around the end of the year, 2022 or 2023. I don't even remember what the event was called. Searched for ""awards december"" and it gave me hundreds of photos. I typed ""award"" in search and it gave me hundreds of photos. I have hundreds of similar shots and can't tell which one it was. I went through the face group for that person too. I gave up on finding it.",Retrieval-related,Event memory,Photo/image,time/date reference; person/relationship,Not stated,Contextual retrieval,Candidate-heavy,Time approximate; People/relationship context remembered,High — many plausible candidates / weak discrimination,Unsuccessful — not found / abandoned
app_store,app-0061,"I'm trying to find the video of my nephew saying his first word. I need it now because it's his first birthday party. We were at my sister's house when I took it. I don't remember when exactly. I typed ""baby saying first word video"" in search and got no results. I searched ""baby video"" and got no results. Screen recordings don't seem to be indexed at all. Tried synonyms like ""toddler talking"" too. Got it eventually, after way too long.",Retrieval-related,Event memory,Video,person/relationship,date/time; exact wording/name,Contextual retrieval,Recovery-dependent,Precise identifier missing; People/relationship context remembered,"Medium–High — multiple contextual clues, missing precise identifier",Unsuccessful — not found / abandoned
app_store,app-0062,"On the web version on my laptop. I've been looking for the photo from the Ganpati procession for days. I need it because our society newsletter wanted old pictures. I remember my neighbours being in it. I can't remember the date at all. Searched for ""people covered in red colour with ganesh idol"" and got thousands of results to scroll through. All the results look the same as tiny thumbnails. I jumped to roughly that year with the scrollbar and went month by month. I gave up on finding it.",Retrieval-related,General photo/media retrieval,Photo/image,Not stated,date/time,Contextual retrieval,Candidate-heavy,Precise identifier missing; Time approximate; People/relationship context remembered,High — many plausible candidates / weak discrimination,Unsuccessful — not found / abandoned
app_store,app-0063,It would help if the app told me why a photo showed up in results.,Not retrieval-related,Not stated,Photo/image,Not stated,Not stated,Not applicable,Not applicable,Not applicable,Not applicable,Not applicable
app_store,app-0064,Update: Storage is full again and now they want me to pay for more. Too expensive for what it is.,Not retrieval-related,Not stated,Not stated,Not stated,Not stated,Not applicable,Not applicable,Not applicable,Not applicable,Not applicable
app_store,app-0065,"Minor gripe: Please add a dark mode for the web version. The editing tools are great, the magic eraser is really good.",Not retrieval-related,Not stated,Not stated,Not stated,Not stated,Not applicable,Not applicable,Not applicable,Not applicable,Not applicable
app_store,app-0066,"Didn't remember anything except a blue banner with a university logo, searched for that and it showed up. Impressed.",Not retrieval-related,Not stated,Not stated,Not stated,Not stated,Not applicable,Not applicable,Not applicable,Not applicable,Not applicable
app_store,app-0067,"I'm trying to find the photo of the prescription for my mother's eye drops. I need it now because the pharmacy needs the name. I remember it showed the name of the eye drops. I don't remember the exact words on it. Tried ""prescription"" and nothing came up. Tried ""doctor prescription eye drops"" and nothing came up. How do you even search for something like that? Tried synonyms like ""doctor note"" too. I gave up on finding it.",Retrieval-related,Person-related memory,Photo/image,person/relationship,exact wording/name,Contextual retrieval,Recovery-dependent,Precise identifier missing; People/relationship context remembered; Content remembered; exact wording uncertain,"Medium–High — multiple contextual clues, missing precise identifier",Unsuccessful — not found / abandoned
app_store,app-0068,"I remember photos by who I was with and what we were doing, not by where the GPS says I was.",Retrieval-related,General photo/media retrieval,Photo/image,Not stated,Not stated,Contextual retrieval,Contextual / first attempt,Contextual clues available; precise identifier varies,Low–Medium — relatively strong clue set,Successful — low effort
app_store,app-0069,"Honestly, Please add a dark mode for the web version. Face grouping merged my twin daughters into one person lol.",Not retrieval-related,Person-related memory,Not stated,person/relationship,Not stated,Not applicable,Not applicable,Not applicable,Not applicable,Not applicable
app_store,app-0070,"Does anyone know how to find the photo of the parking spot sign? I can picture a green pillar with a letter and number. I don't remember the exact words on it. I typed ""parking pillar sign"" in search and got no results. I searched ""parking"" and got no results. It just doesn't show up in search even though I know it's there. I jumped to roughly that year with the scrollbar and went month by month. Got it eventually, after about an hour.",Retrieval-related,Event memory,Photo/image,Not stated,date/time; exact wording/name,Contextual retrieval,Recovery-dependent,Precise identifier missing; Time approximate; People/relationship context remembered,"Medium–High — multiple contextual clues, missing precise identifier",Unsuccessful — not found / abandoned
app_store,app-0071,Shared album invite link doesn't work for my dad.,Not retrieval-related,Person-related memory,Not stated,person/relationship,Not stated,Not applicable,Not applicable,Not applicable,Not applicable,Not applicable
app_store,app-0072,"Honestly search is amazing. I typed ""doctor prescription eye drops"" and it found the photo of the prescription for my mother's eye drops in seconds.",Retrieval-related,Person-related memory,Photo/image,person/relationship,Not stated,Direct retrieval,Direct / efficient,People/relationship context remembered; Content remembered; exact wording uncertain,"Medium–High — multiple contextual clues, missing precise identifier",Successful — low effort
app_store,app-0073,"I use search a lot for work stuff. Looking for the photo of my car's insurance papers. It was last year sometime. Not sure which month or year, honestly. Tried ""car insurance paper on dashboard"" and nothing came up. I ran out of ideas pretty quickly. Tried synonyms like ""policy"" too. Got it eventually, after way too long.",Retrieval-related,Event memory,Photo/image,time/date reference,Not stated,Direct retrieval,Direct / efficient,Precise identifier missing; Time approximate; People/relationship context remembered,"Medium–High — multiple contextual clues, missing precise identifier",Unsuccessful — not found / abandoned
app_store,app-0074,"Minor gripe: Cancelled my subscription, moving everything to an external drive.",Not retrieval-related,Not stated,Not stated,Not stated,Not stated,Not applicable,Not applicable,Not applicable,Not applicable,Not applicable
app_store,app-0075,"Search should work the way I remember things, like 'train ticket booking confirmation screenshot', not just single words.",Retrieval-related,Document / screenshot retrieval,Screenshot,document/screenshot context,Not stated,Contextual retrieval,Contextual / first attempt,People/relationship context remembered; Content remembered; exact wording uncertain,"Medium–High — multiple contextual clues, missing precise identifier",Successful — low effort
app_store,app-0076,"Was sure I'd never find the photo of the electrician's handwritten estimate, but searching ""estimate"" plus the year got it on the first try.",Retrieval-related,General photo/media retrieval,Photo/image,Not stated,Not stated,Direct retrieval,Direct / efficient,Time approximate; People/relationship context remembered,"Medium–High — multiple contextual clues, missing precise identifier",Successful — low effort
app_store,app-0077,"I've been looking for a picture of the ramen bowl from the tiny shop for days. I need it now because a friend wants the shop name. I remember my brother being in it. No idea what the thing is actually called. I searched ""ramen"" and got a bunch of pictures that had nothing to do with it. It doesn't understand what I'm describing at all. I jumped to roughly that year with the scrollbar and went month by month. I found a similar one but not the exact photo I wanted.",Retrieval-related,Person-related memory,Photo/image,person/relationship,Not stated,Contextual retrieval,Recovery-dependent,Precise identifier missing; Time approximate; Place/event context remembered; People/relationship context remembered,"Medium–High — multiple contextual clues, missing precise identifier",Unsuccessful — not found / abandoned
app_store,app-0079,"On the web version on my laptop. I've been looking for a photo of the tiny café we found in Goa for days. I need it now because my friend is going to Goa and asked for the name. I can picture blue wooden chairs and a hand-painted menu board. Timing wise it was sometime in December, maybe 2021 or 2022. I don't remember the name of the place. Searched for ""goa 2022"" and nothing came up. Tried ""cafe"" and nothing came up. The photo is definitely in my library but search never shows it. Ended up scrolling back through years of photos. I found a similar one but not the exact photo I wanted.",Retrieval-related,Trip / experience memory,Photo/image,place/trip/experience context; time/date reference; person/relationship,date/time; location; exact wording/name,Contextual retrieval,Recovery-dependent,Precise identifier missing; Time approximate; Place/event context remembered; People/relationship context remembered,"Medium–High — multiple contextual clues, missing precise identifier",Unsuccessful — not found / abandoned
app_store,app-0080,"The search is fine if you know exactly what you want, but not when you only half remember it.",Not retrieval-related,Not stated,Not stated,Not stated,Not stated,Not applicable,Not applicable,Not applicable,Not applicable,Not applicable
app_store,app-0082,"My wife and I share a partner library. Does anyone know how to find the photo of my dad's blood test report? I need it because the new doctor wants old values. Timing wise it was before his surgery, early last year. The photo shows a lab report. I can't recall what it said exactly. Searched for ""blood test report hospital"" and nothing came up. The photo is definitely in my library but search never shows it. Eventually I searched my WhatsApp chats instead. I gave up on finding it.",Retrieval-related,Event memory,Photo/image,time/date reference; person/relationship,date/time; exact wording/name,Contextual retrieval,Recovery-dependent,Precise identifier missing; Time approximate; People/relationship context remembered; Content remembered; exact wording uncertain,"Medium–High — multiple contextual clues, missing precise identifier",Unsuccessful — not found / abandoned
app_store,app-0083,"I have over 60,000 photos. I've been looking for the photo of us at the football match for days. It was at the derby match. All I remember visually is all of us with painted faces. I have no idea what year it was. Tried ""friends with painted faces at football match"" and nothing came up. Tried ""football"" and got no results. It just doesn't show up in search even though I know it's there. In the end I texted my friend to send it again. Finally found it after way too long.",Retrieval-related,Person-related memory,Photo/image,person/relationship,Not stated,Contextual retrieval,Recovery-dependent,Precise identifier missing; Time approximate; People/relationship context remembered; Content remembered; exact wording uncertain,"Medium–High — multiple contextual clues, missing precise identifier",Unsuccessful — not found / abandoned
app_store,app-0084,"Looking for the screenshot of the train booking confirmation. I need it now because the TTE asked for the PNR. All I remember visually is a white screen with a green tick. I can't recall what it said exactly. Searched for ""ticket"" and it gave me hundreds of photos. I have hundreds of similar shots and can't tell which one it was. Eventually I searched my WhatsApp chats instead. Still haven't found it.",Retrieval-related,Document / screenshot retrieval,Screenshot,document/screenshot context,exact wording/name,Contextual retrieval,Candidate-heavy,Precise identifier missing; People/relationship context remembered; Content remembered; exact wording uncertain,High — many plausible candidates / weak discrimination,Unsuccessful — not found / abandoned
app_store,app-0085,"Search should work the way I remember things, like 'red rash on arm', not just single words.",Not retrieval-related,Not stated,Not stated,Not stated,Not stated,Not applicable,Not applicable,Not applicable,Not applicable,Not applicable
app_store,app-0086,"Honestly search is amazing. I typed ""girl laughing covered in yellow with marigolds"" and it found the candid of my cousin laughing during the haldi in seconds.",Not retrieval-related,Not stated,Not stated,Not stated,Not stated,Not applicable,Not applicable,Not applicable,Not applicable,Not applicable
app_store,app-0087,"I'm trying to find the photo of the street where we got lost. I need it now because we want to frame it. I remember yellow tiles on the walls and a tram line. I don't remember the name of the place. I searched ""lisbon"" and there it was. I scrolled for like 40 minutes. Got it eventually, after way too long.",Retrieval-related,Event memory,Photo/image,Not stated,location; exact wording/name,Contextual retrieval,Recovery-dependent,Precise identifier missing; Place/event context remembered; People/relationship context remembered,"Medium–High — multiple contextual clues, missing precise identifier",Unsuccessful — not found / abandoned
app_store,app-0089,"I'm trying to find the photo of my first tattoo right after I got it. I need it now because the artist asked for a before picture. The photo shows a tattoo. I don't remember when exactly. I typed ""fresh wave tattoo on wrist"" in search and nothing came up. I know exactly what it looks like but can't put it into search words. I scrolled for like 40 minutes. Eventually I just gave up.",Retrieval-related,Event memory,Photo/image,Not stated,date/time; exact wording/name,Contextual retrieval,Recovery-dependent,Precise identifier missing; People/relationship context remembered,"Medium–High — multiple contextual clues, missing precise identifier",Unsuccessful — not found / abandoned
app_store,app-0090,"Two things. Love the collage feature, made a nice one for my mom. Storage is full again and now they want me to pay for more. Too expensive for what it is.",Not retrieval-related,Person-related memory,Not stated,person/relationship,Not stated,Not applicable,Not applicable,Not applicable,Not applicable,Not applicable
app_store,app-0091,Update: Shared album invite link doesn't work for my dad. Storage is full again and now they want me to pay for more. Too expensive for what it is.,Not retrieval-related,Person-related memory,Not stated,person/relationship,Not stated,Not applicable,Not applicable,Not applicable,Not applicable,Not applicable
app_store,app-0092,"Looking for a sunset photo from the hotel balcony. It had my wife in it. It was in summer, I'm not sure which year. I can't remember the date at all. I typed ""sunset from hotel balcony with red railing"" in search and got thousands of results to scroll through. I have hundreds of similar shots and can't tell which one it was. In the end I texted my friend to send it again. Found one that might be it, but I'm not sure it's the same one.",Retrieval-related,Person-related memory,Photo/image,person/relationship,date/time; exact wording/name,Contextual retrieval,Candidate-heavy,Precise identifier missing; Time approximate; People/relationship context remembered; Content remembered; exact wording uncertain,High — many plausible candidates / weak discrimination,Successful — high effort
app_store,app-0093,"Search should work the way I remember things, like 'me on stage with trophy under purple lights', not just single words.",Not retrieval-related,Not stated,Not stated,Not stated,Not stated,Not applicable,Not applicable,Not applicable,Not applicable,Not applicable
app_store,app-0094,Minor gripe: Why did they move the sharing button? The new layout is confusing.,Not retrieval-related,Not stated,Not stated,Not stated,Not stated,Not applicable,Not applicable,Not applicable,Not applicable,Not applicable
app_store,app-0095,"Cancelled my subscription, moving everything to an external drive.",Not retrieval-related,Not stated,Not stated,Not stated,Not stated,Not applicable,Not applicable,Not applicable,Not applicable,Not applicable
app_store,app-0096,"I've been looking for the picture of the wine label from our anniversary dinner for days. I remember a label with a drawing of a bird. It was taken on our 5th anniversary. I can't recall what it said exactly. Tried ""wine"" and it gave me hundreds of photos. I typed ""anniversary 2023"" in search and got thousands of results to scroll through. All the results look the same as tiny thumbnails. I went through the map view hoping to spot it. Still haven't found it.",Retrieval-related,Event memory,Photo/image,time/date reference,exact wording/name,Contextual retrieval,Candidate-heavy,Precise identifier missing; Time approximate; People/relationship context remembered,High — many plausible candidates / weak discrimination,Unsuccessful — not found / abandoned
app_store,app-0097,"Been backing up everything since 2015. I'm trying to find the photo of the street where we got lost. I need it because we want to frame it. I know it was in some old town in Portugal. I can't recall the name of the event. I typed ""street"" in search and got a bunch of pictures that had nothing to do with it. It took ""street"" literally and ignored everything else. I went through the map view hoping to spot it. Eventually I just gave up.",Retrieval-related,Event memory,Photo/image,time/date reference,location; exact wording/name,Contextual retrieval,Recovery-dependent,Precise identifier missing; Time approximate; Place/event context remembered; People/relationship context remembered,"Medium–High — multiple contextual clues, missing precise identifier",Unsuccessful — not found / abandoned
app_store,app-0100,Two things. I wish the video editor had more music options.,Not retrieval-related,Not stated,Video,Not stated,Not stated,Not applicable,Not applicable,Not applicable,Not applicable,Not applicable
app_store,app-0101,"Half my library is screenshots. I've been looking for the screenshot where I had the information about that course for days. I need it now because the application deadline might be close. All I remember visually is a blue banner with a university logo. It was a few months ago. I don't remember the exact words on it. Searched for ""screenshot of course details with fees"" but it just showed random photos. I just didn't know how to describe it in a way search would get. Ended up scrolling back through years of photos. Found one that might be it, but I'm not sure it's the same one.",Retrieval-related,Document / screenshot retrieval,Screenshot,time/date reference; document/screenshot context,date/time; location; exact wording/name,Contextual retrieval,Candidate-heavy,Precise identifier missing; Time approximate; People/relationship context remembered; Content remembered; exact wording uncertain,"Medium–High — multiple contextual clues, missing precise identifier",Unsuccessful — not found / abandoned
app_store,app-0104,"Looking for the selfie from the concert. I need it because it's her birthday and I want to post it. It was not sure if it was the first or second day. I don't remember when exactly. I typed ""selfie at concert with confetti"" in search and nothing came up. I typed ""coldplay"" in search and got no results. After that I had no idea what else to try. I jumped to roughly that year with the scrollbar and went month by month. Never found it.",Not retrieval-related,Event memory,Not stated,Not stated,date/time; exact wording/name,Not applicable,Not applicable,Not applicable,Not applicable,Not applicable
app_store,app-0105,"Found the photo of the electrician's handwritten estimate by searching the person's face and then scrolling a bit. Took two minutes. The user remembers contextual details but lacks a precise identifier, so retrieval depends on connecting those clues.",Retrieval-related,Person-related memory,Photo/image,person/relationship,Not stated,Contextual retrieval,Recovery-dependent,People/relationship context remembered; Content remembered; exact wording uncertain,"Medium–High — multiple contextual clues, missing precise identifier",Successful — high effort
app_store,app-0106,"On my Pixel. I've been looking for a short video of the band at the pub for days. I need it now because I want to find the band name. I know it was at a pub in the old part of town. It was while singing a cover of some old song. I can't recall the name of the event. Tried ""video of band with violin red lights pub"" and got no results. I just didn't know how to describe it in a way search would get. Tried synonyms like ""live music"" too. Found one that might be it, but I'm not sure it's the same one.",Retrieval-related,Event memory,Video,Not stated,exact wording/name,Contextual retrieval,Candidate-heavy,Precise identifier missing; People/relationship context remembered,"Medium–High — multiple contextual clues, missing precise identifier",Unsuccessful — not found / abandoned
app_store,app-0107,Minor gripe: Backup has been stuck on 'preparing' for three days. Very annoying.,Not retrieval-related,Not stated,Not stated,Not stated,Not stated,Not applicable,Not applicable,Not applicable,Not applicable,Not applicable
app_store,app-0108,Update: I wish the video editor had more music options. Shared album invite link doesn't work for my dad.,Not retrieval-related,Person-related memory,Video,person/relationship,Not stated,Not applicable,Not applicable,Not applicable,Not applicable,Not applicable
app_store,app-0109,"Two things. Cancelled my subscription, moving everything to an external drive.",Not retrieval-related,Not stated,Not stated,Not stated,Not stated,Not applicable,Not applicable,Not applicable,Not applicable,Not applicable
app_store,app-0110,"Found the screenshot of a chat where my landlord agreed to the repair by searching the person's face and then scrolling a bit. Took two minutes. The user remembers contextual details but lacks a precise identifier, so retrieval depends on connecting those clues.",Retrieval-related,Document / screenshot retrieval,Screenshot,person/relationship; document/screenshot context,Not stated,Contextual retrieval,Recovery-dependent,People/relationship context remembered; Content remembered; exact wording uncertain,"Medium–High — multiple contextual clues, missing precise identifier",Successful — high effort
app_store,app-0112,"Honestly I've stopped using search and just scroll, it's more predictable.",Not retrieval-related,Not stated,Not stated,Not stated,Not stated,Not applicable,Not applicable,Not applicable,Not applicable,Not applicable
app_store,app-0113,"My library is around 35k photos. I'm trying to find the picture of the dent on my car. I need it because the insurance surveyor wants the original photo. I remember a scratch on the silver door near the handle. I can't remember the date at all. I searched ""dent on silver car door"" but it just showed random photos. I just didn't know how to describe it in a way search would get. Gave up for the day and tried again the next week. Eventually I just gave up.",Retrieval-related,Event memory,Photo/image,Not stated,date/time,Contextual retrieval,Recovery-dependent,Precise identifier missing; Time approximate; People/relationship context remembered,"Medium–High — multiple contextual clues, missing precise identifier",Unsuccessful — not found / abandoned
app_store,app-0114,"Two things. The app is slow to load thumbnails on my old phone. Deleted photos don't free up space on the phone, confusing.",Not retrieval-related,Not stated,Photo/image,Not stated,Not stated,Not applicable,Not applicable,Not applicable,Not applicable,Not applicable
app_store,app-0115,"Honestly search is amazing. I typed ""chocolate dessert with gold on top"" and it found the photo of the dessert we ordered at that restaurant in seconds.",Retrieval-related,Trip / experience memory,Photo/image,place/trip/experience context,Not stated,Direct retrieval,Direct / efficient,Place/event context remembered,Low–Medium — relatively strong clue set,Successful — low effort
app_store,app-0116,Two things. Shared album invite link doesn't work for my dad. Syncing between my two phones is inconsistent.,Not retrieval-related,Person-related memory,Not stated,person/relationship,Not stated,Not applicable,Not applicable,Not applicable,Not applicable,Not applicable
app_store,app-0118,"Search should work the way I remember things, like 'photo of passport page', not just single words.",Retrieval-related,General photo/media retrieval,Photo/image,Not stated,Not stated,Contextual retrieval,Contextual / first attempt,People/relationship context remembered,Low–Medium — relatively strong clue set,Successful — low effort
app_store,app-0119,"My library is around 35k photos. I've been looking for the old scanned photo of my grandparents' wedding for days. All I remember visually is black and white, grandma in a big necklace. The photo probably has no proper date on it. I typed ""black and white wedding photo grandparents"" in search but it just showed random photos. I searched ""scan"" and got no results. How do you even search for something like that? I went through the face group for that person too. Found one that might be it, but I'm not sure it's the same one.",Retrieval-related,Document / screenshot retrieval,Document,person/relationship; document/screenshot context,Not stated,Contextual retrieval,Candidate-heavy,Precise identifier missing; Time approximate; Place/event context remembered; People/relationship context remembered,"Medium–High — multiple contextual clues, missing precise identifier",Unsuccessful — not found / abandoned
app_store,app-0120,"Honestly, I wish the video editor had more music options. Syncing between my two phones is inconsistent.",Not retrieval-related,Not stated,Video,Not stated,Not stated,Not applicable,Not applicable,Not applicable,Not applicable,Not applicable
reddit,red-0001,"Looking for the photo of my daughter on stage at her school play. It was when she was in 2nd or 3rd standard. All I remember visually is a sunflower costume and a blue curtain. It was at the annual day function. I can't remember the date at all. Searched for ""girl in sunflower costume on stage"" and got thousands of results to scroll through. Tried ""annual day"" and got thousands of results to scroll through. I have hundreds of similar shots and can't tell which one it was. I jumped to roughly that year with the scrollbar and went month by month. Found one that might be it, but I'm not sure it's the same one.",Retrieval-related,General photo/media retrieval,Photo/image,Not stated,date/time,Contextual retrieval,Candidate-heavy,Precise identifier missing; Time approximate; People/relationship context remembered,High — many plausible candidates / weak discrimination,Successful — high effort
reddit,red-0002,"I've been looking for a photo of the tiny café we found in Goa for days. I need it now because my friend is going to Goa and asked for the name. I know it was somewhere near the beach in north Goa. Timing wise it was sometime in December, maybe 2021 or 2022. All I remember visually is blue wooden chairs and a hand-painted menu board. No clue what the place was called. Not sure which month or year, honestly. I searched ""small cafe with blue chairs near the beach"" and it gave me hundreds of photos. Searched for ""goa 2022"" and got thousands of results to scroll through. There are so many almost identical shots from that day that I can't tell which one it is. I jumped to roughly that year with the scrollbar and went month by month. Never found it.",Retrieval-related,Trip / experience memory,Photo/image,place/trip/experience context; time/date reference; person/relationship,Not stated,Contextual retrieval,Candidate-heavy,Precise identifier missing; Time approximate; Place/event context remembered; People/relationship context remembered,High — many plausible candidates / weak discrimination,Unsuccessful — not found / abandoned
reddit,red-0003,"I don't remember dates, nobody does. Searching by date is useless for old memories.",Not retrieval-related,Not stated,Not stated,Not stated,date/time,Not applicable,Not applicable,Not applicable,Not applicable,Not applicable
reddit,red-0004,"Looking for the old scanned photo of my grandparents' wedding. I need it because we're printing a family tree. I remember it came through WhatsApp at some point. It had my grandparents in it. I can't remember the date at all. The location data was probably off. I typed ""scan"" in search and nothing came up. The photo is definitely in my library but search never shows it. I jumped to roughly that year with the scrollbar and went month by month. Never found it. Is there a better way to search for stuff like this?",Retrieval-related,Document / screenshot retrieval,Document,person/relationship; document/screenshot context,date/time; location,Contextual retrieval,Recovery-dependent,Precise identifier missing; Time approximate; Place/event context remembered; People/relationship context remembered,"Medium–High — multiple contextual clues, missing precise identifier",Unsuccessful — not found / abandoned
reddit,red-0005,"Looking for the old scanned photo of my grandparents' wedding. I need it because we're printing a family tree. I remember my grandparents being in it. It was a scan my uncle sent me. I can't remember the date at all. The photo probably has no proper date on it. I searched ""scan"" and got thousands of results to scroll through. I searched ""old photo"" and got thousands of results to scroll through. There are so many almost identical shots from that day that I can't tell which one it is. I jumped to roughly that year with the scrollbar and went month by month. I scrolled for like 40 minutes. Still haven't found it. Am I doing something wrong?",Retrieval-related,Document / screenshot retrieval,Document,person/relationship; document/screenshot context,date/time,Contextual retrieval,Candidate-heavy,Precise identifier missing; Time approximate; Place/event context remembered; People/relationship context remembered,High — many plausible candidates / weak discrimination,Unsuccessful — not found / abandoned
reddit,red-0006,"I've been looking for the photo of the whiteboard from our planning session for days. I need it now because my manager needs the timeline. For context, we photographed it after the workshop. It was sometime last quarter. Not sure which month or year, honestly. I searched ""whiteboard march"" and it popped up near the top. I searched ""whiteboard"" and it popped up near the top. I searched ""whiteboard with launch timeline"" and it popped up near the top. I jumped to roughly that year with the scrollbar and went month by month. In the end I texted my friend to send it again. Got it eventually, after three days. How do you all deal with this?",Retrieval-related,Event memory,Photo/image,person/relationship,Not stated,Contextual retrieval,Recovery-dependent,Precise identifier missing; Time approximate; Place/event context remembered; People/relationship context remembered; Content remembered; exact wording uncertain,"Medium–High — multiple contextual clues, missing precise identifier",Unsuccessful — not found / abandoned
reddit,red-0007,"I've been looking for the picture of the medicine I took when I was sick last year for days. I need it now because I'm sick again and want the same medicine. I remember a silver strip with orange tablets. It was last year, maybe during the rainy season. It had the medicine name on it. For context, the doctor prescribed it when I had that bad fever. Not sure which month or year, honestly. No idea what the thing is actually called. I typed ""medicine strip orange tablets"" in search and got no results. I searched ""fever medicine"" and got a bunch of pictures that had nothing to do with it. I ran out of ideas pretty quickly. I checked my Gmail in case I had sent it to someone. Tried synonyms like ""tablets"" too. Never found it.",Retrieval-related,Trip / experience memory,Photo/image,place/trip/experience context; time/date reference,Not stated,Direct retrieval,Direct / efficient,Precise identifier missing; Time approximate; Place/event context remembered; People/relationship context remembered; Content remembered; exact wording uncertain,"Medium–High — multiple contextual clues, missing precise identifier",Unsuccessful — not found / abandoned
reddit,red-0009,"I'm trying to find a picture of the ramen bowl from the tiny shop. I remember my brother being in it. It's from the Japan trip. I remember a black bowl with a soft egg cut in half. It was taken near the station in Tokyo. No idea what the thing is actually called. No clue what the place was called. Searched for ""tokyo april 2023"" and it gave me hundreds of photos. Searched for ""ramen"" and it gave me hundreds of photos. Searched for ""ramen bowl with egg at a small shop near station"" and it gave me hundreds of photos. There are so many almost identical shots from that day that I can't tell which one it is. I kept retyping different searches. Still haven't found it. Am I doing something wrong?",Retrieval-related,Trip / experience memory,Photo/image,place/trip/experience context; time/date reference; person/relationship,Not stated,Contextual retrieval,Candidate-heavy,Precise identifier missing; Time approximate; Place/event context remembered; People/relationship context remembered,High — many plausible candidates / weak discrimination,Unsuccessful — not found / abandoned
reddit,red-0010,"Didn't remember anything except the puppy running circles around him, searched for that and it showed up. Impressed.",Not retrieval-related,Not stated,Not stated,Not stated,Not stated,Not applicable,Not applicable,Not applicable,Not applicable,Not applicable
reddit,red-0012,"Looking for a shot of the fireworks at the new year party. I need it now because I wanted to post a throwback. It was at the new year party at the club. It had a bunch of friends in it. I have no idea what year it was. I searched ""green fireworks over pool"" and nothing came up. Searched for ""fireworks"" and got no results. The photo is definitely in my library but search never shows it. I jumped to roughly that year with the scrollbar and went month by month. I went through the face group for that person too. Eventually I just gave up. Am I doing something wrong?",Retrieval-related,Event memory,Photo/image,person/relationship,Not stated,Contextual retrieval,Recovery-dependent,Precise identifier missing; Time approximate; People/relationship context remembered,"Medium–High — multiple contextual clues, missing precise identifier",Unsuccessful — not found / abandoned
reddit,red-0013,"Been backing up everything since 2015. I've been looking for the photo of the shoes I tried on in the store for days. We were at a mall when I took it. It's a picture of running shoes. For context, I took it to check the price online later. I don't know what it's called. No clue what the place was called. Tried ""grey running shoes with green sole"" and nothing came up. Searched for ""shoes"" and nothing came up. Text inside screenshots doesn't seem to be searchable. Tried synonyms like ""sneakers"" too. Never found it.",Retrieval-related,Document / screenshot retrieval,Screenshot,time/date reference; document/screenshot context,Not stated,Contextual retrieval,Recovery-dependent,Precise identifier missing; Time approximate; Content remembered; exact wording uncertain,"Medium–High — multiple contextual clues, missing precise identifier",Unsuccessful — not found / abandoned
reddit,red-0014,"From experience, Search by year first, like ""2019"", then scroll within that. Much faster than scrolling from today.",Not retrieval-related,Not stated,Not stated,time/date reference,Not stated,Not applicable,Not applicable,Not applicable,Not applicable,Not applicable
reddit,red-0015,"Looking for the picture of the houseboat we stayed on. I need it because I wanted to print it for my parents' anniversary. I know it was somewhere in the Kerala backwaters. It had my parents in it. It's from our family trip to Kerala. No clue what the place was called. I have no idea what year it was. Tried ""houseboat"" but it just showed random photos. I searched ""kerala 2019"" and got a bunch of pictures that had nothing to do with it. It seems like search ignores half of what I type and only matches one word. Ended up scrolling back through years of photos. Found one that might be it, but I'm not sure it's the same one. Am I doing something wrong?",Retrieval-related,Trip / experience memory,Photo/image,place/trip/experience context; time/date reference; person/relationship,Not stated,Contextual retrieval,Candidate-heavy,Precise identifier missing; Time approximate; Place/event context remembered; People/relationship context remembered,"Medium–High — multiple contextual clues, missing precise identifier",Successful — high effort
reddit,red-0016,"I've been looking for a picture of my dad teaching my daughter to ride a bike for days. I need it because it's for my dad's retirement card. It was taken in the park near my parents' place. It had my dad and my daughter in it. I have no idea what year it was. I searched ""grandfather teaching girl to ride pink bike"" but it just showed random photos. Searched for ""bicycle"" and got no results. I typed ""summer 2022"" in search and got no results. I didn't know what else to try. I went through the face group for that person too. I gave up on finding it. Is there a better way to search for stuff like this?",Retrieval-related,Person-related memory,Photo/image,time/date reference; person/relationship,Not stated,Contextual retrieval,Recovery-dependent,Precise identifier missing; Time approximate; People/relationship context remembered,"Medium–High — multiple contextual clues, missing precise identifier",Unsuccessful — not found / abandoned
reddit,red-0017,"Honestly, App keeps crashing when I open a large video.",Not retrieval-related,Not stated,Video,Not stated,Not stated,Not applicable,Not applicable,Not applicable,Not applicable,Not applicable
reddit,red-0018,"I've been looking for a picture of my dad teaching my daughter to ride a bike for days. I need it because it's for my dad's retirement card. It was taken in the park near my parents' place. I remember my dad and my daughter being in it. Not sure which month or year, honestly. I searched ""bicycle"" and got no results. I typed ""summer 2022"" in search and nothing came up. I searched ""grandfather teaching girl to ride pink bike"" and got a bunch of pictures that had nothing to do with it. I ran out of ideas pretty quickly. I jumped to roughly that year with the scrollbar and went month by month. I found a similar one but not the exact photo I wanted. Am I doing something wrong?",Retrieval-related,Person-related memory,Photo/image,time/date reference; person/relationship,Not stated,Direct retrieval,Direct / efficient,Precise identifier missing; Time approximate; People/relationship context remembered,"Medium–High — multiple contextual clues, missing precise identifier",Unsuccessful — not found / abandoned
reddit,red-0019,"Honestly, Backup has been stuck on 'preparing' for three days. Very annoying.",Not retrieval-related,Not stated,Not stated,Not stated,Not stated,Not applicable,Not applicable,Not applicable,Not applicable,Not applicable
reddit,red-0020,"Two things. Can't figure out how to download all my photos to a hard drive. The user remembers contextual details but lacks a precise identifier, so retrieval depends on connecting those clues.",Retrieval-related,General photo/media retrieval,Photo/image,Not stated,Not stated,Contextual retrieval,Contextual / first attempt,People/relationship context remembered; Content remembered; exact wording uncertain,"Medium–High — multiple contextual clues, missing precise identifier",Successful — low effort
reddit,red-0021,"Half my library is screenshots. I'm trying to find the picture of the medicine I took when I was sick last year. I need it because I'm sick again and want the same medicine. It had the medicine name on it. It's a picture of a strip of tablets. I can't recall what it said exactly. I have no idea what year it was. Tried ""fever medicine"" and there it was. Searched for ""medicine strip orange tablets"" and it popped up near the top. I scrolled for like 40 minutes. Tried synonyms like ""tablets"" too. Finally found it after about an hour. Any tips?",Retrieval-related,Trip / experience memory,Screenshot,place/trip/experience context; time/date reference; document/screenshot context,date/time; exact wording/name,Contextual retrieval,Recovery-dependent,Precise identifier missing; Time approximate; Place/event context remembered; People/relationship context remembered; Content remembered; exact wording uncertain,"Medium–High — multiple contextual clues, missing precise identifier",Successful — high effort
reddit,red-0022,"I use search a lot for work stuff. Does anyone know how to find that picture from the trip where we stayed near the beach? I need it now because I want to book the same homestay. I can picture a hammock between two coconut trees. It's from a long weekend trip. I don't remember the name of the place. Tried ""beach"" and it gave me hundreds of photos. I have hundreds of similar shots and can't tell which one it was. I asked my sister if she still had it. Ended up scrolling back through years of photos. Still haven't found it. Any tips?",Retrieval-related,Trip / experience memory,Photo/image,place/trip/experience context; person/relationship,date/time; location; exact wording/name,Contextual retrieval,Candidate-heavy,Precise identifier missing; Time approximate; Place/event context remembered; People/relationship context remembered,High — many plausible candidates / weak discrimination,Unsuccessful — not found / abandoned
reddit,red-0023,"Looking for the photo of my first tattoo right after I got it. I need it because the artist asked for a before picture. All I remember visually is a small wave design on my wrist, all red around it. I remember it was still covered with cling film. The photo shows a tattoo. Timing wise it was a few years back. I can't remember the date at all. I typed ""tattoo"" in search but it just showed random photos. It doesn't understand what I'm describing at all. In the end I texted my friend to send it again. I kept retyping different searches. Never found it. How do you all deal with this?",Retrieval-related,Person-related memory,Photo/image,person/relationship,date/time; exact wording/name,Contextual retrieval,Recovery-dependent,Precise identifier missing; Time approximate; People/relationship context remembered; Content remembered; exact wording uncertain,"Medium–High — multiple contextual clues, missing precise identifier",Unsuccessful — not found / abandoned
reddit,red-0024,"Half my library is screenshots. Looking for a picture of the sofa fabric sample. I need it now because we're finally ordering the sofa. It's a picture of a fabric swatch. I remember the shop said to send them the photo when ordering. Timing wise it was when we were redoing the living room. I remember a mustard-coloured textured fabric. No idea what the thing is actually called. I can't remember the date at all. I typed ""mustard fabric sample"" in search and got a bunch of pictures that had nothing to do with it. I typed ""fabric"" in search and got a bunch of pictures that had nothing to do with it. It seems like search ignores half of what I type and only matches one word. I tried the screenshots category filter as well. I even googled how to search Google Photos better. Never found it. Is there a better way to search for stuff like this?",Retrieval-related,Document / screenshot retrieval,Screenshot,document/screenshot context,date/time; exact wording/name,Contextual retrieval,Recovery-dependent,Precise identifier missing; Time approximate; Place/event context remembered; People/relationship context remembered; Content remembered; exact wording uncertain,"Medium–High — multiple contextual clues, missing precise identifier",Unsuccessful — not found / abandoned
reddit,red-0025,"I search in Photos pretty much every day. Does anyone know how to find the photo of the menu at the street food stall? I need it because I want to recommend it to someone visiting. It was while eating chaat after the market. It had the prices and the name of the stall on it. It was a winter evening, not sure which year. I don't remember the exact words on it. I can't recall where exactly it was. Tried ""menu"" and got thousands of results to scroll through. I have hundreds of similar shots and can't tell which one it was. Ended up scrolling back through years of photos. I checked all my albums one by one. Still haven't found it. How do you all deal with this?",Retrieval-related,General photo/media retrieval,Photo/image,Not stated,date/time; location; exact wording/name,Contextual retrieval,Candidate-heavy,Precise identifier missing; Time approximate; Place/event context remembered; People/relationship context remembered,High — many plausible candidates / weak discrimination,Unsuccessful — not found / abandoned
reddit,red-0026,"I'm trying to find the old scanned photo of my grandparents' wedding. I need it now because we're printing a family tree. It was I scanned or received it maybe 5 years ago. All I remember visually is black and white, grandma in a big necklace. I can't remember the date at all. The photo probably has no proper date on it. Searched for ""black and white wedding photo grandparents"" but it just showed random photos. Searched for ""old photo"" but it just showed random photos. I searched ""scan"" and nothing came up. After that I had no idea what else to try. I jumped to roughly that year with the scrollbar and went month by month. Got it eventually, after three days. Am I doing something wrong?",Retrieval-related,Document / screenshot retrieval,Document,time/date reference; person/relationship; document/screenshot context,date/time,Contextual retrieval,Recovery-dependent,Precise identifier missing; Time approximate; Place/event context remembered; People/relationship context remembered,"Medium–High — multiple contextual clues, missing precise identifier",Unsuccessful — not found / abandoned
reddit,red-0027,"From experience, Search by year first, like ""2019"", then scroll within that. Much faster than scrolling from today.",Not retrieval-related,Not stated,Not stated,time/date reference,Not stated,Not applicable,Not applicable,Not applicable,Not applicable,Not applicable
reddit,red-0029,"Does anyone know how to find a picture of the ramen bowl from the tiny shop? I need it because a friend wants the shop name. It was taken near the station in Tokyo. It had my brother in it. It was spring 2023 I think. I can't recall where exactly it was. I don't know what it's called. I typed ""ramen bowl with egg at a small shop near station"" in search and got a bunch of pictures that had nothing to do with it. It doesn't understand what I'm describing at all. I kept retyping different searches. Found one that might be it, but I'm not sure it's the same one. Is there a better way to search for stuff like this?",Retrieval-related,Person-related memory,Photo/image,time/date reference; person/relationship,location; exact wording/name,Contextual retrieval,Candidate-heavy,Precise identifier missing; Time approximate; Place/event context remembered; People/relationship context remembered,"Medium–High — multiple contextual clues, missing precise identifier",Successful — low effort
reddit,red-0030,"Minor gripe: The app is slow to load thumbnails on my old phone. Cancelled my subscription, moving everything to an external drive.",Not retrieval-related,Not stated,Not stated,Not stated,Not stated,Not applicable,Not applicable,Not applicable,Not applicable,Not applicable
reddit,red-0031,"I have over 60,000 photos. I'm trying to find a screenshot of a map with a pin someone sent. I need it because I'm finally planning that trek. It was a year or two ago. I remember it showed the name of the village. I remember a friend shared the location of a trekking base camp. I remember a Google Maps screen with a red pin in the hills. I don't remember the exact words on it. Searched for ""maps screenshot"" and it gave me hundreds of photos. I have hundreds of similar shots and can't tell which one it was. Ended up scrolling back through years of photos. I kept retyping different searches. Never found it. Am I doing something wrong?",Retrieval-related,Document / screenshot retrieval,Screenshot,person/relationship; document/screenshot context,date/time; location; exact wording/name,Contextual retrieval,Candidate-heavy,Precise identifier missing; Time approximate; Place/event context remembered; People/relationship context remembered; Content remembered; exact wording uncertain,High — many plausible candidates / weak discrimination,Unsuccessful — not found / abandoned
reddit,red-0032,"Didn't remember anything except a black bowl with a soft egg cut in half, searched for that and it showed up. Impressed.",Not retrieval-related,Not stated,Not stated,Not stated,Not stated,Not applicable,Not applicable,Not applicable,Not applicable,Not applicable
reddit,red-0033,"Love the collage feature, made a nice one for my mom. The app is slow to load thumbnails on my old phone.",Not retrieval-related,Person-related memory,Not stated,person/relationship,Not stated,Not applicable,Not applicable,Not applicable,Not applicable,Not applicable
reddit,red-0035,"I'm trying to find the photo of the warranty card for the washing machine. I remember it showed the serial number. The photo shows the warranty card. I can picture a small card taped to the invoice. Not sure which month or year, honestly. I don't remember the exact words on it. Tried ""warranty"" and nothing came up. The text on the bill isn't searchable as far as I can tell. I checked my Gmail in case I had sent it to someone. I kept retyping different searches. Eventually I just gave up.",Retrieval-related,Document / screenshot retrieval,Document,document/screenshot context,date/time; exact wording/name,Contextual retrieval,Recovery-dependent,Precise identifier missing; Time approximate; People/relationship context remembered; Content remembered; exact wording uncertain,"Medium–High — multiple contextual clues, missing precise identifier",Unsuccessful — not found / abandoned
reddit,red-0036,"Does anyone know how to find the photo I took of my passport page? I need it because I need the number urgently for a booking. All I remember visually is my thumb covering one corner. It had the passport number and expiry date on it. I don't remember when exactly. Tried ""passport"" and got no results. I typed ""photo of passport page"" in search and nothing came up. The text in the photo doesn't seem to be searchable. Tried synonyms like ""id"" too. Still haven't found it. Am I doing something wrong?",Retrieval-related,General photo/media retrieval,Photo/image,Not stated,date/time; exact wording/name,Contextual retrieval,Recovery-dependent,Precise identifier missing; Time approximate; People/relationship context remembered; Content remembered; exact wording uncertain,"Medium–High — multiple contextual clues, missing precise identifier",Unsuccessful — not found / abandoned
reddit,red-0037,"I don't remember dates, nobody does. Searching by date is useless for old memories.",Not retrieval-related,Not stated,Not stated,Not stated,date/time,Not applicable,Not applicable,Not applicable,Not applicable,Not applicable
reddit,red-0038,"I've been looking for the picture of the wine label from our anniversary dinner for days. I need it now because I want to buy the same wine again. It was for our 5th anniversary. Timing wise it was a couple of years back. No idea what the thing is actually called. I can't recall what it said exactly. Tried ""wine"" and it gave me hundreds of photos. Searched for ""wine bottle with bird drawing on label"" and it gave me hundreds of photos. I have hundreds of similar shots and can't tell which one it was. I scrolled for like 40 minutes. I found a similar one but not the exact photo I wanted. How do you all deal with this?",Retrieval-related,Event memory,Photo/image,Not stated,date/time; exact wording/name,Contextual retrieval,Candidate-heavy,Precise identifier missing; Time approximate; People/relationship context remembered,High — many plausible candidates / weak discrimination,Unsuccessful — not found / abandoned
reddit,red-0039,"Does anyone know how to find a screenshot of a recipe from Instagram? I need it because guests are coming this weekend. I remember I screenshotted it from a reel. I remember it showed something with paneer and cashew paste. I don't know what word the app would use for it. I searched ""paneer recipe screenshot"" and there it was. I typed ""recipe"" in search and there it was. I checked my Gmail in case I had sent it to someone. Ended up scrolling back through years of photos. Finally found it after three days. How do you all deal with this?",Retrieval-related,Document / screenshot retrieval,Screenshot,document/screenshot context,Not stated,Contextual retrieval,Recovery-dependent,Precise identifier missing; Time approximate; People/relationship context remembered; Content remembered; exact wording uncertain,"Medium–High — multiple contextual clues, missing precise identifier",Unsuccessful — not found / abandoned
reddit,red-0041,"On the web version on my laptop. I'm trying to find a photo with a guy we met on a trek. I need it now because I found him on Instagram and wanted to send it. I remember a yellow jacket and a flag behind us. It was 2019 I think. No clue what the place was called. I don't remember the person's name. I searched ""photo with foreigner in yellow jacket on mountain top"" and got no results. I searched ""himachal 2019"" and got no results. Tried ""trek"" and got no results. The photo is definitely in my library but search never shows it. In the end I texted my friend to send it again. Eventually I just gave up.",Retrieval-related,Event memory,Photo/image,time/date reference; person/relationship,location; exact wording/name,Contextual retrieval,Recovery-dependent,Precise identifier missing; Time approximate; Place/event context remembered; People/relationship context remembered; Content remembered; exact wording uncertain,"Medium–High — multiple contextual clues, missing precise identifier",Unsuccessful — not found / abandoned
reddit,red-0042,"Was sure I'd never find the photo of the team at the offsite, but searching ""team"" plus the year got it on the first try.",Retrieval-related,General photo/media retrieval,Photo/image,Not stated,Not stated,Direct retrieval,Direct / efficient,Time approximate; People/relationship context remembered,"Medium–High — multiple contextual clues, missing precise identifier",Successful — low effort
reddit,red-0043,"Use the date jump on the scrollbar, drag to the year and go month by month.",Not retrieval-related,Not stated,Not stated,Not stated,Not stated,Not applicable,Not applicable,Not applicable,Not applicable,Not applicable
reddit,red-0045,"Does anyone know how to find the photo of us dancing at the sangeet? I can picture a disco ball and me in a pink lehenga. I remember we had practised that dance for weeks. I'm not sure if I ever put it in an album. Tried ""sangeet"" and got thousands of results to scroll through. All the results look the same as tiny thumbnails. I scrolled for like 40 minutes. In the end I texted my friend to send it again. Eventually I just gave up.",Retrieval-related,Event memory,Photo/image,person/relationship,Not stated,Contextual retrieval,Candidate-heavy,Precise identifier missing; People/relationship context remembered; Content remembered; exact wording uncertain,High — many plausible candidates / weak discrimination,Unsuccessful — not found / abandoned
reddit,red-0046,"My wife and I share a partner library. I've been looking for the picture of the pharmacy receipt for days. Timing wise it was around when I was sick last year. It's a picture of a pharmacy bill. I remember thermal paper that was already fading. I can't remember the date at all. I searched ""pharmacy medicine bill"" and got no results. I searched ""receipt"" but it just showed random photos. I ran out of ideas pretty quickly. Eventually I searched my WhatsApp chats instead. Ended up scrolling back through years of photos. Found one that might be it, but I'm not sure it's the same one. How do you all deal with this?",Retrieval-related,Document / screenshot retrieval,Document,time/date reference; document/screenshot context,date/time,Direct retrieval,Direct / efficient,Precise identifier missing; Time approximate; People/relationship context remembered; Content remembered; exact wording uncertain,"Medium–High — multiple contextual clues, missing precise identifier",Unsuccessful — not found / abandoned
reddit,red-0047,"On photos.google.com from my PC. I've been looking for a picture of the waterfall we hiked to for days. It had my cousins in it. I can picture mist everywhere and everyone in raincoats. I know it was a couple of hours from the homestay. This was during the Meghalaya road trip. No clue what the place was called. I don't remember when exactly. I searched ""meghalaya 2020"" and it gave me hundreds of photos. I have hundreds of similar shots and can't tell which one it was. I jumped to roughly that year with the scrollbar and went month by month. Never found it. How do you all deal with this?",Retrieval-related,Trip / experience memory,Photo/image,place/trip/experience context; time/date reference,date/time; location; exact wording/name,Contextual retrieval,Candidate-heavy,Precise identifier missing; Time approximate; Place/event context remembered; People/relationship context remembered,High — many plausible candidates / weak discrimination,Unsuccessful — not found / abandoned
reddit,red-0048,"Honestly search is amazing. I typed ""narrow street with yellow tiles and tram"" and it found the photo of the street where we got lost in seconds.",Retrieval-related,General photo/media retrieval,Photo/image,Not stated,Not stated,Direct retrieval,Direct / efficient,Place/event context remembered,Low–Medium — relatively strong clue set,Successful — low effort
reddit,red-0049,"I take a ridiculous number of screenshots. Looking for the photo of a plant I saw at a nursery. I need it because I want to buy it now that I have a balcony. It was last spring. It was taken at a nursery near my office. It's a picture of a plant with striped leaves. I can picture purple and green striped leaves in a hanging pot. I can't recall where exactly it was. No idea what the thing is actually called. I searched ""plant"" and it popped up near the top. I typed ""plant with purple striped leaves"" in search and it popped up near the top. I kept retyping different searches. Finally found it after way too long. Any tips?",Retrieval-related,Trip / experience memory,Screenshot,place/trip/experience context; document/screenshot context,location; exact wording/name,Contextual retrieval,Contextual / first attempt,Precise identifier missing; Place/event context remembered; People/relationship context remembered; Content remembered; exact wording uncertain,"Medium–High — multiple contextual clues, missing precise identifier",Unsuccessful — not found / abandoned
reddit,red-0050,"Something that helps: Ask whoever was there, someone in the group chat usually still has it.",Not retrieval-related,Not stated,Not stated,Not stated,Not stated,Not applicable,Not applicable,Not applicable,Not applicable,Not applicable
reddit,red-0051,"Something that helps: Ask whoever was there, someone in the group chat usually still has it.",Not retrieval-related,Not stated,Not stated,Not stated,Not stated,Not applicable,Not applicable,Not applicable,Not applicable,Not applicable
reddit,red-0052,"On the web version on my laptop. Looking for the picture of my college marksheet. I need it because background verification asked for it. I remember I sent it to some HR at some point. It's a picture of my marksheet. All I remember visually is a certificate with a blue border. I can't remember the date at all. No idea what to search for really. Tried ""2020 certificate"" and got a bunch of pictures that had nothing to do with it. I didn't know what else to try. Tried synonyms like ""certificate"" too. Still haven't found it. Is there a better way to search for stuff like this?",Retrieval-related,General photo/media retrieval,Photo/image,time/date reference,date/time,Contextual retrieval,Recovery-dependent,Precise identifier missing; Time approximate; Place/event context remembered; People/relationship context remembered,"Medium–High — multiple contextual clues, missing precise identifier",Unsuccessful — not found / abandoned
reddit,red-0053,"I'm trying to find that picture from the trip where we stayed near the beach. I need it because I want to book the same homestay. This was during a long weekend trip. We were at a homestay near a quiet beach when I took it. The location data was probably off. I can't recall where exactly it was. Tried ""beach"" and it popped up near the top. Gave up for the day and tried again the next week. Got it eventually, after about an hour.",Retrieval-related,Trip / experience memory,Photo/image,place/trip/experience context,date/time; location; exact wording/name,Contextual retrieval,Recovery-dependent,Precise identifier missing; Place/event context remembered; People/relationship context remembered,"Medium–High — multiple contextual clues, missing precise identifier",Unsuccessful — not found / abandoned
reddit,red-0054,"I have over 60,000 photos. Looking for the candid of my cousin laughing during the haldi. I remember someone had just thrown haldi on her. Timing wise it was the morning before the wedding, 2023. It had my cousin in it. I remember yellow everywhere and marigold flowers. I don't remember when exactly. I searched ""girl laughing covered in yellow with marigolds"" and got thousands of results to scroll through. Tried ""haldi"" and it gave me hundreds of photos. I searched ""2023 wedding"" and it gave me hundreds of photos. There are so many almost identical shots from that day that I can't tell which one it is. In the end I texted my friend to send it again. I scrolled for like 40 minutes. I gave up on finding it. Am I doing something wrong?",Retrieval-related,Event memory,Photo/image,time/date reference; person/relationship,date/time; location; exact wording/name,Contextual retrieval,Candidate-heavy,Precise identifier missing; Time approximate; Place/event context remembered; People/relationship context remembered; Content remembered; exact wording uncertain,High — many plausible candidates / weak discrimination,Unsuccessful — not found / abandoned
reddit,red-0055,"I've been looking for the picture of the wine label from our anniversary dinner for days. I need it because I want to buy the same wine again. I remember my partner being in it. I can picture a label with a drawing of a bird. I don't remember the exact words on it. No idea what the thing is actually called. Searched for ""wine bottle with bird drawing on label"" and there it was. Tried ""anniversary 2023"" and there it was. I scrolled for like 40 minutes. I jumped to roughly that year with the scrollbar and went month by month. Got it eventually, after about an hour. Any tips?",Retrieval-related,Event memory,Photo/image,time/date reference,date/time; exact wording/name,Contextual retrieval,Recovery-dependent,Precise identifier missing; Time approximate; People/relationship context remembered,"Medium–High — multiple contextual clues, missing precise identifier",Unsuccessful — not found / abandoned
reddit,red-0056,"I've been looking for a shot of the fireworks at the new year party for days. I need it because I wanted to post a throwback. For context, it was just before midnight. Timing wise it was one of the new years, 2019 or 2020. I can picture green fireworks over a swimming pool. I can't remember the date at all. Tried ""fireworks"" but it just showed random photos. Tried ""green fireworks over pool"" and got a bunch of pictures that had nothing to do with it. It took ""fireworks"" literally and ignored everything else. I scrolled for like 40 minutes. Found one that might be it, but I'm not sure it's the same one. Any tips?",Retrieval-related,Event memory,Photo/image,time/date reference,date/time; exact wording/name,Contextual retrieval,Candidate-heavy,Precise identifier missing; Time approximate; People/relationship context remembered; Content remembered; exact wording uncertain,"Medium–High — multiple contextual clues, missing precise identifier",Unsuccessful — not found / abandoned
reddit,red-0059,"Does anyone know how to find the photo of the street where we got lost? I can picture yellow tiles on the walls and a tram line. I remember my husband being in it. It's from our honeymoon. It was on the third or fourth day of the trip. No clue what the place was called. Tried ""lisbon"" and it popped up near the top. Searched for ""narrow street with yellow tiles and tram"" and there it was. Searched for ""street"" and there it was. I went through the map view hoping to spot it. I jumped to roughly that year with the scrollbar and went month by month. Finally found it after way too long.",Retrieval-related,Trip / experience memory,Photo/image,place/trip/experience context,Not stated,Contextual retrieval,Recovery-dependent,Time approximate; Place/event context remembered; People/relationship context remembered,"Medium–High — multiple contextual clues, missing precise identifier",Unsuccessful — not found / abandoned
reddit,red-0060,"On my Pixel. Does anyone know how to find the photo of the stage when they announced the results? I need it now because I need it for my portfolio. I can picture purple lights and a big screen with my name. It had my team in it. For context, I was holding a trophy. I don't remember when exactly. I typed ""awards december"" in search and it gave me hundreds of photos. Tried ""award"" and got thousands of results to scroll through. All the results look the same as tiny thumbnails. I jumped to roughly that year with the scrollbar and went month by month. I went through the face group for that person too. Still haven't found it. Am I doing something wrong?",Retrieval-related,Person-related memory,Photo/image,person/relationship,date/time; exact wording/name,Contextual retrieval,Candidate-heavy,Precise identifier missing; Time approximate; People/relationship context remembered; Content remembered; exact wording uncertain,High — many plausible candidates / weak discrimination,Unsuccessful — not found / abandoned
reddit,red-0063,"I've been looking for the family photo from Diwali where everyone is wearing white for days. I need it because my aunt asked me to send it. We were at my aunt's house when I took it. I can picture everyone in white kurtas with diyas in front. It was for Diwali. I have no idea what year it was. I typed ""diwali"" in search and got no results. Searched for ""diwali 2018"" and nothing came up. The photo is definitely in my library but search never shows it. I scrolled for like 40 minutes. I went through the face group for that person too. Found one that might be it, but I'm not sure it's the same one. Is there a better way to search for stuff like this?",Retrieval-related,Person-related memory,Photo/image,time/date reference; person/relationship,Not stated,Contextual retrieval,Candidate-heavy,Precise identifier missing; Time approximate; People/relationship context remembered,"Medium–High — multiple contextual clues, missing precise identifier",Unsuccessful — not found / abandoned
reddit,red-0064,"Does anyone know how to find a shot of the fireworks at the new year party? I need it because I wanted to post a throwback. It's from the new year party at the club. For context, it was just before midnight. I have no idea what year it was. Tried ""fireworks"" and there it was. Tried ""green fireworks over pool"" and there it was. I jumped to roughly that year with the scrollbar and went month by month. I scrolled for like 40 minutes. Got it eventually, after about an hour.",Not retrieval-related,Event memory,Not stated,Not stated,Not stated,Not applicable,Not applicable,Not applicable,Not applicable,Not applicable
reddit,red-0065,"Looking for the video of my mom singing at the dinner table. I remember my mom being in it. It was some Sunday a couple of years ago. It was while singing an old song. I have no idea what year it was. I searched ""mom singing"" and nothing came up. Tried ""video of mom singing at dinner"" and nothing came up. The photo is definitely in my library but search never shows it. I jumped to roughly that year with the scrollbar and went month by month. I scrolled for like 40 minutes. Got it eventually, after two evenings.",Retrieval-related,Event memory,Video,time/date reference; person/relationship,Not stated,Contextual retrieval,Recovery-dependent,Precise identifier missing; Time approximate; People/relationship context remembered,"Medium–High — multiple contextual clues, missing precise identifier",Unsuccessful — not found / abandoned
reddit,red-0066,"Looking for the photo of the parking spot sign. All I remember visually is a green pillar with a letter and number. It had the level and bay number on it. I can't recall what it said exactly. Tried ""parking"" and got thousands of results to scroll through. Searched for ""parking pillar sign"" and it gave me hundreds of photos. Tried ""parking"" and got thousands of results to scroll through. I have hundreds of similar shots and can't tell which one it was. I scrolled for like 40 minutes. I kept retyping different searches. I gave up on finding it. Any tips?",Retrieval-related,General photo/media retrieval,Photo/image,Not stated,exact wording/name,Contextual retrieval,Candidate-heavy,Precise identifier missing; People/relationship context remembered,High — many plausible candidates / weak discrimination,Unsuccessful — not found / abandoned
reddit,red-0067,"Something that helps: Tip: if location history was on, try the map view and zoom into the area instead of searching the name.",Not retrieval-related,Not stated,Not stated,Not stated,Not stated,Not applicable,Not applicable,Not applicable,Not applicable,Not applicable
reddit,red-0068,"I'm trying to find the family photo from Diwali where everyone is wearing white. I need it now because my aunt asked me to send it. I remember everyone in white kurtas with diyas in front. It was one of the Diwalis between 2017 and 2020. It was taken on Diwali. We were at my aunt's house when I took it. I can't remember the date at all. Searched for ""diwali 2018"" and nothing came up. I just didn't know how to describe it in a way search would get. I jumped to roughly that year with the scrollbar and went month by month. I found a similar one but not the exact photo I wanted. Is there a better way to search for stuff like this?",Retrieval-related,Person-related memory,Photo/image,time/date reference; person/relationship,date/time; location,Contextual retrieval,Recovery-dependent,Precise identifier missing; Time approximate; People/relationship context remembered,"Medium–High — multiple contextual clues, missing precise identifier",Unsuccessful — not found / abandoned
reddit,red-0070,"On Android. Does anyone know how to find the candid of my cousin laughing during the haldi? I need it now because she wants it for her album. For context, someone had just thrown haldi on her. All I remember visually is yellow everywhere and marigold flowers. It was at my cousin's haldi. It had my cousin in it. I don't remember when exactly. Searched for ""girl laughing covered in yellow with marigolds"" and it gave me hundreds of photos. I typed ""haldi"" in search and it gave me hundreds of photos. I typed ""2023 wedding"" in search and got thousands of results to scroll through. All the results look the same as tiny thumbnails. In the end I texted my friend to send it again. I scrolled for like 40 minutes. I gave up on finding it. Is there a better way to search for stuff like this?",Retrieval-related,Event memory,Photo/image,time/date reference; person/relationship,date/time; location; exact wording/name,Contextual retrieval,Candidate-heavy,Precise identifier missing; Time approximate; Place/event context remembered; People/relationship context remembered; Content remembered; exact wording uncertain,High — many plausible candidates / weak discrimination,Unsuccessful — not found / abandoned
reddit,red-0071,"From experience, Search for the thing plus the city, e.g. ""cake bangalore"", works better than a sentence for me.",Not retrieval-related,Not stated,Not stated,Not stated,Not stated,Not applicable,Not applicable,Not applicable,Not applicable,Not applicable
reddit,red-0072,"Does anyone know how to find the screenshot of the train booking confirmation? I can picture a white screen with a green tick. It was last month. I don't remember the exact words on it. I searched ""ticket"" and got no results. Tried ""pnr"" and got a bunch of pictures that had nothing to do with it. Searched for ""train ticket booking confirmation screenshot"" and nothing came up. I know exactly what it looks like but can't put it into search words. I kept retyping different searches. I scrolled for like 40 minutes. Got it eventually, after about an hour. Am I doing something wrong?",Retrieval-related,Document / screenshot retrieval,Screenshot,time/date reference; document/screenshot context,exact wording/name,Contextual retrieval,Recovery-dependent,Precise identifier missing; Time approximate; Content remembered; exact wording uncertain,"Medium–High — multiple contextual clues, missing precise identifier",Unsuccessful — not found / abandoned
reddit,red-0073,"Found a picture of the waterfall we hiked to by searching the person's face and then scrolling a bit. Took two minutes. The user remembers contextual details but lacks a precise identifier, so retrieval depends on connecting those clues.",Retrieval-related,Person-related memory,Photo/image,person/relationship,Not stated,Contextual retrieval,Recovery-dependent,People/relationship context remembered; Content remembered; exact wording uncertain,"Medium–High — multiple contextual clues, missing precise identifier",Successful — high effort
reddit,red-0074,"The search is fine if you know exactly what you want, but not when you only half remember it.",Not retrieval-related,Not stated,Not stated,Not stated,Not stated,Not applicable,Not applicable,Not applicable,Not applicable,Not applicable
reddit,red-0075,"Looking for the photo of my son's vaccination card. I need it because school admission needs it. I remember the doctor asked us to keep a copy. It had the dates of the last booster on it. I can't recall what it said exactly. No idea what the thing is actually called. I typed ""vaccination"" in search and got no results. Tried ""vaccine"" and got no results. Searched for ""baby vaccination card pink"" and got no results. The text in the photo doesn't seem to be searchable. I checked my Gmail in case I had sent it to someone. Still haven't found it. How do you all deal with this?",Retrieval-related,General photo/media retrieval,Photo/image,Not stated,date/time; exact wording/name,Contextual retrieval,Recovery-dependent,Precise identifier missing; Time approximate; People/relationship context remembered; Content remembered; exact wording uncertain,"Medium–High — multiple contextual clues, missing precise identifier",Unsuccessful — not found / abandoned
reddit,red-0076,"I'm trying to find the photo of my first tattoo right after I got it. I need it now because the artist asked for a before picture. The photo shows a tattoo. Timing wise it was a few years back. I remember a small wave design on my wrist, all red around it. I remember it was still covered with cling film. I don't remember when exactly. Tried ""tattoo"" and got a bunch of pictures that had nothing to do with it. I searched ""fresh wave tattoo on wrist"" and got a bunch of pictures that had nothing to do with it. I typed ""tattoo"" in search but it just showed random photos. It doesn't understand what I'm describing at all. I even googled how to search Google Photos better. I jumped to roughly that year with the scrollbar and went month by month. Never found it. Am I doing something wrong?",Retrieval-related,General photo/media retrieval,Photo/image,Not stated,date/time; exact wording/name,Contextual retrieval,Recovery-dependent,Precise identifier missing; Time approximate; People/relationship context remembered,"Medium–High — multiple contextual clues, missing precise identifier",Unsuccessful — not found / abandoned
reddit,red-0077,"I'm trying to find the photo of my son's vaccination card. I remember the doctor asked us to keep a copy. It's a picture of the vaccination card. It had the dates of the last booster on it. It was when he was a baby. I don't remember the exact words on it. Searched for ""vaccine"" and got a bunch of pictures that had nothing to do with it. I searched ""vaccination"" and nothing came up. How do you even search for something like that? I checked my Gmail in case I had sent it to someone. Tried synonyms like ""immunisation"" too. Found one that might be it, but I'm not sure it's the same one. Is there a better way to search for stuff like this?",Retrieval-related,General photo/media retrieval,Photo/image,Not stated,date/time; exact wording/name,Contextual retrieval,Candidate-heavy,Precise identifier missing; Time approximate; People/relationship context remembered,"Medium–High — multiple contextual clues, missing precise identifier",Unsuccessful — not found / abandoned
reddit,red-0078,"Does anyone know how to find the photo of the bill I took sometime last summer? I need it now because a friend still hasn't paid me back and disputes the amount. It had the total and the GST number on it. For context, we were splitting it between six people. All I remember visually is a long crumpled receipt. I can't recall what it said exactly. Searched for ""restaurant bill split between friends"" and there it was. I searched ""june bill"" and it popped up near the top. Tried ""bill"" and it popped up near the top. I kept retyping different searches. Finally found it after two evenings. Am I doing something wrong?",Retrieval-related,Trip / experience memory,Document,place/trip/experience context; person/relationship; document/screenshot context,exact wording/name,Contextual retrieval,Recovery-dependent,Precise identifier missing; Time approximate; Place/event context remembered; People/relationship context remembered; Content remembered; exact wording uncertain,"Medium–High — multiple contextual clues, missing precise identifier",Successful — high effort
reddit,red-0079,"I have 12 years of photos in there. Looking for the photo of us at the football match. I need it now because reunion group chat asked for it. I remember my school friends being in it. It's from the derby match. I remember all of us with painted faces. Timing wise it was some time after school ended. I can't recall the name of the event. Not sure which month or year, honestly. I typed ""stadium"" in search and nothing came up. I searched ""friends with painted faces at football match"" but it just showed random photos. I typed ""football"" in search and nothing came up. How do you even search for something like that? In the end I texted my friend to send it again. Got it eventually, after three days.",Retrieval-related,Event memory,Photo/image,person/relationship,date/time; exact wording/name,Contextual retrieval,Recovery-dependent,Precise identifier missing; Time approximate; Place/event context remembered; People/relationship context remembered; Content remembered; exact wording uncertain,"Medium–High — multiple contextual clues, missing precise identifier",Unsuccessful — not found / abandoned
reddit,red-0080,Printing service delivery took two weeks. Face grouping merged my twin daughters into one person lol.,Not retrieval-related,Person-related memory,Not stated,person/relationship,Not stated,Not applicable,Not applicable,Not applicable,Not applicable,Not applicable
reddit,red-0081,"A lot of my photos come from shared albums. Looking for the photo of the warranty card for the washing machine. For context, I photographed it right after installation. I remember it showed the serial number. The photo shows the warranty card. All I remember visually is a small card taped to the invoice. I can't recall what it said exactly. I searched ""warranty 2024"" and nothing came up. Searched for ""warranty"" and got no results. The text on the bill isn't searchable as far as I can tell. I checked my Gmail in case I had sent it to someone. Never found it.",Retrieval-related,Document / screenshot retrieval,Document,time/date reference; document/screenshot context,exact wording/name,Contextual retrieval,Recovery-dependent,Precise identifier missing; Time approximate; Content remembered; exact wording uncertain,"Medium–High — multiple contextual clues, missing precise identifier",Unsuccessful — not found / abandoned
reddit,red-0082,"Didn't remember anything except the puppy running circles around him, searched for that and it showed up. Impressed.",Not retrieval-related,Not stated,Not stated,Not stated,Not stated,Not applicable,Not applicable,Not applicable,Not applicable,Not applicable
reddit,red-0083,"My wife and I share a partner library. I've been looking for the video of my dog meeting the new puppy for days. I need it because our old dog passed away last week. It had our old dog in it. I know it was in our backyard. Not sure which month or year, honestly. I searched ""2020 video"" and there it was. Tried synonyms like ""puppy"" too. I kept retyping different searches. Got it eventually, after two evenings. How do you all deal with this?",Retrieval-related,Event memory,Video,time/date reference,Not stated,Contextual retrieval,Contextual / first attempt,Precise identifier missing; Time approximate; People/relationship context remembered,"Medium–High — multiple contextual clues, missing precise identifier",Unsuccessful — not found / abandoned
reddit,red-0085,"I remember photos by who I was with and what we were doing, not by where the GPS says I was.",Retrieval-related,General photo/media retrieval,Photo/image,Not stated,Not stated,Contextual retrieval,Contextual / first attempt,Contextual clues available; precise identifier varies,Low–Medium — relatively strong clue set,Successful — low effort
reddit,red-0086,"I've been looking for a photo of the bookshelf I wanted to build for days. I need it because the carpenter is coming tomorrow. I remember my friend being in it. All I remember visually is wooden shelves shaped like a hexagon. Not sure which month or year, honestly. Tried ""shelf"" and got a bunch of pictures that had nothing to do with it. It took ""shelf"" literally and ignored everything else. I went through the face group for that person too. I jumped to roughly that year with the scrollbar and went month by month. Finally found it after about an hour.",Retrieval-related,Person-related memory,Photo/image,person/relationship,Not stated,Contextual retrieval,Recovery-dependent,Precise identifier missing; Time approximate; People/relationship context remembered,"Medium–High — multiple contextual clues, missing precise identifier",Unsuccessful — not found / abandoned
reddit,red-0087,"Two things. Syncing between my two phones is inconsistent. Deleted photos don't free up space on the phone, confusing.",Not retrieval-related,Not stated,Photo/image,Not stated,Not stated,Not applicable,Not applicable,Not applicable,Not applicable,Not applicable
reddit,red-0088,"I've used Google Photos since it launched. I've been looking for the screenshot of the train booking confirmation for days. I remember it showed the PNR number. I remember the email never came so I screenshotted the app. It was last month. I can't recall what it said exactly. Tried ""train ticket booking confirmation screenshot"" and got a bunch of pictures that had nothing to do with it. I just didn't know how to describe it in a way search would get. Eventually I searched my WhatsApp chats instead. Never found it. Any tips?",Retrieval-related,Document / screenshot retrieval,Screenshot,time/date reference; document/screenshot context,exact wording/name,Contextual retrieval,Recovery-dependent,Precise identifier missing; Time approximate; People/relationship context remembered; Content remembered; exact wording uncertain,"Medium–High — multiple contextual clues, missing precise identifier",Unsuccessful — not found / abandoned
reddit,red-0089,"I'm trying to find a short video of the band at the pub. I can picture red lights and the singer with a violin. Timing wise it was one weekend, maybe 2022. I don't know what it's called. I typed ""video of band with violin red lights pub"" in search and got no results. Searched for ""band"" and got no results. I searched ""friday 2022"" and nothing came up. Screen recordings don't seem to be indexed at all. I jumped to roughly that year with the scrollbar and went month by month. Found one that might be it, but I'm not sure it's the same one. Is there a better way to search for stuff like this?",Retrieval-related,General photo/media retrieval,Video,time/date reference,Not stated,Contextual retrieval,Candidate-heavy,Precise identifier missing; Time approximate,"Medium–High — multiple contextual clues, missing precise identifier",Unsuccessful — not found / abandoned
reddit,red-0090,"On the web version on my laptop. Looking for the photo with the bride and my grandmother. I need it now because grandma wants a print. I remember my grandmother and my sister-in-law being in it. All I remember visually is grandma in a green saree sitting on the stage. It was reception night. I'm not sure if I ever put it in an album. I have no idea what year it was. I searched ""reception"" and nothing came up. I think it's in a shared album someone else made, not my library. I asked my sister if she still had it. I checked all my albums one by one. Still haven't found it. Is there a better way to search for stuff like this?",Retrieval-related,Person-related memory,Photo/image,person/relationship,Not stated,Contextual retrieval,Recovery-dependent,Precise identifier missing; Time approximate; People/relationship context remembered,"Medium–High — multiple contextual clues, missing precise identifier",Unsuccessful — not found / abandoned
reddit,red-0091,"My wife and I share a partner library. I'm trying to find a sunset photo from the hotel balcony. Timing wise it was in summer, I'm not sure which year. All I remember visually is an orange sky and a red railing in the corner. I remember my wife being in it. It was taken at the hotel near the lake. I don't remember when exactly. Searched for ""switzerland july"" but it just showed random photos. How do you even search for something like that? I jumped to roughly that year with the scrollbar and went month by month. Found one that might be it, but I'm not sure it's the same one. Any tips?",Retrieval-related,General photo/media retrieval,Photo/image,Not stated,date/time; exact wording/name,Contextual retrieval,Candidate-heavy,Precise identifier missing; Time approximate; People/relationship context remembered,"Medium–High — multiple contextual clues, missing precise identifier",Successful — high effort
reddit,red-0092,"On the web version on my laptop. Looking for the picture of the wine label from our anniversary dinner. I need it because I want to buy the same wine again. It had my partner in it. All I remember visually is a label with a drawing of a bird. I don't know what it's called. I don't remember the exact words on it. Searched for ""wine"" but it just showed random photos. It took ""wine"" literally and ignored everything else. I checked all my albums one by one. I jumped to roughly that year with the scrollbar and went month by month. I found a similar one but not the exact photo I wanted. Any tips?",Retrieval-related,Event memory,Photo/image,Not stated,date/time; exact wording/name,Contextual retrieval,Recovery-dependent,Precise identifier missing; Time approximate; People/relationship context remembered,"Medium–High — multiple contextual clues, missing precise identifier",Successful — high effort
reddit,red-0093,"Didn't remember anything except a disco ball and me in a pink lehenga, searched for that and it showed up. Impressed.",Not retrieval-related,Not stated,Not stated,Not stated,Not stated,Not applicable,Not applicable,Not applicable,Not applicable,Not applicable
reddit,red-0094,"I'm trying to find the picture of the medicine I took when I was sick last year. I need it now because I'm sick again and want the same medicine. I can picture a silver strip with orange tablets. For context, the doctor prescribed it when I had that bad fever. The photo shows a strip of tablets. I can't recall what it said exactly. No idea what the thing is actually called. Searched for ""fever medicine"" and got no results. Searched for ""medicine strip orange tablets"" and nothing came up. I typed ""medicine"" in search and nothing came up. It just doesn't show up in search even though I know it's there. I scrolled for like 40 minutes. Tried synonyms like ""tablets"" too. Never found it. Am I doing something wrong?",Retrieval-related,Trip / experience memory,Photo/image,place/trip/experience context; time/date reference,date/time; exact wording/name,Contextual retrieval,Recovery-dependent,Precise identifier missing; Time approximate; Place/event context remembered; People/relationship context remembered; Content remembered; exact wording uncertain,"Medium–High — multiple contextual clues, missing precise identifier",Unsuccessful — not found / abandoned
reddit,red-0095,"On iOS. Looking for the picture of the pharmacy receipt. I need it now because the insurance claim deadline is this week. I remember thermal paper that was already fading. Timing wise it was around when I was sick last year. I remember I needed it for insurance reimbursement. I can't remember the date at all. I can't recall what it said exactly. I typed ""receipt"" in search and got thousands of results to scroll through. I typed ""pharmacy"" in search and got thousands of results to scroll through. Tried ""pharmacy medicine bill"" and got thousands of results to scroll through. I have hundreds of similar shots and can't tell which one it was. I checked my Gmail in case I had sent it to someone. Eventually I just gave up. Is there a better way to search for stuff like this?",Retrieval-related,Document / screenshot retrieval,Document,time/date reference; document/screenshot context,date/time; exact wording/name,Contextual retrieval,Candidate-heavy,Precise identifier missing; Time approximate; People/relationship context remembered; Content remembered; exact wording uncertain,High — many plausible candidates / weak discrimination,Unsuccessful — not found / abandoned
reddit,red-0096,"On Android. Looking for the photo of the notes a friend shared before exams. I need it because my younger brother needs them now. It's a picture of handwritten notes. Timing wise it was final semester. It had a classmate in it. Not sure which month or year, honestly. I don't remember the exact words on it. Tried ""handwritten thermodynamics notes"" and got no results. The photo is definitely in my library but search never shows it. Tried synonyms like ""study notes"" too. Ended up scrolling back through years of photos. I found a similar one but not the exact photo I wanted. Is there a better way to search for stuff like this?",Retrieval-related,Person-related memory,Photo/image,person/relationship,date/time; exact wording/name,Contextual retrieval,Recovery-dependent,Precise identifier missing; Time approximate; People/relationship context remembered,"Medium–High — multiple contextual clues, missing precise identifier",Unsuccessful — not found / abandoned
reddit,red-0097,"I've used Google Photos since it launched. Looking for the photo of my car's insurance papers. I need it because I had an accident and need the policy number. The photo shows the insurance papers. It was last year sometime. I remember a folded paper on the dashboard. I don't remember when exactly. Tried ""car insurance paper on dashboard"" but it just showed random photos. Searched for ""insurance"" and nothing came up. How do you even search for something like that? I checked my Gmail in case I had sent it to someone. Tried synonyms like ""policy"" too. Still haven't found it. Am I doing something wrong?",Retrieval-related,General photo/media retrieval,Photo/image,time/date reference,date/time; exact wording/name,Contextual retrieval,Recovery-dependent,Precise identifier missing; Time approximate; People/relationship context remembered,"Medium–High — multiple contextual clues, missing precise identifier",Unsuccessful — not found / abandoned
reddit,red-0098,"I search in Photos pretty much every day. Looking for a picture of the waterfall we hiked to. I need it because my cousin asked for it for a reunion slideshow. Timing wise it was during monsoon, around 2020. I know it was a couple of hours from the homestay. I have no idea what year it was. No clue what the place was called. Tried ""waterfall"" and there it was. Tried ""waterfall with people in raincoats and mist"" and there it was. I went through the map view hoping to spot it. Finally found it after about an hour. Am I doing something wrong?",Retrieval-related,General photo/media retrieval,Photo/image,time/date reference,Not stated,Contextual retrieval,Recovery-dependent,Precise identifier missing; Time approximate; People/relationship context remembered,"Medium–High — multiple contextual clues, missing precise identifier",Successful — low effort
reddit,red-0099,"What worked for me: Search for the thing plus the city, e.g. ""cake bangalore"", works better than a sentence for me.",Not retrieval-related,Not stated,Not stated,Not stated,Not stated,Not applicable,Not applicable,Not applicable,Not applicable,Not applicable
reddit,red-0101,"I remember photos by who I was with and what we were doing, not by where the GPS says I was.",Retrieval-related,General photo/media retrieval,Photo/image,Not stated,Not stated,Contextual retrieval,Contextual / first attempt,Contextual clues available; precise identifier varies,Low–Medium — relatively strong clue set,Successful — low effort
reddit,red-0102,"Pro tip: Use the date jump on the scrollbar, drag to the year and go month by month.",Not retrieval-related,Not stated,Not stated,Not stated,Not stated,Not applicable,Not applicable,Not applicable,Not applicable,Not applicable
reddit,red-0103,"I've been looking for the photo of the parking spot sign for days. I need it now because I got a parking fine and need to prove where I was. I know it was in a multi-level parking. It was a few weeks ago. For context, I took it so I'd remember where I parked. All I remember visually is a green pillar with a letter and number. I can't recall what it said exactly. I searched ""parking pillar sign"" and nothing came up. The location data was probably off so there's nothing to go on. I jumped to roughly that year with the scrollbar and went month by month. I kept retyping different searches. Never found it. How do you all deal with this?",Retrieval-related,General photo/media retrieval,Photo/image,Not stated,date/time; location; exact wording/name,Contextual retrieval,Recovery-dependent,Precise identifier missing; Time approximate; People/relationship context remembered; Content remembered; exact wording uncertain,"Medium–High — multiple contextual clues, missing precise identifier",Unsuccessful — not found / abandoned
reddit,red-0104,"I've been looking for the group photo from the night we all stayed up on the terrace for days. I need it now because one of them is getting married and we're making a video. For context, it was the night before someone moved abroad. It was final year of college, so around 2016. I remember the whole hostel gang being in it. I never knew his name. Not sure which month or year, honestly. Searched for ""terrace"" but it just showed random photos. Searched for ""2016 night"" and nothing came up. How do you even search for something like that? I asked my sister if she still had it. Still haven't found it. Any tips?",Retrieval-related,Person-related memory,Video,time/date reference; person/relationship,Not stated,Contextual retrieval,Recovery-dependent,Precise identifier missing; Time approximate; Place/event context remembered; People/relationship context remembered; Content remembered; exact wording uncertain,"Medium–High — multiple contextual clues, missing precise identifier",Unsuccessful — not found / abandoned
reddit,red-0106,"The search is fine if you know exactly what you want, but not when you only half remember it.",Not retrieval-related,Not stated,Not stated,Not stated,Not stated,Not applicable,Not applicable,Not applicable,Not applicable,Not applicable
reddit,red-0107,"Looking for the photo I took of my passport page. I need it now because I need the number urgently for a booking. I can picture my thumb covering one corner. For context, I took it when applying for a visa. It's a picture of my passport. Timing wise it was two or three years ago. I can't recall what it said exactly. Not sure which month or year, honestly. Tried ""visa 2022"" and got a bunch of pictures that had nothing to do with it. I typed ""passport"" in search and got no results. I just didn't know how to describe it in a way search would get. I scrolled for like 40 minutes. Eventually I searched my WhatsApp chats instead. Found one that might be it, but I'm not sure it's the same one. Any tips?",Retrieval-related,Event memory,Photo/image,time/date reference,date/time; exact wording/name,Contextual retrieval,Candidate-heavy,Precise identifier missing; Time approximate; People/relationship context remembered; Content remembered; exact wording uncertain,"Medium–High — multiple contextual clues, missing precise identifier",Unsuccessful — not found / abandoned
reddit,red-0109,Two things. Please add a dark mode for the web version.,Not retrieval-related,Not stated,Not stated,Not stated,Not stated,Not applicable,Not applicable,Not applicable,Not applicable,Not applicable
reddit,red-0111,"Does anyone know how to find the photo of the warranty card for the washing machine? I need it because the machine broke and service wants the warranty. I can picture a small card taped to the invoice. It had the serial number on it. I don't remember the exact words on it. I don't remember when exactly. I searched ""washing machine warranty card"" and got no results. Tried ""warranty"" and got no results. I typed ""warranty 2024"" in search and nothing came up. I didn't know what else to try. I kept retyping different searches. I scrolled for like 40 minutes. Still haven't found it. How do you all deal with this?",Retrieval-related,Document / screenshot retrieval,Document,time/date reference; document/screenshot context,date/time; exact wording/name,Contextual retrieval,Recovery-dependent,Precise identifier missing; Time approximate; People/relationship context remembered,"Medium–High — multiple contextual clues, missing precise identifier",Unsuccessful — not found / abandoned
reddit,red-0112,"Does anyone know how to find the photo of the stage when they announced the results? I need it now because I need it for my portfolio. I remember my team being in it. I remember purple lights and a big screen with my name. I remember I was holding a trophy. It was around the end of the year, 2022 or 2023. Not sure which month or year, honestly. Tried ""award"" and it gave me hundreds of photos. I typed ""awards december"" in search and got thousands of results to scroll through. There are so many almost identical shots from that day that I can't tell which one it is. I scrolled for like 40 minutes. I jumped to roughly that year with the scrollbar and went month by month. Eventually I just gave up. Is there a better way to search for stuff like this?",Retrieval-related,Event memory,Photo/image,time/date reference,Not stated,Contextual retrieval,Candidate-heavy,Precise identifier missing; Time approximate; People/relationship context remembered,High — many plausible candidates / weak discrimination,Unsuccessful — not found / abandoned
reddit,red-0113,"I've been looking for the screenshot of a chat where my landlord agreed to the repair for days. I need it now because he's now saying he never agreed. Timing wise it was sometime last spring. It had him saying he would pay for it on it. Not sure which month or year, honestly. I searched ""chat screenshot"" and got no results. Searched for ""screenshot of chat with landlord about repair"" and nothing came up. Tried ""whatsapp"" and nothing came up. Text inside screenshots doesn't seem to be searchable. I tried the screenshots category filter as well. I kept retyping different searches. Never found it. Any tips?",Retrieval-related,Document / screenshot retrieval,Screenshot,document/screenshot context,Not stated,Contextual retrieval,Recovery-dependent,Precise identifier missing; Time approximate; People/relationship context remembered; Content remembered; exact wording uncertain,"Medium–High — multiple contextual clues, missing precise identifier",Unsuccessful — not found / abandoned
reddit,red-0114,"Found the picture of the medicine I took when I was sick last year by searching the person's face and then scrolling a bit. Took two minutes. The user remembers contextual details but lacks a precise identifier, so retrieval depends on connecting those clues.",Retrieval-related,Person-related memory,Photo/image,time/date reference; person/relationship,Not stated,Contextual retrieval,Recovery-dependent,Time approximate; People/relationship context remembered; Content remembered; exact wording uncertain,"Medium–High — multiple contextual clues, missing precise identifier",Successful — high effort
reddit,red-0115,"Search for the thing plus the city, e.g. ""cake bangalore"", works better than a sentence for me.",Not retrieval-related,Not stated,Not stated,Not stated,Not stated,Not applicable,Not applicable,Not applicable,Not applicable,Not applicable
reddit,red-0117,"I search in Photos pretty much every day. Does anyone know how to find the video of my nephew saying his first word? Timing wise it was when he was around one. We were at my sister's house when I took it. I remember my nephew being in it. The location data was probably off. I have no idea what year it was. I searched ""screen recording"" and got no results. Screen recordings don't seem to be indexed at all. I went through the map view hoping to spot it. Still haven't found it. Any tips?",Retrieval-related,Person-related memory,Video,person/relationship,Not stated,Contextual retrieval,Recovery-dependent,Precise identifier missing; Time approximate; People/relationship context remembered,"Medium–High — multiple contextual clues, missing precise identifier",Unsuccessful — not found / abandoned
reddit,red-0118,"I'm trying to find that photo where I was wearing the blue shirt. I need it now because I need a profile photo for a new job. I know it was at a friend's place, I think. All I remember visually is me in a light blue linen shirt against a white wall. I don't remember the name of the place. Searched for ""me wearing blue shirt white wall"" and there it was. I searched ""blue shirt"" and there it was. I kept retyping different searches. I scrolled for like 40 minutes. Got it eventually, after half an hour of scrolling.",Retrieval-related,Event memory,Photo/image,person/relationship,location; exact wording/name,Contextual retrieval,Recovery-dependent,Precise identifier missing; People/relationship context remembered,"Medium–High — multiple contextual clues, missing precise identifier",Unsuccessful — not found / abandoned
reddit,red-0119,"I'm trying to find the photo of the warranty card for the washing machine. I need it because the machine broke and service wants the warranty. The photo shows the warranty card. I can picture a small card taped to the invoice. I can't remember the date at all. I searched ""warranty"" and got thousands of results to scroll through. I typed ""warranty 2024"" in search and it gave me hundreds of photos. I have hundreds of similar shots and can't tell which one it was. Ended up scrolling back through years of photos. Never found it. How do you all deal with this?",Retrieval-related,Document / screenshot retrieval,Document,time/date reference; document/screenshot context,date/time,Contextual retrieval,Candidate-heavy,Precise identifier missing; Time approximate; People/relationship context remembered,High — many plausible candidates / weak discrimination,Unsuccessful — not found / abandoned
google_photos_community,goo-0001,"Does anyone know how to find a shot of the fireworks at the new year party? I need it because I wanted to post a throwback. Timing wise it was one of the new years, 2019 or 2020. It's from the new year party at the club. All I remember visually is green fireworks over a swimming pool. I remember it was just before midnight. I have no idea what year it was. Searched for ""31 december"" and it gave me hundreds of photos. Searched for ""green fireworks over pool"" and it gave me hundreds of photos. I typed ""fireworks"" in search and it gave me hundreds of photos. All the results look the same as tiny thumbnails. I jumped to roughly that year with the scrollbar and went month by month. Still haven't found it. Using photos.google.com on Windows.",Retrieval-related,Event memory,Photo/image,time/date reference,Not stated,Contextual retrieval,Candidate-heavy,Precise identifier missing; Time approximate; People/relationship context remembered,High — many plausible candidates / weak discrimination,Unsuccessful — not found / abandoned
google_photos_community,goo-0002,"I don't remember dates, nobody does. Searching by date is useless for old memories. Device: iPhone 14, iOS 18.",Not retrieval-related,Not stated,Not stated,Not stated,date/time,Not applicable,Not applicable,Not applicable,Not applicable,Not applicable
google_photos_community,goo-0003,"I take a ridiculous number of screenshots. Does anyone know how to find the photo of my son's vaccination card? I need it now because school admission needs it. I remember it showed the dates of the last booster. All I remember visually is a pink card with stamps. For context, the doctor asked us to keep a copy. I can't recall what it said exactly. I don't know what it's called. I searched ""vaccination"" and it popped up near the top. Eventually I searched my WhatsApp chats instead. Tried synonyms like ""immunisation"" too. Got it eventually, after three days. Device: Pixel 8, Android 15.",Retrieval-related,Document / screenshot retrieval,Screenshot,document/screenshot context,date/time; exact wording/name,Contextual retrieval,Recovery-dependent,Precise identifier missing; Time approximate; People/relationship context remembered; Content remembered; exact wording uncertain,"Medium–High — multiple contextual clues, missing precise identifier",Unsuccessful — not found / abandoned
google_photos_community,goo-0004,"Does anyone know how to find the photo of the whiteboard from our planning session? It was taken in the small meeting room. I can picture boxes and arrows in red and blue marker. I can't recall what it said exactly. I have no idea what year it was. I typed ""whiteboard march"" in search and got no results. I searched ""whiteboard with launch timeline"" and nothing came up. I typed ""whiteboard"" in search and got a bunch of pictures that had nothing to do with it. How do you even search for something like that? I checked all my albums one by one. I scrolled for like 40 minutes. Never found it. Using photos.google.com on Windows.",Retrieval-related,General photo/media retrieval,Photo/image,Not stated,date/time; exact wording/name,Contextual retrieval,Recovery-dependent,Precise identifier missing; Time approximate; People/relationship context remembered,"Medium–High — multiple contextual clues, missing precise identifier",Unsuccessful — not found / abandoned
google_photos_community,goo-0005,"There are something like 45,000 pictures in my account. Does anyone know how to find the picture of the houseboat we stayed on? I remember my parents being in it. It was taken somewhere in the Kerala backwaters. No clue what the place was called. I don't remember when exactly. I searched ""houseboat"" and nothing came up. I didn't know what else to try. I scrolled for like 40 minutes. I went through the map view hoping to spot it. Never found it. Device: iPhone 14, iOS 18.",Retrieval-related,General photo/media retrieval,Photo/image,Not stated,date/time; location; exact wording/name,Contextual retrieval,Recovery-dependent,Precise identifier missing; People/relationship context remembered,"Medium–High — multiple contextual clues, missing precise identifier",Unsuccessful — not found / abandoned
google_photos_community,goo-0006,"Looking for the photo of the rash on my arm. I need it because the rash is back and the doctor wants to compare. Timing wise it was about eight months ago. For context, I took it to show the dermatologist how it looked on day one. I can picture red patches near my elbow. It's a picture of a rash. I don't know what word the app would use for it. Not sure which month or year, honestly. Tried ""red rash on arm"" and nothing came up. I ran out of ideas pretty quickly. Tried synonyms like ""allergy"" too. I checked my Gmail in case I had sent it to someone. Still haven't found it. Device: iPhone 14, iOS 18.",Retrieval-related,General photo/media retrieval,Photo/image,time/date reference,Not stated,Direct retrieval,Direct / efficient,Precise identifier missing; Time approximate; People/relationship context remembered; Content remembered; exact wording uncertain,"Medium–High — multiple contextual clues, missing precise identifier",Unsuccessful — not found / abandoned
google_photos_community,goo-0007,"I've been looking for the photo with the bride and my grandmother for days. I need it now because grandma wants a print. All I remember visually is grandma in a green saree sitting on the stage. Timing wise it was reception night. Not sure which month or year, honestly. I searched ""old lady in green saree with bride on stage"" and nothing came up. I typed ""grandmother"" in search and got no results. Searched for ""reception"" and got no results. I think it's in a shared album someone else made, not my library. I scrolled for like 40 minutes. I found a similar one but not the exact photo I wanted. Device: iPhone 14, iOS 18.",Retrieval-related,Person-related memory,Photo/image,person/relationship,Not stated,Contextual retrieval,Recovery-dependent,Precise identifier missing; Time approximate; People/relationship context remembered,"Medium–High — multiple contextual clues, missing precise identifier",Unsuccessful — not found / abandoned
google_photos_community,goo-0008,"Looking for the photo from my friend's wedding where we were standing outside. I need it because it's their anniversary next week. It was taken outside the venue near the parking area. It was at my friend's wedding. It was a couple of years ago, winter. I remember the groom and our school gang being in it. I don't remember the name of the place. I have no idea what year it was. I searched ""wedding"" and nothing came up. It just doesn't show up in search even though I know it's there. I checked all my albums one by one. Eventually I just gave up. Device: iPhone 14, iOS 18.",Retrieval-related,Event memory,Photo/image,time/date reference; person/relationship,date/time; location; exact wording/name,Contextual retrieval,Recovery-dependent,Precise identifier missing; Time approximate; Place/event context remembered; People/relationship context remembered,"Medium–High — multiple contextual clues, missing precise identifier",Unsuccessful — not found / abandoned
google_photos_community,goo-0009,"Honestly search is amazing. I typed ""me on stage with trophy under purple lights"" and it found the photo of the stage when they announced the results in seconds. Device: Pixel 8, Android 15.",Retrieval-related,General photo/media retrieval,Photo/image,Not stated,Not stated,Direct retrieval,Direct / efficient,Contextual clues available; precise identifier varies,Low–Medium — relatively strong clue set,Successful — low effort
google_photos_community,goo-0010,"Looking for the screenshot where I had the information about that course. For context, someone posted it on LinkedIn. It had the course fees and the deadline on it. Timing wise it was a few months ago. All I remember visually is a blue banner with a university logo. I can't recall what it said exactly. Searched for ""course"" and there it was. I typed ""screenshot linkedin"" in search and it popped up near the top. I tried the screenshots category filter as well. Finally found it after way too long.",Retrieval-related,Document / screenshot retrieval,Screenshot,time/date reference; document/screenshot context,location; exact wording/name,Contextual retrieval,Contextual / first attempt,Precise identifier missing; Time approximate; Content remembered; exact wording uncertain,"Medium–High — multiple contextual clues, missing precise identifier",Unsuccessful — not found / abandoned
google_photos_community,goo-0011,"Something that helps: Ask whoever was there, someone in the group chat usually still has it.",Not retrieval-related,Not stated,Not stated,Not stated,Not stated,Not applicable,Not applicable,Not applicable,Not applicable,Not applicable
google_photos_community,goo-0012,"I've been looking for a picture of the sofa fabric sample for days. For context, the shop said to send them the photo when ordering. The photo shows a fabric swatch. It was taken at the furniture shop. I can picture a mustard-coloured textured fabric. I don't know what it's called. I searched ""furniture shop"" and got no results. Text inside screenshots doesn't seem to be searchable. I even googled how to search Google Photos better. I tried the screenshots category filter as well. Got it eventually, after three days. Device: Pixel 8, Android 15.",Retrieval-related,Document / screenshot retrieval,Screenshot,document/screenshot context,Not stated,Contextual retrieval,Recovery-dependent,Precise identifier missing; Place/event context remembered; People/relationship context remembered; Content remembered; exact wording uncertain,"Medium–High — multiple contextual clues, missing precise identifier",Unsuccessful — not found / abandoned
google_photos_community,goo-0013,"I search in Photos pretty much every day. I'm trying to find the photo from my friend's wedding where we were standing outside. I need it because it's their anniversary next week. All I remember visually is me in a maroon sherwani and fairy lights on a gate. It was taken outside the venue near the parking area. Not sure which month or year, honestly. Searched for ""wedding"" and it popped up near the top. Ended up scrolling back through years of photos. Finally found it after three days. Using photos.google.com on Windows.",Retrieval-related,Event memory,Photo/image,person/relationship,Not stated,Contextual retrieval,Recovery-dependent,Precise identifier missing; Time approximate; Place/event context remembered; People/relationship context remembered,"Medium–High — multiple contextual clues, missing precise identifier",Unsuccessful — not found / abandoned
google_photos_community,goo-0014,"Been backing up everything since 2015. Does anyone know how to find the video of my nephew saying his first word? I remember it was a video call I screen-recorded. It had my nephew in it. The location data was probably off. I can't remember the date at all. I searched ""screen recording"" and nothing came up. Screen recordings don't seem to be indexed at all. I jumped to roughly that year with the scrollbar and went month by month. Finally found it after about an hour.",Retrieval-related,General photo/media retrieval,Video,time/date reference,date/time; location; exact wording/name,Contextual retrieval,Recovery-dependent,Precise identifier missing; Time approximate,"Medium–High — multiple contextual clues, missing precise identifier",Unsuccessful — not found / abandoned
google_photos_community,goo-0015,"I search in Photos pretty much every day. Does anyone know how to find the photo of my dad's blood test report? I need it now because the new doctor wants old values. The photo shows a lab report. For context, the lab gave only a paper copy. Not sure which month or year, honestly. Tried ""report"" and got no results. Searched for ""lab report 2025"" and got no results. Tried ""blood test report hospital"" and nothing came up. The writing on it isn't searchable, it seems. I scrolled for like 40 minutes. Tried synonyms like ""test results"" too. I gave up on finding it. Device: iPhone 14, iOS 18.",Retrieval-related,Person-related memory,Photo/image,time/date reference; person/relationship,Not stated,Contextual retrieval,Recovery-dependent,Precise identifier missing; Time approximate; People/relationship context remembered; Content remembered; exact wording uncertain,"Medium–High — multiple contextual clues, missing precise identifier",Unsuccessful — not found / abandoned
google_photos_community,goo-0016,"I take a ridiculous number of screenshots. I've been looking for a short video of the band at the pub for days. I need it now because I want to find the band name. It was one weekend, maybe 2022. All I remember visually is red lights and the singer with a violin. It was while singing a cover of some old song. I don't know what it's called. Searched for ""video of band with violin red lights pub"" and got no results. I typed ""band"" in search and got no results. I typed ""friday 2022"" in search and nothing came up. Screen recordings don't seem to be indexed at all. I checked all my albums one by one. I scrolled for like 40 minutes. Got it eventually, after half an hour of scrolling. Device: Pixel 8, Android 15.",Retrieval-related,Document / screenshot retrieval,Screenshot,time/date reference; document/screenshot context,Not stated,Contextual retrieval,Recovery-dependent,Precise identifier missing; Time approximate; People/relationship context remembered; Content remembered; exact wording uncertain,"Medium–High — multiple contextual clues, missing precise identifier",Unsuccessful — not found / abandoned
google_photos_community,goo-0017,"On my Pixel. Does anyone know how to find the photo of us dancing at the sangeet? It's from the sangeet night. I can picture a disco ball and me in a pink lehenga. I don't remember which album it went into. I typed ""dance"" in search and got thousands of results to scroll through. There are so many almost identical shots from that day that I can't tell which one it is. Ended up scrolling back through years of photos. Still haven't found it.",Retrieval-related,General photo/media retrieval,Photo/image,Not stated,date/time,Contextual retrieval,Candidate-heavy,Precise identifier missing; Time approximate; People/relationship context remembered,High — many plausible candidates / weak discrimination,Unsuccessful — not found / abandoned
google_photos_community,goo-0018,"Looking for the picture of the houseboat we stayed on. I need it now because I wanted to print it for my parents' anniversary. All I remember visually is a wooden roof and my dad standing at the front. It was taken somewhere in the Kerala backwaters. I don't remember the name of the place. Searched for ""houseboat"" and there it was. I searched ""kerala 2019"" and it popped up near the top. I went through the map view hoping to spot it. Got it eventually, after half an hour of scrolling.",Retrieval-related,Event memory,Photo/image,time/date reference; person/relationship,location; exact wording/name,Contextual retrieval,Recovery-dependent,Precise identifier missing; Time approximate; People/relationship context remembered,"Medium–High — multiple contextual clues, missing precise identifier",Unsuccessful — not found / abandoned
google_photos_community,goo-0019,Minor gripe: Why did they move the sharing button? The new layout is confusing.,Not retrieval-related,Not stated,Not stated,Not stated,Not stated,Not applicable,Not applicable,Not applicable,Not applicable,Not applicable
google_photos_community,goo-0020,"Found the selfie from the concert by searching the person's face and then scrolling a bit. Took two minutes. Using photos.google.com on Windows. The user remembers contextual details but lacks a precise identifier, so retrieval depends on connecting those clues.",Retrieval-related,Person-related memory,Photo/image,person/relationship,Not stated,Contextual retrieval,Recovery-dependent,People/relationship context remembered; Content remembered; exact wording uncertain,"Medium–High — multiple contextual clues, missing precise identifier",Successful — high effort
google_photos_community,goo-0021,"Looking for a screenshot of a recipe from Instagram. I need it because guests are coming this weekend. I can picture a dark background with white text. For context, I screenshotted it from a reel. I can't recall what it said exactly. I don't know what word the app would use for it. I searched ""instagram screenshot"" and got no results. I searched ""paneer recipe screenshot"" and nothing came up. I searched ""recipe"" and nothing came up. Text inside screenshots doesn't seem to be searchable. I scrolled for like 40 minutes. I tried the screenshots category filter as well. Never found it. Using photos.google.com on Windows.",Retrieval-related,Document / screenshot retrieval,Screenshot,document/screenshot context,exact wording/name,Contextual retrieval,Recovery-dependent,Precise identifier missing; People/relationship context remembered; Content remembered; exact wording uncertain,"Medium–High — multiple contextual clues, missing precise identifier",Unsuccessful — not found / abandoned
google_photos_community,goo-0022,"Does anyone know how to find the photo of the parking spot sign? I need it because I got a parking fine and need to prove where I was. I remember it showed the level and bay number. I remember I took it so I'd remember where I parked. We were in a multi-level parking when I took it. I can't recall what it said exactly. Searched for ""parking pillar sign"" and it popped up near the top. Tried ""parking"" and it popped up near the top. I kept retyping different searches. Got it eventually, after about an hour.",Retrieval-related,Event memory,Photo/image,Not stated,date/time; location; exact wording/name,Contextual retrieval,Recovery-dependent,Precise identifier missing; People/relationship context remembered,"Medium–High — multiple contextual clues, missing precise identifier",Successful — high effort
google_photos_community,goo-0023,"On my Samsung. I'm trying to find the photo of the view from the train window. I need it now because I was telling someone about the trip and wanted to show them. This was during the Europe backpacking trip. Timing wise it was in 2018 or 2019, can't pin it down. I know it was on the train somewhere between two cities. I have no idea what year it was. I don't remember the name of the place. Tried ""train 2018"" and got no results. Searched for ""train"" and got no results. I just didn't know how to describe it in a way search would get. I went through the map view hoping to spot it. Found one that might be it, but I'm not sure it's the same one. Device: iPhone 14, iOS 18.",Retrieval-related,Trip / experience memory,Photo/image,place/trip/experience context; time/date reference,date/time; location; exact wording/name,Contextual retrieval,Candidate-heavy,Precise identifier missing; Time approximate; Place/event context remembered; People/relationship context remembered,"Medium–High — multiple contextual clues, missing precise identifier",Unsuccessful — not found / abandoned
google_photos_community,goo-0024,"I'm trying to find the picture of the wine label from our anniversary dinner. I need it because I want to buy the same wine again. I remember my partner being in it. It was taken on our 5th anniversary. No idea what the thing is actually called. I can't recall what it said exactly. Tried ""wine"" and got thousands of results to scroll through. All the results look the same as tiny thumbnails. I kept retyping different searches. I found a similar one but not the exact photo I wanted. Device: Pixel 8, Android 15.",Retrieval-related,Event memory,Photo/image,Not stated,exact wording/name,Contextual retrieval,Candidate-heavy,Precise identifier missing; People/relationship context remembered,High — many plausible candidates / weak discrimination,Successful — high effort
google_photos_community,goo-0025,"Honestly, Storage is full again and now they want me to pay for more. Too expensive for what it is. The editing tools are great, the magic eraser is really good. Device: iPhone 14, iOS 18.",Not retrieval-related,Not stated,Not stated,Not stated,Not stated,Not applicable,Not applicable,Not applicable,Not applicable,Not applicable
google_photos_community,goo-0026,"My wife and I share a partner library. I'm trying to find a shot of the fireworks at the new year party. I need it now because I wanted to post a throwback. It had a bunch of friends in it. For context, it was just before midnight. All I remember visually is green fireworks over a swimming pool. I can't remember the date at all. I typed ""31 december"" in search and got no results. I searched ""green fireworks over pool"" but it just showed random photos. I typed ""fireworks"" in search and got no results. I ran out of ideas pretty quickly. Ended up scrolling back through years of photos. Never found it. Using photos.google.com on Windows.",Retrieval-related,Event memory,Photo/image,person/relationship,date/time; exact wording/name,Direct retrieval,Direct / efficient,Precise identifier missing; Time approximate; People/relationship context remembered; Content remembered; exact wording uncertain,"Medium–High — multiple contextual clues, missing precise identifier",Unsuccessful — not found / abandoned
google_photos_community,goo-0028,"Honestly, Cancelled my subscription, moving everything to an external drive. Device: Pixel 8, Android 15.",Not retrieval-related,Not stated,Not stated,Not stated,Not stated,Not applicable,Not applicable,Not applicable,Not applicable,Not applicable
google_photos_community,goo-0029,"I've been looking for a photo of the biryani my grandmother made for days. I need it now because she passed away and I really want that picture. It means a lot to me. It was for Eid. I can't remember the date at all. I typed ""grandma serving biryani from a copper pot"" in search and it gave me hundreds of photos. All the results look the same as tiny thumbnails. Tried synonyms like ""rice"" too. I asked my sister if she still had it. Still haven't found it.",Retrieval-related,Person-related memory,Photo/image,person/relationship,date/time,Contextual retrieval,Candidate-heavy,Precise identifier missing; Time approximate; People/relationship context remembered,High — many plausible candidates / weak discrimination,Unsuccessful — not found / abandoned
google_photos_community,goo-0030,"What worked for me: Check whether the photo was ever backed up. If it was from an old phone it might never have been uploaded. Device: iPhone 14, iOS 18.",Not retrieval-related,Not stated,Photo/image,Not stated,Not stated,Not applicable,Not applicable,Not applicable,Not applicable,Not applicable
google_photos_community,goo-0031,"Something that helps: Search for the thing plus the city, e.g. ""cake bangalore"", works better than a sentence for me. Device: Pixel 8, Android 15.",Not retrieval-related,Not stated,Not stated,Not stated,Not stated,Not applicable,Not applicable,Not applicable,Not applicable,Not applicable
google_photos_community,goo-0033,"On Android. I'm trying to find the photo from the Ganpati procession. I need it now because our society newsletter wanted old pictures. We were on the road near our society when I took it. I remember red gulal everywhere and the idol behind us. I remember my neighbours being in it. I don't remember when exactly. I typed ""september"" in search and got thousands of results to scroll through. All the results look the same as tiny thumbnails. I went through the face group for that person too. I scrolled for like 40 minutes. Got it eventually, after way too long. Device: iPhone 14, iOS 18.",Retrieval-related,Event memory,Photo/image,person/relationship,date/time; location; exact wording/name,Contextual retrieval,Candidate-heavy,Precise identifier missing; People/relationship context remembered,High — many plausible candidates / weak discrimination,Unsuccessful — not found / abandoned
google_photos_community,goo-0034,"Does anyone know how to find the screenshot of the product I wanted to buy? I need it now because there's a sale now. It had the brand name on it. All I remember visually is a brass lamp with a curved neck. The photo shows a lamp. Timing wise it was a couple of months ago. I don't know what it's called. I can't recall what it said exactly. Tried ""lamp"" and got no results. I typed ""brass lamp with curved neck"" in search and got no results. I typed ""screenshot lamp"" in search and nothing came up. Text inside screenshots doesn't seem to be searchable. I scrolled for like 40 minutes. I found a similar one but not the exact photo I wanted.",Retrieval-related,Document / screenshot retrieval,Screenshot,time/date reference; document/screenshot context,exact wording/name,Contextual retrieval,Recovery-dependent,Precise identifier missing; Time approximate; People/relationship context remembered; Content remembered; exact wording uncertain,"Medium–High — multiple contextual clues, missing precise identifier",Unsuccessful — not found / abandoned
google_photos_community,goo-0037,"I search in Photos pretty much every day. I'm trying to find a photo of the rental agreement. I need it because the landlord is refusing to return the deposit. The photo shows the rental agreement. Timing wise it was when we moved into this flat, 2021 or so. For context, the landlord only gave us one copy so I photographed every page. I can't remember the date at all. I typed ""agreement 2021"" in search and nothing came up. I searched ""rent agreement document pages"" and got no results. The text in the photo doesn't seem to be searchable. Tried synonyms like ""contract"" too. I checked my Gmail in case I had sent it to someone. Finally found it after way too long. Using photos.google.com on Windows.",Retrieval-related,Document / screenshot retrieval,Document,time/date reference; document/screenshot context,date/time; exact wording/name,Contextual retrieval,Recovery-dependent,Precise identifier missing; Time approximate; People/relationship context remembered; Content remembered; exact wording uncertain,"Medium–High — multiple contextual clues, missing precise identifier",Unsuccessful — not found / abandoned
google_photos_community,goo-0038,"Does anyone know how to find the photo of the stage when they announced the results? Timing wise it was around the end of the year, 2022 or 2023. I remember I was holding a trophy. It was at my company's annual awards night. I don't remember when exactly. I don't even remember what the event was called. I searched ""awards december"" and got no results. I searched ""award"" and got no results. Searched for ""me on stage with trophy under purple lights"" and got no results. It just doesn't show up in search even though I know it's there. I jumped to roughly that year with the scrollbar and went month by month. Found one that might be it, but I'm not sure it's the same one. Device: Pixel 8, Android 15.",Retrieval-related,Event memory,Photo/image,time/date reference,date/time; exact wording/name,Contextual retrieval,Candidate-heavy,Precise identifier missing; Time approximate; People/relationship context remembered,"Medium–High — multiple contextual clues, missing precise identifier",Unsuccessful — not found / abandoned
google_photos_community,goo-0039,Uploading in original quality eats my data plan.,Not retrieval-related,Not stated,Not stated,Not stated,Not stated,Not applicable,Not applicable,Not applicable,Not applicable,Not applicable
google_photos_community,goo-0041,"My library is around 35k photos. I've been looking for the candid of my cousin laughing during the haldi for days. It was at my cousin's haldi. I remember my cousin being in it. All I remember visually is yellow everywhere and marigold flowers. I can't remember the date at all. Tried ""2023 wedding"" and got no results. I think it's in a shared album someone else made, not my library. I checked all my albums one by one. I asked my sister if she still had it. I gave up on finding it. Using photos.google.com on Windows.",Retrieval-related,Event memory,Photo/image,time/date reference; person/relationship,date/time; location,Contextual retrieval,Recovery-dependent,Precise identifier missing; Time approximate; Place/event context remembered; People/relationship context remembered,"Medium–High — multiple contextual clues, missing precise identifier",Unsuccessful — not found / abandoned
google_photos_community,goo-0043,"On photos.google.com from my PC. Looking for the picture of my college marksheet. I need it now because background verification asked for it. I remember a certificate with a blue border. It was maybe 2020 when I was job hunting. I remember it showed my semester grades. It's a picture of my marksheet. No idea what to search for really. I searched ""2020 certificate"" and there it was. Searched for ""college marksheet with blue border"" and it popped up near the top. Eventually I searched my WhatsApp chats instead. Got it eventually, after three days.",Retrieval-related,Event memory,Photo/image,time/date reference,Not stated,Contextual retrieval,Contextual / first attempt,Precise identifier missing; Time approximate; Place/event context remembered; People/relationship context remembered; Content remembered; exact wording uncertain,"Medium–High — multiple contextual clues, missing precise identifier",Unsuccessful — not found / abandoned
google_photos_community,goo-0044,"Honestly I've stopped using search and just scroll, it's more predictable.",Not retrieval-related,Not stated,Not stated,Not stated,Not stated,Not applicable,Not applicable,Not applicable,Not applicable,Not applicable
google_photos_community,goo-0045,"Honestly, Please add a dark mode for the web version. Device: iPhone 14, iOS 18.",Not retrieval-related,Not stated,Not stated,Not stated,Not stated,Not applicable,Not applicable,Not applicable,Not applicable,Not applicable
google_photos_community,goo-0047,"I'm trying to find a picture of the sofa fabric sample. It's a picture of a fabric swatch. I know it was at the furniture shop. I can picture a mustard-coloured textured fabric. Not sure which month or year, honestly. I searched ""mustard fabric sample"" and got a bunch of pictures that had nothing to do with it. I searched ""furniture shop"" and got a bunch of pictures that had nothing to do with it. It doesn't understand what I'm describing at all. I even googled how to search Google Photos better. Tried synonyms like ""cloth"" too. Still haven't found it. Device: iPhone 14, iOS 18.",Retrieval-related,General photo/media retrieval,Photo/image,Not stated,Not stated,Contextual retrieval,Contextual / first attempt,Precise identifier missing; Time approximate; Place/event context remembered; People/relationship context remembered; Content remembered; exact wording uncertain,"Medium–High — multiple contextual clues, missing precise identifier",Unsuccessful — not found / abandoned
google_photos_community,goo-0048,"I take a ridiculous number of screenshots. I've been looking for that picture from the trip where we stayed near the beach for days. I need it because I want to book the same homestay. This was during a long weekend trip. We were at a homestay near a quiet beach when I took it. Timing wise it was 2021 or 2022, not sure. The photo probably has no proper date on it. Tried ""beach 2021"" but it just showed random photos. I typed ""beach"" in search and nothing came up. Searched for ""hammock between coconut trees near beach homestay"" and got no results. I didn't know what else to try. I jumped to roughly that year with the scrollbar and went month by month. Finally found it after about an hour. Device: Pixel 8, Android 15.",Retrieval-related,Trip / experience memory,Screenshot,place/trip/experience context; time/date reference; document/screenshot context,Not stated,Contextual retrieval,Recovery-dependent,Precise identifier missing; Time approximate; Place/event context remembered; People/relationship context remembered; Content remembered; exact wording uncertain,"Medium–High — multiple contextual clues, missing precise identifier",Unsuccessful — not found / abandoned
google_photos_community,goo-0049,"I've been looking for a picture of the waterfall we hiked to for days. I need it now because my cousin asked for it for a reunion slideshow. I remember my cousins being in it. All I remember visually is mist everywhere and everyone in raincoats. This was during the Meghalaya road trip. Timing wise it was during monsoon, around 2020. I have no idea what year it was. I typed ""waterfall with people in raincoats and mist"" in search and got no results. Searched for ""waterfall"" and got no results. How do you even search for something like that? I jumped to roughly that year with the scrollbar and went month by month. Got it eventually, after way too long.",Retrieval-related,Trip / experience memory,Photo/image,place/trip/experience context; time/date reference,Not stated,Contextual retrieval,Recovery-dependent,Precise identifier missing; Time approximate; Place/event context remembered; People/relationship context remembered,"Medium–High — multiple contextual clues, missing precise identifier",Unsuccessful — not found / abandoned
google_photos_community,goo-0050,"Does anyone know how to find the video of my nephew saying his first word? I need it now because it's his first birthday party. I know it was at my sister's house. It had my nephew in it. It was when he was around one. For context, it was a video call I screen-recorded. I have no idea what year it was. Tried ""baby saying first word video"" and nothing came up. It just doesn't show up in search even though I know it's there. I jumped to roughly that year with the scrollbar and went month by month. I found a similar one but not the exact photo I wanted. Device: iPhone 14, iOS 18.",Retrieval-related,Event memory,Video,person/relationship,Not stated,Contextual retrieval,Recovery-dependent,Precise identifier missing; Time approximate; People/relationship context remembered; Content remembered; exact wording uncertain,"Medium–High — multiple contextual clues, missing precise identifier",Unsuccessful — not found / abandoned
google_photos_community,goo-0051,"I'm trying to find the photo of the shoes I tried on in the store. It was taken at a mall. It's a picture of running shoes. It was around Diwali sales. I can't recall where exactly it was. I typed ""grey running shoes with green sole"" in search and got a bunch of pictures that had nothing to do with it. I typed ""mall october"" in search and got a bunch of pictures that had nothing to do with it. Searched for ""shoes"" and got a bunch of pictures that had nothing to do with it. It seems like search ignores half of what I type and only matches one word. I scrolled for like 40 minutes. I even googled how to search Google Photos better. Never found it. Device: Pixel 8, Android 15.",Retrieval-related,General photo/media retrieval,Photo/image,Not stated,location; exact wording/name,Contextual retrieval,Recovery-dependent,Precise identifier missing,"Medium–High — multiple contextual clues, missing precise identifier",Unsuccessful — not found / abandoned
google_photos_community,goo-0052,"Found a screenshot of a recipe from Instagram by searching the person's face and then scrolling a bit. Took two minutes. The user remembers contextual details but lacks a precise identifier, so retrieval depends on connecting those clues.",Retrieval-related,Document / screenshot retrieval,Screenshot,person/relationship; document/screenshot context,Not stated,Contextual retrieval,Recovery-dependent,People/relationship context remembered; Content remembered; exact wording uncertain,"Medium–High — multiple contextual clues, missing precise identifier",Successful — high effort
google_photos_community,goo-0053,"I've been looking for the photo from my friend's wedding where we were standing outside for days. I need it because it's their anniversary next week. It was taken outside the venue near the parking area. I can picture me in a maroon sherwani and fairy lights on a gate. It's from my friend's wedding. Timing wise it was a couple of years ago, winter. I can't recall where exactly it was. I don't remember when exactly. I searched ""wedding december"" but it just showed random photos. I searched ""friends standing outside wedding venue at night"" and got no results. I ran out of ideas pretty quickly. Ended up scrolling back through years of photos. In the end I texted my friend to send it again. Got it eventually, after about an hour. Using photos.google.com on Windows.",Retrieval-related,Event memory,Photo/image,time/date reference; person/relationship,date/time; location; exact wording/name,Direct retrieval,Direct / efficient,Precise identifier missing; Time approximate; Place/event context remembered; People/relationship context remembered; Content remembered; exact wording uncertain,"Medium–High — multiple contextual clues, missing precise identifier",Unsuccessful — not found / abandoned
google_photos_community,goo-0054,"I've been looking for a sunset photo from the hotel balcony for days. It was taken at the hotel near the lake. All I remember visually is an orange sky and a red railing in the corner. It's from that Switzerland trip. Timing wise it was in summer, I'm not sure which year. Not sure which month or year, honestly. I typed ""sunset"" in search and got thousands of results to scroll through. All the results look the same as tiny thumbnails. I went through the map view hoping to spot it. I asked my sister if she still had it. Eventually I just gave up. Using photos.google.com on Windows.",Retrieval-related,Trip / experience memory,Photo/image,place/trip/experience context; person/relationship,Not stated,Contextual retrieval,Candidate-heavy,Precise identifier missing; Time approximate; Place/event context remembered; People/relationship context remembered,High — many plausible candidates / weak discrimination,Unsuccessful — not found / abandoned
google_photos_community,goo-0056,"Does anyone know how to find the photo of the rash on my arm? The photo shows a rash. All I remember visually is red patches near my elbow. I remember I took it to show the dermatologist how it looked on day one. No idea what to search for really. I can't remember the date at all. Searched for ""red rash on arm"" but it just showed random photos. I typed ""skin"" in search and got no results. I didn't know what else to try. I scrolled for like 40 minutes. Got it eventually, after half an hour of scrolling. Device: iPhone 14, iOS 18.",Retrieval-related,Event memory,Photo/image,Not stated,date/time,Contextual retrieval,Recovery-dependent,Precise identifier missing; Time approximate; People/relationship context remembered,"Medium–High — multiple contextual clues, missing precise identifier",Unsuccessful — not found / abandoned
google_photos_community,goo-0057,"On Android. I've been looking for the picture of my college marksheet for days. All I remember visually is a certificate with a blue border. It was maybe 2020 when I was job hunting. I remember it showed my semester grades. For context, I sent it to some HR at some point. I can't remember the date at all. Searched for ""2020 certificate"" and nothing came up. I know exactly what it looks like but can't put it into search words. Tried synonyms like ""certificate"" too. I checked my Gmail in case I had sent it to someone. Found one that might be it, but I'm not sure it's the same one. Using photos.google.com on Windows.",Retrieval-related,General photo/media retrieval,Photo/image,time/date reference,date/time; exact wording/name,Contextual retrieval,Candidate-heavy,Precise identifier missing; Time approximate; Place/event context remembered; People/relationship context remembered; Content remembered; exact wording uncertain,"Medium–High — multiple contextual clues, missing precise identifier",Unsuccessful — not found / abandoned
google_photos_community,goo-0058,"I've been looking for the photo of the stage when they announced the results for days. I need it now because I need it for my portfolio. It was around the end of the year, 2022 or 2023. For context, I was holding a trophy. It's from my company's annual awards night. I don't remember when exactly. I searched ""me on stage with trophy under purple lights"" and got a bunch of pictures that had nothing to do with it. Searched for ""awards december"" but it just showed random photos. Searched for ""award"" but it just showed random photos. It doesn't understand what I'm describing at all. Ended up scrolling back through years of photos. I gave up on finding it.",Retrieval-related,General photo/media retrieval,Photo/image,time/date reference,date/time; exact wording/name,Contextual retrieval,Recovery-dependent,Precise identifier missing; Time approximate; People/relationship context remembered; Content remembered; exact wording uncertain,"Medium–High — multiple contextual clues, missing precise identifier",Unsuccessful — not found / abandoned
google_photos_community,goo-0059,"Pro tip: Search for the thing plus the city, e.g. ""cake bangalore"", works better than a sentence for me. Using photos.google.com on Windows. The user remembers contextual details but lacks a precise identifier, so retrieval depends on connecting those clues.",Retrieval-related,General photo/media retrieval,Photo/image,Not stated,Not stated,Contextual retrieval,Contextual / first attempt,People/relationship context remembered; Content remembered; exact wording uncertain,"Medium–High — multiple contextual clues, missing precise identifier",Successful — low effort
google_photos_community,goo-0060,"Looking for a picture of the sofa fabric sample. For context, the shop said to send them the photo when ordering. It's a picture of a fabric swatch. It was taken at the furniture shop. I don't know what it's called. Not sure which month or year, honestly. Tried ""furniture shop"" and it popped up near the top. I tried the screenshots category filter as well. I scrolled for like 40 minutes. Finally found it after three days. Using photos.google.com on Windows.",Retrieval-related,Document / screenshot retrieval,Screenshot,document/screenshot context,Not stated,Contextual retrieval,Recovery-dependent,Precise identifier missing; Time approximate; Place/event context remembered; People/relationship context remembered; Content remembered; exact wording uncertain,"Medium–High — multiple contextual clues, missing precise identifier",Unsuccessful — not found / abandoned
google_photos_community,goo-0061,"Half my library is screenshots. I've been looking for the old scanned photo of my grandparents' wedding for days. I need it because we're printing a family tree. I remember it came through WhatsApp at some point. It was a scan my uncle sent me. All I remember visually is black and white, grandma in a big necklace. I don't remember when exactly. Tried ""old photo"" and there it was. Searched for ""scan"" and it popped up near the top. I jumped to roughly that year with the scrollbar and went month by month. Got it eventually, after way too long. Device: Pixel 8, Android 15.",Retrieval-related,Document / screenshot retrieval,Screenshot,person/relationship; document/screenshot context,date/time; exact wording/name,Contextual retrieval,Recovery-dependent,Precise identifier missing; Time approximate; Place/event context remembered; People/relationship context remembered; Content remembered; exact wording uncertain,"Medium–High — multiple contextual clues, missing precise identifier",Unsuccessful — not found / abandoned
google_photos_community,goo-0062,"Half my library is screenshots. Looking for a picture of the waterfall we hiked to. I need it because my cousin asked for it for a reunion slideshow. It had my cousins in it. I remember mist everywhere and everyone in raincoats. I don't remember the name of the place. I can't remember the date at all. Searched for ""waterfall with people in raincoats and mist"" and got thousands of results to scroll through. I typed ""waterfall"" in search and it gave me hundreds of photos. I typed ""meghalaya 2020"" in search and it gave me hundreds of photos. All the results look the same as tiny thumbnails. In the end I texted my friend to send it again. I scrolled for like 40 minutes. Still haven't found it.",Retrieval-related,Document / screenshot retrieval,Screenshot,time/date reference; person/relationship; document/screenshot context,date/time; location; exact wording/name,Contextual retrieval,Candidate-heavy,Precise identifier missing; Time approximate; People/relationship context remembered; Content remembered; exact wording uncertain,High — many plausible candidates / weak discrimination,Unsuccessful — not found / abandoned
google_photos_community,goo-0063,"I've been looking for the group photo from the night we all stayed up on the terrace for days. I can picture fairy lights and everyone squinting because of the flash. It was final year of college, so around 2016. I know it was on my friend's terrace. I never knew his name. I don't remember when exactly. Searched for ""2016 night"" and it popped up near the top. Searched for ""terrace"" and it popped up near the top. I typed ""friends on terrace at night with fairy lights"" in search and it popped up near the top. I asked my sister if she still had it. Got it eventually, after three days. Using photos.google.com on Windows.",Retrieval-related,Event memory,Photo/image,time/date reference; person/relationship,date/time; exact wording/name,Contextual retrieval,Recovery-dependent,Precise identifier missing; Time approximate; Place/event context remembered; People/relationship context remembered,"Medium–High — multiple contextual clues, missing precise identifier",Unsuccessful — not found / abandoned
google_photos_community,goo-0064,"Looking for the photo of the street where we got lost. Timing wise it was on the third or fourth day of the trip. I remember yellow tiles on the walls and a tram line. I know it was in some old town in Portugal. I remember my husband being in it. I don't remember the name of the place. I can't recall the name of the event. I typed ""street"" in search and got thousands of results to scroll through. I typed ""lisbon"" in search and got thousands of results to scroll through. I typed ""narrow street with yellow tiles and tram"" in search and got thousands of results to scroll through. All the results look the same as tiny thumbnails. I jumped to roughly that year with the scrollbar and went month by month. I went through the map view hoping to spot it. Eventually I just gave up. Device: iPhone 14, iOS 18.",Retrieval-related,Trip / experience memory,Photo/image,place/trip/experience context,date/time; location; exact wording/name,Contextual retrieval,Candidate-heavy,Precise identifier missing; Time approximate; Place/event context remembered; People/relationship context remembered,High — many plausible candidates / weak discrimination,Unsuccessful — not found / abandoned
google_photos_community,goo-0065,"I've been looking for the group photo from the night we all stayed up on the terrace for days. I need it now because one of them is getting married and we're making a video. It had the whole hostel gang in it. It was final year of college, so around 2016. I remember it was the night before someone moved abroad. I know it was on my friend's terrace. I never knew his name. I can't remember the date at all. I typed ""friends on terrace at night with fairy lights"" in search and got no results. Tried ""2016 night"" and got no results. It just doesn't show up in search even though I know it's there. In the end I texted my friend to send it again. I jumped to roughly that year with the scrollbar and went month by month. Found one that might be it, but I'm not sure it's the same one. Using photos.google.com on Windows.",Retrieval-related,Person-related memory,Video,time/date reference; person/relationship,date/time; exact wording/name,Contextual retrieval,Candidate-heavy,Precise identifier missing; Time approximate; Place/event context remembered; People/relationship context remembered; Content remembered; exact wording uncertain,"Medium–High — multiple contextual clues, missing precise identifier",Unsuccessful — not found / abandoned
google_photos_community,goo-0066,"On iOS. I'm trying to find a picture of the site inspection issue. All I remember visually is a rusty pipe with a yellow tag. I remember I took it for the report and never sent it. It's a picture of a cracked pipe fitting. We were at the client's warehouse when I took it. Not sure which month or year, honestly. I don't know what it's called. I searched ""rusty pipe with yellow tag at warehouse"" and got no results. I just didn't know how to describe it in a way search would get. I went through the map view hoping to spot it. I went through the face group for that person too. Got it eventually, after about an hour.",Retrieval-related,Event memory,Photo/image,person/relationship,Not stated,Contextual retrieval,Recovery-dependent,Precise identifier missing; Time approximate; People/relationship context remembered,"Medium–High — multiple contextual clues, missing precise identifier",Unsuccessful — not found / abandoned
google_photos_community,goo-0067,What worked for me: Check whether the photo was ever backed up. If it was from an old phone it might never have been uploaded.,Not retrieval-related,Not stated,Photo/image,Not stated,Not stated,Not applicable,Not applicable,Not applicable,Not applicable,Not applicable
google_photos_community,goo-0068,"On my iPhone. I'm trying to find a photo of the biryani my grandmother made. I need it because she passed away and I really want that picture. It had my grandmother in it. Honestly it means a lot to me. Timing wise it was a few Eids ago. I don't remember when exactly. Searched for ""grandma serving biryani from a copper pot"" and got no results. I just didn't know how to describe it in a way search would get. I went through the map view hoping to spot it. I kept retyping different searches. Still haven't found it. Device: iPhone 14, iOS 18.",Retrieval-related,Person-related memory,Photo/image,person/relationship,date/time; exact wording/name,Contextual retrieval,Recovery-dependent,Precise identifier missing; People/relationship context remembered,"Medium–High — multiple contextual clues, missing precise identifier",Unsuccessful — not found / abandoned
google_photos_community,goo-0069,"My wife and I share a partner library. Does anyone know how to find that photo where I was wearing the blue shirt? I need it now because I need a profile photo for a new job. I remember it was the best picture of me in years. I can picture me in a light blue linen shirt against a white wall. I know it was at a friend's place, I think. Timing wise it was maybe two summers ago. I don't remember when exactly. No clue what the place was called. Tried ""blue shirt"" but it just showed random photos. I searched ""me wearing blue shirt white wall"" and got a bunch of pictures that had nothing to do with it. Tried ""summer"" but it just showed random photos. It seems like search ignores half of what I type and only matches one word. I jumped to roughly that year with the scrollbar and went month by month. I went through the map view hoping to spot it. Finally found it after two evenings.",Retrieval-related,Person-related memory,Photo/image,person/relationship,date/time; location; exact wording/name,Contextual retrieval,Recovery-dependent,Precise identifier missing; Time approximate; People/relationship context remembered,"Medium–High — multiple contextual clues, missing precise identifier",Successful — high effort
google_photos_community,goo-0070,"A lot of my photos come from shared albums. I've been looking for a shot of the fireworks at the new year party for days. I remember a bunch of friends being in it. I can picture green fireworks over a swimming pool. It's from the new year party at the club. Not sure which month or year, honestly. Searched for ""fireworks"" and got a bunch of pictures that had nothing to do with it. Searched for ""green fireworks over pool"" but it just showed random photos. Searched for ""31 december"" but it just showed random photos. It seems like search ignores half of what I type and only matches one word. Ended up scrolling back through years of photos. Eventually I just gave up. Using photos.google.com on Windows.",Retrieval-related,Event memory,Photo/image,person/relationship,Not stated,Contextual retrieval,Recovery-dependent,Precise identifier missing; Time approximate; People/relationship context remembered,"Medium–High — multiple contextual clues, missing precise identifier",Unsuccessful — not found / abandoned
google_photos_community,goo-0074,"I've been looking for the video of my dog meeting the new puppy for days. I need it because our old dog passed away last week. It had our old dog in it. It was taken in our backyard. Timing wise it was right after we adopted the puppy, 2020. I can't remember the date at all. Tried ""2020 video"" and it gave me hundreds of photos. I searched ""video of old dog meeting new puppy"" and it gave me hundreds of photos. I have hundreds of similar shots and can't tell which one it was. Ended up scrolling back through years of photos. Still haven't found it. Device: Pixel 8, Android 15.",Retrieval-related,General photo/media retrieval,Video,time/date reference,date/time,Contextual retrieval,Candidate-heavy,Precise identifier missing; Time approximate; People/relationship context remembered,High — many plausible candidates / weak discrimination,Unsuccessful — not found / abandoned
google_photos_community,goo-0075,"Why did they move the sharing button? The new layout is confusing. Device: Pixel 8, Android 15.",Not retrieval-related,Not stated,Not stated,Not stated,Not stated,Not applicable,Not applicable,Not applicable,Not applicable,Not applicable
google_photos_community,goo-0076,"Does anyone know how to find the photo of the temple on the hill? I need it because my parents want to visit again. We were on a hill somewhere on the way to Mysore when I took it. All I remember visually is white steps going up and monkeys on the wall. It was a long time ago, maybe 2015. This was during a drive with my parents. No clue what the place was called. I can't recall the name of the event. I typed ""mysore 2015"" in search and it gave me hundreds of photos. I searched ""white temple on hill with steps"" and got thousands of results to scroll through. I have hundreds of similar shots and can't tell which one it was. I jumped to roughly that year with the scrollbar and went month by month. In the end I texted my friend to send it again. Never found it. Device: iPhone 14, iOS 18.",Retrieval-related,Event memory,Photo/image,time/date reference; person/relationship,date/time; location; exact wording/name,Contextual retrieval,Candidate-heavy,Precise identifier missing; Time approximate; People/relationship context remembered; Content remembered; exact wording uncertain,High — many plausible candidates / weak discrimination,Unsuccessful — not found / abandoned
google_photos_community,goo-0077,"I've been looking for the photo I took of my passport page for days. I need it because I need the number urgently for a booking. It's a picture of my passport. Timing wise it was two or three years ago. It had the passport number and expiry date on it. Not sure which month or year, honestly. I don't remember the exact words on it. Tried ""passport"" and got a bunch of pictures that had nothing to do with it. After that I had no idea what else to try. I scrolled for like 40 minutes. Eventually I searched my WhatsApp chats instead. Got it eventually, after two evenings. Device: Pixel 8, Android 15.",Retrieval-related,Event memory,Photo/image,time/date reference,date/time; exact wording/name,Contextual retrieval,Recovery-dependent,Precise identifier missing; Time approximate; People/relationship context remembered; Content remembered; exact wording uncertain,"Medium–High — multiple contextual clues, missing precise identifier",Unsuccessful — not found / abandoned
google_photos_community,goo-0078,"I've been looking for the photo of us dancing at the sangeet for days. I need it now because I wanted it for our first anniversary post. I can picture a disco ball and me in a pink lehenga. It was the night before our wedding. It had my husband and his cousins in it. It's from the sangeet night. I don't remember which album it went into. Tried ""dance"" and got thousands of results to scroll through. I typed ""couple dancing under disco ball pink lehenga"" in search and got thousands of results to scroll through. I typed ""sangeet"" in search and got thousands of results to scroll through. All the results look the same as tiny thumbnails. In the end I texted my friend to send it again. I scrolled for like 40 minutes. I gave up on finding it.",Retrieval-related,Event memory,Photo/image,person/relationship,exact wording/name,Contextual retrieval,Candidate-heavy,Precise identifier missing; Place/event context remembered; People/relationship context remembered; Content remembered; exact wording uncertain,High — many plausible candidates / weak discrimination,Unsuccessful — not found / abandoned
google_photos_community,goo-0081,"Looking for the photo of the view from the train window. I need it because I was telling someone about the trip and wanted to show them. This was during the Europe backpacking trip. I remember green hills and a reflection of my face in the glass. It had nobody, it was just me in it. Timing wise it was in 2018 or 2019, can't pin it down. I can't remember the date at all. Tried ""view from train window with green hills"" and it popped up near the top. I typed ""train 2018"" in search and it popped up near the top. Ended up scrolling back through years of photos. Got it eventually, after half an hour of scrolling.",Retrieval-related,Trip / experience memory,Photo/image,place/trip/experience context; time/date reference; person/relationship,date/time,Contextual retrieval,Recovery-dependent,Precise identifier missing; Time approximate; Place/event context remembered; People/relationship context remembered,"Medium–High — multiple contextual clues, missing precise identifier",Unsuccessful — not found / abandoned
google_photos_community,goo-0082,"A lot of my photos come from shared albums. Looking for a short video of the band at the pub. I need it now because I want to find the band name. It was while singing a cover of some old song. We were at a pub in the old part of town when I took it. Timing wise it was one weekend, maybe 2022. I don't even remember what the event was called. Searched for ""band"" and got no results. I typed ""video of band with violin red lights pub"" in search and nothing came up. Screen recordings don't seem to be indexed at all. I even googled how to search Google Photos better. Still haven't found it.",Retrieval-related,Event memory,Video,time/date reference,Not stated,Contextual retrieval,Recovery-dependent,Time approximate; People/relationship context remembered,"Medium–High — multiple contextual clues, missing precise identifier",Unsuccessful — not found / abandoned
google_photos_community,goo-0083,"Looking for the picture of the pharmacy receipt. I need it now because the insurance claim deadline is this week. It was around when I was sick last year. For context, I needed it for insurance reimbursement. It had the medicine names and total on it. I can picture thermal paper that was already fading. I don't remember the exact words on it. I have no idea what year it was. I typed ""receipt"" in search and it popped up near the top. Searched for ""pharmacy medicine bill"" and it popped up near the top. Tried ""pharmacy"" and it popped up near the top. I scrolled for like 40 minutes. Eventually I searched my WhatsApp chats instead. Got it eventually, after about an hour.",Retrieval-related,Document / screenshot retrieval,Document,time/date reference; document/screenshot context,date/time; exact wording/name,Contextual retrieval,Recovery-dependent,Precise identifier missing; Time approximate; People/relationship context remembered; Content remembered; exact wording uncertain,"Medium–High — multiple contextual clues, missing precise identifier",Successful — high effort
google_photos_community,goo-0084,"Looking for the old scanned photo of my grandparents' wedding. I need it because we're printing a family tree. It's a scan my uncle sent me. I remember it came through WhatsApp at some point. It was I scanned or received it maybe 5 years ago. I remember my grandparents being in it. The location data was probably off. I typed ""black and white wedding photo grandparents"" in search and got no results. Searched for ""old photo"" and nothing came up. After that I had no idea what else to try. I jumped to roughly that year with the scrollbar and went month by month. I went through the face group for that person too. I found a similar one but not the exact photo I wanted. Device: Pixel 8, Android 15.",Retrieval-related,Document / screenshot retrieval,Document,time/date reference; person/relationship; document/screenshot context,Not stated,Contextual retrieval,Recovery-dependent,Precise identifier missing; Time approximate; Place/event context remembered; People/relationship context remembered,"Medium–High — multiple contextual clues, missing precise identifier",Unsuccessful — not found / abandoned
google_photos_community,goo-0085,"I take a ridiculous number of screenshots. Looking for the picture of the houseboat we stayed on. I need it because I wanted to print it for my parents' anniversary. It was taken somewhere in the Kerala backwaters. This was during our family trip to Kerala. It was a few years ago, before covid I think. No clue what the place was called. I don't remember when exactly. I searched ""houseboat"" and it popped up near the top. I typed ""dad standing on a boat with a wooden roof"" in search and it popped up near the top. In the end I texted my friend to send it again. Finally found it after about an hour. Device: Pixel 8, Android 15.",Retrieval-related,Trip / experience memory,Screenshot,place/trip/experience context; time/date reference; person/relationship; document/screenshot context,date/time; location; exact wording/name,Contextual retrieval,Contextual / first attempt,Precise identifier missing; Time approximate; Place/event context remembered; People/relationship context remembered; Content remembered; exact wording uncertain,"Medium–High — multiple contextual clues, missing precise identifier",Successful — low effort
google_photos_community,goo-0089,"I've used Google Photos since it launched. Looking for the photo of my son's vaccination card. I need it because school admission needs it. I can picture a pink card with stamps. It had the dates of the last booster on it. It's a picture of the vaccination card. Timing wise it was when he was a baby. I don't remember the exact words on it. Tried ""vaccine"" and got a bunch of pictures that had nothing to do with it. Tried ""vaccination"" and got no results. How do you even search for something like that? I checked my Gmail in case I had sent it to someone. I scrolled for like 40 minutes. Still haven't found it. Device: Pixel 8, Android 15.",Retrieval-related,General photo/media retrieval,Photo/image,Not stated,date/time; exact wording/name,Contextual retrieval,Recovery-dependent,Precise identifier missing; Time approximate; People/relationship context remembered,"Medium–High — multiple contextual clues, missing precise identifier",Unsuccessful — not found / abandoned
google_photos_community,goo-0090,"I'm trying to find a picture of the waterfall we hiked to. It was during monsoon, around 2020. All I remember visually is mist everywhere and everyone in raincoats. I have no idea what year it was. I don't remember the name of the place. I searched ""waterfall"" and it gave me hundreds of photos. All the results look the same as tiny thumbnails. I scrolled for like 40 minutes. Eventually I just gave up. Device: Pixel 8, Android 15.",Retrieval-related,Event memory,Photo/image,time/date reference,date/time; location; exact wording/name,Contextual retrieval,Candidate-heavy,Precise identifier missing; Time approximate; People/relationship context remembered,High — many plausible candidates / weak discrimination,Unsuccessful — not found / abandoned
google_photos_community,goo-0091,"Does anyone know how to find the photo of the electrician's handwritten estimate? I need it because he's charging way more now. It had the amount for rewiring on it. It's a picture of a handwritten estimate. I don't remember the exact words on it. I can't remember the date at all. Searched for ""estimate"" and got a bunch of pictures that had nothing to do with it. Tried ""handwritten estimate on notebook paper"" and got no results. I didn't know what else to try. I checked my Gmail in case I had sent it to someone. Still haven't found it. Device: iPhone 14, iOS 18.",Retrieval-related,General photo/media retrieval,Photo/image,Not stated,date/time; exact wording/name,Contextual retrieval,Recovery-dependent,Precise identifier missing; Time approximate; People/relationship context remembered,"Medium–High — multiple contextual clues, missing precise identifier",Unsuccessful — not found / abandoned
google_photos_community,goo-0092,"Does anyone know how to find a screenshot of a recipe from Instagram? I need it because guests are coming this weekend. I remember I screenshotted it from a reel. All I remember visually is a dark background with white text. Timing wise it was sometime this year. I don't remember the exact words on it. No idea what to search for really. I searched ""instagram screenshot"" and it popped up near the top. Tried ""recipe"" and there it was. I tried the screenshots category filter as well. Ended up scrolling back through years of photos. Finally found it after three days. Device: iPhone 14, iOS 18.",Retrieval-related,Document / screenshot retrieval,Screenshot,time/date reference; document/screenshot context,date/time; exact wording/name,Contextual retrieval,Recovery-dependent,Precise identifier missing; Time approximate; People/relationship context remembered; Content remembered; exact wording uncertain,"Medium–High — multiple contextual clues, missing precise identifier",Unsuccessful — not found / abandoned
google_photos_community,goo-0093,"I'm trying to find the picture of the dent on my car. I need it now because the insurance surveyor wants the original photo. I can picture a scratch on the silver door near the handle. For context, a scooter hit my car in the parking lot. It's a picture of a dent on the car door. Timing wise it was maybe 6 months ago. Not sure which month or year, honestly. I searched ""dent on silver car door"" but it just showed random photos. I typed ""car"" in search but it just showed random photos. Tried ""car dent"" and got a bunch of pictures that had nothing to do with it. I know exactly what it looks like but can't put it into search words. Gave up for the day and tried again the next week. Still haven't found it.",Retrieval-related,General photo/media retrieval,Photo/image,time/date reference,Not stated,Contextual retrieval,Recovery-dependent,Precise identifier missing; Time approximate; People/relationship context remembered; Content remembered; exact wording uncertain,"Medium–High — multiple contextual clues, missing precise identifier",Unsuccessful — not found / abandoned
google_photos_community,goo-0094,"On Android. Looking for the photo of the stage when they announced the results. I remember my team being in it. I remember purple lights and a big screen with my name. It's from my company's annual awards night. I don't even remember what the event was called. Searched for ""me on stage with trophy under purple lights"" and got a bunch of pictures that had nothing to do with it. I searched ""awards december"" but it just showed random photos. I searched ""award"" but it just showed random photos. It seems like search ignores half of what I type and only matches one word. I went through the face group for that person too. I found a similar one but not the exact photo I wanted. Device: iPhone 14, iOS 18.",Retrieval-related,Event memory,Photo/image,person/relationship,Not stated,Contextual retrieval,Contextual / first attempt,People/relationship context remembered,Low–Medium — relatively strong clue set,Successful — low effort
google_photos_community,goo-0095,"I'm trying to find the photo of the electrician's handwritten estimate. I need it now because he's charging way more now. It was a few months ago. I remember he wrote it on a notebook page. It's a picture of a handwritten estimate. I don't remember the exact words on it. I searched ""handwritten estimate on notebook paper"" and nothing came up. The text on the bill isn't searchable as far as I can tell. Eventually I searched my WhatsApp chats instead. Never found it. Device: Pixel 8, Android 15.",Retrieval-related,Document / screenshot retrieval,Document,time/date reference; document/screenshot context,exact wording/name,Contextual retrieval,Recovery-dependent,Precise identifier missing; Time approximate; People/relationship context remembered; Content remembered; exact wording uncertain,"Medium–High — multiple contextual clues, missing precise identifier",Unsuccessful — not found / abandoned
google_photos_community,goo-0096,"Pro tip: Search by year first, like ""2019"", then scroll within that. Much faster than scrolling from today. Device: iPhone 14, iOS 18.",Not retrieval-related,Not stated,Not stated,time/date reference,Not stated,Not applicable,Not applicable,Not applicable,Not applicable,Not applicable
google_photos_community,goo-0097,"I've been looking for the picture of my college marksheet for days. I need it now because background verification asked for it. For context, I sent it to some HR at some point. All I remember visually is a certificate with a blue border. It was maybe 2020 when I was job hunting. I don't know what word the app would use for it. I have no idea what year it was. I searched ""2020 certificate"" and got no results. Searched for ""college marksheet with blue border"" but it just showed random photos. I ran out of ideas pretty quickly. Eventually I searched my WhatsApp chats instead. Tried synonyms like ""certificate"" too. Still haven't found it.",Retrieval-related,Event memory,Photo/image,time/date reference,Not stated,Direct retrieval,Direct / efficient,Precise identifier missing; Time approximate; Place/event context remembered; People/relationship context remembered; Content remembered; exact wording uncertain,"Medium–High — multiple contextual clues, missing precise identifier",Unsuccessful — not found / abandoned
google_photos_community,goo-0098,"On my iPhone. Does anyone know how to find the photo from the Ganpati procession? I need it because our society newsletter wanted old pictures. I know it was on the road near our society. It's from the Ganpati visarjan. It was not sure which year. I have no idea what year it was. Searched for ""september"" and nothing came up. After that I had no idea what else to try. I went through the face group for that person too. I jumped to roughly that year with the scrollbar and went month by month. Got it eventually, after two evenings. Device: iPhone 14, iOS 18.",Retrieval-related,Event memory,Photo/image,person/relationship,Not stated,Contextual retrieval,Recovery-dependent,Precise identifier missing; Time approximate; People/relationship context remembered,"Medium–High — multiple contextual clues, missing precise identifier",Unsuccessful — not found / abandoned
google_photos_community,goo-0099,"From experience, Ask whoever was there, someone in the group chat usually still has it.",Not retrieval-related,Not stated,Not stated,Not stated,Not stated,Not applicable,Not applicable,Not applicable,Not applicable,Not applicable
google_photos_community,goo-0101,"I've been looking for the photo of the street where we got lost for days. We were in some old town in Portugal when I took it. I can picture yellow tiles on the walls and a tram line. It had my husband in it. I don't even remember what the event was called. No clue what the place was called. I searched ""lisbon"" and got thousands of results to scroll through. Searched for ""street"" and got thousands of results to scroll through. Searched for ""narrow street with yellow tiles and tram"" and it gave me hundreds of photos. All the results look the same as tiny thumbnails. I jumped to roughly that year with the scrollbar and went month by month. Found one that might be it, but I'm not sure it's the same one. Using photos.google.com on Windows.",Retrieval-related,Event memory,Photo/image,Not stated,Not stated,Contextual retrieval,Candidate-heavy,Precise identifier missing; Time approximate; Place/event context remembered; People/relationship context remembered,High — many plausible candidates / weak discrimination,Unsuccessful — not found / abandoned
google_photos_community,goo-0104,"What worked for me: If it was a screenshot, open the Screenshots category first and then scroll by month. Device: Pixel 8, Android 15. The user remembers contextual details but lacks a precise identifier, so retrieval depends on connecting those clues.",Retrieval-related,Document / screenshot retrieval,Screenshot,document/screenshot context,Not stated,Contextual retrieval,Recovery-dependent,Time approximate; People/relationship context remembered; Content remembered; exact wording uncertain,"Medium–High — multiple contextual clues, missing precise identifier",Successful — high effort
google_photos_community,goo-0105,"I search in Photos pretty much every day. Does anyone know how to find the old scanned photo of my grandparents' wedding? I need it because we're printing a family tree. I remember black and white, grandma in a big necklace. For context, it came through WhatsApp at some point. I have no idea what year it was. Searched for ""black and white wedding photo grandparents"" and got no results. I searched ""old photo"" and got no results. The photo is definitely in my library but search never shows it. I went through the face group for that person too. Never found it. Device: Pixel 8, Android 15.",Retrieval-related,Document / screenshot retrieval,Document,person/relationship; document/screenshot context,Not stated,Contextual retrieval,Recovery-dependent,Precise identifier missing; Time approximate; Place/event context remembered; People/relationship context remembered; Content remembered; exact wording uncertain,"Medium–High — multiple contextual clues, missing precise identifier",Unsuccessful — not found / abandoned
google_photos_community,goo-0106,"I've used Google Photos since it launched. Looking for the picture of my college marksheet. I need it now because background verification asked for it. I remember it showed my semester grades. It was maybe 2020 when I was job hunting. It's a picture of my marksheet. Not sure which month or year, honestly. I don't know what word the app would use for it. Tried ""marksheet"" but it just showed random photos. How do you even search for something like that? I checked my Gmail in case I had sent it to someone. I scrolled for like 40 minutes. Eventually I just gave up. Device: Pixel 8, Android 15.",Retrieval-related,Event memory,Photo/image,time/date reference,Not stated,Contextual retrieval,Recovery-dependent,Precise identifier missing; Time approximate; Place/event context remembered; People/relationship context remembered,"Medium–High — multiple contextual clues, missing precise identifier",Unsuccessful — not found / abandoned
google_photos_community,goo-0108,"I've been looking for the photo of the rash on my arm for days. I can picture red patches near my elbow. It's a picture of a rash. For context, I took it to show the dermatologist how it looked on day one. Timing wise it was about eight months ago. No idea what to search for really. I don't remember when exactly. I typed ""red rash on arm"" in search and nothing came up. The photo is definitely in my library but search never shows it. Tried synonyms like ""allergy"" too. I scrolled for like 40 minutes. I gave up on finding it. Using photos.google.com on Windows.",Retrieval-related,General photo/media retrieval,Photo/image,time/date reference,date/time; exact wording/name,Contextual retrieval,Recovery-dependent,Precise identifier missing; Time approximate; People/relationship context remembered; Content remembered; exact wording uncertain,"Medium–High — multiple contextual clues, missing precise identifier",Unsuccessful — not found / abandoned
google_photos_community,goo-0109,"My wife and I share a partner library. I've been looking for the photo of the warranty card for the washing machine for days. Timing wise it was when we bought it, 2 years ago maybe. It's a picture of the warranty card. All I remember visually is a small card taped to the invoice. I don't remember the exact words on it. I searched ""washing machine warranty card"" and got no results. I typed ""warranty 2024"" in search and got no results. I searched ""warranty"" and nothing came up. The text on the bill isn't searchable as far as I can tell. I checked my Gmail in case I had sent it to someone. Never found it. Using photos.google.com on Windows.",Retrieval-related,Document / screenshot retrieval,Document,time/date reference; document/screenshot context,date/time; exact wording/name,Contextual retrieval,Recovery-dependent,Precise identifier missing; Time approximate; People/relationship context remembered; Content remembered; exact wording uncertain,"Medium–High — multiple contextual clues, missing precise identifier",Unsuccessful — not found / abandoned
google_photos_community,goo-0111,Check whether the photo was ever backed up. If it was from an old phone it might never have been uploaded. Using photos.google.com on Windows.,Not retrieval-related,Not stated,Photo/image,Not stated,Not stated,Not applicable,Not applicable,Not applicable,Not applicable,Not applicable
google_photos_community,goo-0112,"Looking for the photo of the team at the offsite. I need it because a colleague is leaving and we're making a card. I know it was at a resort outside the city. All I remember visually is everyone in matching t-shirts by a pool. It was before I switched jobs, 2021 maybe. I remember my old team being in it. I don't remember the name of the place. I searched ""team"" but it just showed random photos. I didn't know what else to try. Ended up scrolling back through years of photos. Tried synonyms like ""office trip"" too. I found a similar one but not the exact photo I wanted. Device: iPhone 14, iOS 18.",Retrieval-related,Trip / experience memory,Photo/image,place/trip/experience context; time/date reference,date/time; location; exact wording/name,Contextual retrieval,Recovery-dependent,Precise identifier missing; Time approximate; Place/event context remembered; People/relationship context remembered,"Medium–High — multiple contextual clues, missing precise identifier",Successful — high effort
google_photos_community,goo-0113,"Looking for the photo of the menu at the street food stall. I need it because I want to recommend it to someone visiting. It was while eating chaat after the market. I can picture a handwritten board in Hindi. It was a winter evening, not sure which year. I don't remember the exact words on it. Not sure which month or year, honestly. Tried ""menu"" but it just showed random photos. It doesn't understand what I'm describing at all. I jumped to roughly that year with the scrollbar and went month by month. Ended up scrolling back through years of photos. Still haven't found it.",Retrieval-related,General photo/media retrieval,Photo/image,Not stated,date/time; exact wording/name,Contextual retrieval,Recovery-dependent,Precise identifier missing; Time approximate; Place/event context remembered; People/relationship context remembered,"Medium–High — multiple contextual clues, missing precise identifier",Unsuccessful — not found / abandoned
google_photos_community,goo-0114,"On the web version on my laptop. I've been looking for a shot of the fireworks at the new year party for days. I need it because I wanted to post a throwback. I remember a bunch of friends being in it. Timing wise it was one of the new years, 2019 or 2020. It's from the new year party at the club. I remember it was just before midnight. Not sure which month or year, honestly. Searched for ""green fireworks over pool"" and got thousands of results to scroll through. Searched for ""31 december"" and got thousands of results to scroll through. There are so many almost identical shots from that day that I can't tell which one it is. Ended up scrolling back through years of photos. I found a similar one but not the exact photo I wanted. Device: Pixel 8, Android 15.",Retrieval-related,Event memory,Photo/image,time/date reference; person/relationship,Not stated,Contextual retrieval,Candidate-heavy,Precise identifier missing; Time approximate; People/relationship context remembered,High — many plausible candidates / weak discrimination,Unsuccessful — not found / abandoned
google_photos_community,goo-0115,"I don't remember dates, nobody does. Searching by date is useless for old memories. Device: Pixel 8, Android 15.",Not retrieval-related,Not stated,Not stated,Not stated,date/time,Not applicable,Not applicable,Not applicable,Not applicable,Not applicable
google_photos_community,goo-0117,"A lot of my photos come from shared albums. I'm trying to find the photo with the bride and my grandmother. I need it because grandma wants a print. Timing wise it was reception night. I remember my grandmother and my sister-in-law being in it. All I remember visually is grandma in a green saree sitting on the stage. It's one that the photographer's assistant sent us. I don't remember which album it went into. Not sure which month or year, honestly. I typed ""grandmother"" in search and got no results. I searched ""old lady in green saree with bride on stage"" and nothing came up. Searched for ""reception"" and got no results. It just doesn't show up in search even though I know it's there. I asked my sister if she still had it. I found a similar one but not the exact photo I wanted. Device: iPhone 14, iOS 18.",Retrieval-related,Person-related memory,Photo/image,person/relationship,date/time,Contextual retrieval,Recovery-dependent,Precise identifier missing; Time approximate; People/relationship context remembered,"Medium–High — multiple contextual clues, missing precise identifier",Unsuccessful — not found / abandoned
google_photos_community,goo-0119,"I'm trying to find a screenshot of a recipe from Instagram. I need it now because guests are coming this weekend. For context, I screenshotted it from a reel. I remember it showed something with paneer and cashew paste. I don't remember the exact words on it. No idea what to search for really. Searched for ""instagram screenshot"" and got no results. Text inside screenshots doesn't seem to be searchable. I scrolled for like 40 minutes. Got it eventually, after half an hour of scrolling. Device: Pixel 8, Android 15.",Retrieval-related,Document / screenshot retrieval,Screenshot,document/screenshot context,exact wording/name,Contextual retrieval,Recovery-dependent,Precise identifier missing; People/relationship context remembered; Content remembered; exact wording uncertain,"Medium–High — multiple contextual clues, missing precise identifier",Unsuccessful — not found / abandoned
google_photos_community,goo-0120,"I've been looking for the photo with the bride and my grandmother for days. It's from my brother's wedding. It had my grandmother and my sister-in-law in it. All I remember visually is grandma in a green saree sitting on the stage. Not sure which month or year, honestly. I'm not sure if I ever put it in an album. Tried ""old lady in green saree with bride on stage"" and it popped up near the top. I searched ""grandmother"" and it popped up near the top. Ended up scrolling back through years of photos. Got it eventually, after half an hour of scrolling. Device: iPhone 14, iOS 18.",Retrieval-related,Event memory,Photo/image,person/relationship,Not stated,Contextual retrieval,Recovery-dependent,Precise identifier missing; Time approximate; Place/event context remembered; People/relationship context remembered,"Medium–High — multiple contextual clues, missing precise identifier",Unsuccessful — not found / abandoned
social_media,soc-0001,It would help if the app told me why a photo showed up in results.,Not retrieval-related,Not stated,Photo/image,Not stated,Not stated,Not applicable,Not applicable,Not applicable,Not applicable,Not applicable
social_media,soc-0002,"I'm trying to find a short video of the band at the pub. I know it was at a pub in the old part of town. I don't know what it's called. Searched for ""video of band with violin red lights pub"" and nothing came up. Screen recordings don't seem to be indexed at all. I jumped to roughly that year with the scrollbar and went month by month. Found one that might be it, but I'm not sure it's the same one. #GooglePhotos",Retrieval-related,General photo/media retrieval,Video,Not stated,Not stated,Contextual retrieval,Candidate-heavy,Precise identifier missing; Time approximate,"Medium–High — multiple contextual clues, missing precise identifier",Unsuccessful — not found / abandoned
social_media,soc-0003,"Found the screenshot of the product I wanted to buy by searching the person's face and then scrolling a bit. Took two minutes. The user remembers contextual details but lacks a precise identifier, so retrieval depends on connecting those clues.",Retrieval-related,Document / screenshot retrieval,Screenshot,person/relationship; document/screenshot context,Not stated,Contextual retrieval,Recovery-dependent,People/relationship context remembered; Content remembered; exact wording uncertain,"Medium–High — multiple contextual clues, missing precise identifier",Successful — high effort
social_media,soc-0004,"Search should work the way I remember things, like 'parking pillar sign', not just single words. #help",Not retrieval-related,Not stated,Not stated,Not stated,Not stated,Not applicable,Not applicable,Not applicable,Not applicable,Not applicable
social_media,soc-0005,Please add a dark mode for the web version. Too many notifications about 'memories' I didn't ask for. #help,Not retrieval-related,Not stated,Not stated,Not stated,Not stated,Not applicable,Not applicable,Not applicable,Not applicable,Not applicable
social_media,soc-0006,"Honestly I've stopped using search and just scroll, it's more predictable.",Not retrieval-related,Not stated,Not stated,Not stated,Not stated,Not applicable,Not applicable,Not applicable,Not applicable,Not applicable
social_media,soc-0007,"Does anyone know how to find the picture of the medicine I took when I was sick last year? I can picture a silver strip with orange tablets. No idea what the thing is actually called. I searched ""fever medicine"" and got a bunch of pictures that had nothing to do with it. How do you even search for something like that? Ended up scrolling back through years of photos. I gave up on finding it. #help",Retrieval-related,Trip / experience memory,Photo/image,place/trip/experience context; time/date reference,Not stated,Contextual retrieval,Recovery-dependent,Precise identifier missing; Time approximate; Place/event context remembered,"Medium–High — multiple contextual clues, missing precise identifier",Unsuccessful — not found / abandoned
social_media,soc-0008,"Does anyone know how to find the screenshot of the train booking confirmation? I need it because the TTE asked for the PNR. I remember it showed the PNR number. I can't recall what it said exactly. Tried ""train ticket booking confirmation screenshot"" and nothing came up. Text inside screenshots doesn't seem to be searchable. Never found it. @googlephotos",Retrieval-related,Document / screenshot retrieval,Screenshot,document/screenshot context,exact wording/name,Contextual retrieval,Recovery-dependent,Precise identifier missing; People/relationship context remembered; Content remembered; exact wording uncertain,"Medium–High — multiple contextual clues, missing precise identifier",Unsuccessful — not found / abandoned
social_media,soc-0009,"looking for the photo of the menu at the street food stall. i need it because i want to recommend it to someone visiting. timing wise it was a winter evening, not sure which year. i don't remember the exact words on it. i searched ""menu"" and it gave me hundreds of photos. there are so many almost identical shots from that day that i can't tell which one it is. still haven't found it. #help",Retrieval-related,General photo/media retrieval,Photo/image,Not stated,date/time; exact wording/name,Contextual retrieval,Candidate-heavy,Precise identifier missing; Time approximate; Place/event context remembered; People/relationship context remembered,High — many plausible candidates / weak discrimination,Unsuccessful — not found / abandoned
social_media,soc-0010,Minor gripe: The locked folder is a nice privacy feature. App keeps crashing when I open a large video. #help,Not retrieval-related,Not stated,Video,Not stated,Not stated,Not applicable,Not applicable,Not applicable,Not applicable,Not applicable
social_media,soc-0011,"I'm trying to find the family photo from Diwali where everyone is wearing white. I remember the whole extended family being in it. I can't remember the date at all. I searched ""diwali"" and got no results. The photo is definitely in my library but search never shows it. Finally found it after two evenings. @googlephotos",Retrieval-related,Person-related memory,Photo/image,person/relationship,date/time; location,Contextual retrieval,Recovery-dependent,Precise identifier missing; Time approximate; People/relationship context remembered,"Medium–High — multiple contextual clues, missing precise identifier",Unsuccessful — not found / abandoned
social_media,soc-0012,"Honestly I've stopped using search and just scroll, it's more predictable.",Not retrieval-related,Not stated,Not stated,Not stated,Not stated,Not applicable,Not applicable,Not applicable,Not applicable,Not applicable
social_media,soc-0013,"Does anyone know how to find that photo where I was wearing the blue shirt? Timing wise it was maybe two summers ago. I can't recall where exactly it was. Searched for ""me wearing blue shirt white wall"" and nothing came up. I didn't know what else to try. I jumped to roughly that year with the scrollbar and went month by month. Got it eventually, after way too long.",Retrieval-related,Event memory,Photo/image,Not stated,date/time; location; exact wording/name,Contextual retrieval,Recovery-dependent,Precise identifier missing; Time approximate,"Medium–High — multiple contextual clues, missing precise identifier",Unsuccessful — not found / abandoned
social_media,soc-0014,"Something that helps: Tip: if location history was on, try the map view and zoom into the area instead of searching the name. @googlephotos. The user remembers contextual details but lacks a precise identifier, so retrieval depends on connecting those clues.",Retrieval-related,General photo/media retrieval,Photo/image,Not stated,Not stated,Contextual retrieval,Contextual / first attempt,People/relationship context remembered; Content remembered; exact wording uncertain,"Medium–High — multiple contextual clues, missing precise identifier",Successful — low effort
social_media,soc-0015,Update: Storage is full again and now they want me to pay for more. Too expensive for what it is.,Not retrieval-related,Not stated,Not stated,Not stated,Not stated,Not applicable,Not applicable,Not applicable,Not applicable,Not applicable
social_media,soc-0016,Face grouping merged my twin daughters into one person lol. #help,Not retrieval-related,Person-related memory,Not stated,person/relationship,Not stated,Not applicable,Not applicable,Not applicable,Not applicable,Not applicable
social_media,soc-0017,"Search should work the way I remember things, like 'green fireworks over pool', not just single words.",Not retrieval-related,Not stated,Not stated,Not stated,Not stated,Not applicable,Not applicable,Not applicable,Not applicable,Not applicable
social_media,soc-0018,"What worked for me: If it was a screenshot, open the Screenshots category first and then scroll by month. #help. The user remembers contextual details but lacks a precise identifier, so retrieval depends on connecting those clues.",Retrieval-related,Document / screenshot retrieval,Screenshot,document/screenshot context,Not stated,Contextual retrieval,Recovery-dependent,Time approximate; People/relationship context remembered; Content remembered; exact wording uncertain,"Medium–High — multiple contextual clues, missing precise identifier",Successful — high effort
social_media,soc-0019,It's frustrating that I have to guess what word the app uses for something. #GooglePhotos,Not retrieval-related,Not stated,Photo/image,Not stated,Not stated,Not applicable,Not applicable,Not applicable,Not applicable,Not applicable
social_media,soc-0020,"I've been looking for the screenshot of the train booking confirmation for days. I need it now because the TTE asked for the PNR. I remember a white screen with a green tick. I don't remember the exact words on it. Searched for ""ticket"" and nothing came up. I just didn't know how to describe it in a way search would get. Still haven't found it.",Retrieval-related,Document / screenshot retrieval,Screenshot,document/screenshot context,exact wording/name,Contextual retrieval,Recovery-dependent,Precise identifier missing; People/relationship context remembered; Content remembered; exact wording uncertain,"Medium–High — multiple contextual clues, missing precise identifier",Unsuccessful — not found / abandoned
social_media,soc-0021,Two things. App keeps crashing when I open a large video. #help,Not retrieval-related,Not stated,Video,Not stated,Not stated,Not applicable,Not applicable,Not applicable,Not applicable,Not applicable
social_media,soc-0022,"I've been looking for the photo of the temple on the hill for days. Timing wise it was a long time ago, maybe 2015. I can't recall the name of the event. I searched ""white temple on hill with steps"" and nothing came up. After that I had no idea what else to try. Finally found it after three days. @googlephotos",Retrieval-related,Event memory,Photo/image,time/date reference,exact wording/name,Contextual retrieval,Recovery-dependent,Precise identifier missing; Time approximate,"Medium–High — multiple contextual clues, missing precise identifier",Unsuccessful — not found / abandoned
social_media,soc-0023,"looking for a shot of the fireworks at the new year party. it had a bunch of friends in it. i don't remember when exactly. tried ""green fireworks over pool"" and there it was. i went through the face group for that person too. finally found it after way too long. #help",Not retrieval-related,Event memory,Not stated,person/relationship,date/time; exact wording/name,Not applicable,Not applicable,Not applicable,Not applicable,Not applicable
social_media,soc-0024,"Didn't remember anything except stamp paper with a purple stamp, searched for that and it showed up. Impressed. @googlephotos",Retrieval-related,General photo/media retrieval,Photo/image,Not stated,Not stated,Contextual retrieval,Contextual / first attempt,Contextual clues available; precise identifier varies,Low–Medium — relatively strong clue set,Successful — low effort
social_media,soc-0025,"Honestly search is amazing. I typed ""green fireworks over pool"" and it found a shot of the fireworks at the new year party in seconds.",Not retrieval-related,Event memory,Not stated,Not stated,Not stated,Not applicable,Not applicable,Not applicable,Not applicable,Not applicable
social_media,soc-0026,"I'm trying to find the photo of my car's insurance papers. It's a picture of the insurance papers. I don't remember the exact words on it. Tried ""car insurance paper on dashboard"" but it just showed random photos. How do you even search for something like that? Never found it. #GooglePhotos",Retrieval-related,General photo/media retrieval,Photo/image,Not stated,exact wording/name,Contextual retrieval,Recovery-dependent,Precise identifier missing; People/relationship context remembered,"Medium–High — multiple contextual clues, missing precise identifier",Unsuccessful — not found / abandoned
social_media,soc-0027,"Does anyone know how to find that picture from the trip where we stayed near the beach? It's from a long weekend trip. I can't recall where exactly it was. I typed ""hammock between coconut trees near beach homestay"" in search and got no results. The location data was probably off so there's nothing to go on. I scrolled for like 40 minutes. Found one that might be it, but I'm not sure it's the same one.",Retrieval-related,Trip / experience memory,Photo/image,place/trip/experience context,location; exact wording/name,Contextual retrieval,Candidate-heavy,Precise identifier missing; Place/event context remembered,"Medium–High — multiple contextual clues, missing precise identifier",Unsuccessful — not found / abandoned
social_media,soc-0029,"i've been looking for the photo of the rash on my arm for days. the photo shows a rash. i don't remember when exactly. i searched ""rash"" and got no results. the writing on it isn't searchable, it seems. i gave up on finding it. @googlephotos",Retrieval-related,General photo/media retrieval,Photo/image,Not stated,date/time; exact wording/name,Contextual retrieval,Recovery-dependent,Precise identifier missing,"Medium–High — multiple contextual clues, missing precise identifier",Unsuccessful — not found / abandoned
social_media,soc-0030,"I'm trying to find the screenshot of the product I wanted to buy. I need it because there's a sale now. I remember I saw it in an ad and screenshotted it. I don't know what it's called. I searched ""screenshot lamp"" but it just showed random photos. I just didn't know how to describe it in a way search would get. I tried the screenshots category filter as well. I found a similar one but not the exact photo I wanted.",Retrieval-related,Document / screenshot retrieval,Screenshot,document/screenshot context,Not stated,Contextual retrieval,Contextual / first attempt,Precise identifier missing; People/relationship context remembered; Content remembered; exact wording uncertain,"Medium–High — multiple contextual clues, missing precise identifier",Successful — low effort
social_media,soc-0031,"I don't remember dates, nobody does. Searching by date is useless for old memories. #help",Not retrieval-related,Not stated,Not stated,Not stated,date/time,Not applicable,Not applicable,Not applicable,Not applicable,Not applicable
social_media,soc-0032,It would help if the app told me why a photo showed up in results. #help,Not retrieval-related,Not stated,Photo/image,Not stated,Not stated,Not applicable,Not applicable,Not applicable,Not applicable,Not applicable
social_media,soc-0033,"Search should work the way I remember things, like 'people covered in red colour with ganesh idol', not just single words. #help",Not retrieval-related,Not stated,Not stated,Not stated,Not stated,Not applicable,Not applicable,Not applicable,Not applicable,Not applicable
social_media,soc-0034,update: the locked folder is a nice privacy feature. i wish the video editor had more music options.,Not retrieval-related,Not stated,Video,Not stated,Not stated,Not applicable,Not applicable,Not applicable,Not applicable,Not applicable
social_media,soc-0035,"Search should work the way I remember things, like 'selfie at concert with confetti', not just single words. #GooglePhotos",Retrieval-related,General photo/media retrieval,Photo/image,Not stated,Not stated,Contextual retrieval,Contextual / first attempt,People/relationship context remembered,Low–Medium — relatively strong clue set,Successful — low effort
social_media,soc-0037,It's frustrating that I have to guess what word the app uses for something. @googlephotos,Not retrieval-related,Not stated,Photo/image,Not stated,Not stated,Not applicable,Not applicable,Not applicable,Not applicable,Not applicable
social_media,soc-0038,it would help if the app told me why a photo showed up in results. #googlephotos,Not retrieval-related,Not stated,Photo/image,Not stated,Not stated,Not applicable,Not applicable,Not applicable,Not applicable,Not applicable
social_media,soc-0039,"honestly i've stopped using search and just scroll, it's more predictable. #help",Not retrieval-related,Not stated,Not stated,Not stated,Not stated,Not applicable,Not applicable,Not applicable,Not applicable,Not applicable
social_media,soc-0041,"Does anyone know how to find that picture from the trip where we stayed near the beach? This was during a long weekend trip. The photo probably has no proper date on it. Searched for ""beach"" and nothing came up. After that I had no idea what else to try. I even googled how to search Google Photos better. Never found it. @googlephotos",Retrieval-related,Trip / experience memory,Photo/image,place/trip/experience context,Not stated,Contextual retrieval,Recovery-dependent,Precise identifier missing; Time approximate; Place/event context remembered,"Medium–High — multiple contextual clues, missing precise identifier",Unsuccessful — not found / abandoned
social_media,soc-0042,Backup has been stuck on 'preparing' for three days. Very annoying. Storage is full again and now they want me to pay for more. Too expensive for what it is. #help,Not retrieval-related,Not stated,Not stated,Not stated,Not stated,Not applicable,Not applicable,Not applicable,Not applicable,Not applicable
social_media,soc-0043,"i've been looking for a picture of my dad teaching my daughter to ride a bike for days. i need it now because it's for my dad's retirement card. i know it was in the park near my parents' place. i can't remember the date at all. tried ""grandfather teaching girl to ride pink bike"" and got no results. the photo is definitely in my library but search never shows it. i jumped to roughly that year with the scrollbar and went month by month. finally found it after three days.",Retrieval-related,Person-related memory,Photo/image,person/relationship,date/time; location,Contextual retrieval,Recovery-dependent,Precise identifier missing; Time approximate; People/relationship context remembered,"Medium–High — multiple contextual clues, missing precise identifier",Unsuccessful — not found / abandoned
social_media,soc-0044,"Looking for the group photo from the night we all stayed up on the terrace. I remember fairy lights and everyone squinting because of the flash. I don't remember the person's name. Tried ""terrace"" but it just showed random photos. How do you even search for something like that? I jumped to roughly that year with the scrollbar and went month by month. Finally found it after way too long.",Retrieval-related,Person-related memory,Photo/image,person/relationship,date/time; exact wording/name,Contextual retrieval,Recovery-dependent,Precise identifier missing; Time approximate; People/relationship context remembered,"Medium–High — multiple contextual clues, missing precise identifier",Unsuccessful — not found / abandoned
social_media,soc-0045,"Looking for the video of my nephew saying his first word. I need it because it's his first birthday party. I know it was at my sister's house. I can't remember the date at all. Tried ""baby video"" and got a bunch of pictures that had nothing to do with it. I know exactly what it looks like but can't put it into search words. Got it eventually, after about an hour. #GooglePhotos",Retrieval-related,Event memory,Video,person/relationship,date/time; exact wording/name,Contextual retrieval,Recovery-dependent,Precise identifier missing; Time approximate; People/relationship context remembered,"Medium–High — multiple contextual clues, missing precise identifier",Successful — high effort
social_media,soc-0047,"Honestly I've stopped using search and just scroll, it's more predictable. #help",Not retrieval-related,Not stated,Not stated,Not stated,Not stated,Not applicable,Not applicable,Not applicable,Not applicable,Not applicable
social_media,soc-0048,"I've been looking for the photo of my son's first steps for days. I can picture the green rug and him holding the sofa. I don't remember which album it went into. Tried ""baby standing holding sofa on green rug"" and it popped up near the top. Finally found it after two evenings. #help",Retrieval-related,General photo/media retrieval,Photo/image,Not stated,specific retrieval detail,Contextual retrieval,Recovery-dependent,Precise identifier missing,"Medium–High — multiple contextual clues, missing precise identifier",Unsuccessful — not found / abandoned
social_media,soc-0049,"Something that helps: Search by year first, like ""2019"", then scroll within that. Much faster than scrolling from today. #GooglePhotos. The user remembers contextual details but lacks a precise identifier, so retrieval depends on connecting those clues.",Retrieval-related,General photo/media retrieval,Photo/image,time/date reference,Not stated,Contextual retrieval,Recovery-dependent,Time approximate; People/relationship context remembered; Content remembered; exact wording uncertain,"Medium–High — multiple contextual clues, missing precise identifier",Successful — high effort
social_media,soc-0050,"i'm trying to find the photo of the warranty card for the washing machine. i need it now because the machine broke and service wants the warranty. i remember it showed the serial number. i have no idea what year it was. i typed ""washing machine warranty card"" in search and got thousands of results to scroll through. there are so many almost identical shots from that day that i can't tell which one it is. i kept retyping different searches. never found it.",Retrieval-related,General photo/media retrieval,Photo/image,Not stated,Not stated,Contextual retrieval,Candidate-heavy,Precise identifier missing; Time approximate; People/relationship context remembered,High — many plausible candidates / weak discrimination,Unsuccessful — not found / abandoned
social_media,soc-0051,"Does anyone know how to find the photo of my handwritten letter to myself? I need it because I'm turning 30 and wanted to read it. I remember a cream paper with my messy handwriting. I don't remember the exact words on it. Tried ""birthday"" and got thousands of results to scroll through. There are so many almost identical shots from that day that I can't tell which one it is. In the end I texted my friend to send it again. Eventually I just gave up. @googlephotos",Retrieval-related,Event memory,Photo/image,person/relationship,exact wording/name,Contextual retrieval,Candidate-heavy,Precise identifier missing; People/relationship context remembered; Content remembered; exact wording uncertain,High — many plausible candidates / weak discrimination,Unsuccessful — not found / abandoned
social_media,soc-0052,"Something that helps: Search by year first, like ""2019"", then scroll within that. Much faster than scrolling from today.",Not retrieval-related,Not stated,Not stated,time/date reference,Not stated,Not applicable,Not applicable,Not applicable,Not applicable,Not applicable
social_media,soc-0053,"I've been looking for a sunset photo from the hotel balcony for days. I need it because I want to use it as a wallpaper again. I remember my wife being in it. Not sure which month or year, honestly. Tried ""switzerland july"" and it gave me hundreds of photos. I have hundreds of similar shots and can't tell which one it was. Found one that might be it, but I'm not sure it's the same one. #GooglePhotos",Retrieval-related,General photo/media retrieval,Photo/image,Not stated,Not stated,Contextual retrieval,Candidate-heavy,Precise identifier missing; Time approximate; People/relationship context remembered,High — many plausible candidates / weak discrimination,Unsuccessful — not found / abandoned
social_media,soc-0054,"Does anyone know how to find the photo of the parking spot sign? Timing wise it was a few weeks ago. I don't remember the name of the place. Searched for ""parking pillar sign"" and there it was. I went through the map view hoping to spot it. Finally found it after way too long. #help",Retrieval-related,General photo/media retrieval,Photo/image,Not stated,location; exact wording/name,Contextual retrieval,Contextual / first attempt,Precise identifier missing,"Medium–High — multiple contextual clues, missing precise identifier",Unsuccessful — not found / abandoned
social_media,soc-0056,"Looking for a shot of the fireworks at the new year party. For context, it was just before midnight. I can't remember the date at all. Searched for ""31 december"" and got a bunch of pictures that had nothing to do with it. It doesn't understand what I'm describing at all. Got it eventually, after two evenings.",Retrieval-related,Event memory,Photo/image,Not stated,date/time; exact wording/name,Contextual retrieval,Contextual / first attempt,Precise identifier missing; Time approximate; People/relationship context remembered; Content remembered; exact wording uncertain,"Medium–High — multiple contextual clues, missing precise identifier",Successful — high effort
social_media,soc-0057,"i'm trying to find the picture of the dent on my car. i need it because the insurance surveyor wants the original photo. i remember a scooter hit my car in the parking lot. i don't remember when exactly. tried ""dent on silver car door"" and got no results. it just doesn't show up in search even though i know it's there. i kept retyping different searches. i gave up on finding it.",Retrieval-related,General photo/media retrieval,Photo/image,Not stated,date/time; exact wording/name,Contextual retrieval,Recovery-dependent,Precise identifier missing; People/relationship context remembered,"Medium–High — multiple contextual clues, missing precise identifier",Unsuccessful — not found / abandoned
social_media,soc-0058,"honestly search is amazing. i typed ""video of old dog meeting new puppy"" and it found the video of my dog meeting the new puppy in seconds.",Retrieval-related,General photo/media retrieval,Video,Not stated,Not stated,Direct retrieval,Direct / efficient,Contextual clues available; precise identifier varies,Low–Medium — relatively strong clue set,Successful — low effort
social_media,soc-0059,"Was sure I'd never find the photo of the temple on the hill, but searching ""temple"" plus the year got it on the first try.",Retrieval-related,General photo/media retrieval,Photo/image,Not stated,Not stated,Direct retrieval,Direct / efficient,Time approximate; People/relationship context remembered,"Medium–High — multiple contextual clues, missing precise identifier",Successful — low effort
social_media,soc-0060,"Two things. The widget on the home screen shows the same photo every day. Deleted photos don't free up space on the phone, confusing. @googlephotos",Not retrieval-related,Not stated,Photo/image,Not stated,Not stated,Not applicable,Not applicable,Not applicable,Not applicable,Not applicable
social_media,soc-0061,"Looking for the video of my mom singing at the dinner table. It was while singing an old song. I can't remember the date at all. Searched for ""video of mom singing at dinner"" and it gave me hundreds of photos. All the results look the same as tiny thumbnails. Never found it. @googlephotos",Retrieval-related,Person-related memory,Video,person/relationship,date/time,Contextual retrieval,Candidate-heavy,Precise identifier missing; Time approximate; People/relationship context remembered,High — many plausible candidates / weak discrimination,Unsuccessful — not found / abandoned
social_media,soc-0065,"I've been looking for a picture of the site inspection issue for days. I remember I took it for the report and never sent it. I don't know what it's called. I typed ""pipe"" in search but it just showed random photos. I know exactly what it looks like but can't put it into search words. Still haven't found it. #GooglePhotos",Retrieval-related,General photo/media retrieval,Photo/image,Not stated,Not stated,Contextual retrieval,Contextual / first attempt,Precise identifier missing; People/relationship context remembered,"Medium–High — multiple contextual clues, missing precise identifier",Unsuccessful — not found / abandoned
social_media,soc-0066,"Was sure I'd never find the photo of the parking spot sign, but searching ""parking"" plus the year got it on the first try.",Retrieval-related,General photo/media retrieval,Photo/image,Not stated,Not stated,Direct retrieval,Direct / efficient,Time approximate; People/relationship context remembered,"Medium–High — multiple contextual clues, missing precise identifier",Successful — low effort
social_media,soc-0068,"Search should work the way I remember things, like 'green fireworks over pool', not just single words.",Not retrieval-related,Not stated,Not stated,Not stated,Not stated,Not applicable,Not applicable,Not applicable,Not applicable,Not applicable
social_media,soc-0069,The app is slow to load thumbnails on my old phone. @googlephotos,Not retrieval-related,Not stated,Photo/image,Not stated,Not stated,Not applicable,Not applicable,Not applicable,Not applicable,Not applicable
social_media,soc-0070,"Looking for the photo of the view from the train window. I need it now because I was telling someone about the trip and wanted to show them. It's from the Europe backpacking trip. No clue what the place was called. I searched ""train 2018"" and there it was. Got it eventually, after way too long. @googlephotos. The user remembers contextual details but lacks a precise identifier, so retrieval depends on connecting those clues.",Retrieval-related,Trip / experience memory,Photo/image,place/trip/experience context; time/date reference,Not stated,Contextual retrieval,Contextual / first attempt,Time approximate; Place/event context remembered; People/relationship context remembered; Content remembered; exact wording uncertain,"Medium–High — multiple contextual clues, missing precise identifier",Unsuccessful — not found / abandoned
social_media,soc-0071,"Looking for the video of my mom singing at the dinner table. I need it because I want to play it at her 60th. I remember mom laughing halfway through and the candle on the table. I don't remember when exactly. I typed ""sunday dinner"" in search and got a bunch of pictures that had nothing to do with it. I know exactly what it looks like but can't put it into search words. Ended up scrolling back through years of photos. Found one that might be it, but I'm not sure it's the same one. #help",Retrieval-related,Person-related memory,Video,person/relationship,date/time; exact wording/name,Contextual retrieval,Candidate-heavy,Precise identifier missing; Time approximate; People/relationship context remembered,"Medium–High — multiple contextual clues, missing precise identifier",Successful — high effort
social_media,soc-0072,"I don't remember dates, nobody does. Searching by date is useless for old memories.",Not retrieval-related,Not stated,Not stated,Not stated,date/time,Not applicable,Not applicable,Not applicable,Not applicable,Not applicable
social_media,soc-0073,Uploading in original quality eats my data plan. Why did they move the sharing button? The new layout is confusing. #GooglePhotos,Not retrieval-related,Not stated,Photo/image,Not stated,Not stated,Not applicable,Not applicable,Not applicable,Not applicable,Not applicable
social_media,soc-0074,"Honestly, Printing service delivery took two weeks. @googlephotos",Not retrieval-related,Not stated,Photo/image,Not stated,Not stated,Not applicable,Not applicable,Not applicable,Not applicable,Not applicable
social_media,soc-0075,"Looking for the screenshot of the product I wanted to buy. I need it now because there's a sale now. It's a picture of a lamp. I can't recall what it said exactly. Searched for ""brass lamp with curved neck"" and nothing came up. Text inside screenshots doesn't seem to be searchable. I tried the screenshots category filter as well. Eventually I just gave up. #help",Retrieval-related,Document / screenshot retrieval,Screenshot,document/screenshot context,exact wording/name,Contextual retrieval,Recovery-dependent,Precise identifier missing; People/relationship context remembered; Content remembered; exact wording uncertain,"Medium–High — multiple contextual clues, missing precise identifier",Unsuccessful — not found / abandoned
social_media,soc-0076,"What worked for me: Tip: if location history was on, try the map view and zoom into the area instead of searching the name.",Not retrieval-related,Not stated,Not stated,Not stated,Not stated,Not applicable,Not applicable,Not applicable,Not applicable,Not applicable
social_media,soc-0077,"Face grouping merged my twin daughters into one person lol. Deleted photos don't free up space on the phone, confusing. #help",Not retrieval-related,Person-related memory,Photo/image,person/relationship,Not stated,Not applicable,Not applicable,Not applicable,Not applicable,Not applicable
social_media,soc-0079,"I've been looking for the photo of us dancing at the sangeet for days. I need it now because I wanted it for our first anniversary post. It's from the sangeet night. I don't remember which album it went into. Searched for ""sangeet"" and there it was. I asked my sister if she still had it. Got it eventually, after half an hour of scrolling. @googlephotos",Retrieval-related,Event memory,Photo/image,person/relationship,specific retrieval detail,Contextual retrieval,Recovery-dependent,Precise identifier missing; People/relationship context remembered,"Medium–High — multiple contextual clues, missing precise identifier",Unsuccessful — not found / abandoned
social_media,soc-0080,"Does anyone know how to find the screenshot of a chat where my landlord agreed to the repair? I need it because he's now saying he never agreed. It had my landlord in it. I can't remember the date at all. Searched for ""chat screenshot"" and got no results. The photo is definitely in my library but search never shows it. I tried the screenshots category filter as well. Never found it.",Retrieval-related,Document / screenshot retrieval,Screenshot,document/screenshot context,date/time; location,Contextual retrieval,Recovery-dependent,Precise identifier missing; Time approximate; People/relationship context remembered; Content remembered; exact wording uncertain,"Medium–High — multiple contextual clues, missing precise identifier",Unsuccessful — not found / abandoned
social_media,soc-0082,"I've been looking for the photo of my son's first steps for days. All I remember visually is the green rug and him holding the sofa. I have no idea what year it was. I typed ""2019"" in search and got no results. I know exactly what it looks like but can't put it into search words. Finally found it after about an hour. #GooglePhotos",Retrieval-related,General photo/media retrieval,Photo/image,time/date reference,Not stated,Contextual retrieval,Recovery-dependent,Precise identifier missing; Time approximate,"Medium–High — multiple contextual clues, missing precise identifier",Unsuccessful — not found / abandoned
social_media,soc-0083,"Didn't remember anything except green fireworks over a swimming pool, searched for that and it showed up. Impressed. #GooglePhotos",Retrieval-related,General photo/media retrieval,Photo/image,Not stated,Not stated,Contextual retrieval,Contextual / first attempt,Contextual clues available; precise identifier varies,Low–Medium — relatively strong clue set,Successful — low effort
social_media,soc-0085,"love the collage feature, made a nice one for my mom. #googlephotos",Not retrieval-related,Person-related memory,Photo/image,person/relationship,Not stated,Not applicable,Not applicable,Not applicable,Not applicable,Not applicable
social_media,soc-0087,"I'm trying to find the picture of the dent on my car. I need it now because the insurance surveyor wants the original photo. I remember a scratch on the silver door near the handle. Not sure which month or year, honestly. Searched for ""dent on silver car door"" and got a bunch of pictures that had nothing to do with it. It took ""car"" literally and ignored everything else. I checked all my albums one by one. Found one that might be it, but I'm not sure it's the same one. @googlephotos",Retrieval-related,General photo/media retrieval,Photo/image,Not stated,Not stated,Contextual retrieval,Candidate-heavy,Precise identifier missing; Time approximate; People/relationship context remembered,"Medium–High — multiple contextual clues, missing precise identifier",Successful — low effort
social_media,soc-0089,It would help if the app told me why a photo showed up in results. #help,Not retrieval-related,Not stated,Photo/image,Not stated,Not stated,Not applicable,Not applicable,Not applicable,Not applicable,Not applicable
social_media,soc-0091,"I've been looking for the photo of the warranty card for the washing machine for days. I need it now because the machine broke and service wants the warranty. Timing wise it was when we bought it, 2 years ago maybe. I can't recall what it said exactly. Searched for ""warranty 2024"" and got no results. After that I had no idea what else to try. I kept retyping different searches. Finally found it after two evenings. #GooglePhotos",Retrieval-related,General photo/media retrieval,Photo/image,time/date reference,date/time; exact wording/name,Contextual retrieval,Recovery-dependent,Precise identifier missing; Time approximate; People/relationship context remembered,"Medium–High — multiple contextual clues, missing precise identifier",Unsuccessful — not found / abandoned
social_media,soc-0092,"was sure i'd never find the video of my dog meeting the new puppy, but searching ""dog video"" plus the year got it on the first try. @googlephotos",Retrieval-related,General photo/media retrieval,Video,Not stated,Not stated,Direct retrieval,Direct / efficient,Time approximate; People/relationship context remembered,"Medium–High — multiple contextual clues, missing precise identifier",Successful — low effort
social_media,soc-0093,"i've been looking for a screenshot of a map with a pin someone sent for days. i need it because i'm finally planning that trek. it was a year or two ago. i don't remember the name of the place. i searched ""map screenshot with pin in mountains"" and nothing came up. the photo is definitely in my library but search never shows it. got it eventually, after about an hour.",Retrieval-related,Document / screenshot retrieval,Screenshot,document/screenshot context,date/time; location; exact wording/name,Contextual retrieval,Recovery-dependent,Precise identifier missing; Time approximate; Place/event context remembered; People/relationship context remembered; Content remembered; exact wording uncertain,"Medium–High — multiple contextual clues, missing precise identifier",Unsuccessful — not found / abandoned
social_media,soc-0094,"Does anyone know how to find the screenshot where I had the information about that course? For context, someone posted it on LinkedIn. I have no idea what year it was. Searched for ""course"" and got no results. The photo is definitely in my library but search never shows it. Never found it.",Retrieval-related,Document / screenshot retrieval,Screenshot,document/screenshot context,Not stated,Contextual retrieval,Recovery-dependent,Precise identifier missing; Time approximate; Content remembered; exact wording uncertain,"Medium–High — multiple contextual clues, missing precise identifier",Unsuccessful — not found / abandoned
social_media,soc-0095,"I remember photos by who I was with and what we were doing, not by where the GPS says I was.",Retrieval-related,General photo/media retrieval,Photo/image,Not stated,Not stated,Contextual retrieval,Contextual / first attempt,Contextual clues available; precise identifier varies,Low–Medium — relatively strong clue set,Successful — low effort
social_media,soc-0096,"looking for the photo of a plant i saw at a nursery. i need it because i want to buy it now that i have a balcony. i know it was at a nursery near my office. i don't remember the name of the place. i typed ""plant with purple striped leaves"" in search but it just showed random photos. i just didn't know how to describe it in a way search would get. finally found it after three days. #help",Retrieval-related,Trip / experience memory,Photo/image,place/trip/experience context,location; exact wording/name,Contextual retrieval,Contextual / first attempt,Precise identifier missing; Place/event context remembered; People/relationship context remembered,"Medium–High — multiple contextual clues, missing precise identifier",Unsuccessful — not found / abandoned
social_media,soc-0097,"two things. the widget on the home screen shows the same photo every day. love the collage feature, made a nice one for my mom. #help",Not retrieval-related,Person-related memory,Photo/image,person/relationship,Not stated,Not applicable,Not applicable,Not applicable,Not applicable,Not applicable
social_media,soc-0098,"Update: Deleted photos don't free up space on the phone, confusing.",Not retrieval-related,Not stated,Photo/image,Not stated,Not stated,Not applicable,Not applicable,Not applicable,Not applicable,Not applicable
social_media,soc-0099,"Was sure I'd never find the picture of the houseboat we stayed on, but searching ""houseboat"" plus the year got it on the first try.",Retrieval-related,General photo/media retrieval,Photo/image,Not stated,Not stated,Direct retrieval,Direct / efficient,Time approximate; People/relationship context remembered,"Medium–High — multiple contextual clues, missing precise identifier",Successful — low effort
social_media,soc-0100,Update: The app is slow to load thumbnails on my old phone. Too many notifications about 'memories' I didn't ask for. #GooglePhotos,Not retrieval-related,Not stated,Photo/image,Not stated,Not stated,Not applicable,Not applicable,Not applicable,Not applicable,Not applicable
social_media,soc-0101,"Looking for the candid of my cousin laughing during the haldi. I remember someone had just thrown haldi on her. Not sure which month or year, honestly. I typed ""girl laughing covered in yellow with marigolds"" in search and it gave me hundreds of photos. All the results look the same as tiny thumbnails. I asked my sister if she still had it. Still haven't found it.",Retrieval-related,Person-related memory,Photo/image,person/relationship,Not stated,Contextual retrieval,Candidate-heavy,Precise identifier missing; Time approximate; People/relationship context remembered,High — many plausible candidates / weak discrimination,Unsuccessful — not found / abandoned
social_media,soc-0102,"I've been looking for that picture from the trip where we stayed near the beach for days. It was 2021 or 2022, not sure. Not sure which month or year, honestly. I searched ""beach"" and nothing came up. The location data was probably off so there's nothing to go on. I asked my sister if she still had it. Finally found it after three days. #GooglePhotos",Retrieval-related,Trip / experience memory,Photo/image,place/trip/experience context; time/date reference; person/relationship,Not stated,Contextual retrieval,Recovery-dependent,Precise identifier missing; Time approximate; Place/event context remembered; People/relationship context remembered,"Medium–High — multiple contextual clues, missing precise identifier",Unsuccessful — not found / abandoned
social_media,soc-0103,"Honestly search is amazing. I typed ""narrow street with yellow tiles and tram"" and it found the photo of the street where we got lost in seconds. @googlephotos",Retrieval-related,General photo/media retrieval,Photo/image,Not stated,Not stated,Direct retrieval,Direct / efficient,Place/event context remembered,Low–Medium — relatively strong clue set,Successful — low effort
social_media,soc-0105,"Honestly, The editing tools are great, the magic eraser is really good. The locked folder is a nice privacy feature. #GooglePhotos",Not retrieval-related,Not stated,Photo/image,Not stated,Not stated,Not applicable,Not applicable,Not applicable,Not applicable,Not applicable
social_media,soc-0106,"Does anyone know how to find the photo of my daughter on stage at her school play? It was at the annual day function. I can't remember the date at all. I typed ""school function"" in search and got thousands of results to scroll through. I have hundreds of similar shots and can't tell which one it was. Eventually I just gave up. #help",Retrieval-related,Event memory,Photo/image,Not stated,date/time,Contextual retrieval,Candidate-heavy,Precise identifier missing; Time approximate; People/relationship context remembered,High — many plausible candidates / weak discrimination,Unsuccessful — not found / abandoned
social_media,soc-0107,"Name the face groups. Searching a person's name works way better than describing them. @googlephotos. The user remembers contextual details but lacks a precise identifier, so retrieval depends on connecting those clues.",Retrieval-related,Person-related memory,Photo/image,person/relationship,Not stated,Contextual retrieval,Contextual / first attempt,People/relationship context remembered; Content remembered; exact wording uncertain,"Medium–High — multiple contextual clues, missing precise identifier",Successful — low effort
social_media,soc-0108,"Two things. Face grouping merged my twin daughters into one person lol. Deleted photos don't free up space on the phone, confusing.",Not retrieval-related,Person-related memory,Photo/image,person/relationship,Not stated,Not applicable,Not applicable,Not applicable,Not applicable,Not applicable
social_media,soc-0109,"Honestly, Please add a dark mode for the web version. I wish the video editor had more music options.",Not retrieval-related,Not stated,Video,Not stated,Not stated,Not applicable,Not applicable,Not applicable,Not applicable,Not applicable
social_media,soc-0110,"I've been looking for a picture of the site inspection issue for days. I know it was at the client's warehouse. I don't remember when exactly. Searched for ""rusty pipe with yellow tag at warehouse"" but it just showed random photos. How do you even search for something like that? Tried synonyms like ""plumbing"" too. Never found it.",Retrieval-related,General photo/media retrieval,Photo/image,Not stated,date/time; exact wording/name,Contextual retrieval,Recovery-dependent,Precise identifier missing; People/relationship context remembered,"Medium–High — multiple contextual clues, missing precise identifier",Unsuccessful — not found / abandoned
social_media,soc-0111,"Was sure I'd never find the photo from the Ganpati procession, but searching ""ganpati"" plus the year got it on the first try. #help",Retrieval-related,General photo/media retrieval,Photo/image,Not stated,Not stated,Direct retrieval,Direct / efficient,Time approximate; People/relationship context remembered,"Medium–High — multiple contextual clues, missing precise identifier",Successful — low effort
social_media,soc-0112,It would help if the app told me why a photo showed up in results. #GooglePhotos,Not retrieval-related,Not stated,Photo/image,Not stated,Not stated,Not applicable,Not applicable,Not applicable,Not applicable,Not applicable
social_media,soc-0113,"Does anyone know how to find the photo of my car's insurance papers? It's a picture of the insurance papers. I don't remember the exact words on it. Searched for ""insurance"" and nothing came up. The text in the photo doesn't seem to be searchable. I kept retyping different searches. Never found it.",Retrieval-related,General photo/media retrieval,Photo/image,Not stated,exact wording/name,Contextual retrieval,Recovery-dependent,Precise identifier missing; Content remembered; exact wording uncertain,"Medium–High — multiple contextual clues, missing precise identifier",Unsuccessful — not found / abandoned
social_media,soc-0114,"Does anyone know how to find the picture of the houseboat we stayed on? It's from our family trip to Kerala. I have no idea what year it was. Searched for ""houseboat"" and it popped up near the top. I asked my sister if she still had it. Got it eventually, after three days. #help",Retrieval-related,Trip / experience memory,Photo/image,place/trip/experience context; person/relationship,Not stated,Contextual retrieval,Recovery-dependent,Precise identifier missing; Time approximate; Place/event context remembered; People/relationship context remembered,"Medium–High — multiple contextual clues, missing precise identifier",Unsuccessful — not found / abandoned
social_media,soc-0115,"Looking for the photo of a plant I saw at a nursery. I need it because I want to buy it now that I have a balcony. The photo shows a plant with striped leaves. I can't recall where exactly it was. Tried ""nursery"" and it popped up near the top. Finally found it after two evenings. @googlephotos",Retrieval-related,Trip / experience memory,Photo/image,place/trip/experience context,location; exact wording/name,Contextual retrieval,Recovery-dependent,Precise identifier missing; Place/event context remembered; People/relationship context remembered,"Medium–High — multiple contextual clues, missing precise identifier",Successful — low effort
social_media,soc-0116,"Honestly, App keeps crashing when I open a large video. @googlephotos",Not retrieval-related,Not stated,Video,Not stated,Not stated,Not applicable,Not applicable,Not applicable,Not applicable,Not applicable
social_media,soc-0118,"Was sure I'd never find the old scanned photo of my grandparents' wedding, but searching ""old photo"" plus the year got it on the first try. #GooglePhotos",Retrieval-related,Document / screenshot retrieval,Document,document/screenshot context,Not stated,Direct retrieval,Direct / efficient,Time approximate; Place/event context remembered; People/relationship context remembered,"Medium–High — multiple contextual clues, missing precise identifier",Successful — low effort
social_media,soc-0119,"Didn't remember anything except a green pillar with a letter and number, searched for that and it showed up. Impressed. #help",Not retrieval-related,Not stated,Not stated,Not stated,Not stated,Not applicable,Not applicable,Not applicable,Not applicable,Not applicable
social_media,soc-0120,"Looking for the photo of the stage when they announced the results. It was around the end of the year, 2022 or 2023. Not sure which month or year, honestly. Tried ""awards december"" and there it was. Ended up scrolling back through years of photos. Finally found it after about an hour. #help",Retrieval-related,General photo/media retrieval,Photo/image,time/date reference,Not stated,Contextual retrieval,Recovery-dependent,Precise identifier missing; Time approximate,"Medium–High — multiple contextual clues, missing precise identifier",Successful — high effort
youtube,you-0001,Something that helps: Name the face groups. Searching a person's name works way better than describing them.,Not retrieval-related,Person-related memory,Not stated,person/relationship,Not stated,Not applicable,Not applicable,Not applicable,Not applicable,Not applicable
youtube,you-0002,"update: please add a dark mode for the web version. love the collage feature, made a nice one for my mom.",Not retrieval-related,Person-related memory,Not stated,person/relationship,Not stated,Not applicable,Not applicable,Not applicable,Not applicable,Not applicable
youtube,you-0003,"This didn't help me: does anyone know how to find the old scanned photo of my grandparents' wedding? I remember my grandparents being in it. The location data was probably off. I typed ""scan"" in search and got thousands of results to scroll through. There are so many almost identical shots from that day that I can't tell which one it is. I found a similar one but not the exact photo I wanted.",Retrieval-related,Document / screenshot retrieval,Document,document/screenshot context,Not stated,Contextual retrieval,Candidate-heavy,Place/event context remembered; People/relationship context remembered,High — many plausible candidates / weak discrimination,Successful — high effort
youtube,you-0004,"Honestly search is amazing. I typed ""handwritten letter on cream paper"" and it found the photo of my handwritten letter to myself in seconds.",Retrieval-related,General photo/media retrieval,Photo/image,Not stated,Not stated,Direct retrieval,Direct / efficient,Contextual clues available; precise identifier varies,Low–Medium — relatively strong clue set,Successful — low effort
youtube,you-0005,"This didn't help me: looking for the photo I took of my passport page. I need it because I need the number urgently for a booking. It was two or three years ago. I have no idea what year it was. I typed ""visa 2022"" in search and nothing came up. I know exactly what it looks like but can't put it into search words. Tried synonyms like ""id"" too. I gave up on finding it.",Retrieval-related,General photo/media retrieval,Photo/image,time/date reference,Not stated,Contextual retrieval,Recovery-dependent,Precise identifier missing; Time approximate; People/relationship context remembered,"Medium–High — multiple contextual clues, missing precise identifier",Unsuccessful — not found / abandoned
youtube,you-0007,"Found the photo of the dessert we ordered at that restaurant by searching the person's face and then scrolling a bit. Took two minutes. The user remembers contextual details but lacks a precise identifier, so retrieval depends on connecting those clues.",Retrieval-related,Trip / experience memory,Photo/image,place/trip/experience context; person/relationship,Not stated,Contextual retrieval,Recovery-dependent,Place/event context remembered; People/relationship context remembered; Content remembered; exact wording uncertain,"Medium–High — multiple contextual clues, missing precise identifier",Successful — high effort
youtube,you-0008,"Update: The editing tools are great, the magic eraser is really good.",Not retrieval-related,Not stated,Not stated,Not stated,Not stated,Not applicable,Not applicable,Not applicable,Not applicable,Not applicable
youtube,you-0010,"Love the collage feature, made a nice one for my mom.",Not retrieval-related,Person-related memory,Not stated,person/relationship,Not stated,Not applicable,Not applicable,Not applicable,Not applicable,Not applicable
youtube,you-0012,"Tried the tips from this video but i'm trying to find a photo of the rental agreement. I remember stamp paper with a purple stamp. I don't remember when exactly. I typed ""rent agreement document pages"" in search and it popped up near the top. Ended up scrolling back through years of photos. Got it eventually, after two evenings.",Retrieval-related,Document / screenshot retrieval,Video,document/screenshot context,date/time; exact wording/name,Contextual retrieval,Recovery-dependent,Precise identifier missing; Time approximate; Content remembered; exact wording uncertain,"Medium–High — multiple contextual clues, missing precise identifier",Successful — high effort
youtube,you-0013,"Does anyone know how to find the picture of the pharmacy receipt? It was around when I was sick last year. I can't recall what it said exactly. I searched ""receipt"" and got a bunch of pictures that had nothing to do with it. How do you even search for something like that? Eventually I searched my WhatsApp chats instead. Still haven't found it.",Retrieval-related,Document / screenshot retrieval,Document,time/date reference; document/screenshot context,date/time; exact wording/name,Contextual retrieval,Contextual / first attempt,Precise identifier missing; Time approximate; Content remembered; exact wording uncertain,"Medium–High — multiple contextual clues, missing precise identifier",Unsuccessful — not found / abandoned
youtube,you-0014,"Looking for the photo of the view from the train window. I need it because I was telling someone about the trip and wanted to show them. All I remember visually is green hills and a reflection of my face in the glass. I don't remember when exactly. Searched for ""view from train window with green hills"" and got a bunch of pictures that had nothing to do with it. It doesn't understand what I'm describing at all. I scrolled for like 40 minutes. Finally found it after two evenings.",Retrieval-related,Trip / experience memory,Photo/image,place/trip/experience context; person/relationship,date/time; exact wording/name,Contextual retrieval,Recovery-dependent,Precise identifier missing; Place/event context remembered; People/relationship context remembered,"Medium–High — multiple contextual clues, missing precise identifier",Successful — high effort
youtube,you-0016,"Tried the tips from this video but i've been looking for the photo from the Ganpati procession for days. I need it because our society newsletter wanted old pictures. It was not sure which year. I have no idea what year it was. Searched for ""people covered in red colour with ganesh idol"" and got thousands of results to scroll through. There are so many almost identical shots from that day that I can't tell which one it is. I found a similar one but not the exact photo I wanted.",Retrieval-related,General photo/media retrieval,Video,Not stated,Not stated,Contextual retrieval,Candidate-heavy,Precise identifier missing; Time approximate; People/relationship context remembered,High — many plausible candidates / weak discrimination,Unsuccessful — not found / abandoned
youtube,you-0017,Minor gripe: Please add a dark mode for the web version.,Not retrieval-related,Not stated,Not stated,Not stated,Not stated,Not applicable,Not applicable,Not applicable,Not applicable,Not applicable
youtube,you-0018,"I've been looking for the screenshot of the train booking confirmation for days. I remember the email never came so I screenshotted the app. I can't recall what it said exactly. I searched ""train ticket booking confirmation screenshot"" and nothing came up. It just doesn't show up in search even though I know it's there. I scrolled for like 40 minutes. I found a similar one but not the exact photo I wanted.",Retrieval-related,Document / screenshot retrieval,Screenshot,document/screenshot context,exact wording/name,Contextual retrieval,Recovery-dependent,Precise identifier missing; People/relationship context remembered; Content remembered; exact wording uncertain,"Medium–High — multiple contextual clues, missing precise identifier",Unsuccessful — not found / abandoned
youtube,you-0019,"looking for the screenshot of the product i wanted to buy. i need it now because there's a sale now. i can picture a brass lamp with a curved neck. no idea what the thing is actually called. i typed ""lamp"" in search and it popped up near the top. i even googled how to search google photos better. finally found it after about an hour.",Retrieval-related,Document / screenshot retrieval,Screenshot,document/screenshot context,Not stated,Contextual retrieval,Contextual / first attempt,Precise identifier missing; People/relationship context remembered; Content remembered; exact wording uncertain,"Medium–High — multiple contextual clues, missing precise identifier",Successful — low effort
youtube,you-0021,"If it was a screenshot, open the Screenshots category first and then scroll by month. The user remembers contextual details but lacks a precise identifier, so retrieval depends on connecting those clues.",Retrieval-related,Document / screenshot retrieval,Screenshot,document/screenshot context,Not stated,Contextual retrieval,Recovery-dependent,Time approximate; People/relationship context remembered; Content remembered; exact wording uncertain,"Medium–High — multiple contextual clues, missing precise identifier",Successful — high effort
youtube,you-0023,"Does anyone know how to find a sunset photo from the hotel balcony? It's from that Switzerland trip. I don't remember the name of the place. I typed ""switzerland july"" in search and it gave me hundreds of photos. I have hundreds of similar shots and can't tell which one it was. Never found it.",Retrieval-related,Trip / experience memory,Photo/image,place/trip/experience context,location; exact wording/name,Contextual retrieval,Candidate-heavy,Precise identifier missing; Place/event context remembered,High — many plausible candidates / weak discrimination,Unsuccessful — not found / abandoned
youtube,you-0024,"This didn't help me: looking for the photo of the temple on the hill. Timing wise it was a long time ago, maybe 2015. No clue what the place was called. I typed ""mysore 2015"" in search and it gave me hundreds of photos. I have hundreds of similar shots and can't tell which one it was. Finally found it after three days. The user remembers contextual details but lacks a precise identifier, so retrieval depends on connecting those clues.",Retrieval-related,General photo/media retrieval,Photo/image,time/date reference,Not stated,Contextual retrieval,Candidate-heavy,Time approximate; People/relationship context remembered; Content remembered; exact wording uncertain,High — many plausible candidates / weak discrimination,Unsuccessful — not found / abandoned
youtube,you-0025,"from experience, you can search text inside photos sometimes, but it only works if the words are clear in the image. The user remembers contextual details but lacks a precise identifier, so retrieval depends on connecting those clues.",Retrieval-related,General photo/media retrieval,Photo/image,Not stated,Not stated,Contextual retrieval,Contextual / first attempt,People/relationship context remembered; Content remembered; exact wording uncertain,"Medium–High — multiple contextual clues, missing precise identifier",Successful — low effort
youtube,you-0026,"from experience, ask whoever was there, someone in the group chat usually still has it.",Not retrieval-related,Not stated,Not stated,Not stated,Not stated,Not applicable,Not applicable,Not applicable,Not applicable,Not applicable
youtube,you-0027,"This didn't help me: does anyone know how to find the photo of the dessert we ordered at that restaurant? I need it because I want to go back but forgot the restaurant name. All I remember visually is a chocolate dome with gold stuff on top. I don't even remember what the event was called. Searched for ""bangalore october"" and it gave me hundreds of photos. All the results look the same as tiny thumbnails. I found a similar one but not the exact photo I wanted.",Retrieval-related,Trip / experience memory,Photo/image,place/trip/experience context,exact wording/name,Contextual retrieval,Candidate-heavy,Precise identifier missing; Place/event context remembered; People/relationship context remembered,High — many plausible candidates / weak discrimination,Successful — low effort
youtube,you-0028,"Something that helps: Use the date jump on the scrollbar, drag to the year and go month by month.",Not retrieval-related,Not stated,Not stated,Not stated,Not stated,Not applicable,Not applicable,Not applicable,Not applicable,Not applicable
youtube,you-0029,"Pro tip: Search for the thing plus the city, e.g. ""cake bangalore"", works better than a sentence for me.",Not retrieval-related,Not stated,Not stated,Not stated,Not stated,Not applicable,Not applicable,Not applicable,Not applicable,Not applicable
youtube,you-0030,"I remember photos by who I was with and what we were doing, not by where the GPS says I was.",Retrieval-related,General photo/media retrieval,Photo/image,Not stated,Not stated,Contextual retrieval,Contextual / first attempt,Contextual clues available; precise identifier varies,Low–Medium — relatively strong clue set,Successful — low effort
youtube,you-0031,It's frustrating that I have to guess what word the app uses for something.,Not retrieval-related,Not stated,Not stated,Not stated,Not stated,Not applicable,Not applicable,Not applicable,Not applicable,Not applicable
youtube,you-0032,"This didn't help me: i'm trying to find the photo of my car's insurance papers. I need it because I had an accident and need the policy number. It's a picture of the insurance papers. I don't remember when exactly. I typed ""car insurance paper on dashboard"" in search and it popped up near the top. Got it eventually, after about an hour.",Retrieval-related,Event memory,Photo/image,Not stated,date/time; exact wording/name,Contextual retrieval,Contextual / first attempt,Precise identifier missing; People/relationship context remembered,"Medium–High — multiple contextual clues, missing precise identifier",Successful — high effort
youtube,you-0033,It's frustrating that I have to guess what word the app uses for something.,Not retrieval-related,Not stated,Not stated,Not stated,Not stated,Not applicable,Not applicable,Not applicable,Not applicable,Not applicable
youtube,you-0034,"Great video. Still, i've been looking for a picture of the sofa fabric sample for days. I need it because we're finally ordering the sofa. I remember the shop said to send them the photo when ordering. I can't remember the date at all. Tried ""furniture shop"" and nothing came up. I just didn't know how to describe it in a way search would get. Never found it.",Retrieval-related,General photo/media retrieval,Video,Not stated,date/time,Contextual retrieval,Recovery-dependent,Precise identifier missing; Time approximate; Place/event context remembered; People/relationship context remembered,"Medium–High — multiple contextual clues, missing precise identifier",Unsuccessful — not found / abandoned
youtube,you-0035,"From experience, Search for the thing plus the city, e.g. ""cake bangalore"", works better than a sentence for me.",Not retrieval-related,Not stated,Not stated,Not stated,Not stated,Not applicable,Not applicable,Not applicable,Not applicable,Not applicable
youtube,you-0036,"was sure i'd never find the photo of the view from the train window, but searching ""train"" plus the year got it on the first try.",Retrieval-related,General photo/media retrieval,Photo/image,Not stated,Not stated,Direct retrieval,Direct / efficient,Time approximate; People/relationship context remembered,"Medium–High — multiple contextual clues, missing precise identifier",Successful — low effort
youtube,you-0037,"Two things. Can't figure out how to download all my photos to a hard drive. The locked folder is a nice privacy feature. The user remembers contextual details but lacks a precise identifier, so retrieval depends on connecting those clues.",Retrieval-related,General photo/media retrieval,Photo/image,Not stated,Not stated,Contextual retrieval,Contextual / first attempt,People/relationship context remembered; Content remembered; exact wording uncertain,"Medium–High — multiple contextual clues, missing precise identifier",Successful — low effort
youtube,you-0038,"Does anyone know how to find the photo of the dessert we ordered at that restaurant? It's from my sister's birthday dinner. I don't even remember what the event was called. Searched for ""dessert"" and got no results. I know exactly what it looks like but can't put it into search words. I even googled how to search Google Photos better. I found a similar one but not the exact photo I wanted.",Retrieval-related,Trip / experience memory,Photo/image,place/trip/experience context; person/relationship,Not stated,Contextual retrieval,Recovery-dependent,Place/event context remembered; People/relationship context remembered,"Medium–High — multiple contextual clues, missing precise identifier",Unsuccessful — not found / abandoned
youtube,you-0039,"Honestly search is amazing. I typed ""people covered in red colour with ganesh idol"" and it found the photo from the Ganpati procession in seconds.",Retrieval-related,General photo/media retrieval,Photo/image,Not stated,Not stated,Direct retrieval,Direct / efficient,Contextual clues available; precise identifier varies,Low–Medium — relatively strong clue set,Successful — low effort
youtube,you-0040,"Tried the tips from this video but i'm trying to find the photo of my son's first steps. I need it because we're making a birthday album. Timing wise it was when he was around one, so 2019 probably. Not sure which month or year, honestly. I typed ""baby walking"" in search and it popped up near the top. I jumped to roughly that year with the scrollbar and went month by month. Finally found it after about an hour.",Retrieval-related,Event memory,Video,time/date reference,Not stated,Contextual retrieval,Recovery-dependent,Precise identifier missing; Time approximate; People/relationship context remembered,"Medium–High — multiple contextual clues, missing precise identifier",Successful — high effort
youtube,you-0041,"Pro tip: Search by year first, like ""2019"", then scroll within that. Much faster than scrolling from today.",Not retrieval-related,Not stated,Not stated,time/date reference,Not stated,Not applicable,Not applicable,Not applicable,Not applicable,Not applicable
youtube,you-0042,"Great video. Still, does anyone know how to find the group photo from the night we all stayed up on the terrace? I need it now because one of them is getting married and we're making a video. I remember it was the night before someone moved abroad. I can't remember the date at all. I typed ""terrace"" in search and got a bunch of pictures that had nothing to do with it. After that I had no idea what else to try. In the end I texted my friend to send it again. Never found it.",Retrieval-related,Person-related memory,Video,person/relationship,date/time; exact wording/name,Contextual retrieval,Recovery-dependent,Precise identifier missing; Time approximate; People/relationship context remembered; Content remembered; exact wording uncertain,"Medium–High — multiple contextual clues, missing precise identifier",Unsuccessful — not found / abandoned
youtube,you-0043,"Honestly search is amazing. I typed ""doctor prescription eye drops"" and it found the photo of the prescription for my mother's eye drops in seconds.",Retrieval-related,Person-related memory,Photo/image,person/relationship,Not stated,Direct retrieval,Direct / efficient,People/relationship context remembered; Content remembered; exact wording uncertain,"Medium–High — multiple contextual clues, missing precise identifier",Successful — low effort
youtube,you-0044,"Search should work the way I remember things, like 'me wearing blue shirt white wall', not just single words.",Not retrieval-related,Not stated,Not stated,Not stated,Not stated,Not applicable,Not applicable,Not applicable,Not applicable,Not applicable
youtube,you-0045,"Great video. Still, i've been looking for a photo of the rental agreement for days. Timing wise it was when we moved into this flat, 2021 or so. I can't remember the date at all. I searched ""agreement 2021"" and got no results. The text in the photo doesn't seem to be searchable. I checked my Gmail in case I had sent it to someone. I gave up on finding it.",Retrieval-related,General photo/media retrieval,Video,time/date reference,date/time; exact wording/name,Contextual retrieval,Recovery-dependent,Precise identifier missing; Time approximate; Content remembered; exact wording uncertain,"Medium–High — multiple contextual clues, missing precise identifier",Unsuccessful — not found / abandoned
youtube,you-0046,"didn't remember anything except a handwritten board in hindi, searched for that and it showed up. impressed.",Not retrieval-related,Not stated,Not stated,Not stated,Not stated,Not applicable,Not applicable,Not applicable,Not applicable,Not applicable
youtube,you-0047,"what worked for me: search for the thing plus the city, e.g. ""cake bangalore"", works better than a sentence for me.",Not retrieval-related,Not stated,Not stated,Not stated,Not stated,Not applicable,Not applicable,Not applicable,Not applicable,Not applicable
youtube,you-0048,"I remember photos by who I was with and what we were doing, not by where the GPS says I was.",Retrieval-related,General photo/media retrieval,Photo/image,Not stated,Not stated,Contextual retrieval,Contextual / first attempt,Contextual clues available; precise identifier varies,Low–Medium — relatively strong clue set,Successful — low effort
youtube,you-0051,"Try searching for something visible in the photo instead of what happened, like ""stage"" or ""cake"". The user remembers contextual details but lacks a precise identifier, so retrieval depends on connecting those clues.",Retrieval-related,General photo/media retrieval,Photo/image,Not stated,Not stated,Contextual retrieval,Contextual / first attempt,People/relationship context remembered; Content remembered; exact wording uncertain,"Medium–High — multiple contextual clues, missing precise identifier",Successful — low effort
youtube,you-0052,"Pro tip: If it was a screenshot, open the Screenshots category first and then scroll by month. The user remembers contextual details but lacks a precise identifier, so retrieval depends on connecting those clues.",Retrieval-related,Document / screenshot retrieval,Screenshot,document/screenshot context,Not stated,Contextual retrieval,Recovery-dependent,Time approximate; People/relationship context remembered; Content remembered; exact wording uncertain,"Medium–High — multiple contextual clues, missing precise identifier",Successful — high effort
youtube,you-0053,"from experience, search by year first, like ""2019"", then scroll within that. much faster than scrolling from today.",Not retrieval-related,Not stated,Not stated,time/date reference,Not stated,Not applicable,Not applicable,Not applicable,Not applicable,Not applicable
youtube,you-0054,"Search by year first, like ""2019"", then scroll within that. Much faster than scrolling from today.",Not retrieval-related,Not stated,Not stated,time/date reference,Not stated,Not applicable,Not applicable,Not applicable,Not applicable,Not applicable
youtube,you-0055,"I remember photos by who I was with and what we were doing, not by where the GPS says I was.",Retrieval-related,General photo/media retrieval,Photo/image,Not stated,Not stated,Contextual retrieval,Contextual / first attempt,Contextual clues available; precise identifier varies,Low–Medium — relatively strong clue set,Successful — low effort
youtube,you-0057,"Looking for the photo of the whiteboard from our planning session. I need it because my manager needs the timeline. For context, we photographed it after the workshop. I don't remember the exact words on it. Tried ""whiteboard with launch timeline"" and got no results. I just didn't know how to describe it in a way search would get. I scrolled for like 40 minutes. Found one that might be it, but I'm not sure it's the same one.",Retrieval-related,General photo/media retrieval,Photo/image,Not stated,exact wording/name,Contextual retrieval,Candidate-heavy,Precise identifier missing; Place/event context remembered; People/relationship context remembered; Content remembered; exact wording uncertain,"Medium–High — multiple contextual clues, missing precise identifier",Unsuccessful — not found / abandoned
youtube,you-0058,"Great video. Still, looking for the photo with the bride and my grandmother. I can picture grandma in a green saree sitting on the stage. I don't remember which album it went into. I searched ""grandmother"" and nothing came up. The photo is definitely in my library but search never shows it. In the end I texted my friend to send it again. Found one that might be it, but I'm not sure it's the same one.",Retrieval-related,Person-related memory,Video,person/relationship,exact wording/name,Contextual retrieval,Candidate-heavy,Precise identifier missing; People/relationship context remembered; Content remembered; exact wording uncertain,"Medium–High — multiple contextual clues, missing precise identifier",Unsuccessful — not found / abandoned
youtube,you-0059,"Minor gripe: Backup has been stuck on 'preparing' for three days. Very annoying. Deleted photos don't free up space on the phone, confusing.",Not retrieval-related,Not stated,Photo/image,Not stated,Not stated,Not applicable,Not applicable,Not applicable,Not applicable,Not applicable
youtube,you-0061,"Honestly, Syncing between my two phones is inconsistent. Please add a dark mode for the web version.",Not retrieval-related,Not stated,Not stated,Not stated,Not stated,Not applicable,Not applicable,Not applicable,Not applicable,Not applicable
youtube,you-0062,"I remember photos by who I was with and what we were doing, not by where the GPS says I was.",Retrieval-related,General photo/media retrieval,Photo/image,Not stated,Not stated,Contextual retrieval,Contextual / first attempt,Contextual clues available; precise identifier varies,Low–Medium — relatively strong clue set,Successful — low effort
youtube,you-0063,"Does anyone know how to find the screenshot of the train booking confirmation? I can picture a white screen with a green tick. I can't recall what it said exactly. Tried ""ticket"" and nothing came up. Text inside screenshots doesn't seem to be searchable. Eventually I searched my WhatsApp chats instead. Got it eventually, after three days.",Retrieval-related,Document / screenshot retrieval,Screenshot,document/screenshot context,exact wording/name,Contextual retrieval,Recovery-dependent,Precise identifier missing; Content remembered; exact wording uncertain,"Medium–High — multiple contextual clues, missing precise identifier",Unsuccessful — not found / abandoned
youtube,you-0064,what worked for me: name the face groups. searching a person's name works way better than describing them.,Not retrieval-related,Person-related memory,Not stated,person/relationship,Not stated,Not applicable,Not applicable,Not applicable,Not applicable,Not applicable
youtube,you-0066,It would help if the app told me why a photo showed up in results.,Not retrieval-related,Not stated,Photo/image,Not stated,Not stated,Not applicable,Not applicable,Not applicable,Not applicable,Not applicable
youtube,you-0067,"looking for a photo of the rental agreement. i need it now because the landlord is refusing to return the deposit. it was when we moved into this flat, 2021 or so. i can't remember the date at all. i typed ""rent agreement document pages"" in search and it popped up near the top. got it eventually, after two evenings.",Retrieval-related,Document / screenshot retrieval,Document,time/date reference; document/screenshot context,date/time,Contextual retrieval,Contextual / first attempt,Precise identifier missing; Time approximate; People/relationship context remembered; Content remembered; exact wording uncertain,"Medium–High — multiple contextual clues, missing precise identifier",Successful — high effort
youtube,you-0069,Minor gripe: Too many notifications about 'memories' I didn't ask for. Storage is full again and now they want me to pay for more. Too expensive for what it is.,Not retrieval-related,Not stated,Not stated,Not stated,Not stated,Not applicable,Not applicable,Not applicable,Not applicable,Not applicable
youtube,you-0070,Update: Too many notifications about 'memories' I didn't ask for.,Not retrieval-related,Not stated,Not stated,Not stated,Not stated,Not applicable,Not applicable,Not applicable,Not applicable,Not applicable
youtube,you-0071,"Pro tip: Ask whoever was there, someone in the group chat usually still has it.",Not retrieval-related,Not stated,Not stated,Not stated,Not stated,Not applicable,Not applicable,Not applicable,Not applicable,Not applicable
youtube,you-0072,"Minor gripe: The editing tools are great, the magic eraser is really good. Storage is full again and now they want me to pay for more. Too expensive for what it is.",Not retrieval-related,Not stated,Not stated,Not stated,Not stated,Not applicable,Not applicable,Not applicable,Not applicable,Not applicable
youtube,you-0073,"I've been looking for a picture of the ramen bowl from the tiny shop for days. I know it was near the station in Tokyo. No clue what the place was called. I searched ""ramen bowl with egg at a small shop near station"" and got thousands of results to scroll through. There are so many almost identical shots from that day that I can't tell which one it is. I found a similar one but not the exact photo I wanted. The user remembers contextual details but lacks a precise identifier, so retrieval depends on connecting those clues.",Retrieval-related,General photo/media retrieval,Photo/image,Not stated,Not stated,Contextual retrieval,Candidate-heavy,Place/event context remembered; People/relationship context remembered; Content remembered; exact wording uncertain,High — many plausible candidates / weak discrimination,Unsuccessful — not found / abandoned
youtube,you-0074,"What worked for me: Tip: if location history was on, try the map view and zoom into the area instead of searching the name.",Not retrieval-related,Not stated,Not stated,Not stated,Not stated,Not applicable,Not applicable,Not applicable,Not applicable,Not applicable
youtube,you-0075,minor gripe: too many notifications about 'memories' i didn't ask for.,Not retrieval-related,Not stated,Not stated,Not stated,Not stated,Not applicable,Not applicable,Not applicable,Not applicable,Not applicable
youtube,you-0077,It's frustrating that I have to guess what word the app uses for something.,Not retrieval-related,Not stated,Not stated,Not stated,Not stated,Not applicable,Not applicable,Not applicable,Not applicable,Not applicable
youtube,you-0078,Minor gripe: The app is slow to load thumbnails on my old phone.,Not retrieval-related,Not stated,Not stated,Not stated,Not stated,Not applicable,Not applicable,Not applicable,Not applicable,Not applicable
youtube,you-0080,minor gripe: app keeps crashing when i open a large video.,Not retrieval-related,Not stated,Video,Not stated,Not stated,Not applicable,Not applicable,Not applicable,Not applicable,Not applicable
youtube,you-0081,"From experience, You can search text inside photos sometimes, but it only works if the words are clear in the image. The user remembers contextual details but lacks a precise identifier, so retrieval depends on connecting those clues.",Retrieval-related,General photo/media retrieval,Photo/image,Not stated,Not stated,Contextual retrieval,Contextual / first attempt,People/relationship context remembered; Content remembered; exact wording uncertain,"Medium–High — multiple contextual clues, missing precise identifier",Successful — low effort
youtube,you-0082,It would help if the app told me why a photo showed up in results.,Not retrieval-related,Not stated,Photo/image,Not stated,Not stated,Not applicable,Not applicable,Not applicable,Not applicable,Not applicable
youtube,you-0083,It's frustrating that I have to guess what word the app uses for something.,Not retrieval-related,Not stated,Not stated,Not stated,Not stated,Not applicable,Not applicable,Not applicable,Not applicable,Not applicable
youtube,you-0084,"Tried the tips from this video but i'm trying to find the photo with the bride and my grandmother. I need it because grandma wants a print. All I remember visually is grandma in a green saree sitting on the stage. I can't remember the date at all. Tried ""grandmother"" and nothing came up. I think it's in a shared album someone else made, not my library. Ended up scrolling back through years of photos. I gave up on finding it.",Retrieval-related,Person-related memory,Video,person/relationship,date/time,Contextual retrieval,Recovery-dependent,Precise identifier missing; Time approximate; People/relationship context remembered,"Medium–High — multiple contextual clues, missing precise identifier",Unsuccessful — not found / abandoned
youtube,you-0086,"Something that helps: Ask whoever was there, someone in the group chat usually still has it.",Not retrieval-related,Not stated,Not stated,Not stated,Not stated,Not applicable,Not applicable,Not applicable,Not applicable,Not applicable
youtube,you-0087,"Great video. Still, does anyone know how to find the photo of the electrician's handwritten estimate? I need it because he's charging way more now. The photo shows a handwritten estimate. I don't know what word the app would use for it. I searched ""estimate"" and got thousands of results to scroll through. I have hundreds of similar shots and can't tell which one it was. Never found it.",Retrieval-related,General photo/media retrieval,Video,Not stated,Not stated,Contextual retrieval,Candidate-heavy,Precise identifier missing; People/relationship context remembered,High — many plausible candidates / weak discrimination,Unsuccessful — not found / abandoned
youtube,you-0090,"Pro tip: Ask whoever was there, someone in the group chat usually still has it.",Not retrieval-related,Not stated,Not stated,Not stated,Not stated,Not applicable,Not applicable,Not applicable,Not applicable,Not applicable
youtube,you-0091,"tried the tips from this video but i'm trying to find the picture of the pharmacy receipt. for context, i needed it for insurance reimbursement. i can't recall what it said exactly. i searched ""receipt"" and nothing came up. the text on the bill isn't searchable as far as i can tell. i checked my gmail in case i had sent it to someone. i gave up on finding it.",Retrieval-related,Document / screenshot retrieval,Video,document/screenshot context,exact wording/name,Contextual retrieval,Recovery-dependent,Precise identifier missing; Content remembered; exact wording uncertain,"Medium–High — multiple contextual clues, missing precise identifier",Unsuccessful — not found / abandoned
youtube,you-0092,It's frustrating that I have to guess what word the app uses for something.,Not retrieval-related,Not stated,Not stated,Not stated,Not stated,Not applicable,Not applicable,Not applicable,Not applicable,Not applicable
youtube,you-0093,name the face groups. searching a person's name works way better than describing them.,Not retrieval-related,Person-related memory,Not stated,person/relationship,Not stated,Not applicable,Not applicable,Not applicable,Not applicable,Not applicable
youtube,you-0094,It's frustrating that I have to guess what word the app uses for something.,Not retrieval-related,Not stated,Not stated,Not stated,Not stated,Not applicable,Not applicable,Not applicable,Not applicable,Not applicable
youtube,you-0095,"I've been looking for the photo of the electrician's handwritten estimate for days. I need it now because he's charging way more now. I remember he wrote it on a notebook page. No idea what to search for really. Tried ""handwritten estimate on notebook paper"" and got no results. The text on the bill isn't searchable as far as I can tell. Eventually I just gave up.",Retrieval-related,Document / screenshot retrieval,Document,document/screenshot context,Not stated,Contextual retrieval,Recovery-dependent,Precise identifier missing; People/relationship context remembered; Content remembered; exact wording uncertain,"Medium–High — multiple contextual clues, missing precise identifier",Unsuccessful — not found / abandoned
youtube,you-0096,"Great video. Still, does anyone know how to find that picture from the trip where we stayed near the beach? For context, location was probably off on my phone. The location data was probably off. I searched ""beach 2021"" and nothing came up. The location data was probably off so there's nothing to go on. I found a similar one but not the exact photo I wanted.",Retrieval-related,Trip / experience memory,Video,place/trip/experience context; time/date reference,Not stated,Contextual retrieval,Recovery-dependent,Time approximate; Place/event context remembered; Content remembered; exact wording uncertain,"Medium–High — multiple contextual clues, missing precise identifier",Unsuccessful — not found / abandoned
youtube,you-0098,"Honestly, Why did they move the sharing button? The new layout is confusing.",Not retrieval-related,Not stated,Not stated,Not stated,Not stated,Not applicable,Not applicable,Not applicable,Not applicable,Not applicable
youtube,you-0099,"What worked for me: Use the date jump on the scrollbar, drag to the year and go month by month.",Not retrieval-related,Not stated,Not stated,Not stated,Not stated,Not applicable,Not applicable,Not applicable,Not applicable,Not applicable
youtube,you-0100,"Great video. Still, i'm trying to find the photo of the stage when they announced the results. It had my team in it. I have no idea what year it was. I typed ""me on stage with trophy under purple lights"" in search and it gave me hundreds of photos. I have hundreds of similar shots and can't tell which one it was. Ended up scrolling back through years of photos. Eventually I just gave up.",Retrieval-related,Event memory,Video,Not stated,Not stated,Contextual retrieval,Candidate-heavy,Precise identifier missing; Time approximate; People/relationship context remembered,High — many plausible candidates / weak discrimination,Unsuccessful — not found / abandoned
youtube,you-0101,"Great video. Still, looking for the old scanned photo of my grandparents' wedding. I remember my grandparents being in it. Not sure which month or year, honestly. I searched ""scan"" and got no results. After that I had no idea what else to try. I found a similar one but not the exact photo I wanted.",Retrieval-related,Document / screenshot retrieval,Video,document/screenshot context,Not stated,Contextual retrieval,Recovery-dependent,Precise identifier missing; Time approximate; Place/event context remembered,"Medium–High — multiple contextual clues, missing precise identifier",Unsuccessful — not found / abandoned
youtube,you-0102,"search should work the way i remember things, like 'family in white clothes with diyas', not just single words.",Not retrieval-related,Person-related memory,Not stated,person/relationship,Not stated,Not applicable,Not applicable,Not applicable,Not applicable,Not applicable
youtube,you-0103,"The search is fine if you know exactly what you want, but not when you only half remember it.",Not retrieval-related,Not stated,Not stated,Not stated,Not stated,Not applicable,Not applicable,Not applicable,Not applicable,Not applicable
youtube,you-0104,"Honestly search is amazing. I typed ""family in white clothes with diyas"" and it found the family photo from Diwali where everyone is wearing white in seconds.",Retrieval-related,Person-related memory,Photo/image,person/relationship,Not stated,Direct retrieval,Direct / efficient,People/relationship context remembered,Low–Medium — relatively strong clue set,Successful — low effort
youtube,you-0105,"Great video. Still, looking for a shot of the fireworks at the new year party. I need it now because I wanted to post a throwback. For context, it was just before midnight. I don't remember when exactly. Searched for ""31 december"" but it just showed random photos. It seems like search ignores half of what I type and only matches one word. Ended up scrolling back through years of photos. Found one that might be it, but I'm not sure it's the same one.",Retrieval-related,Event memory,Video,Not stated,date/time; exact wording/name,Contextual retrieval,Candidate-heavy,Precise identifier missing; Time approximate; People/relationship context remembered; Content remembered; exact wording uncertain,"Medium–High — multiple contextual clues, missing precise identifier",Successful — high effort
youtube,you-0106,"From experience, Search by year first, like ""2019"", then scroll within that. Much faster than scrolling from today.",Not retrieval-related,Not stated,Not stated,time/date reference,Not stated,Not applicable,Not applicable,Not applicable,Not applicable,Not applicable
youtube,you-0107,"Pro tip: Use the date jump on the scrollbar, drag to the year and go month by month.",Not retrieval-related,Not stated,Not stated,Not stated,Not stated,Not applicable,Not applicable,Not applicable,Not applicable,Not applicable
youtube,you-0108,"Didn't remember anything except a small card taped to the invoice, searched for that and it showed up. Impressed.",Not retrieval-related,Document / screenshot retrieval,Document,document/screenshot context,Not stated,Not applicable,Not applicable,Not applicable,Not applicable,Not applicable
youtube,you-0109,"I don't remember dates, nobody does. Searching by date is useless for old memories.",Not retrieval-related,Not stated,Not stated,Not stated,date/time,Not applicable,Not applicable,Not applicable,Not applicable,Not applicable
youtube,you-0110,"I remember photos by who I was with and what we were doing, not by where the GPS says I was.",Retrieval-related,General photo/media retrieval,Photo/image,Not stated,Not stated,Contextual retrieval,Contextual / first attempt,Contextual clues available; precise identifier varies,Low–Medium — relatively strong clue set,Successful — low effort
youtube,you-0111,"From experience, If it was a screenshot, open the Screenshots category first and then scroll by month. The user remembers contextual details but lacks a precise identifier, so retrieval depends on connecting those clues.",Retrieval-related,Document / screenshot retrieval,Screenshot,document/screenshot context,Not stated,Contextual retrieval,Recovery-dependent,Time approximate; People/relationship context remembered; Content remembered; exact wording uncertain,"Medium–High — multiple contextual clues, missing precise identifier",Successful — high effort
youtube,you-0112,"Honestly search is amazing. I typed ""video of mom singing at dinner"" and it found the video of my mom singing at the dinner table in seconds.",Retrieval-related,Person-related memory,Video,person/relationship,Not stated,Direct retrieval,Direct / efficient,People/relationship context remembered,Low–Medium — relatively strong clue set,Successful — low effort
youtube,you-0113,"From experience, Use the date jump on the scrollbar, drag to the year and go month by month.",Not retrieval-related,Not stated,Not stated,Not stated,Not stated,Not applicable,Not applicable,Not applicable,Not applicable,Not applicable
youtube,you-0115,"This didn't help me: looking for the photo of my son's first steps. Timing wise it was when he was around one, so 2019 probably. I don't remember when exactly. Searched for ""baby walking"" and nothing came up. The photo is definitely in my library but search never shows it. Found one that might be it, but I'm not sure it's the same one.",Retrieval-related,General photo/media retrieval,Photo/image,time/date reference,date/time; exact wording/name,Contextual retrieval,Candidate-heavy,Precise identifier missing; Time approximate,"Medium–High — multiple contextual clues, missing precise identifier",Unsuccessful — not found / abandoned
youtube,you-0117,"The editing tools are great, the magic eraser is really good.",Not retrieval-related,Not stated,Not stated,Not stated,Not stated,Not applicable,Not applicable,Not applicable,Not applicable,Not applicable
youtube,you-0118,"Search should work the way I remember things, like 'college marksheet with blue border', not just single words.",Not retrieval-related,Not stated,Not stated,Not stated,Not stated,Not applicable,Not applicable,Not applicable,Not applicable,Not applicable
youtube,you-0119,"Does anyone know how to find the photo of us at the football match? I need it because reunion group chat asked for it. Timing wise it was some time after school ended. I can't remember the date at all. Searched for ""football"" and got a bunch of pictures that had nothing to do with it. I ran out of ideas pretty quickly. I asked my sister if she still had it. Never found it.",Retrieval-related,Person-related memory,Photo/image,person/relationship,date/time,Direct retrieval,Direct / efficient,Precise identifier missing; Time approximate; People/relationship context remembered; Content remembered; exact wording uncertain,"Medium–High — multiple contextual clues, missing precise identifier",Unsuccessful — not found / abandoned
forums,for-0001,"On iOS. Does anyone know how to find that picture from the trip where we stayed near the beach? I need it now because I want to book the same homestay. I know it was at a homestay near a quiet beach. Timing wise it was 2021 or 2022, not sure. For context, location was probably off on my phone. This was during a long weekend trip. I can't remember the date at all. I typed ""beach 2021"" in search and got a bunch of pictures that had nothing to do with it. I didn't know what else to try. I went through the map view hoping to spot it. I kept retyping different searches. Found one that might be it, but I'm not sure it's the same one. Am I doing something wrong?",Retrieval-related,Trip / experience memory,Photo/image,place/trip/experience context; time/date reference,date/time; location; exact wording/name,Contextual retrieval,Candidate-heavy,Precise identifier missing; Time approximate; Place/event context remembered; People/relationship context remembered; Content remembered; exact wording uncertain,"Medium–High — multiple contextual clues, missing precise identifier",Successful — high effort
forums,for-0002,"Does anyone know how to find the photo of my first tattoo right after I got it? I need it because the artist asked for a before picture. I remember it was still covered with cling film. It's a picture of a tattoo. Not sure which month or year, honestly. I typed ""tattoo"" in search and got thousands of results to scroll through. Tried ""tattoo"" and got thousands of results to scroll through. Searched for ""fresh wave tattoo on wrist"" and got thousands of results to scroll through. I have hundreds of similar shots and can't tell which one it was. I scrolled for like 40 minutes. I went through the face group for that person too. Finally found it after half an hour of scrolling. Any tips?",Retrieval-related,Person-related memory,Photo/image,person/relationship,Not stated,Contextual retrieval,Candidate-heavy,Precise identifier missing; Time approximate; People/relationship context remembered,High — many plausible candidates / weak discrimination,Unsuccessful — not found / abandoned
forums,for-0003,"Does anyone know how to find the photo of the electrician's handwritten estimate? I need it because he's charging way more now. It's a picture of a handwritten estimate. I remember it showed the amount for rewiring. All I remember visually is blue pen on lined paper. I can't recall what it said exactly. Tried ""handwritten estimate on notebook paper"" but it just showed random photos. Searched for ""estimate"" and nothing came up. Tried ""electrician"" and nothing came up. I just didn't know how to describe it in a way search would get. I scrolled for like 40 minutes. Finally found it after way too long.",Retrieval-related,General photo/media retrieval,Photo/image,Not stated,exact wording/name,Contextual retrieval,Recovery-dependent,Precise identifier missing; People/relationship context remembered,"Medium–High — multiple contextual clues, missing precise identifier",Unsuccessful — not found / abandoned
forums,for-0004,It's frustrating that I have to guess what word the app uses for something.,Not retrieval-related,Not stated,Not stated,Not stated,Not stated,Not applicable,Not applicable,Not applicable,Not applicable,Not applicable
forums,for-0005,"On my iPhone. Looking for the photo of the bill I took sometime last summer. I need it because a friend still hasn't paid me back and disputes the amount. Timing wise it was sometime last summer. I remember it showed the total and the GST number. I can picture a long crumpled receipt. For context, we were splitting it between six people. I don't remember the exact words on it. Tried ""bill"" and got no results. Tried ""restaurant bill split between friends"" and got a bunch of pictures that had nothing to do with it. I just didn't know how to describe it in a way search would get. Eventually I searched my WhatsApp chats instead. Still haven't found it. Any tips?",Retrieval-related,Trip / experience memory,Document,place/trip/experience context; person/relationship; document/screenshot context,exact wording/name,Contextual retrieval,Recovery-dependent,Precise identifier missing; Time approximate; Place/event context remembered; People/relationship context remembered; Content remembered; exact wording uncertain,"Medium–High — multiple contextual clues, missing precise identifier",Unsuccessful — not found / abandoned
forums,for-0007,"I've got about 90k photos and videos. Looking for a photo of the rental agreement. I need it now because the landlord is refusing to return the deposit. The photo shows the rental agreement. I remember stamp paper with a purple stamp. I don't remember when exactly. Searched for ""agreement"" and got a bunch of pictures that had nothing to do with it. I searched ""agreement 2021"" and nothing came up. I know exactly what it looks like but can't put it into search words. I checked my Gmail in case I had sent it to someone. I scrolled for like 40 minutes. I gave up on finding it. How do you all deal with this?",Retrieval-related,General photo/media retrieval,Video,time/date reference,date/time; exact wording/name,Contextual retrieval,Recovery-dependent,Precise identifier missing; Time approximate; People/relationship context remembered,"Medium–High — multiple contextual clues, missing precise identifier",Unsuccessful — not found / abandoned
forums,for-0008,"Does anyone know how to find a shot of the fireworks at the new year party? I need it now because I wanted to post a throwback. It's from the new year party at the club. It was one of the new years, 2019 or 2020. I can't remember the date at all. Tried ""green fireworks over pool"" and got no results. Tried ""fireworks"" and nothing came up. I searched ""31 december"" and got no results. The photo is definitely in my library but search never shows it. I jumped to roughly that year with the scrollbar and went month by month. I went through the face group for that person too. I found a similar one but not the exact photo I wanted.",Retrieval-related,Event memory,Photo/image,time/date reference; person/relationship,date/time,Contextual retrieval,Recovery-dependent,Precise identifier missing; Time approximate; People/relationship context remembered,"Medium–High — multiple contextual clues, missing precise identifier",Unsuccessful — not found / abandoned
forums,for-0009,"On my Pixel. Looking for the photo of the bill I took sometime last summer. I need it now because a friend still hasn't paid me back and disputes the amount. I remember it showed the total and the GST number. The photo shows a restaurant bill. It was sometime last summer. I have no idea what year it was. Tried ""june bill"" but it just showed random photos. Tried ""bill"" but it just showed random photos. I just didn't know how to describe it in a way search would get. Eventually I searched my WhatsApp chats instead. Never found it. Is there a better way to search for stuff like this?",Retrieval-related,Trip / experience memory,Document,place/trip/experience context; person/relationship; document/screenshot context,Not stated,Contextual retrieval,Recovery-dependent,Precise identifier missing; Time approximate; Place/event context remembered; People/relationship context remembered; Content remembered; exact wording uncertain,"Medium–High — multiple contextual clues, missing precise identifier",Unsuccessful — not found / abandoned
forums,for-0010,"Looking for the video of my dog meeting the new puppy. I need it because our old dog passed away last week. I remember our old dog being in it. I remember the puppy running circles around him. I don't remember when exactly. I typed ""2020 video"" in search and got a bunch of pictures that had nothing to do with it. How do you even search for something like that? In the end I texted my friend to send it again. Finally found it after three days. How do you all deal with this?",Retrieval-related,Person-related memory,Video,time/date reference; person/relationship,date/time; exact wording/name,Contextual retrieval,Contextual / first attempt,Precise identifier missing; Time approximate; People/relationship context remembered; Content remembered; exact wording uncertain,"Medium–High — multiple contextual clues, missing precise identifier",Unsuccessful — not found / abandoned
forums,for-0011,Pro tip: Name the face groups. Searching a person's name works way better than describing them.,Not retrieval-related,Person-related memory,Not stated,person/relationship,Not stated,Not applicable,Not applicable,Not applicable,Not applicable,Not applicable
forums,for-0012,Pro tip: Check whether the photo was ever backed up. If it was from an old phone it might never have been uploaded.,Not retrieval-related,Not stated,Photo/image,Not stated,Not stated,Not applicable,Not applicable,Not applicable,Not applicable,Not applicable
forums,for-0013,"Pro tip: Use the date jump on the scrollbar, drag to the year and go month by month.",Not retrieval-related,Not stated,Not stated,Not stated,Not stated,Not applicable,Not applicable,Not applicable,Not applicable,Not applicable
forums,for-0014,"I'm trying to find the photo of the warranty card for the washing machine. I need it because the machine broke and service wants the warranty. Timing wise it was when we bought it, 2 years ago maybe. All I remember visually is a small card taped to the invoice. I don't remember when exactly. I can't recall what it said exactly. I typed ""warranty"" in search and got a bunch of pictures that had nothing to do with it. Searched for ""warranty 2024"" and got no results. Tried ""washing machine warranty card"" and got a bunch of pictures that had nothing to do with it. I didn't know what else to try. I checked my Gmail in case I had sent it to someone. I kept retyping different searches. I gave up on finding it. Is there a better way to search for stuff like this?",Retrieval-related,Document / screenshot retrieval,Document,time/date reference; document/screenshot context,date/time; exact wording/name,Contextual retrieval,Recovery-dependent,Precise identifier missing; Time approximate; People/relationship context remembered,"Medium–High — multiple contextual clues, missing precise identifier",Unsuccessful — not found / abandoned
forums,for-0016,Two things. Uploading in original quality eats my data plan.,Not retrieval-related,Not stated,Not stated,Not stated,Not stated,Not applicable,Not applicable,Not applicable,Not applicable,Not applicable
forums,for-0017,"I'm trying to find the family photo from Diwali where everyone is wearing white. I need it because my aunt asked me to send it. I remember the whole extended family being in it. It was for Diwali. It was taken at my aunt's house. I remember everyone in white kurtas with diyas in front. I can't remember the date at all. I typed ""diwali 2018"" in search and got no results. Tried ""family in white clothes with diyas"" and got no results. I typed ""diwali"" in search and nothing came up. The photo is definitely in my library but search never shows it. Ended up scrolling back through years of photos. I jumped to roughly that year with the scrollbar and went month by month. Got it eventually, after three days. Any tips?",Retrieval-related,Event memory,Photo/image,time/date reference; person/relationship,date/time; location,Contextual retrieval,Recovery-dependent,Precise identifier missing; Time approximate; People/relationship context remembered,"Medium–High — multiple contextual clues, missing precise identifier",Unsuccessful — not found / abandoned
forums,for-0018,"Honestly search is amazing. I typed ""college marksheet with blue border"" and it found the picture of my college marksheet in seconds.",Retrieval-related,General photo/media retrieval,Photo/image,Not stated,Not stated,Direct retrieval,Direct / efficient,Place/event context remembered,Low–Medium — relatively strong clue set,Successful — low effort
forums,for-0019,"I'm trying to find a picture of the sofa fabric sample. I need it now because we're finally ordering the sofa. Timing wise it was when we were redoing the living room. I can picture a mustard-coloured textured fabric. It was taken at the furniture shop. No idea what the thing is actually called. I don't remember when exactly. I searched ""fabric"" and got no results. I searched ""furniture shop"" and nothing came up. I typed ""mustard fabric sample"" in search and nothing came up. Text inside screenshots doesn't seem to be searchable. I tried the screenshots category filter as well. Tried synonyms like ""cloth"" too. Never found it.",Retrieval-related,Document / screenshot retrieval,Screenshot,document/screenshot context,date/time; exact wording/name,Contextual retrieval,Recovery-dependent,Precise identifier missing; Place/event context remembered; People/relationship context remembered; Content remembered; exact wording uncertain,"Medium–High — multiple contextual clues, missing precise identifier",Unsuccessful — not found / abandoned
forums,for-0020,"Looking for the class photo from school farewell. I need it because our class WhatsApp group is collecting old photos. It was a photo of a printed photo my classmate sent. All I remember visually is everyone in sarees and suits on the school steps. I remember my whole class being in it. I don't remember when exactly. The photo probably has no proper date on it. Searched for ""2010"" and got thousands of results to scroll through. Tried ""farewell"" and it gave me hundreds of photos. I searched ""class photo on school steps sarees suits"" and got thousands of results to scroll through. All the results look the same as tiny thumbnails. I kept retyping different searches. I jumped to roughly that year with the scrollbar and went month by month. I gave up on finding it. How do you all deal with this?",Retrieval-related,General photo/media retrieval,Photo/image,time/date reference,date/time; exact wording/name,Contextual retrieval,Candidate-heavy,Precise identifier missing; Time approximate; People/relationship context remembered,High — many plausible candidates / weak discrimination,Unsuccessful — not found / abandoned
forums,for-0023,"Search should work the way I remember things, like 'handwritten street food menu board', not just single words.",Not retrieval-related,Not stated,Not stated,Not stated,Not stated,Not applicable,Not applicable,Not applicable,Not applicable,Not applicable
forums,for-0024,"Looking for the photo of my car's insurance papers. I remember a folded paper on the dashboard. For context, I took it in the car when the traffic police stopped me once. Timing wise it was last year sometime. I don't remember when exactly. Searched for ""insurance"" and nothing came up. Searched for ""insurance"" and got no results. I just didn't know how to describe it in a way search would get. Eventually I searched my WhatsApp chats instead. I gave up on finding it. Any tips?",Retrieval-related,Event memory,Photo/image,time/date reference,date/time; exact wording/name,Contextual retrieval,Recovery-dependent,Precise identifier missing; Time approximate; People/relationship context remembered; Content remembered; exact wording uncertain,"Medium–High — multiple contextual clues, missing precise identifier",Unsuccessful — not found / abandoned
forums,for-0025,"Something that helps: Tip: if location history was on, try the map view and zoom into the area instead of searching the name.",Not retrieval-related,Not stated,Not stated,Not stated,Not stated,Not applicable,Not applicable,Not applicable,Not applicable,Not applicable
forums,for-0026,Two things. App keeps crashing when I open a large video.,Not retrieval-related,Not stated,Video,Not stated,Not stated,Not applicable,Not applicable,Not applicable,Not applicable,Not applicable
forums,for-0027,"I've been looking for the photo with the bride and my grandmother for days. I need it now because grandma wants a print. It had my grandmother and my sister-in-law in it. Timing wise it was reception night. Not sure which month or year, honestly. I don't remember which album it went into. Searched for ""old lady in green saree with bride on stage"" and got thousands of results to scroll through. All the results look the same as tiny thumbnails. I asked my sister if she still had it. Found one that might be it, but I'm not sure it's the same one.",Retrieval-related,Person-related memory,Photo/image,person/relationship,date/time,Contextual retrieval,Candidate-heavy,Precise identifier missing; Time approximate; People/relationship context remembered,High — many plausible candidates / weak discrimination,Unsuccessful — not found / abandoned
forums,for-0028,"Looking for the old scanned photo of my grandparents' wedding. I need it because we're printing a family tree. It was a scan my uncle sent me. All I remember visually is black and white, grandma in a big necklace. I don't remember when exactly. I typed ""black and white wedding photo grandparents"" in search and it gave me hundreds of photos. I searched ""old photo"" and it gave me hundreds of photos. All the results look the same as tiny thumbnails. I went through the face group for that person too. I jumped to roughly that year with the scrollbar and went month by month. Never found it. Is there a better way to search for stuff like this?",Retrieval-related,Document / screenshot retrieval,Document,person/relationship; document/screenshot context,date/time; exact wording/name,Contextual retrieval,Candidate-heavy,Precise identifier missing; Time approximate; Place/event context remembered; People/relationship context remembered,High — many plausible candidates / weak discrimination,Unsuccessful — not found / abandoned
forums,for-0029,"Pro tip: You can search text inside photos sometimes, but it only works if the words are clear in the image. The user remembers contextual details but lacks a precise identifier, so retrieval depends on connecting those clues.",Retrieval-related,General photo/media retrieval,Photo/image,Not stated,Not stated,Contextual retrieval,Contextual / first attempt,People/relationship context remembered; Content remembered; exact wording uncertain,"Medium–High — multiple contextual clues, missing precise identifier",Successful — low effort
forums,for-0030,It's frustrating that I have to guess what word the app uses for something.,Not retrieval-related,Not stated,Not stated,Not stated,Not stated,Not applicable,Not applicable,Not applicable,Not applicable,Not applicable
forums,for-0031,"I've been looking for the selfie from the concert for days. I need it because it's her birthday and I want to post it. It was not sure if it was the first or second day. All I remember visually is confetti in the air behind us. I remember my best friend being in it. Not sure which month or year, honestly. Tried ""coldplay"" and nothing came up. I searched ""concert"" and nothing came up. I didn't know what else to try. I jumped to roughly that year with the scrollbar and went month by month. I went through the face group for that person too. Got it eventually, after half an hour of scrolling.",Not retrieval-related,Event memory,Not stated,person/relationship,Not stated,Not applicable,Not applicable,Not applicable,Not applicable,Not applicable
forums,for-0032,"I'm trying to find the picture of the medicine I took when I was sick last year. I remember the doctor prescribed it when I had that bad fever. It's a picture of a strip of tablets. Timing wise it was last year, maybe during the rainy season. No idea what the thing is actually called. I have no idea what year it was. I searched ""medicine"" and got a bunch of pictures that had nothing to do with it. I typed ""medicine strip orange tablets"" in search and got a bunch of pictures that had nothing to do with it. I ran out of ideas pretty quickly. I scrolled for like 40 minutes. Never found it. Is there a better way to search for stuff like this?",Retrieval-related,Trip / experience memory,Photo/image,place/trip/experience context; time/date reference,Not stated,Direct retrieval,Direct / efficient,Precise identifier missing; Time approximate; Place/event context remembered,"Medium–High — multiple contextual clues, missing precise identifier",Unsuccessful — not found / abandoned
forums,for-0033,"Looking for the picture of the houseboat we stayed on. I need it because I wanted to print it for my parents' anniversary. It's from our family trip to Kerala. I remember my parents being in it. Timing wise it was a few years ago, before covid I think. I know it was somewhere in the Kerala backwaters. I have no idea what year it was. I typed ""dad standing on a boat with a wooden roof"" in search and got a bunch of pictures that had nothing to do with it. Searched for ""houseboat"" and got a bunch of pictures that had nothing to do with it. I didn't know what else to try. I jumped to roughly that year with the scrollbar and went month by month. I gave up on finding it. Is there a better way to search for stuff like this?",Retrieval-related,Trip / experience memory,Photo/image,place/trip/experience context; time/date reference; person/relationship,Not stated,Contextual retrieval,Recovery-dependent,Precise identifier missing; Time approximate; Place/event context remembered; People/relationship context remembered,"Medium–High — multiple contextual clues, missing precise identifier",Unsuccessful — not found / abandoned
forums,for-0034,"Does anyone know how to find the picture of my college marksheet? I can picture a certificate with a blue border. I remember it showed my semester grades. For context, I sent it to some HR at some point. I don't remember when exactly. Searched for ""2020 certificate"" and got no results. Tried ""marksheet"" but it just showed random photos. How do you even search for something like that? I kept retyping different searches. Tried synonyms like ""certificate"" too. Got it eventually, after way too long. Any tips?",Retrieval-related,Event memory,Photo/image,time/date reference,date/time; exact wording/name,Contextual retrieval,Recovery-dependent,Precise identifier missing; Time approximate; Place/event context remembered; People/relationship context remembered; Content remembered; exact wording uncertain,"Medium–High — multiple contextual clues, missing precise identifier",Unsuccessful — not found / abandoned
forums,for-0035,"Didn't remember anything except baby video, searched for that and it showed up. Impressed.",Retrieval-related,General photo/media retrieval,Video,Not stated,Not stated,Contextual retrieval,Contextual / first attempt,Contextual clues available; precise identifier varies,Low–Medium — relatively strong clue set,Successful — low effort
forums,for-0037,"I've been looking for the photo of my car's insurance papers for days. I remember it showed the policy number. All I remember visually is a folded paper on the dashboard. It was last year sometime. Not sure which month or year, honestly. I can't recall what it said exactly. I typed ""insurance"" in search and got no results. The text in the photo doesn't seem to be searchable. Tried synonyms like ""policy"" too. I found a similar one but not the exact photo I wanted. Any tips?",Retrieval-related,General photo/media retrieval,Photo/image,time/date reference,date/time; exact wording/name,Contextual retrieval,Recovery-dependent,Precise identifier missing; Time approximate; Content remembered; exact wording uncertain,"Medium–High — multiple contextual clues, missing precise identifier",Unsuccessful — not found / abandoned
forums,for-0039,"I've been looking for the candid of my cousin laughing during the haldi for days. Timing wise it was the morning before the wedding, 2023. I remember my cousin being in it. I remember someone had just thrown haldi on her. It's from my cousin's haldi. I can't remember the date at all. I typed ""girl laughing covered in yellow with marigolds"" in search and nothing came up. Searched for ""haldi"" and nothing came up. I searched ""2023 wedding"" and nothing came up. It just doesn't show up in search even though I know it's there. I scrolled for like 40 minutes. Never found it.",Not retrieval-related,Event memory,Not stated,time/date reference,date/time,Not applicable,Not applicable,Not applicable,Not applicable,Not applicable
forums,for-0040,"I'm trying to find that photo where I was wearing the blue shirt. I need it now because I need a profile photo for a new job. I can picture me in a light blue linen shirt against a white wall. It was taken at a friend's place, I think. I don't remember when exactly. I don't remember the name of the place. Searched for ""blue shirt"" and it gave me hundreds of photos. I searched ""me wearing blue shirt white wall"" and it gave me hundreds of photos. I searched ""summer"" and got thousands of results to scroll through. I have hundreds of similar shots and can't tell which one it was. I scrolled for like 40 minutes. Found one that might be it, but I'm not sure it's the same one. Any tips?",Retrieval-related,Person-related memory,Photo/image,person/relationship,date/time; location; exact wording/name,Contextual retrieval,Candidate-heavy,Precise identifier missing; Time approximate; People/relationship context remembered,High — many plausible candidates / weak discrimination,Successful — high effort
forums,for-0041,"My library is around 35k photos. I'm trying to find the photo of my car's insurance papers. I need it now because I had an accident and need the policy number. All I remember visually is a folded paper on the dashboard. It was last year sometime. I have no idea what year it was. I don't remember the exact words on it. Searched for ""insurance"" and got no results. The text in the photo doesn't seem to be searchable. I kept retyping different searches. Found one that might be it, but I'm not sure it's the same one. Any tips?",Retrieval-related,General photo/media retrieval,Photo/image,time/date reference,date/time; exact wording/name,Contextual retrieval,Candidate-heavy,Precise identifier missing; Time approximate; People/relationship context remembered; Content remembered; exact wording uncertain,"Medium–High — multiple contextual clues, missing precise identifier",Unsuccessful — not found / abandoned
forums,for-0042,"Minor gripe: Love the collage feature, made a nice one for my mom. Cancelled my subscription, moving everything to an external drive.",Not retrieval-related,Person-related memory,Not stated,person/relationship,Not stated,Not applicable,Not applicable,Not applicable,Not applicable,Not applicable
forums,for-0043,"Looking for the photo of my car's insurance papers. I need it because I had an accident and need the policy number. I can picture a folded paper on the dashboard. It's a picture of the insurance papers. For context, I took it in the car when the traffic police stopped me once. It had the policy number on it. I can't remember the date at all. I can't recall what it said exactly. I typed ""insurance"" in search and got no results. I didn't know what else to try. Ended up scrolling back through years of photos. I kept retyping different searches. Never found it. How do you all deal with this?",Retrieval-related,General photo/media retrieval,Photo/image,Not stated,date/time; exact wording/name,Contextual retrieval,Recovery-dependent,Precise identifier missing; Time approximate; People/relationship context remembered; Content remembered; exact wording uncertain,"Medium–High — multiple contextual clues, missing precise identifier",Unsuccessful — not found / abandoned
forums,for-0045,"Looking for the picture of the pharmacy receipt. I need it now because the insurance claim deadline is this week. I can picture thermal paper that was already fading. It was around when I was sick last year. It had the medicine names and total on it. I can't remember the date at all. I can't recall what it said exactly. I searched ""pharmacy"" but it just showed random photos. I ran out of ideas pretty quickly. I checked my Gmail in case I had sent it to someone. Found one that might be it, but I'm not sure it's the same one. Am I doing something wrong?",Retrieval-related,Document / screenshot retrieval,Document,time/date reference; document/screenshot context,date/time; exact wording/name,Direct retrieval,Direct / efficient,Precise identifier missing; Time approximate; People/relationship context remembered; Content remembered; exact wording uncertain,"Medium–High — multiple contextual clues, missing precise identifier",Successful — low effort
forums,for-0046,"I'm trying to find the picture of the pharmacy receipt. I need it because the insurance claim deadline is this week. It's a picture of a pharmacy bill. It was around when I was sick last year. I remember it showed the medicine names and total. I can't recall what it said exactly. Not sure which month or year, honestly. I typed ""pharmacy medicine bill"" in search and nothing came up. It just doesn't show up in search even though I know it's there. I kept retyping different searches. Never found it.",Retrieval-related,Document / screenshot retrieval,Document,time/date reference; document/screenshot context,date/time; exact wording/name,Contextual retrieval,Recovery-dependent,Precise identifier missing; Time approximate; People/relationship context remembered; Content remembered; exact wording uncertain,"Medium–High — multiple contextual clues, missing precise identifier",Unsuccessful — not found / abandoned
forums,for-0048,"Honestly search is amazing. I typed ""blood test report hospital"" and it found the photo of my dad's blood test report in seconds.",Retrieval-related,Person-related memory,Photo/image,person/relationship,Not stated,Direct retrieval,Direct / efficient,Contextual clues available; precise identifier varies,Low–Medium — relatively strong clue set,Successful — low effort
forums,for-0049,"I'm trying to find the photo of my son's vaccination card. I need it now because school admission needs it. It's a picture of the vaccination card. I remember a pink card with stamps. Timing wise it was when he was a baby. I remember it showed the dates of the last booster. I can't recall what it said exactly. Tried ""vaccination"" and got no results. Searched for ""vaccine"" and nothing came up. The photo is definitely in my library but search never shows it. I kept retyping different searches. I checked my Gmail in case I had sent it to someone. Never found it.",Retrieval-related,General photo/media retrieval,Photo/image,Not stated,date/time; exact wording/name,Contextual retrieval,Recovery-dependent,Precise identifier missing; Time approximate; People/relationship context remembered,"Medium–High — multiple contextual clues, missing precise identifier",Unsuccessful — not found / abandoned
forums,for-0050,"I take a ridiculous number of screenshots. I'm trying to find the screenshot of a chat where my landlord agreed to the repair. Timing wise it was sometime last spring. I remember it showed him saying he would pay for it. I don't remember the exact words on it. Tried ""chat screenshot"" and got thousands of results to scroll through. I typed ""screenshot of chat with landlord about repair"" in search and it gave me hundreds of photos. I searched ""whatsapp"" and it gave me hundreds of photos. There are so many almost identical shots from that day that I can't tell which one it is. I tried the screenshots category filter as well. Finally found it after about an hour. Am I doing something wrong?",Retrieval-related,Document / screenshot retrieval,Screenshot,document/screenshot context,location; exact wording/name,Contextual retrieval,Candidate-heavy,Precise identifier missing; People/relationship context remembered; Content remembered; exact wording uncertain,High — many plausible candidates / weak discrimination,Successful — high effort
forums,for-0051,"I'm trying to find the photo of the prescription for my mother's eye drops. I need it because the pharmacy needs the name. The photo shows a prescription. I remember the doctor's handwriting was unreadable. It was sometime after her cataract surgery. I remember it showed the name of the eye drops. I don't remember the exact words on it. I don't know what it's called. Searched for ""eye clinic"" and got a bunch of pictures that had nothing to do with it. Searched for ""doctor prescription eye drops"" and got no results. I searched ""prescription"" and got no results. I ran out of ideas pretty quickly. I scrolled for like 40 minutes. Found one that might be it, but I'm not sure it's the same one.",Retrieval-related,Person-related memory,Photo/image,person/relationship,exact wording/name,Direct retrieval,Direct / efficient,Precise identifier missing; People/relationship context remembered; Content remembered; exact wording uncertain,"Medium–High — multiple contextual clues, missing precise identifier",Unsuccessful — not found / abandoned
forums,for-0052,"My wife and I share a partner library. I'm trying to find the screenshot where I had the information about that course. I need it because the application deadline might be close. It had the course fees and the deadline on it. I remember a blue banner with a university logo. I don't remember the exact words on it. I searched ""course"" and got no results. I searched ""screenshot linkedin"" and got no results. Tried ""screenshot of course details with fees"" and got no results. It just doesn't show up in search even though I know it's there. I scrolled for like 40 minutes. Eventually I searched my WhatsApp chats instead. I gave up on finding it.",Retrieval-related,Document / screenshot retrieval,Screenshot,document/screenshot context,location; exact wording/name,Contextual retrieval,Recovery-dependent,Precise identifier missing; People/relationship context remembered; Content remembered; exact wording uncertain,"Medium–High — multiple contextual clues, missing precise identifier",Unsuccessful — not found / abandoned
forums,for-0053,Something that helps: Name the face groups. Searching a person's name works way better than describing them.,Not retrieval-related,Person-related memory,Not stated,person/relationship,Not stated,Not applicable,Not applicable,Not applicable,Not applicable,Not applicable
forums,for-0054,"On the web version on my laptop. Looking for the video of my dog meeting the new puppy. I need it because our old dog passed away last week. It was right after we adopted the puppy, 2020. I remember the puppy running circles around him. I remember our old dog being in it. We were in our backyard when I took it. I can't remember the date at all. I typed ""video of old dog meeting new puppy"" in search and nothing came up. I searched ""2020 video"" and nothing came up. Screen recordings don't seem to be indexed at all. In the end I texted my friend to send it again. Gave up for the day and tried again the next week. Never found it.",Retrieval-related,Person-related memory,Video,time/date reference; person/relationship,date/time; exact wording/name,Contextual retrieval,Recovery-dependent,Precise identifier missing; Time approximate; People/relationship context remembered; Content remembered; exact wording uncertain,"Medium–High — multiple contextual clues, missing precise identifier",Unsuccessful — not found / abandoned
forums,for-0055,"I'm trying to find the photo of the parking spot sign. I need it now because I got a parking fine and need to prove where I was. It had the level and bay number on it. For context, I took it so I'd remember where I parked. I can't recall where exactly it was. I typed ""parking"" in search and got no results. Tried ""parking pillar sign"" and nothing came up. Searched for ""parking"" and got no results. It just doesn't show up in search even though I know it's there. I asked my sister if she still had it. Got it eventually, after two evenings.",Retrieval-related,Event memory,Photo/image,person/relationship,location; exact wording/name,Contextual retrieval,Recovery-dependent,Precise identifier missing; People/relationship context remembered; Content remembered; exact wording uncertain,"Medium–High — multiple contextual clues, missing precise identifier",Unsuccessful — not found / abandoned
forums,for-0056,"Half my library is screenshots. Does anyone know how to find the photo of the street where we got lost? I need it now because we want to frame it. It had my husband in it. Timing wise it was on the third or fourth day of the trip. It was taken in some old town in Portugal. I can't recall where exactly it was. I don't even remember what the event was called. I typed ""narrow street with yellow tiles and tram"" in search but it just showed random photos. I typed ""lisbon"" in search but it just showed random photos. It took ""street"" literally and ignored everything else. I asked my sister if she still had it. Got it eventually, after two evenings. Any tips?",Retrieval-related,Trip / experience memory,Screenshot,place/trip/experience context; person/relationship; document/screenshot context,location; exact wording/name,Contextual retrieval,Recovery-dependent,Precise identifier missing; Place/event context remembered; People/relationship context remembered; Content remembered; exact wording uncertain,"Medium–High — multiple contextual clues, missing precise identifier",Successful — high effort
forums,for-0057,"Was sure I'd never find the photo of a plant I saw at a nursery, but searching ""plant"" plus the year got it on the first try.",Retrieval-related,General photo/media retrieval,Photo/image,Not stated,Not stated,Direct retrieval,Direct / efficient,Time approximate; People/relationship context remembered,"Medium–High — multiple contextual clues, missing precise identifier",Successful — low effort
forums,for-0059,"The search is fine if you know exactly what you want, but not when you only half remember it.",Not retrieval-related,Not stated,Not stated,Not stated,Not stated,Not applicable,Not applicable,Not applicable,Not applicable,Not applicable
forums,for-0061,"There are something like 45,000 pictures in my account. Looking for the photo of the dessert we ordered at that restaurant. It was taken at some rooftop place in Bangalore. It was at my sister's birthday dinner. No clue what the place was called. I can't recall the name of the event. I searched ""dessert"" and got a bunch of pictures that had nothing to do with it. I searched ""bangalore october"" and got a bunch of pictures that had nothing to do with it. Searched for ""chocolate dessert with gold on top"" and got a bunch of pictures that had nothing to do with it. It doesn't understand what I'm describing at all. Ended up scrolling back through years of photos. I kept retyping different searches. Never found it. Is there a better way to search for stuff like this?",Retrieval-related,Trip / experience memory,Photo/image,place/trip/experience context; person/relationship,date/time; location; exact wording/name,Contextual retrieval,Recovery-dependent,Precise identifier missing; Time approximate; Place/event context remembered; People/relationship context remembered,"Medium–High — multiple contextual clues, missing precise identifier",Unsuccessful — not found / abandoned
forums,for-0062,"Does anyone know how to find the photo of the electrician's handwritten estimate? I need it now because he's charging way more now. It was a few months ago. I remember it showed the amount for rewiring. I can picture blue pen on lined paper. I have no idea what year it was. I searched ""handwritten estimate on notebook paper"" but it just showed random photos. I ran out of ideas pretty quickly. I kept retyping different searches. Eventually I searched my WhatsApp chats instead. I gave up on finding it. Am I doing something wrong?",Retrieval-related,Event memory,Photo/image,time/date reference,Not stated,Direct retrieval,Direct / efficient,Precise identifier missing; Time approximate; People/relationship context remembered; Content remembered; exact wording uncertain,"Medium–High — multiple contextual clues, missing precise identifier",Unsuccessful — not found / abandoned
forums,for-0064,"Looking for the photo of the view from the train window. I need it now because I was telling someone about the trip and wanted to show them. It was in 2018 or 2019, can't pin it down. I remember nobody, it was just me being in it. I know it was on the train somewhere between two cities. All I remember visually is green hills and a reflection of my face in the glass. I can't recall where exactly it was. I have no idea what year it was. I searched ""train"" and it gave me hundreds of photos. I searched ""train 2018"" and it gave me hundreds of photos. All the results look the same as tiny thumbnails. I asked my sister if she still had it. Eventually I just gave up. Any tips?",Retrieval-related,Trip / experience memory,Photo/image,place/trip/experience context; time/date reference; person/relationship,date/time; location; exact wording/name,Contextual retrieval,Candidate-heavy,Precise identifier missing; Time approximate; Place/event context remembered; People/relationship context remembered,High — many plausible candidates / weak discrimination,Unsuccessful — not found / abandoned
forums,for-0065,"Pro tip: Tip: if location history was on, try the map view and zoom into the area instead of searching the name.",Not retrieval-related,Not stated,Not stated,Not stated,Not stated,Not applicable,Not applicable,Not applicable,Not applicable,Not applicable
forums,for-0066,"I'm trying to find the photo of the view from the train window. I need it because I was telling someone about the trip and wanted to show them. It had nobody, it was just me in it. We were on the train somewhere between two cities when I took it. No clue what the place was called. I can't remember the date at all. I searched ""train 2018"" but it just showed random photos. After that I had no idea what else to try. I went through the map view hoping to spot it. I gave up on finding it. How do you all deal with this?",Retrieval-related,Trip / experience memory,Photo/image,place/trip/experience context; time/date reference,date/time; location,Contextual retrieval,Recovery-dependent,Precise identifier missing; Time approximate; Place/event context remembered; People/relationship context remembered,"Medium–High — multiple contextual clues, missing precise identifier",Unsuccessful — not found / abandoned
forums,for-0067,"Search should work the way I remember things, like 'video of band with violin red lights pub', not just single words.",Retrieval-related,General photo/media retrieval,Video,Not stated,Not stated,Contextual retrieval,Contextual / first attempt,People/relationship context remembered,Low–Medium — relatively strong clue set,Successful — low effort
forums,for-0068,"Two things. Syncing between my two phones is inconsistent. Love the collage feature, made a nice one for my mom.",Not retrieval-related,Person-related memory,Not stated,person/relationship,Not stated,Not applicable,Not applicable,Not applicable,Not applicable,Not applicable
forums,for-0069,"Looking for the video of my dog meeting the new puppy. It's the funniest thing. It was taken in our backyard. I can picture the puppy running circles around him. I don't remember when exactly. I searched ""dog video"" and got a bunch of pictures that had nothing to do with it. Searched for ""video of old dog meeting new puppy"" and nothing came up. I searched ""2020 video"" and got a bunch of pictures that had nothing to do with it. How do you even search for something like that? Tried synonyms like ""puppy"" too. Still haven't found it. Is there a better way to search for stuff like this?",Retrieval-related,General photo/media retrieval,Video,time/date reference,date/time; exact wording/name,Contextual retrieval,Recovery-dependent,Precise identifier missing; Time approximate,"Medium–High — multiple contextual clues, missing precise identifier",Unsuccessful — not found / abandoned
forums,for-0070,"Looking for the photo of my son's first steps. It was when he was around one, so 2019 probably. All I remember visually is the green rug and him holding the sofa. I don't remember when exactly. I typed ""baby walking"" in search and it gave me hundreds of photos. I searched ""2019"" and got thousands of results to scroll through. All the results look the same as tiny thumbnails. I went through the face group for that person too. Ended up scrolling back through years of photos. Eventually I just gave up. Is there a better way to search for stuff like this?",Retrieval-related,Event memory,Photo/image,time/date reference; person/relationship,date/time; exact wording/name,Contextual retrieval,Candidate-heavy,Precise identifier missing; Time approximate; People/relationship context remembered,High — many plausible candidates / weak discrimination,Unsuccessful — not found / abandoned
forums,for-0071,"Does anyone know how to find a photo with a guy we met on a trek? It was 2019 I think. I know it was at the top of the trek. This was during the Himachal trek. I remember a yellow jacket and a flag behind us. I don't remember the name of the place. I typed ""trek"" in search and nothing came up. Tried ""photo with foreigner in yellow jacket on mountain top"" and nothing came up. I know exactly what it looks like but can't put it into search words. I went through the face group for that person too. I jumped to roughly that year with the scrollbar and went month by month. I gave up on finding it.",Retrieval-related,Person-related memory,Photo/image,time/date reference; person/relationship,date/time; location; exact wording/name,Contextual retrieval,Recovery-dependent,Precise identifier missing; Time approximate; Place/event context remembered; People/relationship context remembered,"Medium–High — multiple contextual clues, missing precise identifier",Unsuccessful — not found / abandoned
forums,for-0072,"I've been looking for the photo of the team at the offsite for days. I need it now because a colleague is leaving and we're making a card. It was taken at a resort outside the city. It was before I switched jobs, 2021 maybe. I remember everyone in matching t-shirts by a pool. I remember my old team being in it. I can't recall where exactly it was. I can't remember the date at all. I searched ""offsite 2021"" and got no results. I searched ""team in matching t shirts by a pool"" and got no results. Tried ""team"" and nothing came up. I know exactly what it looks like but can't put it into search words. Ended up scrolling back through years of photos. Tried synonyms like ""office trip"" too. I found a similar one but not the exact photo I wanted. How do you all deal with this?",Retrieval-related,Trip / experience memory,Photo/image,place/trip/experience context; time/date reference,date/time; location; exact wording/name,Contextual retrieval,Recovery-dependent,Precise identifier missing; Time approximate; Place/event context remembered; People/relationship context remembered,"Medium–High — multiple contextual clues, missing precise identifier",Unsuccessful — not found / abandoned
forums,for-0073,"A lot of my photos come from shared albums. Does anyone know how to find a picture of my dad teaching my daughter to ride a bike? I need it because it's for my dad's retirement card. It was one summer, 3 or 4 years ago. I can picture a pink bicycle and dad in his old cap. It was while learning to ride a bike. We were in the park near my parents' place when I took it. I can't remember the date at all. Tried ""summer 2022"" and got thousands of results to scroll through. There are so many almost identical shots from that day that I can't tell which one it is. Ended up scrolling back through years of photos. Got it eventually, after three days. Any tips?",Retrieval-related,Event memory,Photo/image,time/date reference; person/relationship,date/time; location,Contextual retrieval,Candidate-heavy,Precise identifier missing; Time approximate; People/relationship context remembered,High — many plausible candidates / weak discrimination,Unsuccessful — not found / abandoned
forums,for-0074,"I've been looking for a picture of the waterfall we hiked to for days. It had my cousins in it. Timing wise it was during monsoon, around 2020. I remember mist everywhere and everyone in raincoats. I can't recall where exactly it was. I have no idea what year it was. I typed ""meghalaya 2020"" in search and got a bunch of pictures that had nothing to do with it. I typed ""waterfall"" in search and got no results. How do you even search for something like that? I went through the map view hoping to spot it. Found one that might be it, but I'm not sure it's the same one. How do you all deal with this?",Retrieval-related,General photo/media retrieval,Photo/image,time/date reference,date/time; location; exact wording/name,Contextual retrieval,Candidate-heavy,Precise identifier missing; Time approximate; People/relationship context remembered,"Medium–High — multiple contextual clues, missing precise identifier",Unsuccessful — not found / abandoned
forums,for-0076,"Looking for the picture of the pharmacy receipt. I need it because the insurance claim deadline is this week. For context, I needed it for insurance reimbursement. I can picture thermal paper that was already fading. It had the medicine names and total on it. I have no idea what year it was. Searched for ""pharmacy"" and nothing came up. I searched ""receipt"" and nothing came up. I typed ""pharmacy medicine bill"" in search and got no results. The text on the bill isn't searchable as far as I can tell. Ended up scrolling back through years of photos. Found one that might be it, but I'm not sure it's the same one. Am I doing something wrong?",Retrieval-related,Document / screenshot retrieval,Document,document/screenshot context,Not stated,Contextual retrieval,Candidate-heavy,Precise identifier missing; Time approximate; People/relationship context remembered; Content remembered; exact wording uncertain,"Medium–High — multiple contextual clues, missing precise identifier",Unsuccessful — not found / abandoned
forums,for-0077,"I've been looking for the picture of my college marksheet for days. It's a picture of my marksheet. I remember it showed my semester grades. I remember a certificate with a blue border. It was maybe 2020 when I was job hunting. No idea what to search for really. I searched ""marksheet"" and nothing came up. The text in the photo doesn't seem to be searchable. Eventually I searched my WhatsApp chats instead. I kept retyping different searches. I gave up on finding it. Is there a better way to search for stuff like this?",Retrieval-related,Event memory,Photo/image,time/date reference,Not stated,Contextual retrieval,Recovery-dependent,Precise identifier missing; Time approximate; Place/event context remembered; Content remembered; exact wording uncertain,"Medium–High — multiple contextual clues, missing precise identifier",Unsuccessful — not found / abandoned
forums,for-0078,"I'm trying to find a shot of the fireworks at the new year party. It had a bunch of friends in it. I remember green fireworks over a swimming pool. For context, it was just before midnight. I have no idea what year it was. Searched for ""green fireworks over pool"" and got a bunch of pictures that had nothing to do with it. I searched ""fireworks"" but it just showed random photos. Tried ""31 december"" but it just showed random photos. It took ""fireworks"" literally and ignored everything else. Ended up scrolling back through years of photos. I went through the face group for that person too. Got it eventually, after half an hour of scrolling. Is there a better way to search for stuff like this?",Retrieval-related,Event memory,Photo/image,person/relationship,Not stated,Contextual retrieval,Recovery-dependent,Precise identifier missing; Time approximate; People/relationship context remembered; Content remembered; exact wording uncertain,"Medium–High — multiple contextual clues, missing precise identifier",Unsuccessful — not found / abandoned
forums,for-0080,"The search is fine if you know exactly what you want, but not when you only half remember it.",Not retrieval-related,Not stated,Not stated,Not stated,Not stated,Not applicable,Not applicable,Not applicable,Not applicable,Not applicable
forums,for-0081,"Looking for the photo of the stage when they announced the results. It's from my company's annual awards night. I remember I was holding a trophy. I can picture purple lights and a big screen with my name. I don't even remember what the event was called. I can't remember the date at all. I searched ""award"" and got thousands of results to scroll through. Searched for ""awards december"" and got thousands of results to scroll through. All the results look the same as tiny thumbnails. I jumped to roughly that year with the scrollbar and went month by month. Finally found it after half an hour of scrolling. How do you all deal with this?",Retrieval-related,Event memory,Photo/image,Not stated,date/time; exact wording/name,Contextual retrieval,Candidate-heavy,Precise identifier missing; Time approximate; People/relationship context remembered,High — many plausible candidates / weak discrimination,Unsuccessful — not found / abandoned
forums,for-0082,"On the web version on my laptop. Does anyone know how to find the picture of the dent on my car? I need it now because the insurance surveyor wants the original photo. The photo shows a dent on the car door. It was maybe 6 months ago. I have no idea what year it was. I searched ""car dent"" but it just showed random photos. I searched ""dent on silver car door"" and got a bunch of pictures that had nothing to do with it. I just didn't know how to describe it in a way search would get. I kept retyping different searches. I went through the map view hoping to spot it. Never found it.",Retrieval-related,General photo/media retrieval,Photo/image,time/date reference,Not stated,Contextual retrieval,Recovery-dependent,Precise identifier missing; Time approximate; People/relationship context remembered,"Medium–High — multiple contextual clues, missing precise identifier",Unsuccessful — not found / abandoned
forums,for-0083,"Looking for the photo of the team at the offsite. I need it now because a colleague is leaving and we're making a card. I remember my old team being in it. We were at a resort outside the city when I took it. It was at the team offsite. I can't remember the date at all. No clue what the place was called. Tried ""team in matching t shirts by a pool"" and got a bunch of pictures that had nothing to do with it. I typed ""team"" in search but it just showed random photos. It seems like search ignores half of what I type and only matches one word. I jumped to roughly that year with the scrollbar and went month by month. Finally found it after half an hour of scrolling. How do you all deal with this?",Retrieval-related,General photo/media retrieval,Photo/image,Not stated,date/time; location; exact wording/name,Contextual retrieval,Recovery-dependent,Precise identifier missing; Time approximate; People/relationship context remembered,"Medium–High — multiple contextual clues, missing precise identifier",Unsuccessful — not found / abandoned
forums,for-0084,"I've been looking for the video of my dog meeting the new puppy for days. All I remember visually is the puppy running circles around him. It was taken in our backyard. Not sure which month or year, honestly. I typed ""dog video"" in search and it gave me hundreds of photos. Tried ""video of old dog meeting new puppy"" and it gave me hundreds of photos. I searched ""2020 video"" and got thousands of results to scroll through. All the results look the same as tiny thumbnails. Tried synonyms like ""puppy"" too. Gave up for the day and tried again the next week. Never found it. Any tips?",Retrieval-related,General photo/media retrieval,Video,time/date reference,Not stated,Contextual retrieval,Candidate-heavy,Precise identifier missing; Time approximate; People/relationship context remembered,High — many plausible candidates / weak discrimination,Unsuccessful — not found / abandoned
forums,for-0085,"I've been looking for the picture of the wine label from our anniversary dinner for days. I need it because I want to buy the same wine again. I remember my partner being in it. All I remember visually is a label with a drawing of a bird. It was taken at the Italian place downtown. I don't remember the exact words on it. I typed ""wine bottle with bird drawing on label"" in search and got a bunch of pictures that had nothing to do with it. I searched ""anniversary 2023"" and got a bunch of pictures that had nothing to do with it. Searched for ""wine"" but it just showed random photos. It seems like search ignores half of what I type and only matches one word. Tried synonyms like ""bottle"" too. I jumped to roughly that year with the scrollbar and went month by month. Still haven't found it.",Retrieval-related,Event memory,Photo/image,time/date reference,date/time; location; exact wording/name,Contextual retrieval,Recovery-dependent,Precise identifier missing; Time approximate; People/relationship context remembered,"Medium–High — multiple contextual clues, missing precise identifier",Unsuccessful — not found / abandoned
forums,for-0086,"Does anyone know how to find a picture of the ramen bowl from the tiny shop? I need it now because a friend wants the shop name. I know it was near the station in Tokyo. This was during the Japan trip. I remember a black bowl with a soft egg cut in half. I can't recall where exactly it was. Searched for ""ramen"" but it just showed random photos. It took ""ramen"" literally and ignored everything else. I jumped to roughly that year with the scrollbar and went month by month. Ended up scrolling back through years of photos. I found a similar one but not the exact photo I wanted. Is there a better way to search for stuff like this?",Retrieval-related,Trip / experience memory,Photo/image,place/trip/experience context; person/relationship,date/time; location; exact wording/name,Contextual retrieval,Recovery-dependent,Precise identifier missing; Time approximate; Place/event context remembered; People/relationship context remembered,"Medium–High — multiple contextual clues, missing precise identifier",Successful — high effort
forums,for-0087,"What worked for me: You can search text inside photos sometimes, but it only works if the words are clear in the image. The user remembers contextual details but lacks a precise identifier, so retrieval depends on connecting those clues.",Retrieval-related,General photo/media retrieval,Photo/image,Not stated,Not stated,Contextual retrieval,Contextual / first attempt,People/relationship context remembered; Content remembered; exact wording uncertain,"Medium–High — multiple contextual clues, missing precise identifier",Successful — low effort
forums,for-0088,"Was sure I'd never find the family photo from Diwali where everyone is wearing white, but searching ""diwali"" plus the year got it on the first try.",Retrieval-related,Person-related memory,Photo/image,person/relationship,Not stated,Direct retrieval,Direct / efficient,Time approximate; People/relationship context remembered,"Medium–High — multiple contextual clues, missing precise identifier",Successful — low effort
forums,for-0089,Spent an hour looking for the candid of my cousin laughing during the haldi and it turns out I had deleted it years ago. Not the app's fault.,Not retrieval-related,Not stated,Not stated,time/date reference,Not stated,Not applicable,Not applicable,Not applicable,Not applicable,Not applicable
forums,for-0090,"I've been looking for the photo of us at the football match for days. I need it now because reunion group chat asked for it. I know it was in the stadium. It's from the derby match. It was some time after school ended. I don't remember when exactly. I typed ""football"" in search and got no results. Searched for ""friends with painted faces at football match"" and got no results. The photo is definitely in my library but search never shows it. I went through the face group for that person too. Finally found it after way too long. How do you all deal with this?",Retrieval-related,Person-related memory,Photo/image,person/relationship,date/time; exact wording/name,Contextual retrieval,Recovery-dependent,Precise identifier missing; Place/event context remembered; People/relationship context remembered; Content remembered; exact wording uncertain,"Medium–High — multiple contextual clues, missing precise identifier",Unsuccessful — not found / abandoned
forums,for-0091,"I've been looking for the photo of the dessert we ordered at that restaurant for days. I can picture a chocolate dome with gold stuff on top. It was last year, maybe around October. It was taken at some rooftop place in Bangalore. I can't recall the name of the event. No clue what the place was called. I searched ""chocolate dessert with gold on top"" and nothing came up. I searched ""bangalore october"" but it just showed random photos. I didn't know what else to try. Gave up for the day and tried again the next week. Still haven't found it. Am I doing something wrong?",Retrieval-related,Trip / experience memory,Photo/image,place/trip/experience context; time/date reference,date/time; location; exact wording/name,Contextual retrieval,Recovery-dependent,Precise identifier missing; Time approximate; Place/event context remembered; People/relationship context remembered,"Medium–High — multiple contextual clues, missing precise identifier",Unsuccessful — not found / abandoned
forums,for-0092,Pro tip: Name the face groups. Searching a person's name works way better than describing them.,Not retrieval-related,Person-related memory,Not stated,person/relationship,Not stated,Not applicable,Not applicable,Not applicable,Not applicable,Not applicable
forums,for-0094,"Looking for the photo of my daughter on stage at her school play. I need it because she wants to show her friends. All I remember visually is a sunflower costume and a blue curtain. I remember my daughter being in it. I don't even remember what the event was called. Searched for ""annual day"" and nothing came up. I searched ""school function"" and nothing came up. Tried ""girl in sunflower costume on stage"" and got no results. It just doesn't show up in search even though I know it's there. I scrolled for like 40 minutes. Found one that might be it, but I'm not sure it's the same one. Is there a better way to search for stuff like this?",Retrieval-related,Event memory,Photo/image,person/relationship,Not stated,Contextual retrieval,Candidate-heavy,Precise identifier missing; People/relationship context remembered,"Medium–High — multiple contextual clues, missing precise identifier",Unsuccessful — not found / abandoned
forums,for-0095,"Two things. The editing tools are great, the magic eraser is really good.",Not retrieval-related,Not stated,Not stated,Not stated,Not stated,Not applicable,Not applicable,Not applicable,Not applicable,Not applicable
forums,for-0096,"Found the screenshot of the product I wanted to buy by searching the person's face and then scrolling a bit. Took two minutes. The user remembers contextual details but lacks a precise identifier, so retrieval depends on connecting those clues.",Retrieval-related,Document / screenshot retrieval,Screenshot,person/relationship; document/screenshot context,Not stated,Contextual retrieval,Recovery-dependent,People/relationship context remembered; Content remembered; exact wording uncertain,"Medium–High — multiple contextual clues, missing precise identifier",Successful — high effort
forums,for-0097,"I'm trying to find the picture of the medicine I took when I was sick last year. I need it because I'm sick again and want the same medicine. It was last year, maybe during the rainy season. I remember a silver strip with orange tablets. It's a picture of a strip of tablets. I don't remember the exact words on it. No idea what the thing is actually called. Tried ""fever medicine"" and got no results. I typed ""medicine"" in search and got no results. Tried ""medicine strip orange tablets"" and nothing came up. After that I had no idea what else to try. Tried synonyms like ""tablets"" too. I checked my Gmail in case I had sent it to someone. Still haven't found it. Is there a better way to search for stuff like this?",Retrieval-related,Trip / experience memory,Photo/image,place/trip/experience context; time/date reference,date/time; exact wording/name,Contextual retrieval,Recovery-dependent,Precise identifier missing; Time approximate; Place/event context remembered; People/relationship context remembered,"Medium–High — multiple contextual clues, missing precise identifier",Unsuccessful — not found / abandoned
forums,for-0098,"Found the old scanned photo of my grandparents' wedding by searching the person's face and then scrolling a bit. Took two minutes. The user remembers contextual details but lacks a precise identifier, so retrieval depends on connecting those clues.",Retrieval-related,Document / screenshot retrieval,Document,person/relationship; document/screenshot context,Not stated,Contextual retrieval,Recovery-dependent,Place/event context remembered; People/relationship context remembered; Content remembered; exact wording uncertain,"Medium–High — multiple contextual clues, missing precise identifier",Successful — high effort
forums,for-0099,"Does anyone know how to find a picture of my dad teaching my daughter to ride a bike? It was while learning to ride a bike. It had my dad and my daughter in it. It was taken in the park near my parents' place. It was one summer, 3 or 4 years ago. I have no idea what year it was. I searched ""grandfather teaching girl to ride pink bike"" and it gave me hundreds of photos. Tried ""bicycle"" and got thousands of results to scroll through. All the results look the same as tiny thumbnails. I went through the face group for that person too. Got it eventually, after half an hour of scrolling.",Retrieval-related,Event memory,Photo/image,time/date reference; person/relationship,Not stated,Contextual retrieval,Candidate-heavy,Precise identifier missing; Time approximate; People/relationship context remembered,High — many plausible candidates / weak discrimination,Unsuccessful — not found / abandoned
forums,for-0100,"I've used Google Photos since it launched. I'm trying to find a photo with a guy we met on a trek. It had a guy from Germany we met on the way in it. This was during the Himachal trek. All I remember visually is a yellow jacket and a flag behind us. I don't remember the person's name. I searched ""himachal 2019"" and got a bunch of pictures that had nothing to do with it. I searched ""trek"" and nothing came up. Searched for ""photo with foreigner in yellow jacket on mountain top"" and got a bunch of pictures that had nothing to do with it. I just didn't know how to describe it in a way search would get. I went through the face group for that person too. I found a similar one but not the exact photo I wanted. Any tips?",Retrieval-related,Person-related memory,Photo/image,time/date reference; person/relationship,exact wording/name,Contextual retrieval,Recovery-dependent,Precise identifier missing; Time approximate; Place/event context remembered; People/relationship context remembered,"Medium–High — multiple contextual clues, missing precise identifier",Unsuccessful — not found / abandoned
forums,for-0101,"On iOS. Does anyone know how to find the photo of my daughter on stage at her school play? I need it now because she wants to show her friends. It was at the annual day function. Timing wise it was when she was in 2nd or 3rd standard. I remember the lighting was bad so most shots were blurry. I can't recall the name of the event. Searched for ""annual day"" and nothing came up. I searched ""school function"" and got no results. Searched for ""girl in sunflower costume on stage"" and got no results. It just doesn't show up in search even though I know it's there. I went through the face group for that person too. I jumped to roughly that year with the scrollbar and went month by month. Eventually I just gave up. Am I doing something wrong?",Retrieval-related,Event memory,Photo/image,person/relationship,date/time; exact wording/name,Contextual retrieval,Recovery-dependent,Precise identifier missing; Time approximate; People/relationship context remembered,"Medium–High — multiple contextual clues, missing precise identifier",Unsuccessful — not found / abandoned
forums,for-0103,"Pro tip: Try searching for something visible in the photo instead of what happened, like ""stage"" or ""cake"". The user remembers contextual details but lacks a precise identifier, so retrieval depends on connecting those clues.",Retrieval-related,General photo/media retrieval,Photo/image,Not stated,Not stated,Contextual retrieval,Contextual / first attempt,People/relationship context remembered; Content remembered; exact wording uncertain,"Medium–High — multiple contextual clues, missing precise identifier",Successful — low effort
forums,for-0104,"Looking for the screenshot of the product I wanted to buy. It's a picture of a lamp. I remember I saw it in an ad and screenshotted it. I can't recall what it said exactly. I searched ""lamp"" and got a bunch of pictures that had nothing to do with it. I typed ""screenshot lamp"" in search but it just showed random photos. Searched for ""brass lamp with curved neck"" and got no results. I know exactly what it looks like but can't put it into search words. I tried the screenshots category filter as well. Got it eventually, after two evenings. Am I doing something wrong?",Retrieval-related,Document / screenshot retrieval,Screenshot,document/screenshot context,exact wording/name,Contextual retrieval,Recovery-dependent,Precise identifier missing; People/relationship context remembered; Content remembered; exact wording uncertain,"Medium–High — multiple contextual clues, missing precise identifier",Unsuccessful — not found / abandoned
forums,for-0105,"Looking for the photo of the notes a friend shared before exams. I need it now because my younger brother needs them now. I remember it showed something about thermodynamics formulas. I remember a classmate being in it. It's a picture of handwritten notes. I don't remember when exactly. I can't recall what it said exactly. I searched ""handwritten thermodynamics notes"" and got no results. Tried ""notes"" and nothing came up. It just doesn't show up in search even though I know it's there. I even googled how to search Google Photos better. Ended up scrolling back through years of photos. Found one that might be it, but I'm not sure it's the same one. How do you all deal with this?",Retrieval-related,Person-related memory,Photo/image,person/relationship,date/time; exact wording/name,Contextual retrieval,Candidate-heavy,Precise identifier missing; Time approximate; People/relationship context remembered,"Medium–High — multiple contextual clues, missing precise identifier",Unsuccessful — not found / abandoned
forums,for-0106,Minor gripe: Uploading in original quality eats my data plan.,Not retrieval-related,Not stated,Not stated,Not stated,Not stated,Not applicable,Not applicable,Not applicable,Not applicable,Not applicable
forums,for-0107,"I've been looking for the photo of a plant I saw at a nursery for days. I need it now because I want to buy it now that I have a balcony. It's a picture of a plant with striped leaves. Timing wise it was last spring. I know it was at a nursery near my office. I don't know what it's called. Searched for ""nursery"" and nothing came up. I ran out of ideas pretty quickly. Tried synonyms like ""leaves"" too. Never found it. Am I doing something wrong?",Retrieval-related,Trip / experience memory,Photo/image,place/trip/experience context,Not stated,Direct retrieval,Direct / efficient,Precise identifier missing; Place/event context remembered; People/relationship context remembered,"Medium–High — multiple contextual clues, missing precise identifier",Unsuccessful — not found / abandoned
forums,for-0108,"I use search a lot for work stuff. I'm trying to find the photo of my son's vaccination card. I need it now because school admission needs it. I remember it showed the dates of the last booster. All I remember visually is a pink card with stamps. It's a picture of the vaccination card. For context, the doctor asked us to keep a copy. I don't remember the exact words on it. I don't know what it's called. Tried ""vaccination"" and got no results. The text in the photo doesn't seem to be searchable. I kept retyping different searches. I scrolled for like 40 minutes. Still haven't found it. Is there a better way to search for stuff like this?",Retrieval-related,General photo/media retrieval,Photo/image,Not stated,date/time; exact wording/name,Contextual retrieval,Recovery-dependent,Precise identifier missing; Time approximate; People/relationship context remembered; Content remembered; exact wording uncertain,"Medium–High — multiple contextual clues, missing precise identifier",Unsuccessful — not found / abandoned
forums,for-0109,"I search in Photos pretty much every day. I've been looking for the picture of my college marksheet for days. I need it because background verification asked for it. The photo shows my marksheet. It was maybe 2020 when I was job hunting. I remember it showed my semester grades. I can't remember the date at all. I typed ""marksheet"" in search and got no results. Searched for ""college marksheet with blue border"" and got a bunch of pictures that had nothing to do with it. Searched for ""2020 certificate"" but it just showed random photos. I just didn't know how to describe it in a way search would get. I checked my Gmail in case I had sent it to someone. Ended up scrolling back through years of photos. Never found it. Any tips?",Retrieval-related,General photo/media retrieval,Photo/image,time/date reference,date/time,Contextual retrieval,Recovery-dependent,Precise identifier missing; Time approximate; Place/event context remembered; People/relationship context remembered,"Medium–High — multiple contextual clues, missing precise identifier",Unsuccessful — not found / abandoned
forums,for-0110,"From experience, Use the date jump on the scrollbar, drag to the year and go month by month.",Not retrieval-related,Not stated,Not stated,Not stated,Not stated,Not applicable,Not applicable,Not applicable,Not applicable,Not applicable
forums,for-0111,Face grouping merged my twin daughters into one person lol. Too many notifications about 'memories' I didn't ask for.,Not retrieval-related,Person-related memory,Not stated,person/relationship,Not stated,Not applicable,Not applicable,Not applicable,Not applicable,Not applicable
forums,for-0112,"I don't remember dates, nobody does. Searching by date is useless for old memories.",Not retrieval-related,Not stated,Not stated,Not stated,date/time,Not applicable,Not applicable,Not applicable,Not applicable,Not applicable
forums,for-0113,It would help if the app told me why a photo showed up in results.,Not retrieval-related,Not stated,Photo/image,Not stated,Not stated,Not applicable,Not applicable,Not applicable,Not applicable,Not applicable
forums,for-0116,"Does anyone know how to find the photo of the team at the offsite? Timing wise it was before I switched jobs, 2021 maybe. It's from the team offsite. I can picture everyone in matching t-shirts by a pool. I remember my old team being in it. Not sure which month or year, honestly. I can't recall where exactly it was. Searched for ""team"" and got a bunch of pictures that had nothing to do with it. Tried ""team in matching t shirts by a pool"" but it just showed random photos. It doesn't understand what I'm describing at all. I kept retyping different searches. Found one that might be it, but I'm not sure it's the same one. Is there a better way to search for stuff like this?",Retrieval-related,General photo/media retrieval,Photo/image,time/date reference,date/time; location; exact wording/name,Contextual retrieval,Candidate-heavy,Precise identifier missing; Time approximate; People/relationship context remembered,"Medium–High — multiple contextual clues, missing precise identifier",Successful — low effort
forums,for-0117,"Looking for a short video of the band at the pub. I need it now because I want to find the band name. It was while singing a cover of some old song. It was taken at a pub in the old part of town. I don't remember the name of the place. I can't recall the name of the event. I searched ""video of band with violin red lights pub"" and there it was. I jumped to roughly that year with the scrollbar and went month by month. I asked my sister if she still had it. Got it eventually, after way too long. Any tips?",Retrieval-related,Event memory,Video,person/relationship,date/time; location; exact wording/name,Contextual retrieval,Recovery-dependent,Precise identifier missing; Time approximate; People/relationship context remembered,"Medium–High — multiple contextual clues, missing precise identifier",Unsuccessful — not found / abandoned
forums,for-0118,The app is slow to load thumbnails on my old phone. Uploading in original quality eats my data plan.,Not retrieval-related,Not stated,Not stated,Not stated,Not stated,Not applicable,Not applicable,Not applicable,Not applicable,Not applicable
forums,for-0119,"On my Pixel. I'm trying to find the photo of the temple on the hill. I need it now because my parents want to visit again. I can picture white steps going up and monkeys on the wall. Timing wise it was a long time ago, maybe 2015. I don't remember when exactly. Tried ""temple"" and got no results. I searched ""white temple on hill with steps"" and got no results. I searched ""mysore 2015"" and got no results. The location data was probably off so there's nothing to go on. Ended up scrolling back through years of photos. Still haven't found it. Any tips?",Retrieval-related,General photo/media retrieval,Photo/image,time/date reference,date/time; location; exact wording/name,Contextual retrieval,Recovery-dependent,Precise identifier missing; Time approximate; People/relationship context remembered,"Medium–High — multiple contextual clues, missing precise identifier",Unsuccessful — not found / abandoned
forums,for-0120,"Pro tip: Ask whoever was there, someone in the group chat usually still has it.",Not retrieval-related,Not stated,Not stated,Not stated,Not stated,Not applicable,Not applicable,Not applicable,Not applicable,Not applicable
