record_id,source,text
SIM-0696,YouTube comments,"the photo from when I was sick. I remember the color, setting, or people but not a useful keyword. I looked through the timeline manually. It feels much easier when I know an exact date or person's name."
SIM-N017,Google Play Store,I accidentally deleted a photo and need to restore it.
SIM-0031,Google Play Store,"the restaurant near Tokyo station. I can recognize it if I see it, but I don't know how to narrow the results. I found it after several attempts. The problem is not taking the photo; it is finding it later."
SIM-0600,Google Photos Community,"the old family group photo. I remember roughly when it happened, but not the exact day. I searched a person's name and then browsed. I know the photo exists because I have seen it before."
SIM-0097,Google Play Store,"the concert selfie. I know approximately which year it was, but not the month. I could not find it. Sometimes I get a lot of plausible results and still cannot tell which one is right."
SIM-0245,Apple App Store,"the picture I sent to my doctor. I remember what the object looked like, but not what it was called. I switched to another device or photo app. I can recognize the image if I see it, but getting to it is the hard part."
SIM-0559,Google Photos Community,"the old family group photo. I remember a visual detail that is hard to describe in a search box. I gave up and asked someone else to send the photo. I can recognize the image if I see it, but getting to it is the hard part."
SIM-0353,Reddit,the landlord WhatsApp screenshot. I remember what was happening but not the exact words. I switched between search terms and albums. Sometimes I get a lot of plausible results and still cannot tell which one is right.
SIM-0465,Google Photos Community,"the photo of a prescription. I can recognize it if I see it, but I don't know how to narrow the results. I searched by date and got too many results. Sometimes I get a lot of plausible results and still cannot tell which one is right."
SIM-0544,Google Photos Community,"the medicine box I photographed. I remember what the object looked like, but not what it was called. I switched between search terms and albums."
SIM-0448,Reddit,my cousin at the concert. I remember the story around the photo more clearly than its metadata. I tried different wording.
SIM-0255,Apple App Store,"the insurance document. I remember who was there and what we were doing, but not the album. I could not find it. I know the photo exists because I have seen it before."
SIM-0251,Apple App Store,"the old meme I saved. I remember the color, setting, or people but not a useful keyword. I switched between search terms and albums."
SIM-0066,Google Play Store,"the photo of a prescription. I remember what the object looked like, but not what it was called. I looked through a very large set of thumbnails. I usually remember the story around the picture better than its metadata."
SIM-0669,Social media,"the old meme I saved. I remember the photo exists, but not how I originally found it. I switched to another device or photo app. I know the photo exists because I have seen it before."
SIM-0216,Apple App Store,"the insurance document. I remember what was happening but not the exact words. I could not find it. I can recognize the image if I see it, but getting to it is the hard part."
SIM-0040,Google Play Store,"the concert selfie. I remember who was there and what we were doing, but not the album. I searched by person and place together. I have been using Photos for years."
SIM-0193,Apple App Store,the birthday dinner. I remember what was happening but not the exact words. I used a date range and manually compared candidates. There are thousands of images in the account.
SIM-0087,Google Play Store,"the restaurant near Tokyo station. I remember roughly when it happened, but not the exact day. I could not find it. I can recognize the image if I see it, but getting to it is the hard part."
SIM-0494,Google Photos Community,a picture with my college friends. I remember the people and situation but not the date. I opened likely results one by one. I know the photo exists because I have seen it before.
SIM-0671,Social media,"the lamp I wanted to buy. I remember the story around the photo more clearly than its metadata. I searched for text that might be in the image. I can recognize the image if I see it, but getting to it is the hard part."
SIM-0197,Apple App Store,"the birthday dinner. I remember who was there and what we were doing, but not the album. I found it after several attempts."
SIM-0210,Apple App Store,"the picture from the day we moved house. I can recognize it if I see it, but I don't know how to narrow the results. I searched a few keywords and then scrolled. I can recognize the image if I see it, but getting to it is the hard part."
SIM-0213,Apple App Store,"a photo of my grandparents' wedding album. I remember the photo exists, but not how I originally found it. I searched a person's name and then browsed. I can recognize the image if I see it, but getting to it is the hard part."
SIM-0739,YouTube comments,"the hotel we stayed at during a trip. I remember the photo exists, but not how I originally found it. I searched for text that might be in the image. I can recognize the image if I see it, but getting to it is the hard part."
SIM-0276,Apple App Store,our Diwali family photo. I remember the people and situation but not the date. I looked through the timeline manually. There are thousands of images in the account.
SIM-0121,Google Play Store,the medicine box I photographed. I remember what was happening but not the exact words. I searched a person's name and then browsed. I have been using Photos for years.
SIM-0293,Apple App Store,the concert selfie. I remember the story around the photo more clearly than its metadata. I switched to another device or photo app. It feels much easier when I know an exact date or person's name.
SIM-0140,Google Play Store,"the photo from when I was sick. I know approximately which year it was, but not the month. I searched by person and place together. The problem is not taking the photo; it is finding it later."
SIM-0292,Apple App Store,"the recipe screenshot. I remember the place generally, but not its name. I searched for text that might be in the image. It feels much easier when I know an exact date or person's name."
SIM-N037,YouTube comments,I need help with partner sharing.
SIM-0064,Google Play Store,"the picture from the day we moved house. I know approximately which year it was, but not the month. I looked through a very large set of thumbnails."
SIM-0619,Social media,the restaurant near Tokyo station. I remember the story around the photo more clearly than its metadata. I found a similar photo but not the exact one. I usually remember the story around the picture better than its metadata.
SIM-0067,Google Play Store,"a photo of my grandparents' wedding album. I remember the place generally, but not its name. I searched a person's name and then browsed. Sometimes I get a lot of plausible results and still cannot tell which one is right."
SIM-0534,Google Photos Community,"the picture from our office party. I remember what the object looked like, but not what it was called. I could not find it. It feels much easier when I know an exact date or person's name."
SIM-0519,Google Photos Community,our Diwali family photo. I remember the people and situation but not the date. I switched between search terms and albums. I have been using Photos for years.
SIM-0335,Reddit,"the photo from when I was sick. I know approximately which year it was, but not the month. I searched by person and place together. I have been using Photos for years."
SIM-0329,Reddit,"the old meme I saved. I remember the place generally, but not its name. I searched by date and got too many results. I can recognize the image if I see it, but getting to it is the hard part."
SIM-0240,Apple App Store,"the lamp I wanted to buy. I can recognize it if I see it, but I don't know how to narrow the results. I could not find it."
SIM-0418,Reddit,"a screenshot of a product I wanted. I know approximately which year it was, but not the month. I found it after several attempts. The problem is not taking the photo; it is finding it later."
SIM-0652,Social media,"our Kerala houseboat photos. I know approximately which year it was, but not the month. I looked through a very large set of thumbnails. I can recognize the image if I see it, but getting to it is the hard part."
SIM-0651,Social media,our Diwali family photo. I remember the people and situation but not the date. I could not find it. I usually remember the story around the picture better than its metadata.
SIM-0068,Google Play Store,"the old meme I saved. I remember the color, setting, or people but not a useful keyword. I found a similar photo but not the exact one. I usually remember the story around the picture better than its metadata."
SIM-0406,Reddit,"a screenshot of a product I wanted. I remember what the object looked like, but not what it was called. I switched to another device or photo app. The problem is not taking the photo; it is finding it later."
SIM-0631,Social media,"the old meme I saved. I remember the photo exists, but not how I originally found it. I opened likely results one by one. I have been using Photos for years."
SIM-0478,Google Photos Community,that small cafe from our Goa trip. I remember the story around the photo more clearly than its metadata. I searched for text that might be in the image. I have been using Photos for years.
SIM-0024,Google Play Store,"the photo of a prescription. I remember roughly when it happened, but not the exact day. I searched by person and place together. I usually remember the story around the picture better than its metadata."
SIM-0312,Reddit,"a picture with my college friends. I can recognize it if I see it, but I don't know how to narrow the results. I looked through a very large set of thumbnails. I have been using Photos for years."
SIM-0622,Social media,the photo from when I was sick. I remember what was happening but not the exact words. I searched for text that might be in the image. I usually remember the story around the picture better than its metadata.
SIM-0546,Google Photos Community,"the lamp I wanted to buy. I remember the color, setting, or people but not a useful keyword. I found a similar photo but not the exact one. There are thousands of images in the account."
SIM-0287,Apple App Store,our Diwali family photo. I remember what was happening but not the exact words. I switched to another device or photo app. Sometimes I get a lot of plausible results and still cannot tell which one is right.
SIM-0723,YouTube comments,the picture I sent to my doctor. I remember the people and situation but not the date. I switched between search terms and albums. Sometimes I get a lot of plausible results and still cannot tell which one is right.
SIM-0699,YouTube comments,"the picture I sent to my doctor. I can recognize it if I see it, but I don't know how to narrow the results. I searched a person's name and then browsed. I know the photo exists because I have seen it before."
SIM-0558,Google Photos Community,"that small cafe from our Goa trip. I remember roughly when it happened, but not the exact day. I found a similar photo but not the exact one."
SIM-0513,Google Photos Community,"the insurance document. I remember who was there and what we were doing, but not the album. I switched between search terms and albums. There are thousands of images in the account."
SIM-0660,Social media,"that small cafe from our Goa trip. I remember the color, setting, or people but not a useful keyword. I searched by date and got too many results. I can recognize the image if I see it, but getting to it is the hard part."
SIM-0432,Reddit,our Diwali family photo. I remember the story around the photo more clearly than its metadata. I tried different wording. It feels much easier when I know an exact date or person's name.
SIM-0212,Apple App Store,a screenshot of a product I wanted. I remember a visual detail that is hard to describe in a search box. I opened likely results one by one. Sometimes I get a lot of plausible results and still cannot tell which one is right.
SIM-0362,Reddit,"the insurance document. I remember the color, setting, or people but not a useful keyword. I opened likely results one by one. I know the photo exists because I have seen it before."
SIM-0550,Google Photos Community,"the old family group photo. I remember what the object looked like, but not what it was called. I tried an object keyword."
SIM-0079,Google Play Store,"a screenshot of a product I wanted. I remember roughly when it happened, but not the exact day. I switched to another device or photo app. There are thousands of images in the account."
SIM-N027,Apple App Store,The app is using too much battery.
SIM-N007,YouTube comments,My photos are taking too much storage.
SIM-0590,Google Photos Community,"the concert selfie. I know approximately which year it was, but not the month. I tried different wording. I have been using Photos for years."
SIM-N028,Forums,I want to share an album with my family.
SIM-0369,Reddit,"the landlord WhatsApp screenshot. I remember the place generally, but not its name. I switched to another device or photo app. I usually remember the story around the picture better than its metadata."
SIM-0138,Google Play Store,"the waterfall from our road trip. I remember the story around the photo more clearly than its metadata. I opened likely results one by one. I can recognize the image if I see it, but getting to it is the hard part."
SIM-0317,Reddit,"the parking sign I photographed. I know approximately which year it was, but not the month. I searched for text that might be in the image. It feels much easier when I know an exact date or person's name."
SIM-0295,Reddit,"a screenshot of a product I wanted. I remember the photo exists, but not how I originally found it. I tried an object keyword. There are thousands of images in the account."
SIM-0156,Google Play Store,"a screenshot of a product I wanted. I remember what the object looked like, but not what it was called. I tried an object keyword. There are thousands of images in the account."
SIM-0751,Forums,"a screenshot of a product I wanted. I can recognize it if I see it, but I don't know how to narrow the results. I looked through the timeline manually. There are thousands of images in the account."
SIM-0463,Google Photos Community,"a photo of my grandparents' wedding album. I remember who was there and what we were doing, but not the album. I tried different wording."
SIM-0327,Reddit,"the photo from when I was sick. I remember what the object looked like, but not what it was called. I searched for text that might be in the image."
SIM-0050,Google Play Store,"the old family group photo. I remember roughly when it happened, but not the exact day. I switched between search terms and albums. It feels much easier when I know an exact date or person's name."
SIM-0797,Forums,the sangeet. I remember what was happening but not the exact words. I opened likely results one by one. I usually remember the story around the picture better than its metadata.
SIM-0659,Social media,the photo of a prescription. I remember the story around the photo more clearly than its metadata. I opened likely results one by one. Sometimes I get a lot of plausible results and still cannot tell which one is right.
SIM-0570,Google Photos Community,the photo from when I was sick. I remember the people and situation but not the date. I searched for text that might be in the image. It feels much easier when I know an exact date or person's name.
SIM-0495,Google Photos Community,"the restaurant near Tokyo station. I remember the place generally, but not its name. I looked through the timeline manually. I know the photo exists because I have seen it before."
SIM-0209,Apple App Store,"that small cafe from our Goa trip. I remember the color, setting, or people but not a useful keyword. I tried an object keyword. There are thousands of images in the account."
SIM-N036,Forums,I want to print a photo book.
SIM-0034,Google Play Store,"the insurance document. I can recognize it if I see it, but I don't know how to narrow the results. I tried an object keyword. The problem is not taking the photo; it is finding it later."
SIM-0032,Google Play Store,the photo of a prescription. I remember what was happening but not the exact words. I searched by date and got too many results.
SIM-0674,Social media,"a screenshot of a product I wanted. I remember the place generally, but not its name. I switched to another device or photo app."
SIM-0458,Google Photos Community,"the picture from our office party. I remember who was there and what we were doing, but not the album. I used a date range and manually compared candidates. There are thousands of images in the account."
SIM-0483,Google Photos Community,"the photo of a prescription. I remember the people and situation but not the date. I gave up and asked someone else to send the photo. I can recognize the image if I see it, but getting to it is the hard part."
SIM-0760,Forums,"the picture from the day we moved house. I remember roughly when it happened, but not the exact day. I looked through a very large set of thumbnails."
SIM-0430,Reddit,"the waterfall from our road trip. I can recognize it if I see it, but I don't know how to narrow the results. I found it after several attempts. I can recognize the image if I see it, but getting to it is the hard part."
SIM-0454,Reddit,a photo of my grandparents' wedding album. I remember the story around the photo more clearly than its metadata. I could not find it. I usually remember the story around the picture better than its metadata.
SIM-0110,Google Play Store,"the hotel we stayed at during a trip. I can recognize it if I see it, but I don't know how to narrow the results. I searched a few keywords and then scrolled. There are thousands of images in the account."
SIM-0073,Google Play Store,"the waterfall from our road trip. I remember what was happening but not the exact words. I could not find it. I can recognize the image if I see it, but getting to it is the hard part."
SIM-0078,Google Play Store,"the photo from when I was sick. I know approximately which year it was, but not the month. I searched by person and place together."
SIM-0621,Social media,a photo of my grandfather at the wedding. I remember the people and situation but not the date. I used a date range and manually compared candidates.
SIM-0535,Google Photos Community,"the boarding pass screenshot. I remember the place generally, but not its name. I opened likely results one by one. It feels much easier when I know an exact date or person's name."
SIM-0667,Social media,"the medicine box I photographed. I remember the place generally, but not its name. I searched by person and place together. There are thousands of images in the account."
SIM-0199,Apple App Store,"a photo of my grandparents' wedding album. I remember what was happening but not the exact words. I used a date range and manually compared candidates. I can recognize the image if I see it, but getting to it is the hard part."
SIM-0785,Forums,"the picture I sent to my doctor. I remember roughly when it happened, but not the exact day. I found a similar photo but not the exact one. The problem is not taking the photo; it is finding it later."
SIM-0749,Forums,"the landlord WhatsApp screenshot. I can recognize it if I see it, but I don't know how to narrow the results. I searched for text that might be in the image."
SIM-0282,Apple App Store,"a yellow truck. I remember the photo exists, but not how I originally found it. I searched a person's name and then browsed."
SIM-0793,Forums,"a yellow truck. I remember the photo exists, but not how I originally found it. I found it after several attempts. The problem is not taking the photo; it is finding it later."
SIM-0440,Reddit,our Diwali family photo. I remember the story around the photo more clearly than its metadata. I looked through the timeline manually. It feels much easier when I know an exact date or person's name.
SIM-0743,YouTube comments,"a yellow truck. I remember the place generally, but not its name. I searched for text that might be in the image. I usually remember the story around the picture better than its metadata."
SIM-0260,Apple App Store,the boarding pass screenshot. I remember the people and situation but not the date. I searched a person's name and then browsed. Sometimes I get a lot of plausible results and still cannot tell which one is right.
SIM-0347,Reddit,"the sangeet. I remember the place generally, but not its name. I found a similar photo but not the exact one."
SIM-0787,Forums,the picture from our office party. I remember the people and situation but not the date. I searched by date and got too many results. There are thousands of images in the account.
SIM-0636,Social media,the old meme I saved. I remember the story around the photo more clearly than its metadata. I tried several related words.
SIM-0756,Forums,the picture from our office party. I remember the story around the photo more clearly than its metadata. I tried several related words.
SIM-0006,Google Play Store,"a picture with my college friends. I remember what the object looked like, but not what it was called. I used a date range and manually compared candidates. There are thousands of images in the account."
SIM-0055,Google Play Store,"a yellow truck. I can recognize it if I see it, but I don't know how to narrow the results. I tried an object keyword. I have been using Photos for years."
SIM-0789,Forums,a picture with my college friends. I remember a visual detail that is hard to describe in a search box. I could not find it.
SIM-0604,Social media,a picture with my college friends. I remember the story around the photo more clearly than its metadata. I gave up and asked someone else to send the photo. I know the photo exists because I have seen it before.
SIM-0364,Reddit,"the picture from our office party. I remember the color, setting, or people but not a useful keyword. I searched by person and place together. It feels much easier when I know an exact date or person's name."
SIM-0616,Social media,"the photo of a prescription. I remember who was there and what we were doing, but not the album. I opened likely results one by one. There are thousands of images in the account."
SIM-0098,Google Play Store,"the photo of a prescription. I remember the color, setting, or people but not a useful keyword. I looked through the timeline manually."
SIM-0800,Forums,"the recipe screenshot. I remember the place generally, but not its name. I switched between search terms and albums. I can recognize the image if I see it, but getting to it is the hard part."
SIM-0077,Google Play Store,"my cousin at the concert. I remember the people and situation but not the date. I opened likely results one by one. I can recognize the image if I see it, but getting to it is the hard part."
SIM-0449,Reddit,"a photo of my grandfather at the wedding. I remember the photo exists, but not how I originally found it. I looked through a very large set of thumbnails. I know the photo exists because I have seen it before."
SIM-0695,YouTube comments,"the hotel we stayed at during a trip. I remember the photo exists, but not how I originally found it. I searched by date and got too many results. I know the photo exists because I have seen it before."
SIM-N004,Google Photos Community,How do I change notification settings?
SIM-0444,Reddit,"our Diwali family photo. I remember the photo exists, but not how I originally found it. I found a similar photo but not the exact one. It feels much easier when I know an exact date or person's name."
SIM-0568,Google Photos Community,my daughter wearing the red dress. I remember the story around the photo more clearly than its metadata. I found it after several attempts. I usually remember the story around the picture better than its metadata.
SIM-0451,Reddit,the picture from our office party. I remember a visual detail that is hard to describe in a search box. I tried several related words. I have been using Photos for years.
SIM-0480,Google Photos Community,the old family group photo. I remember the people and situation but not the date. I gave up and asked someone else to send the photo.
SIM-0085,Google Play Store,the photo from when I was sick. I remember the people and situation but not the date. I opened likely results one by one. Sometimes I get a lot of plausible results and still cannot tell which one is right.
SIM-0011,Google Play Store,"the photo from when I was sick. I remember roughly when it happened, but not the exact day. I searched by date and got too many results. I usually remember the story around the picture better than its metadata."
SIM-0169,Google Play Store,"the insurance document. I know approximately which year it was, but not the month. I tried several related words. I have been using Photos for years."
SIM-0111,Google Play Store,"a screenshot of a product I wanted. I can recognize it if I see it, but I don't know how to narrow the results. I tried several related words. Sometimes I get a lot of plausible results and still cannot tell which one is right."
SIM-0301,Reddit,"the photo of a prescription. I remember what the object looked like, but not what it was called. I opened likely results one by one. The problem is not taking the photo; it is finding it later."
SIM-0536,Google Photos Community,my daughter wearing the red dress. I remember the story around the photo more clearly than its metadata. I found it after several attempts. There are thousands of images in the account.
SIM-0228,Apple App Store,"a screenshot of a product I wanted. I remember who was there and what we were doing, but not the album. I searched a person's name and then browsed. The problem is not taking the photo; it is finding it later."
SIM-0758,Forums,"the old family group photo. I remember the photo exists, but not how I originally found it. I switched between search terms and albums. I usually remember the story around the picture better than its metadata."
SIM-0343,Reddit,"the old meme I saved. I remember the color, setting, or people but not a useful keyword. I tried different wording. It feels much easier when I know an exact date or person's name."
SIM-0119,Google Play Store,"the picture from the day we moved house. I can recognize it if I see it, but I don't know how to narrow the results. I could not find it. I usually remember the story around the picture better than its metadata."
SIM-0515,Google Photos Community,"the medicine box I photographed. I remember who was there and what we were doing, but not the album. I tried an object keyword. I can recognize the image if I see it, but getting to it is the hard part."
SIM-N001,Google Photos Community,How do I change notification settings?
SIM-0030,Google Play Store,"our Diwali family photo. I remember the place generally, but not its name. I searched a person's name and then browsed. I have been using Photos for years."
SIM-0297,Reddit,"the photo of a prescription. I know approximately which year it was, but not the month. I tried different wording. It feels much easier when I know an exact date or person's name."
SIM-0358,Reddit,"the landlord WhatsApp screenshot. I remember the color, setting, or people but not a useful keyword. I switched between search terms and albums. I know the photo exists because I have seen it before."
SIM-0694,YouTube comments,"the old family group photo. I remember what the object looked like, but not what it was called. I tried several related words."
SIM-0315,Reddit,"our Diwali family photo. I remember the color, setting, or people but not a useful keyword. I searched by date and got too many results."
SIM-0082,Google Play Store,the old family group photo. I remember the story around the photo more clearly than its metadata. I gave up and asked someone else to send the photo. There are thousands of images in the account.
SIM-0376,Reddit,"the picture I sent to my doctor. I remember who was there and what we were doing, but not the album. I could not find it. There are thousands of images in the account."
SIM-0468,Google Photos Community,the waterfall from our road trip. I remember the story around the photo more clearly than its metadata. I found it after several attempts.
SIM-0530,Google Photos Community,the photo of a prescription. I remember a visual detail that is hard to describe in a search box. I tried an object keyword. It feels much easier when I know an exact date or person's name.
SIM-0205,Apple App Store,"the lamp I wanted to buy. I know approximately which year it was, but not the month. I searched for text that might be in the image."
SIM-0747,YouTube comments,the landlord WhatsApp screenshot. I remember the story around the photo more clearly than its metadata. I looked through a very large set of thumbnails. There are thousands of images in the account.
SIM-0334,Reddit,a photo of my grandparents' wedding album. I remember the people and situation but not the date. I switched between search terms and albums. I usually remember the story around the picture better than its metadata.
SIM-0676,Social media,"the old family group photo. I remember the color, setting, or people but not a useful keyword. I gave up and asked someone else to send the photo. Sometimes I get a lot of plausible results and still cannot tell which one is right."
SIM-0435,Reddit,"the waterfall from our road trip. I remember the place generally, but not its name. I looked through a very large set of thumbnails."
SIM-0361,Reddit,the lamp I wanted to buy. I remember a visual detail that is hard to describe in a search box. I switched to another device or photo app. I know the photo exists because I have seen it before.
SIM-0211,Apple App Store,"the sangeet. I remember who was there and what we were doing, but not the album. I searched for text that might be in the image. I can recognize the image if I see it, but getting to it is the hard part."
SIM-0248,Apple App Store,my daughter wearing the red dress. I remember the people and situation but not the date. I tried different wording. I have been using Photos for years.
SIM-0766,Forums,"the lamp I wanted to buy. I know approximately which year it was, but not the month. I searched a few keywords and then scrolled. I usually remember the story around the picture better than its metadata."
SIM-0008,Google Play Store,"the old meme I saved. I remember what was happening but not the exact words. I found it after several attempts. I can recognize the image if I see it, but getting to it is the hard part."
SIM-0794,Forums,"the old family group photo. I remember roughly when it happened, but not the exact day. I opened likely results one by one."
SIM-0300,Reddit,a picture with my college friends. I remember a visual detail that is hard to describe in a search box. I opened likely results one by one.
SIM-0102,Google Play Store,"the photo of a prescription. I remember the photo exists, but not how I originally found it. I looked through the timeline manually. I know the photo exists because I have seen it before."
SIM-0345,Reddit,the picture I sent to my doctor. I remember the story around the photo more clearly than its metadata. I opened likely results one by one. Sometimes I get a lot of plausible results and still cannot tell which one is right.
SIM-0351,Reddit,"the birthday dinner. I remember who was there and what we were doing, but not the album. I searched a few keywords and then scrolled. It feels much easier when I know an exact date or person's name."
SIM-0441,Reddit,the sangeet. I remember the story around the photo more clearly than its metadata. I searched by person and place together. Sometimes I get a lot of plausible results and still cannot tell which one is right.
SIM-0421,Reddit,the hotel we stayed at during a trip. I remember the story around the photo more clearly than its metadata. I found a similar photo but not the exact one. I have been using Photos for years.
SIM-0003,Google Play Store,"a picture with my college friends. I remember roughly when it happened, but not the exact day. I gave up and asked someone else to send the photo. The problem is not taking the photo; it is finding it later."
SIM-0175,Google Play Store,a screenshot of a product I wanted. I remember a visual detail that is hard to describe in a search box. I found it after several attempts. The problem is not taking the photo; it is finding it later.
SIM-0624,Social media,"the picture I sent to my doctor. I remember roughly when it happened, but not the exact day. I searched by person and place together."
SIM-0423,Reddit,"the medicine box I photographed. I remember roughly when it happened, but not the exact day. I searched for text that might be in the image. It feels much easier when I know an exact date or person's name."
SIM-0688,YouTube comments,"the picture from the day we moved house. I remember the color, setting, or people but not a useful keyword. I looked through the timeline manually. There are thousands of images in the account."
SIM-0219,Apple App Store,"the old meme I saved. I remember the photo exists, but not how I originally found it. I tried different wording. I know the photo exists because I have seen it before."
SIM-0707,YouTube comments,"the insurance document. I remember what the object looked like, but not what it was called. I searched a few keywords and then scrolled."
SIM-0799,Forums,a screenshot of a product I wanted. I remember a visual detail that is hard to describe in a search box. I searched a person's name and then browsed. The problem is not taking the photo; it is finding it later.
SIM-0537,Google Photos Community,a screenshot of a product I wanted. I remember the story around the photo more clearly than its metadata. I could not find it. There are thousands of images in the account.
SIM-0332,Reddit,"a yellow truck. I remember the photo exists, but not how I originally found it. I opened likely results one by one. I have been using Photos for years."
SIM-0363,Reddit,"the photo of a prescription. I remember the people and situation but not the date. I switched to another device or photo app. I can recognize the image if I see it, but getting to it is the hard part."
SIM-0469,Google Photos Community,"the picture from the day we moved house. I remember roughly when it happened, but not the exact day. I looked through a very large set of thumbnails. I have been using Photos for years."
SIM-0427,Reddit,"that small cafe from our Goa trip. I know approximately which year it was, but not the month. I gave up and asked someone else to send the photo. Sometimes I get a lot of plausible results and still cannot tell which one is right."
SIM-0307,Reddit,"a screenshot of a product I wanted. I remember the place generally, but not its name. I could not find it. It feels much easier when I know an exact date or person's name."
SIM-0606,Social media,the medicine box I photographed. I remember a visual detail that is hard to describe in a search box. I gave up and asked someone else to send the photo.
SIM-0080,Google Play Store,"the photo of a prescription. I remember who was there and what we were doing, but not the album. I found it after several attempts. I can recognize the image if I see it, but getting to it is the hard part."
SIM-0149,Google Play Store,"the insurance document. I remember what the object looked like, but not what it was called. I searched a person's name and then browsed. It feels much easier when I know an exact date or person's name."
SIM-0774,Forums,the medicine box I photographed. I remember the people and situation but not the date. I opened likely results one by one. I have been using Photos for years.
SIM-0612,Social media,a yellow truck. I remember the people and situation but not the date. I searched by date and got too many results. I know the photo exists because I have seen it before.
SIM-0776,Forums,"our Kerala houseboat photos. I know approximately which year it was, but not the month. I tried an object keyword. There are thousands of images in the account."
SIM-0673,Social media,"the boarding pass screenshot. I remember what the object looked like, but not what it was called. I searched for text that might be in the image. The problem is not taking the photo; it is finding it later."
SIM-0383,Reddit,the medicine box I photographed. I remember a visual detail that is hard to describe in a search box. I searched for text that might be in the image. Sometimes I get a lot of plausible results and still cannot tell which one is right.
SIM-0328,Reddit,"the restaurant near Tokyo station. I remember the color, setting, or people but not a useful keyword. I could not find it."
SIM-0623,Social media,the old family group photo. I remember a visual detail that is hard to describe in a search box. I found a similar photo but not the exact one. Sometimes I get a lot of plausible results and still cannot tell which one is right.
SIM-0134,Google Play Store,a yellow truck. I remember a visual detail that is hard to describe in a search box. I opened likely results one by one. It feels much easier when I know an exact date or person's name.
SIM-0690,YouTube comments,"the old meme I saved. I know approximately which year it was, but not the month. I searched by date and got too many results. I can recognize the image if I see it, but getting to it is the hard part."
SIM-0232,Apple App Store,the picture from the day we moved house. I remember a visual detail that is hard to describe in a search box. I used a date range and manually compared candidates.
SIM-0539,Google Photos Community,a picture with my college friends. I remember the story around the photo more clearly than its metadata. I used a date range and manually compared candidates.
SIM-0056,Google Play Store,"our Diwali family photo. I remember what the object looked like, but not what it was called. I found a similar photo but not the exact one. Sometimes I get a lot of plausible results and still cannot tell which one is right."
SIM-0540,Google Photos Community,"the birthday dinner. I remember what the object looked like, but not what it was called. I used a date range and manually compared candidates. I usually remember the story around the picture better than its metadata."
SIM-0635,Social media,"the picture from our office party. I remember roughly when it happened, but not the exact day. I searched by person and place together."
SIM-0528,Google Photos Community,"my cousin at the concert. I can recognize it if I see it, but I don't know how to narrow the results. I switched to another device or photo app."
SIM-0595,Google Photos Community,"the photo of a prescription. I can recognize it if I see it, but I don't know how to narrow the results. I looked through a very large set of thumbnails. There are thousands of images in the account."
SIM-0656,Social media,the birthday dinner. I remember a visual detail that is hard to describe in a search box. I used a date range and manually compared candidates.
SIM-0580,Google Photos Community,"the waterfall from our road trip. I remember roughly when it happened, but not the exact day. I searched by person and place together. I have been using Photos for years."
SIM-0769,Forums,the birthday dinner. I remember what was happening but not the exact words. I searched a person's name and then browsed.
SIM-0214,Apple App Store,a photo of my grandparents' wedding album. I remember the people and situation but not the date. I searched a person's name and then browsed. There are thousands of images in the account.
SIM-0657,Social media,"the picture from our office party. I remember roughly when it happened, but not the exact day. I looked through a very large set of thumbnails. I usually remember the story around the picture better than its metadata."
SIM-0579,Google Photos Community,"the medicine box I photographed. I remember roughly when it happened, but not the exact day. I tried different wording. The problem is not taking the photo; it is finding it later."
SIM-0061,Google Play Store,"the picture from our office party. I remember the color, setting, or people but not a useful keyword. I opened likely results one by one. I know the photo exists because I have seen it before."
SIM-0200,Apple App Store,"the waterfall from our road trip. I remember what the object looked like, but not what it was called. I found it after several attempts. The problem is not taking the photo; it is finding it later."
SIM-0602,Social media,"the insurance document. I remember the place generally, but not its name. I switched to another device or photo app. The problem is not taking the photo; it is finding it later."
SIM-0466,Google Photos Community,"the boarding pass screenshot. I remember who was there and what we were doing, but not the album. I tried different wording. Sometimes I get a lot of plausible results and still cannot tell which one is right."
SIM-0581,Google Photos Community,the photo of a prescription. I remember a visual detail that is hard to describe in a search box. I switched to another device or photo app. I know the photo exists because I have seen it before.
SIM-N002,Google Photos Community,The new editing interface is confusing.
SIM-0553,Google Photos Community,"a photo of my grandfather at the wedding. I remember who was there and what we were doing, but not the album. I could not find it. I know the photo exists because I have seen it before."
SIM-0679,YouTube comments,"my cousin at the concert. I remember roughly when it happened, but not the exact day. I found a similar photo but not the exact one."
SIM-0394,Reddit,"the boarding pass screenshot. I remember who was there and what we were doing, but not the album. I tried different wording. There are thousands of images in the account."
SIM-0267,Apple App Store,"the lamp I wanted to buy. I remember a visual detail that is hard to describe in a search box. I used a date range and manually compared candidates. I can recognize the image if I see it, but getting to it is the hard part."
SIM-0368,Reddit,the old meme I saved. I remember the story around the photo more clearly than its metadata. I searched by date and got too many results.
SIM-N018,Google Play Store,The new editing interface is confusing.
SIM-0757,Forums,"the old family group photo. I remember roughly when it happened, but not the exact day. I switched between search terms and albums. Sometimes I get a lot of plausible results and still cannot tell which one is right."
SIM-0091,Google Play Store,"my cousin at the concert. I remember what the object looked like, but not what it was called. I searched a person's name and then browsed. I can recognize the image if I see it, but getting to it is the hard part."
SIM-0788,Forums,"the medicine box I photographed. I remember the color, setting, or people but not a useful keyword. I searched by person and place together. I know the photo exists because I have seen it before."
SIM-0182,Apple App Store,a screenshot of a product I wanted. I remember the people and situation but not the date. I tried different wording. There are thousands of images in the account.
SIM-0434,Reddit,"my cousin at the concert. I know approximately which year it was, but not the month. I switched to another device or photo app. There are thousands of images in the account."
SIM-0741,YouTube comments,"my daughter wearing the red dress. I remember the photo exists, but not how I originally found it. I tried different wording."
SIM-0542,Google Photos Community,"my cousin at the concert. I remember the color, setting, or people but not a useful keyword. I tried several related words. There are thousands of images in the account."
SIM-0159,Google Play Store,"the photo from when I was sick. I remember who was there and what we were doing, but not the album. I searched by date and got too many results. There are thousands of images in the account."
SIM-0070,Google Play Store,"the landlord WhatsApp screenshot. I remember what the object looked like, but not what it was called. I looked through a very large set of thumbnails. I know the photo exists because I have seen it before."
SIM-0324,Reddit,the picture I sent to my doctor. I remember a visual detail that is hard to describe in a search box. I tried an object keyword. It feels much easier when I know an exact date or person's name.
SIM-0132,Google Play Store,"the landlord WhatsApp screenshot. I remember the place generally, but not its name. I found a similar photo but not the exact one. The problem is not taking the photo; it is finding it later."
SIM-0045,Google Play Store,"a photo of my grandparents' wedding album. I remember roughly when it happened, but not the exact day. I searched for text that might be in the image. Sometimes I get a lot of plausible results and still cannot tell which one is right."
SIM-0650,Social media,the old meme I saved. I remember a visual detail that is hard to describe in a search box. I switched between search terms and albums. Sometimes I get a lot of plausible results and still cannot tell which one is right.
SIM-0071,Google Play Store,the parking sign I photographed. I remember a visual detail that is hard to describe in a search box. I switched to another device or photo app. There are thousands of images in the account.
SIM-0445,Reddit,"the concert selfie. I remember what the object looked like, but not what it was called. I searched for text that might be in the image. Sometimes I get a lot of plausible results and still cannot tell which one is right."
SIM-0663,Social media,"a screenshot of a product I wanted. I know approximately which year it was, but not the month. I searched for text that might be in the image."
SIM-0672,Social media,the recipe screenshot. I remember a visual detail that is hard to describe in a search box. I tried an object keyword. It feels much easier when I know an exact date or person's name.
SIM-0266,Apple App Store,the photo of a prescription. I remember the people and situation but not the date. I gave up and asked someone else to send the photo.
SIM-0136,Google Play Store,"a screenshot of a product I wanted. I remember the place generally, but not its name. I searched by date and got too many results. Sometimes I get a lot of plausible results and still cannot tell which one is right."
SIM-0083,Google Play Store,"the insurance document. I know approximately which year it was, but not the month. I searched a few keywords and then scrolled. I can recognize the image if I see it, but getting to it is the hard part."
SIM-0166,Google Play Store,the old meme I saved. I remember the story around the photo more clearly than its metadata. I searched a person's name and then browsed.
SIM-0165,Google Play Store,our Kerala houseboat photos. I remember the story around the photo more clearly than its metadata. I searched for text that might be in the image.
SIM-0029,Google Play Store,"our Diwali family photo. I remember the place generally, but not its name. I tried an object keyword. There are thousands of images in the account."
SIM-0433,Reddit,"my cousin at the concert. I remember what the object looked like, but not what it was called. I searched a few keywords and then scrolled."
SIM-0194,Apple App Store,"the landlord WhatsApp screenshot. I remember the place generally, but not its name. I searched by person and place together."
SIM-0261,Apple App Store,"the waterfall from our road trip. I remember the story around the photo more clearly than its metadata. I switched between search terms and albums. I can recognize the image if I see it, but getting to it is the hard part."
SIM-0545,Google Photos Community,"the photo of a prescription. I know approximately which year it was, but not the month. I switched between search terms and albums. I have been using Photos for years."
SIM-0779,Forums,"the restaurant near Tokyo station. I remember what was happening but not the exact words. I looked through the timeline manually. I can recognize the image if I see it, but getting to it is the hard part."
SIM-0137,Google Play Store,a photo of my grandfather at the wedding. I remember the story around the photo more clearly than its metadata. I looked through a very large set of thumbnails. Sometimes I get a lot of plausible results and still cannot tell which one is right.
SIM-0645,Social media,"the waterfall from our road trip. I remember who was there and what we were doing, but not the album. I could not find it. It feels much easier when I know an exact date or person's name."
SIM-0330,Reddit,"a yellow truck. I know approximately which year it was, but not the month. I searched by person and place together."
SIM-0141,Google Play Store,"a photo of my grandparents' wedding album. I remember the people and situation but not the date. I found a similar photo but not the exact one. I can recognize the image if I see it, but getting to it is the hard part."
SIM-0560,Google Photos Community,"my cousin at the concert. I can recognize it if I see it, but I don't know how to narrow the results. I tried different wording. I usually remember the story around the picture better than its metadata."
SIM-0007,Google Play Store,"the birthday dinner. I remember roughly when it happened, but not the exact day. I tried different wording. The problem is not taking the photo; it is finding it later."
SIM-0549,Google Photos Community,the landlord WhatsApp screenshot. I remember the people and situation but not the date. I switched to another device or photo app.
SIM-0596,Google Photos Community,"the concert selfie. I know approximately which year it was, but not the month. I searched for text that might be in the image. There are thousands of images in the account."
SIM-0236,Apple App Store,"a picture with my college friends. I remember what the object looked like, but not what it was called. I searched a person's name and then browsed. There are thousands of images in the account."
SIM-0594,Google Photos Community,"a photo of my grandfather at the wedding. I know approximately which year it was, but not the month. I looked through a very large set of thumbnails. It feels much easier when I know an exact date or person's name."
SIM-0074,Google Play Store,"my daughter wearing the red dress. I remember the place generally, but not its name. I switched to another device or photo app. I know the photo exists because I have seen it before."
SIM-0584,Google Photos Community,a picture with my college friends. I remember the people and situation but not the date. I gave up and asked someone else to send the photo. I usually remember the story around the picture better than its metadata.
SIM-0735,YouTube comments,the picture from the day we moved house. I remember what was happening but not the exact words. I opened likely results one by one.
SIM-0397,Reddit,"the waterfall from our road trip. I remember the place generally, but not its name. I opened likely results one by one. Sometimes I get a lot of plausible results and still cannot tell which one is right."
SIM-0146,Google Play Store,"a picture with my college friends. I remember what the object looked like, but not what it was called. I gave up and asked someone else to send the photo. It feels much easier when I know an exact date or person's name."
SIM-0424,Reddit,"the boarding pass screenshot. I remember what the object looked like, but not what it was called. I gave up and asked someone else to send the photo."
SIM-0235,Apple App Store,a screenshot of a product I wanted. I remember the story around the photo more clearly than its metadata. I switched between search terms and albums.
SIM-0221,Apple App Store,our Kerala houseboat photos. I remember what was happening but not the exact words. I searched for text that might be in the image. It feels much easier when I know an exact date or person's name.
SIM-0320,Reddit,"the picture from the day we moved house. I remember the photo exists, but not how I originally found it. I tried an object keyword."
SIM-0337,Reddit,"the concert selfie. I remember the photo exists, but not how I originally found it. I searched a person's name and then browsed. I usually remember the story around the picture better than its metadata."
SIM-0133,Google Play Store,the picture from our office party. I remember the people and situation but not the date. I opened likely results one by one.
SIM-0399,Reddit,my cousin at the concert. I remember what was happening but not the exact words. I could not find it. There are thousands of images in the account.
SIM-N021,Google Play Store,The app is using too much battery.
SIM-0452,Reddit,the hotel we stayed at during a trip. I remember the story around the photo more clearly than its metadata. I switched to another device or photo app. I know the photo exists because I have seen it before.
SIM-0042,Google Play Store,the recipe screenshot. I remember the story around the photo more clearly than its metadata. I searched by person and place together. It feels much easier when I know an exact date or person's name.
SIM-0736,YouTube comments,"the lamp I wanted to buy. I remember who was there and what we were doing, but not the album. I tried an object keyword. I know the photo exists because I have seen it before."
SIM-0109,Google Play Store,"the parking sign I photographed. I can recognize it if I see it, but I don't know how to narrow the results. I switched between search terms and albums. I know the photo exists because I have seen it before."
SIM-0366,Reddit,the birthday dinner. I remember what was happening but not the exact words. I could not find it. There are thousands of images in the account.
SIM-0057,Google Play Store,"the picture from the day we moved house. I remember what the object looked like, but not what it was called. I used a date range and manually compared candidates. I can recognize the image if I see it, but getting to it is the hard part."
SIM-0412,Reddit,my daughter wearing the red dress. I remember what was happening but not the exact words. I looked through the timeline manually. There are thousands of images in the account.
SIM-0487,Google Photos Community,"my cousin at the concert. I remember the photo exists, but not how I originally found it. I looked through the timeline manually. Sometimes I get a lot of plausible results and still cannot tell which one is right."
SIM-N039,Forums,How do I change the app theme?
SIM-0025,Google Play Store,the birthday dinner. I remember a visual detail that is hard to describe in a search box. I searched for text that might be in the image. I usually remember the story around the picture better than its metadata.
SIM-0303,Reddit,"the medicine box I photographed. I remember the photo exists, but not how I originally found it. I searched a few keywords and then scrolled. It feels much easier when I know an exact date or person's name."
SIM-0389,Reddit,"my cousin at the concert. I remember the photo exists, but not how I originally found it. I searched for text that might be in the image. I know the photo exists because I have seen it before."
SIM-0378,Reddit,the insurance document. I remember a visual detail that is hard to describe in a search box. I looked through the timeline manually. I usually remember the story around the picture better than its metadata.
SIM-0052,Google Play Store,the concert selfie. I remember the people and situation but not the date. I searched by person and place together. There are thousands of images in the account.
SIM-0352,Reddit,"a photo of my grandparents' wedding album. I can recognize it if I see it, but I don't know how to narrow the results. I switched to another device or photo app."
SIM-0771,Forums,"a yellow truck. I remember what the object looked like, but not what it was called. I used a date range and manually compared candidates. There are thousands of images in the account."
SIM-0265,Apple App Store,a photo of my grandfather at the wedding. I remember what was happening but not the exact words. I tried an object keyword. I know the photo exists because I have seen it before.
SIM-0742,YouTube comments,the hotel we stayed at during a trip. I remember a visual detail that is hard to describe in a search box. I opened likely results one by one. The problem is not taking the photo; it is finding it later.
SIM-0583,Google Photos Community,"the old meme I saved. I remember roughly when it happened, but not the exact day. I found a similar photo but not the exact one. I have been using Photos for years."
SIM-0425,Reddit,"the photo of a prescription. I remember the color, setting, or people but not a useful keyword. I searched by date and got too many results. I can recognize the image if I see it, but getting to it is the hard part."
SIM-0589,Google Photos Community,"our Diwali family photo. I know approximately which year it was, but not the month. I found a similar photo but not the exact one. There are thousands of images in the account."
SIM-0019,Google Play Store,the concert selfie. I remember what was happening but not the exact words. I tried several related words. There are thousands of images in the account.
SIM-0617,Social media,"my daughter wearing the red dress. I remember roughly when it happened, but not the exact day. I used a date range and manually compared candidates. I can recognize the image if I see it, but getting to it is the hard part."
SIM-0291,Apple App Store,"that small cafe from our Goa trip. I know approximately which year it was, but not the month. I looked through a very large set of thumbnails. Sometimes I get a lot of plausible results and still cannot tell which one is right."
SIM-0084,Google Play Store,"the picture from the day we moved house. I remember roughly when it happened, but not the exact day. I tried several related words. There are thousands of images in the account."
SIM-0062,Google Play Store,"the medicine box I photographed. I remember who was there and what we were doing, but not the album. I found a similar photo but not the exact one. It feels much easier when I know an exact date or person's name."
SIM-0491,Google Photos Community,the boarding pass screenshot. I remember the story around the photo more clearly than its metadata. I switched to another device or photo app. The problem is not taking the photo; it is finding it later.
SIM-0286,Apple App Store,"our Kerala houseboat photos. I know approximately which year it was, but not the month. I switched to another device or photo app. It feels much easier when I know an exact date or person's name."
SIM-0310,Reddit,"a picture with my college friends. I remember the color, setting, or people but not a useful keyword. I searched by date and got too many results. It feels much easier when I know an exact date or person's name."
SIM-0405,Reddit,the landlord WhatsApp screenshot. I remember the story around the photo more clearly than its metadata. I searched by person and place together. Sometimes I get a lot of plausible results and still cannot tell which one is right.
SIM-N005,Forums,I need help with partner sharing.
SIM-0183,Apple App Store,"a photo of my grandfather at the wedding. I remember what the object looked like, but not what it was called. I tried different wording. I can recognize the image if I see it, but getting to it is the hard part."
SIM-0333,Reddit,"the old family group photo. I remember the place generally, but not its name. I searched for text that might be in the image. I can recognize the image if I see it, but getting to it is the hard part."
SIM-0526,Google Photos Community,"the hotel we stayed at during a trip. I can recognize it if I see it, but I don't know how to narrow the results. I looked through a very large set of thumbnails. There are thousands of images in the account."
SIM-0224,Apple App Store,the insurance document. I remember what was happening but not the exact words. I tried several related words. I have been using Photos for years.
SIM-0523,Google Photos Community,the concert selfie. I remember a visual detail that is hard to describe in a search box. I switched to another device or photo app. Sometimes I get a lot of plausible results and still cannot tell which one is right.
SIM-0498,Google Photos Community,a screenshot of a product I wanted. I remember a visual detail that is hard to describe in a search box. I searched by date and got too many results. I have been using Photos for years.
SIM-0339,Reddit,"the waterfall from our road trip. I remember what the object looked like, but not what it was called. I used a date range and manually compared candidates."
SIM-0382,Reddit,"the parking sign I photographed. I remember roughly when it happened, but not the exact day. I looked through the timeline manually. I know the photo exists because I have seen it before."
SIM-0471,Google Photos Community,that small cafe from our Goa trip. I remember what was happening but not the exact words. I searched by person and place together.
SIM-0520,Google Photos Community,"the old meme I saved. I know approximately which year it was, but not the month. I gave up and asked someone else to send the photo. It feels much easier when I know an exact date or person's name."
SIM-0177,Google Play Store,"the old family group photo. I remember the place generally, but not its name. I tried different wording."
SIM-0571,Google Photos Community,our Diwali family photo. I remember the story around the photo more clearly than its metadata. I tried several related words. There are thousands of images in the account.
SIM-0768,Forums,the boarding pass screenshot. I remember the people and situation but not the date. I switched between search terms and albums. It feels much easier when I know an exact date or person's name.
SIM-0164,Google Play Store,the hotel we stayed at during a trip. I remember what was happening but not the exact words. I switched between search terms and albums. I know the photo exists because I have seen it before.
SIM-0249,Apple App Store,"the boarding pass screenshot. I remember the photo exists, but not how I originally found it. I searched a person's name and then browsed. It feels much easier when I know an exact date or person's name."
SIM-0543,Google Photos Community,the birthday dinner. I remember the story around the photo more clearly than its metadata. I looked through a very large set of thumbnails.
SIM-0744,YouTube comments,"the restaurant near Tokyo station. I know approximately which year it was, but not the month. I searched a few keywords and then scrolled. There are thousands of images in the account."
SIM-0075,Google Play Store,"the birthday dinner. I remember who was there and what we were doing, but not the album. I could not find it. There are thousands of images in the account."
SIM-0502,Google Photos Community,"the sangeet. I remember what the object looked like, but not what it was called. I opened likely results one by one."
SIM-0500,Google Photos Community,a screenshot of a product I wanted. I remember the story around the photo more clearly than its metadata. I searched by date and got too many results. It feels much easier when I know an exact date or person's name.
SIM-0105,Google Play Store,the hotel we stayed at during a trip. I remember the story around the photo more clearly than its metadata. I tried several related words. The problem is not taking the photo; it is finding it later.
SIM-0115,Google Play Store,"the medicine box I photographed. I remember the photo exists, but not how I originally found it. I found it after several attempts."
SIM-0413,Reddit,"the lamp I wanted to buy. I remember who was there and what we were doing, but not the album. I switched to another device or photo app. I have been using Photos for years."
SIM-0093,Google Play Store,the old meme I saved. I remember a visual detail that is hard to describe in a search box. I looked through a very large set of thumbnails.
SIM-0437,Reddit,"a yellow truck. I remember roughly when it happened, but not the exact day. I tried different wording. I can recognize the image if I see it, but getting to it is the hard part."
SIM-0090,Google Play Store,"the restaurant near Tokyo station. I remember roughly when it happened, but not the exact day. I found a similar photo but not the exact one."
SIM-0457,Google Photos Community,"the recipe screenshot. I remember roughly when it happened, but not the exact day. I searched by person and place together. Sometimes I get a lot of plausible results and still cannot tell which one is right."
SIM-0772,Forums,"the waterfall from our road trip. I can recognize it if I see it, but I don't know how to narrow the results. I found a similar photo but not the exact one. There are thousands of images in the account."
SIM-0782,Forums,"the picture I sent to my doctor. I can recognize it if I see it, but I don't know how to narrow the results. I tried an object keyword. I usually remember the story around the picture better than its metadata."
SIM-0517,Google Photos Community,"my daughter wearing the red dress. I remember the place generally, but not its name. I gave up and asked someone else to send the photo. The problem is not taking the photo; it is finding it later."
SIM-0522,Google Photos Community,"the concert selfie. I remember a visual detail that is hard to describe in a search box. I found it after several attempts. I can recognize the image if I see it, but getting to it is the hard part."
SIM-0095,Google Play Store,"the picture from the day we moved house. I remember what the object looked like, but not what it was called. I found it after several attempts. I usually remember the story around the picture better than its metadata."
SIM-0012,Google Play Store,the photo of a prescription. I remember what was happening but not the exact words. I searched for text that might be in the image. The problem is not taking the photo; it is finding it later.
SIM-0552,Google Photos Community,"that small cafe from our Goa trip. I remember roughly when it happened, but not the exact day. I gave up and asked someone else to send the photo. I have been using Photos for years."
SIM-0044,Google Play Store,the picture from the day we moved house. I remember a visual detail that is hard to describe in a search box. I tried different wording. I have been using Photos for years.
SIM-0043,Google Play Store,"the picture from the day we moved house. I remember the color, setting, or people but not a useful keyword. I tried several related words. I can recognize the image if I see it, but getting to it is the hard part."
SIM-0168,Google Play Store,"the landlord WhatsApp screenshot. I remember what the object looked like, but not what it was called. I found a similar photo but not the exact one. I have been using Photos for years."
SIM-0737,YouTube comments,that small cafe from our Goa trip. I remember what was happening but not the exact words. I used a date range and manually compared candidates. Sometimes I get a lot of plausible results and still cannot tell which one is right.
SIM-0670,Social media,"the concert selfie. I remember the photo exists, but not how I originally found it. I switched to another device or photo app. It feels much easier when I know an exact date or person's name."
SIM-0706,YouTube comments,a photo of my grandparents' wedding album. I remember the people and situation but not the date. I tried several related words. The problem is not taking the photo; it is finding it later.
SIM-0709,YouTube comments,"the medicine box I photographed. I know approximately which year it was, but not the month. I tried an object keyword. There are thousands of images in the account."
SIM-0179,Google Play Store,the old family group photo. I remember what was happening but not the exact words. I tried different wording. I know the photo exists because I have seen it before.
SIM-0555,Google Photos Community,"the picture I sent to my doctor. I can recognize it if I see it, but I don't know how to narrow the results. I searched by date and got too many results. I have been using Photos for years."
SIM-0644,Social media,the hotel we stayed at during a trip. I remember a visual detail that is hard to describe in a search box. I used a date range and manually compared candidates. It feels much easier when I know an exact date or person's name.
SIM-0178,Google Play Store,"the insurance document. I remember who was there and what we were doing, but not the album. I switched between search terms and albums. There are thousands of images in the account."
SIM-0680,YouTube comments,that small cafe from our Goa trip. I remember the story around the photo more clearly than its metadata. I switched between search terms and albums. I know the photo exists because I have seen it before.
SIM-0585,Google Photos Community,the photo of a prescription. I remember the story around the photo more clearly than its metadata. I searched by date and got too many results. I have been using Photos for years.
SIM-0258,Apple App Store,"the boarding pass screenshot. I remember the color, setting, or people but not a useful keyword. I tried an object keyword. I can recognize the image if I see it, but getting to it is the hard part."
SIM-0381,Reddit,a yellow truck. I remember a visual detail that is hard to describe in a search box. I tried different wording. Sometimes I get a lot of plausible results and still cannot tell which one is right.
SIM-0336,Reddit,"the birthday dinner. I remember what the object looked like, but not what it was called. I gave up and asked someone else to send the photo. I know the photo exists because I have seen it before."
SIM-0762,Forums,a picture with my college friends. I remember the story around the photo more clearly than its metadata. I searched by person and place together. I know the photo exists because I have seen it before.
SIM-0016,Google Play Store,"the insurance document. I remember the photo exists, but not how I originally found it. I opened likely results one by one. I usually remember the story around the picture better than its metadata."
SIM-0004,Google Play Store,"a screenshot of a product I wanted. I know approximately which year it was, but not the month. I found a similar photo but not the exact one. I can recognize the image if I see it, but getting to it is the hard part."
SIM-0356,Reddit,"the picture from the day we moved house. I remember the photo exists, but not how I originally found it. I searched by person and place together."
SIM-0257,Apple App Store,"a screenshot of a product I wanted. I remember roughly when it happened, but not the exact day. I searched a few keywords and then scrolled."
SIM-0395,Reddit,the lamp I wanted to buy. I remember the people and situation but not the date. I opened likely results one by one. I know the photo exists because I have seen it before.
SIM-0626,Social media,"the old family group photo. I remember the photo exists, but not how I originally found it. I gave up and asked someone else to send the photo."
SIM-0658,Social media,"the sangeet. I can recognize it if I see it, but I don't know how to narrow the results. I searched by date and got too many results. I can recognize the image if I see it, but getting to it is the hard part."
SIM-0773,Forums,"our Diwali family photo. I can recognize it if I see it, but I don't know how to narrow the results. I searched a few keywords and then scrolled. It feels much easier when I know an exact date or person's name."
SIM-0443,Reddit,the picture from the day we moved house. I remember what was happening but not the exact words. I tried an object keyword. It feels much easier when I know an exact date or person's name.
SIM-0761,Forums,"the lamp I wanted to buy. I know approximately which year it was, but not the month. I used a date range and manually compared candidates."
SIM-0429,Reddit,"the picture I sent to my doctor. I remember the photo exists, but not how I originally found it. I found it after several attempts. Sometimes I get a lot of plausible results and still cannot tell which one is right."
SIM-0325,Reddit,"the picture I sent to my doctor. I remember the color, setting, or people but not a useful keyword. I could not find it. It feels much easier when I know an exact date or person's name."
SIM-0486,Google Photos Community,my daughter wearing the red dress. I remember a visual detail that is hard to describe in a search box. I looked through the timeline manually. I know the photo exists because I have seen it before.
SIM-0010,Google Play Store,"the photo from when I was sick. I remember roughly when it happened, but not the exact day. I could not find it."
SIM-0250,Apple App Store,"the lamp I wanted to buy. I remember who was there and what we were doing, but not the album. I used a date range and manually compared candidates."
SIM-0023,Google Play Store,"the boarding pass screenshot. I remember the photo exists, but not how I originally found it. I tried several related words."
SIM-0357,Reddit,"a screenshot of a product I wanted. I remember the color, setting, or people but not a useful keyword. I found a similar photo but not the exact one."
SIM-0222,Apple App Store,the hotel we stayed at during a trip. I remember the people and situation but not the date. I tried an object keyword.
SIM-0591,Google Photos Community,the sangeet. I remember the people and situation but not the date. I tried several related words. It feels much easier when I know an exact date or person's name.
SIM-0724,YouTube comments,"the medicine box I photographed. I remember roughly when it happened, but not the exact day. I looked through the timeline manually. I usually remember the story around the picture better than its metadata."
SIM-N025,Google Play Store,Face grouping stopped working after an update.
SIM-0484,Google Photos Community,the old family group photo. I remember a visual detail that is hard to describe in a search box. I searched by person and place together. I usually remember the story around the picture better than its metadata.
SIM-0341,Reddit,"the waterfall from our road trip. I can recognize it if I see it, but I don't know how to narrow the results. I used a date range and manually compared candidates. I have been using Photos for years."
SIM-0704,YouTube comments,"the hotel we stayed at during a trip. I know approximately which year it was, but not the month. I searched by person and place together. I have been using Photos for years."
SIM-0204,Apple App Store,"the landlord WhatsApp screenshot. I remember roughly when it happened, but not the exact day. I searched by person and place together. I can recognize the image if I see it, but getting to it is the hard part."
SIM-0238,Apple App Store,the picture from our office party. I remember what was happening but not the exact words. I used a date range and manually compared candidates.
SIM-0094,Google Play Store,the lamp I wanted to buy. I remember the people and situation but not the date. I tried different wording. I know the photo exists because I have seen it before.
SIM-0426,Reddit,"the picture from our office party. I remember the place generally, but not its name. I searched for text that might be in the image. The problem is not taking the photo; it is finding it later."
SIM-0384,Reddit,"the photo of a prescription. I remember the place generally, but not its name. I searched by person and place together. I know the photo exists because I have seen it before."
SIM-0533,Google Photos Community,"the insurance document. I remember the color, setting, or people but not a useful keyword. I opened likely results one by one. The problem is not taking the photo; it is finding it later."
SIM-0285,Apple App Store,"my daughter wearing the red dress. I remember the color, setting, or people but not a useful keyword. I searched a person's name and then browsed. It feels much easier when I know an exact date or person's name."
SIM-0185,Apple App Store,the picture I sent to my doctor. I remember the people and situation but not the date. I looked through a very large set of thumbnails. Sometimes I get a lot of plausible results and still cannot tell which one is right.
SIM-0681,YouTube comments,"the medicine box I photographed. I remember who was there and what we were doing, but not the album. I searched a person's name and then browsed. There are thousands of images in the account."
SIM-0678,YouTube comments,"the recipe screenshot. I remember the place generally, but not its name. I searched for text that might be in the image."
SIM-0154,Google Play Store,our Kerala houseboat photos. I remember the people and situation but not the date. I searched by person and place together. I usually remember the story around the picture better than its metadata.
SIM-0076,Google Play Store,"the picture from our office party. I remember roughly when it happened, but not the exact day. I searched a person's name and then browsed. The problem is not taking the photo; it is finding it later."
SIM-0686,YouTube comments,"the landlord WhatsApp screenshot. I remember who was there and what we were doing, but not the album. I could not find it. Sometimes I get a lot of plausible results and still cannot tell which one is right."
SIM-0524,Google Photos Community,"our Diwali family photo. I remember what the object looked like, but not what it was called. I tried different wording. I can recognize the image if I see it, but getting to it is the hard part."
SIM-0278,Apple App Store,"our Diwali family photo. I remember the color, setting, or people but not a useful keyword. I searched by person and place together."
SIM-0069,Google Play Store,"the parking sign I photographed. I remember what the object looked like, but not what it was called. I switched to another device or photo app."
SIM-0538,Google Photos Community,"my cousin at the concert. I know approximately which year it was, but not the month. I searched by date and got too many results."
SIM-0189,Apple App Store,"the birthday dinner. I remember the place generally, but not its name. I switched to another device or photo app. I know the photo exists because I have seen it before."
SIM-0272,Apple App Store,"the photo from when I was sick. I remember roughly when it happened, but not the exact day. I found a similar photo but not the exact one. I know the photo exists because I have seen it before."
SIM-0630,Social media,"a picture with my college friends. I remember the color, setting, or people but not a useful keyword. I tried different wording."
SIM-0529,Google Photos Community,my cousin at the concert. I remember the story around the photo more clearly than its metadata. I tried an object keyword. I know the photo exists because I have seen it before.
SIM-0237,Apple App Store,"the restaurant near Tokyo station. I can recognize it if I see it, but I don't know how to narrow the results. I tried an object keyword. I usually remember the story around the picture better than its metadata."
SIM-0089,Google Play Store,the picture I sent to my doctor. I remember the people and situation but not the date. I found a similar photo but not the exact one.
SIM-0715,YouTube comments,"the photo from when I was sick. I can recognize it if I see it, but I don't know how to narrow the results. I could not find it. I know the photo exists because I have seen it before."
SIM-0118,Google Play Store,"the sangeet. I remember who was there and what we were doing, but not the album. I could not find it. I usually remember the story around the picture better than its metadata."
SIM-0126,Google Play Store,"the picture from our office party. I remember the photo exists, but not how I originally found it. I tried an object keyword. There are thousands of images in the account."
SIM-0692,YouTube comments,"the medicine box I photographed. I remember what the object looked like, but not what it was called. I could not find it. The problem is not taking the photo; it is finding it later."
SIM-0290,Apple App Store,"our Kerala houseboat photos. I remember the place generally, but not its name. I searched by person and place together."
SIM-0239,Apple App Store,a yellow truck. I remember what was happening but not the exact words. I searched by person and place together. It feels much easier when I know an exact date or person's name.
SIM-0001,Google Play Store,"the concert selfie. I know approximately which year it was, but not the month. I looked through a very large set of thumbnails. I know the photo exists because I have seen it before."
SIM-N032,Social media,How do I change notification settings?
SIM-0410,Reddit,"that small cafe from our Goa trip. I remember a visual detail that is hard to describe in a search box. I could not find it. I can recognize the image if I see it, but getting to it is the hard part."
SIM-0734,YouTube comments,the medicine box I photographed. I remember the story around the photo more clearly than its metadata. I could not find it. I usually remember the story around the picture better than its metadata.
SIM-0396,Reddit,"the recipe screenshot. I remember the place generally, but not its name. I switched to another device or photo app. I have been using Photos for years."
SIM-0488,Google Photos Community,the insurance document. I remember what was happening but not the exact words. I gave up and asked someone else to send the photo. I know the photo exists because I have seen it before.
SIM-0496,Google Photos Community,"the parking sign I photographed. I remember the place generally, but not its name. I searched a few keywords and then scrolled. I usually remember the story around the picture better than its metadata."
SIM-0279,Apple App Store,the picture I sent to my doctor. I remember the story around the photo more clearly than its metadata. I searched by person and place together. The problem is not taking the photo; it is finding it later.
SIM-0654,Social media,a screenshot of a product I wanted. I remember what was happening but not the exact words. I searched for text that might be in the image. I have been using Photos for years.
SIM-0117,Google Play Store,"the recipe screenshot. I remember what the object looked like, but not what it was called. I gave up and asked someone else to send the photo. It feels much easier when I know an exact date or person's name."
SIM-0229,Apple App Store,"the concert selfie. I can recognize it if I see it, but I don't know how to narrow the results. I searched by person and place together."
SIM-0592,Google Photos Community,"the old family group photo. I can recognize it if I see it, but I don't know how to narrow the results. I searched a person's name and then browsed. I have been using Photos for years."
SIM-0446,Reddit,"the concert selfie. I remember the photo exists, but not how I originally found it. I searched by date and got too many results. I can recognize the image if I see it, but getting to it is the hard part."
SIM-0697,YouTube comments,"the medicine box I photographed. I can recognize it if I see it, but I don't know how to narrow the results. I searched a few keywords and then scrolled. The problem is not taking the photo; it is finding it later."
SIM-0275,Apple App Store,"the hotel we stayed at during a trip. I know approximately which year it was, but not the month. I searched by person and place together. I can recognize the image if I see it, but getting to it is the hard part."
SIM-0319,Reddit,"the restaurant near Tokyo station. I remember what the object looked like, but not what it was called. I looked through the timeline manually. There are thousands of images in the account."
SIM-0576,Google Photos Community,"the sangeet. I can recognize it if I see it, but I don't know how to narrow the results. I searched by date and got too many results. I know the photo exists because I have seen it before."
SIM-0145,Google Play Store,"the old meme I saved. I remember the story around the photo more clearly than its metadata. I tried different wording. I can recognize the image if I see it, but getting to it is the hard part."
SIM-0603,Social media,the medicine box I photographed. I remember the story around the photo more clearly than its metadata. I gave up and asked someone else to send the photo. I usually remember the story around the picture better than its metadata.
SIM-0532,Google Photos Community,"the photo from when I was sick. I remember the photo exists, but not how I originally found it. I searched for text that might be in the image. I usually remember the story around the picture better than its metadata."
SIM-0764,Forums,"that small cafe from our Goa trip. I remember the color, setting, or people but not a useful keyword. I tried an object keyword."
SIM-0611,Social media,the concert selfie. I remember the people and situation but not the date. I switched between search terms and albums. Sometimes I get a lot of plausible results and still cannot tell which one is right.
SIM-0370,Reddit,my cousin at the concert. I remember the people and situation but not the date. I looked through the timeline manually. It feels much easier when I know an exact date or person's name.
SIM-0269,Apple App Store,"my cousin at the concert. I remember what was happening but not the exact words. I looked through the timeline manually. I can recognize the image if I see it, but getting to it is the hard part."
SIM-0728,YouTube comments,"the restaurant near Tokyo station. I remember what the object looked like, but not what it was called. I found it after several attempts."
SIM-0308,Reddit,"the picture from our office party. I can recognize it if I see it, but I don't know how to narrow the results. I switched between search terms and albums. I usually remember the story around the picture better than its metadata."
SIM-0311,Reddit,the hotel we stayed at during a trip. I remember a visual detail that is hard to describe in a search box. I searched by person and place together. The problem is not taking the photo; it is finding it later.
SIM-0479,Google Photos Community,"my cousin at the concert. I remember the place generally, but not its name. I searched by date and got too many results. I know the photo exists because I have seen it before."
SIM-0047,Google Play Store,"the picture I sent to my doctor. I remember who was there and what we were doing, but not the album. I tried an object keyword. I can recognize the image if I see it, but getting to it is the hard part."
SIM-0350,Reddit,"the hotel we stayed at during a trip. I remember what the object looked like, but not what it was called. I searched a few keywords and then scrolled. I usually remember the story around the picture better than its metadata."
SIM-0372,Reddit,"the old family group photo. I know approximately which year it was, but not the month. I searched for text that might be in the image. I know the photo exists because I have seen it before."
SIM-0548,Google Photos Community,the birthday dinner. I remember the people and situation but not the date. I searched a person's name and then browsed. I know the photo exists because I have seen it before.
SIM-0262,Apple App Store,the picture from our office party. I remember the story around the photo more clearly than its metadata. I looked through a very large set of thumbnails. I have been using Photos for years.
SIM-0196,Apple App Store,"the parking sign I photographed. I remember what the object looked like, but not what it was called. I found it after several attempts. I can recognize the image if I see it, but getting to it is the hard part."
SIM-N040,Reddit,The app is using too much battery.
SIM-0705,YouTube comments,"the birthday dinner. I remember the color, setting, or people but not a useful keyword. I gave up and asked someone else to send the photo. I can recognize the image if I see it, but getting to it is the hard part."
SIM-0108,Google Play Store,"our Kerala houseboat photos. I remember who was there and what we were doing, but not the album. I gave up and asked someone else to send the photo. The problem is not taking the photo; it is finding it later."
SIM-0060,Google Play Store,"the sangeet. I remember roughly when it happened, but not the exact day. I gave up and asked someone else to send the photo. There are thousands of images in the account."
SIM-0627,Social media,"our Kerala houseboat photos. I can recognize it if I see it, but I don't know how to narrow the results. I opened likely results one by one."
SIM-N031,Google Photos Community,How do I change the app theme?
SIM-0101,Google Play Store,"the old meme I saved. I remember who was there and what we were doing, but not the album. I found a similar photo but not the exact one. I usually remember the story around the picture better than its metadata."
SIM-0508,Google Photos Community,"the hotel we stayed at during a trip. I remember the place generally, but not its name. I used a date range and manually compared candidates. There are thousands of images in the account."
SIM-0755,Forums,"the parking sign I photographed. I remember the place generally, but not its name. I searched by person and place together. Sometimes I get a lot of plausible results and still cannot tell which one is right."
SIM-0638,Social media,"a picture with my college friends. I remember what the object looked like, but not what it was called. I tried different wording. I know the photo exists because I have seen it before."
SIM-0482,Google Photos Community,the parking sign I photographed. I remember the people and situation but not the date. I gave up and asked someone else to send the photo. I have been using Photos for years.
SIM-0180,Google Play Store,"the old family group photo. I can recognize it if I see it, but I don't know how to narrow the results. I searched a person's name and then browsed. I know the photo exists because I have seen it before."
SIM-0305,Reddit,"my cousin at the concert. I remember what the object looked like, but not what it was called. I switched to another device or photo app. It feels much easier when I know an exact date or person's name."
SIM-0775,Forums,"the insurance document. I remember what the object looked like, but not what it was called. I switched to another device or photo app. It feels much easier when I know an exact date or person's name."
SIM-0507,Google Photos Community,"a photo of my grandfather at the wedding. I remember who was there and what we were doing, but not the album. I switched between search terms and albums. There are thousands of images in the account."
SIM-N010,Forums,The app is using too much battery.
SIM-0150,Google Play Store,"the old meme I saved. I remember what the object looked like, but not what it was called. I switched to another device or photo app."
SIM-0125,Google Play Store,a photo of my grandfather at the wedding. I remember the story around the photo more clearly than its metadata. I searched for text that might be in the image.
SIM-0666,Social media,"the boarding pass screenshot. I know approximately which year it was, but not the month. I opened likely results one by one. There are thousands of images in the account."
SIM-0731,YouTube comments,the restaurant near Tokyo station. I remember the story around the photo more clearly than its metadata. I tried an object keyword.
SIM-0186,Apple App Store,the birthday dinner. I remember what was happening but not the exact words. I switched to another device or photo app.
SIM-0632,Social media,the sangeet. I remember a visual detail that is hard to describe in a search box. I searched a person's name and then browsed. The problem is not taking the photo; it is finding it later.
SIM-0051,Google Play Store,"the medicine box I photographed. I remember who was there and what we were doing, but not the album. I switched between search terms and albums. I have been using Photos for years."
SIM-0729,YouTube comments,"that small cafe from our Goa trip. I remember the color, setting, or people but not a useful keyword. I could not find it. There are thousands of images in the account."
SIM-0447,Reddit,"the old family group photo. I remember the photo exists, but not how I originally found it. I tried an object keyword."
SIM-N030,Apple App Store,Backup is taking forever on my phone.
SIM-0501,Google Photos Community,the lamp I wanted to buy. I remember the story around the photo more clearly than its metadata. I switched between search terms and albums.
SIM-0322,Reddit,the parking sign I photographed. I remember a visual detail that is hard to describe in a search box. I looked through the timeline manually.
SIM-0354,Reddit,"the old family group photo. I remember the color, setting, or people but not a useful keyword. I looked through a very large set of thumbnails. I can recognize the image if I see it, but getting to it is the hard part."
SIM-0781,Forums,"the restaurant near Tokyo station. I can recognize it if I see it, but I don't know how to narrow the results. I searched by date and got too many results."
SIM-0143,Google Play Store,"the medicine box I photographed. I remember roughly when it happened, but not the exact day. I searched a few keywords and then scrolled. I usually remember the story around the picture better than its metadata."
SIM-0371,Reddit,"the boarding pass screenshot. I remember who was there and what we were doing, but not the album. I searched a person's name and then browsed. There are thousands of images in the account."
SIM-0698,YouTube comments,"the parking sign I photographed. I remember the place generally, but not its name. I found it after several attempts. The problem is not taking the photo; it is finding it later."
SIM-0142,Google Play Store,the waterfall from our road trip. I remember the people and situation but not the date. I found a similar photo but not the exact one. It feels much easier when I know an exact date or person's name.
SIM-0400,Reddit,"a yellow truck. I know approximately which year it was, but not the month. I searched a person's name and then browsed."
SIM-0264,Apple App Store,"the restaurant near Tokyo station. I remember the color, setting, or people but not a useful keyword. I found a similar photo but not the exact one. I know the photo exists because I have seen it before."
SIM-0321,Reddit,our Kerala houseboat photos. I remember a visual detail that is hard to describe in a search box. I switched to another device or photo app. I have been using Photos for years.
SIM-0020,Google Play Store,"the photo of a prescription. I can recognize it if I see it, but I don't know how to narrow the results. I found a similar photo but not the exact one."
SIM-0173,Google Play Store,"a photo of my grandparents' wedding album. I remember the photo exists, but not how I originally found it. I opened likely results one by one."
SIM-0685,YouTube comments,"our Kerala houseboat photos. I can recognize it if I see it, but I don't know how to narrow the results. I switched between search terms and albums. I usually remember the story around the picture better than its metadata."
SIM-0313,Reddit,"the insurance document. I can recognize it if I see it, but I don't know how to narrow the results. I found a similar photo but not the exact one."
SIM-0391,Reddit,"my cousin at the concert. I remember what the object looked like, but not what it was called. I tried different wording. It feels much easier when I know an exact date or person's name."
SIM-0784,Forums,"the concert selfie. I remember what the object looked like, but not what it was called. I gave up and asked someone else to send the photo. I have been using Photos for years."
SIM-0013,Google Play Store,"the old family group photo. I remember the place generally, but not its name. I searched a few keywords and then scrolled."
SIM-0408,Reddit,"the old family group photo. I know approximately which year it was, but not the month. I found it after several attempts. I usually remember the story around the picture better than its metadata."
SIM-0409,Reddit,the picture I sent to my doctor. I remember the story around the photo more clearly than its metadata. I opened likely results one by one.
SIM-0306,Reddit,"the picture from the day we moved house. I can recognize it if I see it, but I don't know how to narrow the results. I used a date range and manually compared candidates. The problem is not taking the photo; it is finding it later."
SIM-0355,Reddit,"the insurance document. I remember the photo exists, but not how I originally found it. I switched between search terms and albums. There are thousands of images in the account."
SIM-0026,Google Play Store,a screenshot of a product I wanted. I remember the people and situation but not the date. I found it after several attempts. The problem is not taking the photo; it is finding it later.
SIM-0637,Social media,"the recipe screenshot. I remember the photo exists, but not how I originally found it. I found a similar photo but not the exact one. I have been using Photos for years."
SIM-0170,Google Play Store,"our Diwali family photo. I remember roughly when it happened, but not the exact day. I looked through the timeline manually. I usually remember the story around the picture better than its metadata."
SIM-0531,Google Photos Community,"the boarding pass screenshot. I remember what the object looked like, but not what it was called. I searched a person's name and then browsed."
SIM-0039,Google Play Store,the picture from our office party. I remember what was happening but not the exact words. I tried different wording. It feels much easier when I know an exact date or person's name.
SIM-0176,Google Play Store,the medicine box I photographed. I remember the story around the photo more clearly than its metadata. I could not find it. I usually remember the story around the picture better than its metadata.
SIM-0246,Apple App Store,a yellow truck. I remember the people and situation but not the date. I switched to another device or photo app. I usually remember the story around the picture better than its metadata.
SIM-0299,Reddit,"a picture with my college friends. I remember the photo exists, but not how I originally found it. I found it after several attempts. I usually remember the story around the picture better than its metadata."
SIM-N035,Apple App Store,How do I change notification settings?
SIM-0417,Reddit,the recipe screenshot. I remember the story around the photo more clearly than its metadata. I searched by person and place together.
SIM-0573,Google Photos Community,the waterfall from our road trip. I remember the story around the photo more clearly than its metadata. I searched a person's name and then browsed. I know the photo exists because I have seen it before.
SIM-0273,Apple App Store,"my cousin at the concert. I remember what the object looked like, but not what it was called. I searched by person and place together. There are thousands of images in the account."
SIM-0474,Google Photos Community,"the old meme I saved. I remember the color, setting, or people but not a useful keyword. I found a similar photo but not the exact one. It feels much easier when I know an exact date or person's name."
SIM-0641,Social media,"the photo of a prescription. I remember the photo exists, but not how I originally found it. I searched by person and place together."
SIM-0569,Google Photos Community,"a screenshot of a product I wanted. I remember the color, setting, or people but not a useful keyword. I gave up and asked someone else to send the photo. I know the photo exists because I have seen it before."
SIM-0155,Google Play Store,"the sangeet. I know approximately which year it was, but not the month. I tried several related words. I can recognize the image if I see it, but getting to it is the hard part."
SIM-0127,Google Play Store,"the birthday dinner. I remember what the object looked like, but not what it was called. I tried an object keyword. There are thousands of images in the account."
SIM-0450,Reddit,"the restaurant near Tokyo station. I remember the place generally, but not its name. I found a similar photo but not the exact one. I usually remember the story around the picture better than its metadata."
SIM-0597,Google Photos Community,"the sangeet. I can recognize it if I see it, but I don't know how to narrow the results. I searched by person and place together. I can recognize the image if I see it, but getting to it is the hard part."
SIM-0342,Reddit,"a yellow truck. I remember who was there and what we were doing, but not the album. I searched by date and got too many results. I usually remember the story around the picture better than its metadata."
SIM-0431,Reddit,the restaurant near Tokyo station. I remember what was happening but not the exact words. I tried different wording.
SIM-0288,Apple App Store,"the insurance document. I remember the color, setting, or people but not a useful keyword. I searched by date and got too many results. Sometimes I get a lot of plausible results and still cannot tell which one is right."
SIM-0114,Google Play Store,"the waterfall from our road trip. I remember the photo exists, but not how I originally found it. I tried an object keyword. The problem is not taking the photo; it is finding it later."
SIM-0710,YouTube comments,"the photo of a prescription. I remember who was there and what we were doing, but not the album. I tried different wording."
SIM-0174,Google Play Store,the photo of a prescription. I remember what was happening but not the exact words. I searched for text that might be in the image.
SIM-0360,Reddit,"that small cafe from our Goa trip. I remember the story around the photo more clearly than its metadata. I tried an object keyword. I can recognize the image if I see it, but getting to it is the hard part."
SIM-0514,Google Photos Community,"a screenshot of a product I wanted. I remember the place generally, but not its name. I switched between search terms and albums. There are thousands of images in the account."
SIM-0058,Google Play Store,"the photo from when I was sick. I remember the place generally, but not its name. I searched by person and place together."
SIM-0577,Google Photos Community,"my cousin at the concert. I remember what the object looked like, but not what it was called. I tried several related words. I usually remember the story around the picture better than its metadata."
SIM-0223,Apple App Store,"the landlord WhatsApp screenshot. I remember the color, setting, or people but not a useful keyword. I looked through a very large set of thumbnails."
SIM-0722,YouTube comments,"a photo of my grandfather at the wedding. I know approximately which year it was, but not the month. I switched to another device or photo app."
SIM-0281,Apple App Store,"a screenshot of a product I wanted. I remember who was there and what we were doing, but not the album. I looked through the timeline manually. I can recognize the image if I see it, but getting to it is the hard part."
SIM-0018,Google Play Store,"the landlord WhatsApp screenshot. I remember the color, setting, or people but not a useful keyword. I searched for text that might be in the image. I can recognize the image if I see it, but getting to it is the hard part."
SIM-0128,Google Play Store,"our Kerala houseboat photos. I remember the place generally, but not its name. I looked through the timeline manually."
SIM-0323,Reddit,"the restaurant near Tokyo station. I remember who was there and what we were doing, but not the album. I searched by person and place together."
SIM-0256,Apple App Store,our Kerala houseboat photos. I remember the story around the photo more clearly than its metadata. I tried several related words. The problem is not taking the photo; it is finding it later.
SIM-0796,Forums,"the old meme I saved. I can recognize it if I see it, but I don't know how to narrow the results. I tried an object keyword."
SIM-N008,Social media,The video editor crashes when I export.
SIM-0191,Apple App Store,"the landlord WhatsApp screenshot. I remember the place generally, but not its name. I searched for text that might be in the image."
SIM-0116,Google Play Store,the medicine box I photographed. I remember the people and situation but not the date. I switched to another device or photo app. There are thousands of images in the account.
SIM-0527,Google Photos Community,the waterfall from our road trip. I remember what was happening but not the exact words. I looked through the timeline manually.
SIM-0181,Apple App Store,the picture from our office party. I remember the people and situation but not the date. I looked through the timeline manually. There are thousands of images in the account.
SIM-0302,Reddit,"the insurance document. I remember roughly when it happened, but not the exact day. I searched a person's name and then browsed. Sometimes I get a lot of plausible results and still cannot tell which one is right."
SIM-0677,YouTube comments,"my cousin at the concert. I remember the place generally, but not its name. I tried different wording. I know the photo exists because I have seen it before."
SIM-0607,Social media,"the old meme I saved. I remember roughly when it happened, but not the exact day. I found it after several attempts. I have been using Photos for years."
SIM-0618,Social media,"a picture with my college friends. I remember what the object looked like, but not what it was called. I tried an object keyword."
SIM-0586,Google Photos Community,"the hotel we stayed at during a trip. I remember the photo exists, but not how I originally found it. I tried different wording. I know the photo exists because I have seen it before."
SIM-0795,Forums,"a photo of my grandfather at the wedding. I remember what the object looked like, but not what it was called. I found it after several attempts."
SIM-0518,Google Photos Community,my cousin at the concert. I remember the story around the photo more clearly than its metadata. I searched by person and place together. I know the photo exists because I have seen it before.
SIM-N026,Google Photos Community,The video editor crashes when I export.
SIM-0046,Google Play Store,the medicine box I photographed. I remember the story around the photo more clearly than its metadata. I searched for text that might be in the image. I have been using Photos for years.
SIM-0763,Forums,"the hotel we stayed at during a trip. I know approximately which year it was, but not the month. I switched between search terms and albums. I usually remember the story around the picture better than its metadata."
SIM-0158,Google Play Store,"the photo from when I was sick. I remember roughly when it happened, but not the exact day. I searched for text that might be in the image. The problem is not taking the photo; it is finding it later."
SIM-0661,Social media,"the concert selfie. I remember what the object looked like, but not what it was called. I opened likely results one by one. I can recognize the image if I see it, but getting to it is the hard part."
SIM-0172,Google Play Store,"a yellow truck. I remember the color, setting, or people but not a useful keyword. I used a date range and manually compared candidates. It feels much easier when I know an exact date or person's name."
SIM-0017,Google Play Store,"a yellow truck. I remember who was there and what we were doing, but not the album. I searched a few keywords and then scrolled. I have been using Photos for years."
SIM-0512,Google Photos Community,"my cousin at the concert. I remember what the object looked like, but not what it was called. I gave up and asked someone else to send the photo. Sometimes I get a lot of plausible results and still cannot tell which one is right."
SIM-0049,Google Play Store,"the waterfall from our road trip. I can recognize it if I see it, but I don't know how to narrow the results. I tried an object keyword. The problem is not taking the photo; it is finding it later."
SIM-N014,YouTube comments,How do I change the app theme?
SIM-0516,Google Photos Community,"my daughter wearing the red dress. I remember what the object looked like, but not what it was called. I searched for text that might be in the image. It feels much easier when I know an exact date or person's name."
SIM-0587,Google Photos Community,the lamp I wanted to buy. I remember what was happening but not the exact words. I could not find it. I know the photo exists because I have seen it before.
SIM-0481,Google Photos Community,"the restaurant near Tokyo station. I can recognize it if I see it, but I don't know how to narrow the results. I searched a person's name and then browsed. I usually remember the story around the picture better than its metadata."
SIM-0284,Apple App Store,my daughter wearing the red dress. I remember a visual detail that is hard to describe in a search box. I gave up and asked someone else to send the photo.
SIM-N016,Forums,I want to print a photo book.
SIM-0226,Apple App Store,the old family group photo. I remember the people and situation but not the date. I could not find it.
SIM-0027,Google Play Store,"my daughter wearing the red dress. I remember the place generally, but not its name. I tried several related words. I usually remember the story around the picture better than its metadata."
SIM-N022,Google Play Store,I accidentally deleted a photo and need to restore it.
SIM-0438,Reddit,"the picture from the day we moved house. I remember who was there and what we were doing, but not the album. I tried an object keyword. I can recognize the image if I see it, but getting to it is the hard part."
SIM-0365,Reddit,"the hotel we stayed at during a trip. I can recognize it if I see it, but I don't know how to narrow the results. I switched between search terms and albums. There are thousands of images in the account."
SIM-0230,Apple App Store,"the recipe screenshot. I remember what the object looked like, but not what it was called. I opened likely results one by one. Sometimes I get a lot of plausible results and still cannot tell which one is right."
SIM-0038,Google Play Store,the old family group photo. I remember the story around the photo more clearly than its metadata. I looked through the timeline manually. I usually remember the story around the picture better than its metadata.
SIM-N009,YouTube comments,How do I free up storage without deleting my photos?
SIM-0375,Reddit,"that small cafe from our Goa trip. I remember the place generally, but not its name. I found a similar photo but not the exact one. The problem is not taking the photo; it is finding it later."
SIM-0470,Google Photos Community,"our Kerala houseboat photos. I remember the color, setting, or people but not a useful keyword. I searched by date and got too many results. I have been using Photos for years."
SIM-N011,Google Photos Community,Face grouping stopped working after an update.
SIM-0716,YouTube comments,"the sangeet. I know approximately which year it was, but not the month. I looked through the timeline manually. It feels much easier when I know an exact date or person's name."
SIM-0726,YouTube comments,"the hotel we stayed at during a trip. I can recognize it if I see it, but I don't know how to narrow the results. I opened likely results one by one. I can recognize the image if I see it, but getting to it is the hard part."
SIM-0195,Apple App Store,"that small cafe from our Goa trip. I remember roughly when it happened, but not the exact day. I switched between search terms and albums. I have been using Photos for years."
SIM-0718,YouTube comments,"the sangeet. I remember roughly when it happened, but not the exact day. I searched a person's name and then browsed. I have been using Photos for years."
SIM-0752,Forums,"the lamp I wanted to buy. I remember the story around the photo more clearly than its metadata. I gave up and asked someone else to send the photo. I can recognize the image if I see it, but getting to it is the hard part."
SIM-0504,Google Photos Community,the picture I sent to my doctor. I remember the story around the photo more clearly than its metadata. I switched to another device or photo app. I have been using Photos for years.
SIM-N013,Google Play Store,How can I create a collage?
SIM-0750,Forums,our Diwali family photo. I remember a visual detail that is hard to describe in a search box. I switched between search terms and albums. I usually remember the story around the picture better than its metadata.
SIM-N012,Google Play Store,I need help with partner sharing.
SIM-0163,Google Play Store,"the restaurant near Tokyo station. I remember roughly when it happened, but not the exact day. I switched between search terms and albums. I know the photo exists because I have seen it before."
SIM-0599,Google Photos Community,"a picture with my college friends. I remember the color, setting, or people but not a useful keyword. I switched between search terms and albums."
SIM-0153,Google Play Store,"my daughter wearing the red dress. I remember who was there and what we were doing, but not the album. I tried an object keyword. The problem is not taking the photo; it is finding it later."
SIM-0582,Google Photos Community,"the lamp I wanted to buy. I can recognize it if I see it, but I don't know how to narrow the results. I searched by date and got too many results. Sometimes I get a lot of plausible results and still cannot tell which one is right."
SIM-0598,Google Photos Community,"our Diwali family photo. I remember who was there and what we were doing, but not the album. I found it after several attempts. I can recognize the image if I see it, but getting to it is the hard part."
SIM-0642,Social media,"my daughter wearing the red dress. I remember the photo exists, but not how I originally found it. I gave up and asked someone else to send the photo."
SIM-0112,Google Play Store,the photo of a prescription. I remember what was happening but not the exact words. I switched between search terms and albums. The problem is not taking the photo; it is finding it later.
SIM-0227,Apple App Store,my cousin at the concert. I remember the people and situation but not the date. I opened likely results one by one.
SIM-0588,Google Photos Community,"the restaurant near Tokyo station. I remember the photo exists, but not how I originally found it. I tried several related words."
SIM-0104,Google Play Store,"the lamp I wanted to buy. I remember what the object looked like, but not what it was called. I searched by person and place together. There are thousands of images in the account."
SIM-0422,Reddit,a photo of my grandfather at the wedding. I remember the people and situation but not the date. I searched a few keywords and then scrolled.
SIM-0420,Reddit,"a screenshot of a product I wanted. I know approximately which year it was, but not the month. I switched between search terms and albums. I have been using Photos for years."
SIM-0120,Google Play Store,"a screenshot of a product I wanted. I remember what the object looked like, but not what it was called. I tried several related words. It feels much easier when I know an exact date or person's name."
SIM-0054,Google Play Store,"the medicine box I photographed. I remember what the object looked like, but not what it was called. I opened likely results one by one. I know the photo exists because I have seen it before."
SIM-0152,Google Play Store,"the birthday dinner. I remember the place generally, but not its name. I looked through a very large set of thumbnails. I usually remember the story around the picture better than its metadata."
SIM-0404,Reddit,"a yellow truck. I know approximately which year it was, but not the month. I used a date range and manually compared candidates."
SIM-0792,Forums,"a photo of my grandfather at the wedding. I can recognize it if I see it, but I don't know how to narrow the results. I switched between search terms and albums. I can recognize the image if I see it, but getting to it is the hard part."
SIM-0208,Apple App Store,"the picture from our office party. I can recognize it if I see it, but I don't know how to narrow the results. I tried an object keyword. I know the photo exists because I have seen it before."
SIM-0711,YouTube comments,"the medicine box I photographed. I remember roughly when it happened, but not the exact day. I could not find it. I know the photo exists because I have seen it before."
SIM-0733,YouTube comments,the landlord WhatsApp screenshot. I remember the people and situation but not the date. I switched to another device or photo app. I usually remember the story around the picture better than its metadata.
SIM-0009,Google Play Store,"the parking sign I photographed. I can recognize it if I see it, but I don't know how to narrow the results. I searched a few keywords and then scrolled. The problem is not taking the photo; it is finding it later."
SIM-0683,YouTube comments,"the birthday dinner. I can recognize it if I see it, but I don't know how to narrow the results. I tried several related words. I usually remember the story around the picture better than its metadata."
SIM-0037,Google Play Store,"our Diwali family photo. I remember the story around the photo more clearly than its metadata. I tried different wording. I can recognize the image if I see it, but getting to it is the hard part."
SIM-0453,Reddit,"the birthday dinner. I remember the photo exists, but not how I originally found it. I gave up and asked someone else to send the photo. I can recognize the image if I see it, but getting to it is the hard part."
SIM-0254,Apple App Store,a screenshot of a product I wanted. I remember a visual detail that is hard to describe in a search box. I searched for text that might be in the image. I usually remember the story around the picture better than its metadata.
SIM-0304,Reddit,"the parking sign I photographed. I remember the photo exists, but not how I originally found it. I could not find it. The problem is not taking the photo; it is finding it later."
SIM-0634,Social media,the sangeet. I remember the people and situation but not the date. I switched between search terms and albums. I have been using Photos for years.
SIM-0572,Google Photos Community,a photo of my grandfather at the wedding. I remember the story around the photo more clearly than its metadata. I found it after several attempts. It feels much easier when I know an exact date or person's name.
SIM-0605,Social media,"a yellow truck. I can recognize it if I see it, but I don't know how to narrow the results. I searched by date and got too many results. I usually remember the story around the picture better than its metadata."
SIM-0614,Social media,the hotel we stayed at during a trip. I remember a visual detail that is hard to describe in a search box. I searched by date and got too many results. It feels much easier when I know an exact date or person's name.
SIM-0263,Apple App Store,the medicine box I photographed. I remember the story around the photo more clearly than its metadata. I tried several related words. I know the photo exists because I have seen it before.
SIM-0298,Reddit,the boarding pass screenshot. I remember what was happening but not the exact words. I tried an object keyword.
SIM-0415,Reddit,the medicine box I photographed. I remember what was happening but not the exact words. I searched for text that might be in the image. Sometimes I get a lot of plausible results and still cannot tell which one is right.
SIM-0151,Google Play Store,"the lamp I wanted to buy. I remember roughly when it happened, but not the exact day. I found a similar photo but not the exact one. The problem is not taking the photo; it is finding it later."
SIM-0668,Social media,"the medicine box I photographed. I remember who was there and what we were doing, but not the album. I tried an object keyword. There are thousands of images in the account."
SIM-0746,YouTube comments,the landlord WhatsApp screenshot. I remember a visual detail that is hard to describe in a search box. I searched a person's name and then browsed. I have been using Photos for years.
SIM-0551,Google Photos Community,"the picture from the day we moved house. I know approximately which year it was, but not the month. I looked through the timeline manually. The problem is not taking the photo; it is finding it later."
SIM-0489,Google Photos Community,the picture from the day we moved house. I remember the people and situation but not the date. I gave up and asked someone else to send the photo. It feels much easier when I know an exact date or person's name.
SIM-0148,Google Play Store,a photo of my grandfather at the wedding. I remember what was happening but not the exact words. I searched by date and got too many results.
SIM-0147,Google Play Store,"our Diwali family photo. I remember the place generally, but not its name. I switched to another device or photo app. I have been using Photos for years."
SIM-N033,Forums,I need help with partner sharing.
SIM-0780,Forums,"the recipe screenshot. I remember the photo exists, but not how I originally found it. I searched a few keywords and then scrolled."
SIM-0629,Social media,"the landlord WhatsApp screenshot. I remember roughly when it happened, but not the exact day. I searched by person and place together. I have been using Photos for years."
SIM-0349,Reddit,"that small cafe from our Goa trip. I remember what the object looked like, but not what it was called. I searched for text that might be in the image. There are thousands of images in the account."
SIM-0464,Google Photos Community,the old family group photo. I remember the story around the photo more clearly than its metadata. I opened likely results one by one. I have been using Photos for years.
SIM-0326,Reddit,"the restaurant near Tokyo station. I know approximately which year it was, but not the month. I could not find it."
SIM-0187,Apple App Store,"my cousin at the concert. I remember who was there and what we were doing, but not the album. I looked through a very large set of thumbnails. It feels much easier when I know an exact date or person's name."
SIM-0124,Google Play Store,"a picture with my college friends. I remember the color, setting, or people but not a useful keyword. I tried different wording. Sometimes I get a lot of plausible results and still cannot tell which one is right."
SIM-0717,YouTube comments,the photo of a prescription. I remember a visual detail that is hard to describe in a search box. I searched a few keywords and then scrolled.
SIM-0609,Social media,"the photo from when I was sick. I remember the place generally, but not its name. I tried several related words. It feels much easier when I know an exact date or person's name."
SIM-0144,Google Play Store,the hotel we stayed at during a trip. I remember what was happening but not the exact words. I tried several related words. The problem is not taking the photo; it is finding it later.
SIM-N003,Reddit,The new editing interface is confusing.
SIM-0198,Apple App Store,"a photo of my grandfather at the wedding. I can recognize it if I see it, but I don't know how to narrow the results. I searched by date and got too many results. I usually remember the story around the picture better than its metadata."
SIM-0610,Social media,"the lamp I wanted to buy. I know approximately which year it was, but not the month. I searched by person and place together."
SIM-0280,Apple App Store,the boarding pass screenshot. I remember what was happening but not the exact words. I found it after several attempts.
SIM-0294,Apple App Store,the parking sign I photographed. I remember the people and situation but not the date. I searched by date and got too many results.
SIM-0401,Reddit,"the birthday dinner. I remember the color, setting, or people but not a useful keyword. I gave up and asked someone else to send the photo. The problem is not taking the photo; it is finding it later."
SIM-0123,Google Play Store,"the old family group photo. I remember the photo exists, but not how I originally found it. I looked through a very large set of thumbnails. I usually remember the story around the picture better than its metadata."
SIM-0184,Apple App Store,"our Diwali family photo. I remember a visual detail that is hard to describe in a search box. I searched by person and place together. I can recognize the image if I see it, but getting to it is the hard part."
SIM-0203,Apple App Store,the birthday dinner. I remember the story around the photo more clearly than its metadata. I searched for text that might be in the image.
SIM-0439,Reddit,our Kerala houseboat photos. I remember the people and situation but not the date. I switched between search terms and albums. I know the photo exists because I have seen it before.
SIM-0247,Apple App Store,the landlord WhatsApp screenshot. I remember what was happening but not the exact words. I switched to another device or photo app. I usually remember the story around the picture better than its metadata.
SIM-0416,Reddit,"a yellow truck. I remember what the object looked like, but not what it was called. I searched a few keywords and then scrolled."
SIM-0745,YouTube comments,"the sangeet. I remember what the object looked like, but not what it was called. I used a date range and manually compared candidates. I have been using Photos for years."
SIM-0130,Google Play Store,"the medicine box I photographed. I remember what the object looked like, but not what it was called. I tried different wording. I have been using Photos for years."
SIM-0403,Reddit,"the birthday dinner. I remember roughly when it happened, but not the exact day. I gave up and asked someone else to send the photo. Sometimes I get a lot of plausible results and still cannot tell which one is right."
SIM-N024,Google Photos Community,The app keeps asking me to upgrade storage.
SIM-0653,Social media,a screenshot of a product I wanted. I remember the story around the photo more clearly than its metadata. I switched to another device or photo app. The problem is not taking the photo; it is finding it later.
SIM-0765,Forums,"a screenshot of a product I wanted. I remember what the object looked like, but not what it was called. I used a date range and manually compared candidates."
SIM-0220,Apple App Store,"the restaurant near Tokyo station. I remember the color, setting, or people but not a useful keyword. I found a similar photo but not the exact one. I can recognize the image if I see it, but getting to it is the hard part."
SIM-0767,Forums,"the parking sign I photographed. I remember the place generally, but not its name. I searched for text that might be in the image. I have been using Photos for years."
SIM-0639,Social media,"the landlord WhatsApp screenshot. I remember who was there and what we were doing, but not the album. I tried different wording. Sometimes I get a lot of plausible results and still cannot tell which one is right."
SIM-N020,Google Photos Community,My photos are taking too much storage.
SIM-0625,Social media,"the waterfall from our road trip. I remember the color, setting, or people but not a useful keyword. I tried different wording. It feels much easier when I know an exact date or person's name."
SIM-0708,YouTube comments,"the old family group photo. I remember the color, setting, or people but not a useful keyword. I gave up and asked someone else to send the photo. I have been using Photos for years."
SIM-0790,Forums,"the landlord WhatsApp screenshot. I remember a visual detail that is hard to describe in a search box. I searched by person and place together. I can recognize the image if I see it, but getting to it is the hard part."
SIM-0387,Reddit,the medicine box I photographed. I remember what was happening but not the exact words. I tried several related words. Sometimes I get a lot of plausible results and still cannot tell which one is right.
SIM-N015,Social media,Backup is taking forever on my phone.
SIM-0510,Google Photos Community,"a screenshot of a product I wanted. I remember what the object looked like, but not what it was called. I searched a person's name and then browsed. The problem is not taking the photo; it is finding it later."
SIM-0268,Apple App Store,"my daughter wearing the red dress. I remember the photo exists, but not how I originally found it. I switched between search terms and albums. I have been using Photos for years."
SIM-0693,YouTube comments,"our Diwali family photo. I remember the people and situation but not the date. I switched to another device or photo app. I can recognize the image if I see it, but getting to it is the hard part."
SIM-0442,Reddit,"the concert selfie. I remember the color, setting, or people but not a useful keyword. I looked through a very large set of thumbnails. I have been using Photos for years."
SIM-0497,Google Photos Community,a screenshot of a product I wanted. I remember what was happening but not the exact words. I opened likely results one by one. Sometimes I get a lot of plausible results and still cannot tell which one is right.
SIM-0113,Google Play Store,"that small cafe from our Goa trip. I can recognize it if I see it, but I don't know how to narrow the results. I searched by date and got too many results."
SIM-0233,Apple App Store,the landlord WhatsApp screenshot. I remember the story around the photo more clearly than its metadata. I used a date range and manually compared candidates. I have been using Photos for years.
SIM-0732,YouTube comments,a picture with my college friends. I remember the people and situation but not the date. I tried several related words. It feels much easier when I know an exact date or person's name.
SIM-0608,Social media,the picture from our office party. I remember a visual detail that is hard to describe in a search box. I looked through the timeline manually. There are thousands of images in the account.
SIM-0374,Reddit,"the picture I sent to my doctor. I remember what the object looked like, but not what it was called. I searched by person and place together. I know the photo exists because I have seen it before."
SIM-0234,Apple App Store,"the concert selfie. I remember the photo exists, but not how I originally found it. I used a date range and manually compared candidates. There are thousands of images in the account."
SIM-0665,Social media,a picture with my college friends. I remember what was happening but not the exact words. I searched for text that might be in the image. The problem is not taking the photo; it is finding it later.
SIM-0318,Reddit,"a photo of my grandfather at the wedding. I remember the place generally, but not its name. I opened likely results one by one. It feels much easier when I know an exact date or person's name."
SIM-0649,Social media,a yellow truck. I remember what was happening but not the exact words. I looked through the timeline manually. I know the photo exists because I have seen it before.
SIM-0411,Reddit,"the restaurant near Tokyo station. I can recognize it if I see it, but I don't know how to narrow the results. I searched a person's name and then browsed. It feels much easier when I know an exact date or person's name."
SIM-0754,Forums,the old meme I saved. I remember the people and situation but not the date. I searched by date and got too many results. Sometimes I get a lot of plausible results and still cannot tell which one is right.
SIM-0359,Reddit,"our Kerala houseboat photos. I remember the photo exists, but not how I originally found it. I searched by date and got too many results."
SIM-0259,Apple App Store,"the hotel we stayed at during a trip. I remember roughly when it happened, but not the exact day. I tried different wording."
SIM-0628,Social media,"the parking sign I photographed. I remember who was there and what we were doing, but not the album. I found it after several attempts. I can recognize the image if I see it, but getting to it is the hard part."
SIM-0633,Social media,"the insurance document. I remember the place generally, but not its name. I tried several related words. I have been using Photos for years."
SIM-0283,Apple App Store,"the birthday dinner. I remember what the object looked like, but not what it was called. I looked through a very large set of thumbnails. I know the photo exists because I have seen it before."
SIM-0377,Reddit,"the insurance document. I remember the place generally, but not its name. I tried an object keyword."
SIM-0385,Reddit,the sangeet. I remember the story around the photo more clearly than its metadata. I tried an object keyword. There are thousands of images in the account.
SIM-0225,Apple App Store,"the photo of a prescription. I remember who was there and what we were doing, but not the album. I searched by date and got too many results."
SIM-0798,Forums,the recipe screenshot. I remember the people and situation but not the date. I looked through a very large set of thumbnails. I usually remember the story around the picture better than its metadata.
SIM-0689,YouTube comments,"a screenshot of a product I wanted. I remember the place generally, but not its name. I looked through a very large set of thumbnails. It feels much easier when I know an exact date or person's name."
SIM-0473,Google Photos Community,"the lamp I wanted to buy. I remember what the object looked like, but not what it was called. I looked through a very large set of thumbnails."
SIM-0348,Reddit,"the picture from our office party. I remember roughly when it happened, but not the exact day. I looked through the timeline manually. There are thousands of images in the account."
SIM-0506,Google Photos Community,"a screenshot of a product I wanted. I remember what the object looked like, but not what it was called. I found a similar photo but not the exact one."
SIM-0640,Social media,"my cousin at the concert. I can recognize it if I see it, but I don't know how to narrow the results. I searched a person's name and then browsed. Sometimes I get a lot of plausible results and still cannot tell which one is right."
SIM-N029,Reddit,How do I free up storage without deleting my photos?
SIM-0778,Forums,a yellow truck. I remember a visual detail that is hard to describe in a search box. I searched by date and got too many results. I usually remember the story around the picture better than its metadata.
SIM-0759,Forums,"the old meme I saved. I can recognize it if I see it, but I don't know how to narrow the results. I tried different wording. There are thousands of images in the account."
SIM-0620,Social media,"the birthday dinner. I remember the place generally, but not its name. I opened likely results one by one."
SIM-0719,YouTube comments,"the photo of a prescription. I remember what the object looked like, but not what it was called. I looked through the timeline manually. I have been using Photos for years."
SIM-0646,Social media,"the picture from the day we moved house. I remember the color, setting, or people but not a useful keyword. I switched between search terms and albums. It feels much easier when I know an exact date or person's name."
SIM-0712,YouTube comments,the picture from our office party. I remember the people and situation but not the date. I searched a few keywords and then scrolled. I have been using Photos for years.
SIM-0557,Google Photos Community,"the old meme I saved. I remember the photo exists, but not how I originally found it. I could not find it. I can recognize the image if I see it, but getting to it is the hard part."
SIM-0578,Google Photos Community,"the photo of a prescription. I remember the place generally, but not its name. I searched for text that might be in the image. There are thousands of images in the account."
SIM-0086,Google Play Store,"the lamp I wanted to buy. I remember a visual detail that is hard to describe in a search box. I looked through the timeline manually. I can recognize the image if I see it, but getting to it is the hard part."
SIM-0243,Apple App Store,"the photo from when I was sick. I remember the place generally, but not its name. I searched a person's name and then browsed. Sometimes I get a lot of plausible results and still cannot tell which one is right."
SIM-0160,Google Play Store,"the birthday dinner. I remember the photo exists, but not how I originally found it. I tried different wording. There are thousands of images in the account."
SIM-0525,Google Photos Community,"my cousin at the concert. I remember what the object looked like, but not what it was called. I found a similar photo but not the exact one. I know the photo exists because I have seen it before."
SIM-0036,Google Play Store,"a picture with my college friends. I know approximately which year it was, but not the month. I found a similar photo but not the exact one."
SIM-0541,Google Photos Community,"the old family group photo. I remember the color, setting, or people but not a useful keyword. I searched by person and place together. The problem is not taking the photo; it is finding it later."
SIM-0171,Google Play Store,"the old family group photo. I can recognize it if I see it, but I don't know how to narrow the results. I gave up and asked someone else to send the photo."
SIM-0655,Social media,our Kerala houseboat photos. I remember the people and situation but not the date. I searched for text that might be in the image. It feels much easier when I know an exact date or person's name.
SIM-0721,YouTube comments,the lamp I wanted to buy. I remember the story around the photo more clearly than its metadata. I searched for text that might be in the image.
SIM-0713,YouTube comments,"the medicine box I photographed. I remember the place generally, but not its name. I switched between search terms and albums. I usually remember the story around the picture better than its metadata."
SIM-0791,Forums,the old meme I saved. I remember a visual detail that is hard to describe in a search box. I opened likely results one by one. I usually remember the story around the picture better than its metadata.
SIM-0096,Google Play Store,"a photo of my grandfather at the wedding. I remember the place generally, but not its name. I looked through the timeline manually. It feels much easier when I know an exact date or person's name."
SIM-0564,Google Photos Community,"the picture I sent to my doctor. I remember who was there and what we were doing, but not the album. I searched by date and got too many results. I usually remember the story around the picture better than its metadata."
SIM-0241,Apple App Store,"the hotel we stayed at during a trip. I can recognize it if I see it, but I don't know how to narrow the results. I switched to another device or photo app. There are thousands of images in the account."
SIM-0575,Google Photos Community,"the lamp I wanted to buy. I remember the place generally, but not its name. I searched a person's name and then browsed. I have been using Photos for years."
SIM-0691,YouTube comments,the parking sign I photographed. I remember the people and situation but not the date. I opened likely results one by one.
SIM-0461,Google Photos Community,"our Kerala houseboat photos. I know approximately which year it was, but not the month. I used a date range and manually compared candidates. There are thousands of images in the account."
SIM-0554,Google Photos Community,"a picture with my college friends. I remember who was there and what we were doing, but not the album. I searched a few keywords and then scrolled."
SIM-0738,YouTube comments,"the picture from the day we moved house. I know approximately which year it was, but not the month. I tried several related words. I have been using Photos for years."
SIM-0207,Apple App Store,"the picture I sent to my doctor. I remember the color, setting, or people but not a useful keyword. I found it after several attempts."
SIM-0393,Reddit,"the picture from the day we moved house. I remember the story around the photo more clearly than its metadata. I searched by person and place together. I can recognize the image if I see it, but getting to it is the hard part."
SIM-0398,Reddit,"the landlord WhatsApp screenshot. I remember the place generally, but not its name. I found it after several attempts."
SIM-0714,YouTube comments,"the recipe screenshot. I remember who was there and what we were doing, but not the album. I tried an object keyword. The problem is not taking the photo; it is finding it later."
SIM-0218,Apple App Store,the picture from our office party. I remember the story around the photo more clearly than its metadata. I looked through a very large set of thumbnails.
SIM-0005,Google Play Store,a picture with my college friends. I remember the people and situation but not the date. I looked through the timeline manually. There are thousands of images in the account.
SIM-0643,Social media,"my cousin at the concert. I remember the place generally, but not its name. I looked through a very large set of thumbnails. There are thousands of images in the account."
SIM-0753,Forums,"the picture from our office party. I remember the color, setting, or people but not a useful keyword. I searched a person's name and then browsed."
SIM-0613,Social media,"the lamp I wanted to buy. I remember the color, setting, or people but not a useful keyword. I looked through the timeline manually. I know the photo exists because I have seen it before."
SIM-0547,Google Photos Community,"that small cafe from our Goa trip. I remember who was there and what we were doing, but not the album. I gave up and asked someone else to send the photo. Sometimes I get a lot of plausible results and still cannot tell which one is right."
SIM-0684,YouTube comments,"a yellow truck. I remember roughly when it happened, but not the exact day. I gave up and asked someone else to send the photo. I have been using Photos for years."
SIM-0099,Google Play Store,"a photo of my grandfather at the wedding. I remember who was there and what we were doing, but not the album. I tried several related words."
SIM-0574,Google Photos Community,the insurance document. I remember a visual detail that is hard to describe in a search box. I could not find it. There are thousands of images in the account.
SIM-0407,Reddit,"the photo of a prescription. I remember what the object looked like, but not what it was called. I tried different wording. The problem is not taking the photo; it is finding it later."
SIM-0503,Google Photos Community,a yellow truck. I remember what was happening but not the exact words. I searched by date and got too many results. The problem is not taking the photo; it is finding it later.
SIM-0048,Google Play Store,"the lamp I wanted to buy. I can recognize it if I see it, but I don't know how to narrow the results. I searched by date and got too many results. I can recognize the image if I see it, but getting to it is the hard part."
SIM-0033,Google Play Store,"the old family group photo. I remember roughly when it happened, but not the exact day. I looked through the timeline manually. Sometimes I get a lot of plausible results and still cannot tell which one is right."
SIM-0201,Apple App Store,"a picture with my college friends. I remember the color, setting, or people but not a useful keyword. I opened likely results one by one."
SIM-0135,Google Play Store,"the old meme I saved. I remember what the object looked like, but not what it was called. I found it after several attempts. I can recognize the image if I see it, but getting to it is the hard part."
SIM-0028,Google Play Store,"the lamp I wanted to buy. I remember the photo exists, but not how I originally found it. I searched a person's name and then browsed. The problem is not taking the photo; it is finding it later."
SIM-0740,YouTube comments,"the concert selfie. I remember what the object looked like, but not what it was called. I searched by person and place together."
SIM-0231,Apple App Store,the concert selfie. I remember the story around the photo more clearly than its metadata. I searched by date and got too many results. I have been using Photos for years.
SIM-0490,Google Photos Community,"the sangeet. I remember the place generally, but not its name. I searched a person's name and then browsed. I have been using Photos for years."
SIM-0379,Reddit,"a photo of my grandfather at the wedding. I know approximately which year it was, but not the month. I searched by date and got too many results."
SIM-0289,Apple App Store,"the concert selfie. I can recognize it if I see it, but I don't know how to narrow the results. I tried an object keyword. It feels much easier when I know an exact date or person's name."
SIM-0419,Reddit,the concert selfie. I remember the people and situation but not the date. I searched by person and place together. Sometimes I get a lot of plausible results and still cannot tell which one is right.
SIM-0675,Social media,"a picture with my college friends. I remember the photo exists, but not how I originally found it. I tried an object keyword."
SIM-0392,Reddit,"the parking sign I photographed. I remember who was there and what we were doing, but not the album. I opened likely results one by one. There are thousands of images in the account."
SIM-0593,Google Photos Community,the medicine box I photographed. I remember the story around the photo more clearly than its metadata. I looked through a very large set of thumbnails. Sometimes I get a lot of plausible results and still cannot tell which one is right.
SIM-0499,Google Photos Community,the boarding pass screenshot. I remember the people and situation but not the date. I found a similar photo but not the exact one. I have been using Photos for years.
SIM-0139,Google Play Store,"the birthday dinner. I remember roughly when it happened, but not the exact day. I tried different wording. Sometimes I get a lot of plausible results and still cannot tell which one is right."
SIM-0063,Google Play Store,a photo of my grandparents' wedding album. I remember a visual detail that is hard to describe in a search box. I found a similar photo but not the exact one. The problem is not taking the photo; it is finding it later.
SIM-0472,Google Photos Community,"the insurance document. I remember the photo exists, but not how I originally found it. I searched by person and place together. Sometimes I get a lot of plausible results and still cannot tell which one is right."
SIM-0648,Social media,"the picture from the day we moved house. I can recognize it if I see it, but I don't know how to narrow the results. I tried different wording. I can recognize the image if I see it, but getting to it is the hard part."
SIM-0129,Google Play Store,"my cousin at the concert. I remember what the object looked like, but not what it was called. I looked through a very large set of thumbnails. It feels much easier when I know an exact date or person's name."
SIM-N019,Reddit,Backup is taking forever on my phone.
SIM-0521,Google Photos Community,"the medicine box I photographed. I remember who was there and what we were doing, but not the album. I searched for text that might be in the image."
SIM-0065,Google Play Store,"our Kerala houseboat photos. I remember the place generally, but not its name. I tried an object keyword. I can recognize the image if I see it, but getting to it is the hard part."
SIM-0015,Google Play Store,"the picture from the day we moved house. I remember the photo exists, but not how I originally found it. I searched by date and got too many results. There are thousands of images in the account."
SIM-0157,Google Play Store,"the photo from when I was sick. I remember the color, setting, or people but not a useful keyword. I searched a person's name and then browsed. I have been using Photos for years."
SIM-0041,Google Play Store,"the landlord WhatsApp screenshot. I remember the color, setting, or people but not a useful keyword. I found it after several attempts. I have been using Photos for years."
SIM-0493,Google Photos Community,"a yellow truck. I remember who was there and what we were doing, but not the album. I could not find it. There are thousands of images in the account."
SIM-0380,Reddit,"the photo of a prescription. I know approximately which year it was, but not the month. I used a date range and manually compared candidates. I have been using Photos for years."
SIM-0188,Apple App Store,my daughter wearing the red dress. I remember what was happening but not the exact words. I tried an object keyword. I usually remember the story around the picture better than its metadata.
SIM-0217,Apple App Store,"the restaurant near Tokyo station. I can recognize it if I see it, but I don't know how to narrow the results. I switched to another device or photo app. I have been using Photos for years."
SIM-0053,Google Play Store,"the old meme I saved. I remember the place generally, but not its name. I looked through the timeline manually. I can recognize the image if I see it, but getting to it is the hard part."
SIM-0338,Reddit,"the picture from the day we moved house. I remember who was there and what we were doing, but not the album. I looked through the timeline manually. I can recognize the image if I see it, but getting to it is the hard part."
SIM-0720,YouTube comments,"the picture from the day we moved house. I remember the photo exists, but not how I originally found it. I searched by person and place together. The problem is not taking the photo; it is finding it later."
SIM-0725,YouTube comments,"a picture with my college friends. I can recognize it if I see it, but I don't know how to narrow the results. I tried different wording. I can recognize the image if I see it, but getting to it is the hard part."
SIM-0296,Reddit,"a photo of my grandfather at the wedding. I know approximately which year it was, but not the month. I used a date range and manually compared candidates. It feels much easier when I know an exact date or person's name."
SIM-0702,YouTube comments,"the picture from our office party. I know approximately which year it was, but not the month. I looked through a very large set of thumbnails."
SIM-0252,Apple App Store,"the old meme I saved. I remember the color, setting, or people but not a useful keyword. I searched by date and got too many results. The problem is not taking the photo; it is finding it later."
SIM-0727,YouTube comments,"the old family group photo. I remember who was there and what we were doing, but not the album. I searched by person and place together. I usually remember the story around the picture better than its metadata."
SIM-0462,Google Photos Community,"the concert selfie. I remember the photo exists, but not how I originally found it. I searched a person's name and then browsed. The problem is not taking the photo; it is finding it later."
SIM-0456,Reddit,the waterfall from our road trip. I remember what was happening but not the exact words. I searched by date and got too many results. Sometimes I get a lot of plausible results and still cannot tell which one is right.
SIM-N038,Social media,My photos are taking too much storage.
SIM-0270,Apple App Store,"a yellow truck. I can recognize it if I see it, but I don't know how to narrow the results. I searched by person and place together. I usually remember the story around the picture better than its metadata."
SIM-0202,Apple App Store,a photo of my grandparents' wedding album. I remember what was happening but not the exact words. I searched by date and got too many results. Sometimes I get a lot of plausible results and still cannot tell which one is right.
SIM-0162,Google Play Store,"a picture with my college friends. I remember the color, setting, or people but not a useful keyword. I opened likely results one by one. There are thousands of images in the account."
SIM-0556,Google Photos Community,"the waterfall from our road trip. I remember roughly when it happened, but not the exact day. I searched by date and got too many results. I know the photo exists because I have seen it before."
SIM-0730,YouTube comments,the boarding pass screenshot. I remember the story around the photo more clearly than its metadata. I searched by person and place together. It feels much easier when I know an exact date or person's name.
SIM-0402,Reddit,"the photo from when I was sick. I know approximately which year it was, but not the month. I gave up and asked someone else to send the photo."
SIM-0703,YouTube comments,"a picture with my college friends. I remember the place generally, but not its name. I searched for text that might be in the image."
SIM-0477,Google Photos Community,"the medicine box I photographed. I remember who was there and what we were doing, but not the album. I searched a person's name and then browsed."
SIM-0106,Google Play Store,"the medicine box I photographed. I remember what the object looked like, but not what it was called. I used a date range and manually compared candidates."
SIM-0566,Google Photos Community,"the old family group photo. I remember what the object looked like, but not what it was called. I opened likely results one by one. I can recognize the image if I see it, but getting to it is the hard part."
SIM-0390,Reddit,"the restaurant near Tokyo station. I remember the photo exists, but not how I originally found it. I opened likely results one by one. I usually remember the story around the picture better than its metadata."
SIM-0002,Google Play Store,"the recipe screenshot. I remember the photo exists, but not how I originally found it. I searched a few keywords and then scrolled. The problem is not taking the photo; it is finding it later."
SIM-0786,Forums,"the parking sign I photographed. I remember roughly when it happened, but not the exact day. I found it after several attempts. I have been using Photos for years."
SIM-0562,Google Photos Community,"a screenshot of a product I wanted. I remember a visual detail that is hard to describe in a search box. I gave up and asked someone else to send the photo. I can recognize the image if I see it, but getting to it is the hard part."
SIM-0081,Google Play Store,a photo of my grandfather at the wedding. I remember the story around the photo more clearly than its metadata. I looked through the timeline manually. I usually remember the story around the picture better than its metadata.
SIM-0206,Apple App Store,"the parking sign I photographed. I remember the place generally, but not its name. I opened likely results one by one. Sometimes I get a lot of plausible results and still cannot tell which one is right."
SIM-0035,Google Play Store,"the parking sign I photographed. I know approximately which year it was, but not the month. I looked through a very large set of thumbnails. I can recognize the image if I see it, but getting to it is the hard part."
SIM-0509,Google Photos Community,the photo from when I was sick. I remember the people and situation but not the date. I looked through the timeline manually.
SIM-0428,Reddit,"the photo from when I was sick. I remember roughly when it happened, but not the exact day. I could not find it."
SIM-0455,Reddit,the insurance document. I remember the people and situation but not the date. I gave up and asked someone else to send the photo. The problem is not taking the photo; it is finding it later.
SIM-0367,Reddit,"the photo of a prescription. I remember the place generally, but not its name. I found a similar photo but not the exact one. I have been using Photos for years."
SIM-0092,Google Play Store,"my daughter wearing the red dress. I remember roughly when it happened, but not the exact day. I tried an object keyword. I know the photo exists because I have seen it before."
SIM-0340,Reddit,my daughter wearing the red dress. I remember the people and situation but not the date. I switched to another device or photo app. There are thousands of images in the account.
SIM-0565,Google Photos Community,the photo of a prescription. I remember the people and situation but not the date. I opened likely results one by one. I know the photo exists because I have seen it before.
SIM-0346,Reddit,"our Kerala houseboat photos. I remember who was there and what we were doing, but not the album. I searched by person and place together. I have been using Photos for years."
SIM-0777,Forums,"that small cafe from our Goa trip. I remember who was there and what we were doing, but not the album. I found it after several attempts. Sometimes I get a lot of plausible results and still cannot tell which one is right."
SIM-0242,Apple App Store,"the restaurant near Tokyo station. I remember who was there and what we were doing, but not the album. I tried different wording."
SIM-0014,Google Play Store,"the restaurant near Tokyo station. I remember who was there and what we were doing, but not the album. I used a date range and manually compared candidates. Sometimes I get a lot of plausible results and still cannot tell which one is right."
SIM-0316,Reddit,"the old family group photo. I remember the place generally, but not its name. I tried different wording. I know the photo exists because I have seen it before."
SIM-0601,Social media,"the picture I sent to my doctor. I remember the photo exists, but not how I originally found it. I looked through the timeline manually. I have been using Photos for years."
SIM-0388,Reddit,the birthday dinner. I remember the people and situation but not the date. I searched a few keywords and then scrolled. I know the photo exists because I have seen it before.
SIM-0274,Apple App Store,"a photo of my grandparents' wedding album. I know approximately which year it was, but not the month. I tried different wording. It feels much easier when I know an exact date or person's name."
SIM-0167,Google Play Store,"the concert selfie. I remember the place generally, but not its name. I tried an object keyword. I have been using Photos for years."
SIM-N034,Reddit,How can I create a collage?
SIM-0647,Social media,"the landlord WhatsApp screenshot. I remember the color, setting, or people but not a useful keyword. I opened likely results one by one. It feels much easier when I know an exact date or person's name."
SIM-0485,Google Photos Community,"a picture with my college friends. I remember roughly when it happened, but not the exact day. I searched a few keywords and then scrolled. I can recognize the image if I see it, but getting to it is the hard part."
SIM-N023,YouTube comments,I accidentally deleted a photo and need to restore it.
SIM-0505,Google Photos Community,"the picture from our office party. I know approximately which year it was, but not the month. I tried an object keyword. I have been using Photos for years."
SIM-0244,Apple App Store,"the old family group photo. I remember the place generally, but not its name. I could not find it."
SIM-0567,Google Photos Community,a photo of my grandfather at the wedding. I remember the people and situation but not the date. I switched to another device or photo app.
SIM-0563,Google Photos Community,the concert selfie. I remember the people and situation but not the date. I opened likely results one by one.
SIM-0687,YouTube comments,the photo of a prescription. I remember the story around the photo more clearly than its metadata. I gave up and asked someone else to send the photo. I have been using Photos for years.
SIM-0190,Apple App Store,the photo from when I was sick. I remember the people and situation but not the date. I searched for text that might be in the image. The problem is not taking the photo; it is finding it later.
SIM-0783,Forums,"our Kerala houseboat photos. I remember what the object looked like, but not what it was called. I tried several related words."
SIM-0700,YouTube comments,"the boarding pass screenshot. I know approximately which year it was, but not the month. I searched by date and got too many results. The problem is not taking the photo; it is finding it later."
SIM-0476,Google Photos Community,that small cafe from our Goa trip. I remember the story around the photo more clearly than its metadata. I searched by date and got too many results.
SIM-0682,YouTube comments,"the waterfall from our road trip. I remember roughly when it happened, but not the exact day. I found it after several attempts. I have been using Photos for years."
SIM-0511,Google Photos Community,the lamp I wanted to buy. I remember what was happening but not the exact words. I could not find it. I know the photo exists because I have seen it before.
SIM-0059,Google Play Store,"the picture from the day we moved house. I remember the photo exists, but not how I originally found it. I looked through the timeline manually. I know the photo exists because I have seen it before."
SIM-0475,Google Photos Community,my daughter wearing the red dress. I remember the story around the photo more clearly than its metadata. I searched by person and place together.
SIM-0561,Google Photos Community,our Diwali family photo. I remember the people and situation but not the date. I used a date range and manually compared candidates.
SIM-0748,Forums,"the birthday dinner. I remember the place generally, but not its name. I used a date range and manually compared candidates. I can recognize the image if I see it, but getting to it is the hard part."
SIM-0253,Apple App Store,"the picture from the day we moved house. I remember roughly when it happened, but not the exact day. I searched by date and got too many results. I can recognize the image if I see it, but getting to it is the hard part."
SIM-0022,Google Play Store,"our Kerala houseboat photos. I remember the color, setting, or people but not a useful keyword. I switched between search terms and albums."
SIM-0314,Reddit,"the insurance document. I remember the color, setting, or people but not a useful keyword. I tried an object keyword. It feels much easier when I know an exact date or person's name."
SIM-0460,Google Photos Community,"the lamp I wanted to buy. I remember the color, setting, or people but not a useful keyword. I looked through a very large set of thumbnails."
SIM-0161,Google Play Store,"the picture I sent to my doctor. I remember roughly when it happened, but not the exact day. I found a similar photo but not the exact one. I usually remember the story around the picture better than its metadata."
SIM-0277,Apple App Store,a photo of my grandfather at the wedding. I remember a visual detail that is hard to describe in a search box. I switched to another device or photo app. There are thousands of images in the account.
SIM-0192,Apple App Store,"the parking sign I photographed. I can recognize it if I see it, but I don't know how to narrow the results. I looked through a very large set of thumbnails."
SIM-0386,Reddit,that small cafe from our Goa trip. I remember the people and situation but not the date. I could not find it. There are thousands of images in the account.
SIM-N006,Forums,The new editing interface is confusing.
SIM-0414,Reddit,"that small cafe from our Goa trip. I know approximately which year it was, but not the month. I searched for text that might be in the image. I usually remember the story around the picture better than its metadata."
SIM-0492,Google Photos Community,"a picture with my college friends. I remember roughly when it happened, but not the exact day. I searched for text that might be in the image. I know the photo exists because I have seen it before."
SIM-0344,Reddit,"the picture from our office party. I remember roughly when it happened, but not the exact day. I gave up and asked someone else to send the photo. It feels much easier when I know an exact date or person's name."
SIM-0770,Forums,"a photo of my grandparents' wedding album. I remember the photo exists, but not how I originally found it. I searched for text that might be in the image. It feels much easier when I know an exact date or person's name."
SIM-0309,Reddit,the recipe screenshot. I remember the story around the photo more clearly than its metadata. I switched between search terms and albums. There are thousands of images in the account.
SIM-0662,Social media,"the concert selfie. I remember the place generally, but not its name. I tried different wording. Sometimes I get a lot of plausible results and still cannot tell which one is right."
SIM-0131,Google Play Store,the old meme I saved. I remember the story around the photo more clearly than its metadata. I searched by date and got too many results. The problem is not taking the photo; it is finding it later.
SIM-0664,Social media,"the parking sign I photographed. I remember who was there and what we were doing, but not the album. I could not find it. Sometimes I get a lot of plausible results and still cannot tell which one is right."
SIM-0100,Google Play Store,"a photo of my grandparents' wedding album. I remember the photo exists, but not how I originally found it. I searched a person's name and then browsed. I usually remember the story around the picture better than its metadata."
SIM-0373,Reddit,a screenshot of a product I wanted. I remember what was happening but not the exact words. I tried different wording.
SIM-0088,Google Play Store,the waterfall from our road trip. I remember the people and situation but not the date. I looked through a very large set of thumbnails. Sometimes I get a lot of plausible results and still cannot tell which one is right.
SIM-0459,Google Photos Community,"the old meme I saved. I remember the color, setting, or people but not a useful keyword. I searched by person and place together."
SIM-0331,Reddit,"the old meme I saved. I know approximately which year it was, but not the month. I searched by person and place together. I can recognize the image if I see it, but getting to it is the hard part."
SIM-0215,Apple App Store,the insurance document. I remember a visual detail that is hard to describe in a search box. I searched for text that might be in the image. I usually remember the story around the picture better than its metadata.
SIM-0467,Google Photos Community,a photo of my grandparents' wedding album. I remember what was happening but not the exact words. I searched a few keywords and then scrolled. It feels much easier when I know an exact date or person's name.
SIM-0122,Google Play Store,"the lamp I wanted to buy. I can recognize it if I see it, but I don't know how to narrow the results. I found it after several attempts. It feels much easier when I know an exact date or person's name."
SIM-0615,Social media,"the concert selfie. I remember the color, setting, or people but not a useful keyword. I looked through a very large set of thumbnails. I usually remember the story around the picture better than its metadata."
SIM-0021,Google Play Store,"the photo from when I was sick. I remember the photo exists, but not how I originally found it. I switched between search terms and albums. I can recognize the image if I see it, but getting to it is the hard part."
SIM-0701,YouTube comments,"the birthday dinner. I can recognize it if I see it, but I don't know how to narrow the results. I looked through a very large set of thumbnails. I usually remember the story around the picture better than its metadata."
SIM-0072,Google Play Store,"the parking sign I photographed. I remember who was there and what we were doing, but not the album. I searched by person and place together. I have been using Photos for years."
SIM-0107,Google Play Store,the insurance document. I remember a visual detail that is hard to describe in a search box. I tried several related words. It feels much easier when I know an exact date or person's name.
SIM-0271,Apple App Store,the photo from when I was sick. I remember the story around the photo more clearly than its metadata. I searched for text that might be in the image.
SIM-0436,Reddit,the waterfall from our road trip. I remember the story around the photo more clearly than its metadata. I switched between search terms and albums.
SIM-0103,Google Play Store,"that small cafe from our Goa trip. I remember the color, setting, or people but not a useful keyword. I looked through the timeline manually."
