record_id,source,date_posted,author_id,raw_text,relevance,opener_text,opener_code,object_text,object_class,object_class_basis,object_class_alt,memory_text,memory_code,remembered,forgotten,forgotten_family,express_barrier,scenario,behavior_text,behavior_code,retrieval_state,outcome,outcome_stated,closer_text,closer_code,closer_flag,journey_stages,severity_signals,n_severity_signals,offtopic_topic,exact_duplicate_of,core_signature,near_duplicate_group_size,low_information
SIM-0696,YouTube comments,,,"the photo from when I was sick. I remember the color, setting, or people but not a useful keyword. I looked through the timeline manually. It feels much easier when I know an exact date or person's name.",retrieval_related,,,the photo from when I was sick,medical,judgement,event_social,"I remember the color, setting, or people but not a useful keyword.",M06_color_setting_people_no_keyword,color|setting|people,searchable_keyword,search keyword,True,"User is attempting to retrieve the photo from when I was sick; states they remember colours, the setting, who was there; states they do not remember a useful search keyword.",I looked through the timeline manually.,B11_timeline_manual,candidate_inspection,unknown,False,It feels much easier when I know an exact date or person's name.,C04_easier_with_precise_identifier,precise_identifier_contrast,RECALL|EXPRESS|RECOGNIZE|RECOVER,browsing,1.0,,,the photo from when I was sick|M06_color_setting_people_no_keyword|B11_timeline_manual|C04_easier_with_precise_identifier,1,False
SIM-N017,Google Play Store,,,I accidentally deleted a photo and need to restore it.,possibly_relevant,,,,,,,,,,,,,,,,,,,,,,,,,deleted_photo_restore,,,0,True
SIM-0031,Google Play Store,,,"the restaurant near Tokyo station. I can recognize it if I see it, but I don't know how to narrow the results. I found it after several attempts. The problem is not taking the photo; it is finding it later.",retrieval_related,,,the restaurant near Tokyo station,travel_place,stated,,"I can recognize it if I see it, but I don't know how to narrow the results.",M05_recognize_cannot_narrow,recognition_ability,,,True,User is attempting to retrieve the restaurant near Tokyo station; states they remember that they would recognise it on sight; names no specific information they lack.,I found it after several attempts.,B15_found_after_several_attempts,recovery_dependent,found_with_effort,True,The problem is not taking the photo; it is finding it later.,C07_finding_not_taking,framing,RECALL|EXPRESS|RECOGNIZE|RECOVER,repeated_attempts,1.0,,,the restaurant near Tokyo station|M05_recognize_cannot_narrow|B15_found_after_several_attempts|C07_finding_not_taking,1,False
SIM-0600,Google Photos Community,,,"the old family group photo. I remember roughly when it happened, but not the exact day. I searched a person's name and then browsed. I know the photo exists because I have seen it before.",retrieval_related,,,the old family group photo,family_person,stated,,"I remember roughly when it happened, but not the exact day.",M07_approx_time_not_day,approximate_time,exact_day,time precision,False,User is attempting to retrieve the old family group photo; states they remember roughly when it was taken; states they do not remember the exact day.,I searched a person's name and then browsed.,B09_person_then_browse,recovery_dependent,unknown,False,I know the photo exists because I have seen it before.,C06_knows_photo_exists,existence_certain,RECALL|EXPRESS|RECOVER,strategy_switch|browsing,2.0,,,the old family group photo|M07_approx_time_not_day|B09_person_then_browse|C06_knows_photo_exists,1,False
SIM-0097,Google Play Store,,,"the concert selfie. I know approximately which year it was, but not the month. I could not find it. Sometimes I get a lot of plausible results and still cannot tell which one is right.",retrieval_related,,,the concert selfie,event_social,stated,,"I know approximately which year it was, but not the month.",M10_year_not_month,approximate_time,month,time precision,False,User is attempting to retrieve the concert selfie; states they remember roughly when it was taken; states they do not remember the month.,I could not find it.,B12_could_not_find,exit_path,failed,True,Sometimes I get a lot of plausible results and still cannot tell which one is right.,C08_plausible_cannot_tell,cannot_confirm_candidate,RECALL|MATCH|RECOGNIZE|RECOVER,failure|uncertainty|large_candidate_set,3.0,,,the concert selfie|M10_year_not_month|B12_could_not_find|C08_plausible_cannot_tell,1,False
SIM-0245,Apple App Store,,,"the picture I sent to my doctor. I remember what the object looked like, but not what it was called. I switched to another device or photo app. I can recognize the image if I see it, but getting to it is the hard part.",retrieval_related,,,the picture I sent to my doctor,medical,judgement,document_screenshot,"I remember what the object looked like, but not what it was called.",M02_object_look_not_name,visual_appearance|object,object_name,name,True,"User is attempting to retrieve the picture I sent to my doctor; states they remember how it looked, the object; states they do not remember what the object is called.",I switched to another device or photo app.,B08_other_device_or_app,exit_path,external_workaround,True,"I can recognize the image if I see it, but getting to it is the hard part.",C01_recognize_but_access_hard,recognition_retained,RECALL|EXPRESS|RECOGNIZE|RECOVER,strategy_switch|external_workaround,2.0,,,the picture I sent to my doctor|M02_object_look_not_name|B08_other_device_or_app|C01_recognize_but_access_hard,1,False
SIM-0559,Google Photos Community,,,"the old family group photo. I remember a visual detail that is hard to describe in a search box. I gave up and asked someone else to send the photo. I can recognize the image if I see it, but getting to it is the hard part.",retrieval_related,,,the old family group photo,family_person,stated,,I remember a visual detail that is hard to describe in a search box.,M11_visual_detail_hard_to_describe,visual_appearance,,,True,User is attempting to retrieve the old family group photo; states they remember how it looked; names no specific information they lack.,I gave up and asked someone else to send the photo.,B10_gave_up_asked_someone,exit_path,abandoned,True,"I can recognize the image if I see it, but getting to it is the hard part.",C01_recognize_but_access_hard,recognition_retained,RECALL|EXPRESS|RECOGNIZE|RECOVER,abandonment|external_workaround,2.0,,,the old family group photo|M11_visual_detail_hard_to_describe|B10_gave_up_asked_someone|C01_recognize_but_access_hard,1,False
SIM-0353,Reddit,,,the landlord WhatsApp screenshot. I remember what was happening but not the exact words. I switched between search terms and albums. Sometimes I get a lot of plausible results and still cannot tell which one is right.,retrieval_related,,,the landlord WhatsApp screenshot,document_screenshot,stated,,I remember what was happening but not the exact words.,M12_activity_not_exact_words,activity,exact_wording,exact wording,True,User is attempting to retrieve the landlord WhatsApp screenshot; states they remember what was happening; states they do not remember the exact words.,I switched between search terms and albums.,B07_switch_terms_albums,recovery_dependent,unknown,False,Sometimes I get a lot of plausible results and still cannot tell which one is right.,C08_plausible_cannot_tell,cannot_confirm_candidate,RECALL|EXPRESS|MATCH|RECOGNIZE|RECOVER,strategy_switch|uncertainty|large_candidate_set,3.0,,,the landlord WhatsApp screenshot|M12_activity_not_exact_words|B07_switch_terms_albums|C08_plausible_cannot_tell,1,False
SIM-0465,Google Photos Community,,,"the photo of a prescription. I can recognize it if I see it, but I don't know how to narrow the results. I searched by date and got too many results. Sometimes I get a lot of plausible results and still cannot tell which one is right.",retrieval_related,,,the photo of a prescription,medical,stated,,"I can recognize it if I see it, but I don't know how to narrow the results.",M05_recognize_cannot_narrow,recognition_ability,,,True,User is attempting to retrieve the photo of a prescription; states they remember that they would recognise it on sight; names no specific information they lack.,I searched by date and got too many results.,B03_date_search_too_many,candidate_inspection,unknown,False,Sometimes I get a lot of plausible results and still cannot tell which one is right.,C08_plausible_cannot_tell,cannot_confirm_candidate,RECALL|EXPRESS|MATCH|RECOGNIZE,large_candidate_set|uncertainty,2.0,,,the photo of a prescription|M05_recognize_cannot_narrow|B03_date_search_too_many|C08_plausible_cannot_tell,1,False
SIM-0544,Google Photos Community,,,"the medicine box I photographed. I remember what the object looked like, but not what it was called. I switched between search terms and albums.",retrieval_related,,,the medicine box I photographed,medical,judgement,physical_object,"I remember what the object looked like, but not what it was called.",M02_object_look_not_name,visual_appearance|object,object_name,name,True,"User is attempting to retrieve the medicine box I photographed; states they remember how it looked, the object; states they do not remember what the object is called.",I switched between search terms and albums.,B07_switch_terms_albums,recovery_dependent,unknown,False,,,,RECALL|EXPRESS|RECOVER,strategy_switch,1.0,,,the medicine box I photographed|M02_object_look_not_name|B07_switch_terms_albums|,1,False
SIM-0448,Reddit,,,my cousin at the concert. I remember the story around the photo more clearly than its metadata. I tried different wording.,retrieval_related,,,my cousin at the concert,family_person,judgement,event_social,I remember the story around the photo more clearly than its metadata.,M01_story_over_metadata,story,,,False,User is attempting to retrieve my cousin at the concert; states they remember the story around it; names no specific information they lack.,I tried different wording.,B05_different_wording,recovery_dependent,unknown,False,,,,RECALL|EXPRESS|RECOVER,reformulation,1.0,,,my cousin at the concert|M01_story_over_metadata|B05_different_wording|,1,False
SIM-0255,Apple App Store,,,"the insurance document. I remember who was there and what we were doing, but not the album. I could not find it. I know the photo exists because I have seen it before.",retrieval_related,,,the insurance document,document_screenshot,stated,,"I remember who was there and what we were doing, but not the album.",M08_people_activity_not_album,people|activity,album,album / organisation,False,"User is attempting to retrieve the insurance document; states they remember who was there, what was happening; states they do not remember which album it is in.",I could not find it.,B12_could_not_find,exit_path,failed,True,I know the photo exists because I have seen it before.,C06_knows_photo_exists,existence_certain,RECALL|RECOVER,failure,1.0,,,the insurance document|M08_people_activity_not_album|B12_could_not_find|C06_knows_photo_exists,1,False
SIM-0251,Apple App Store,,,"the old meme I saved. I remember the color, setting, or people but not a useful keyword. I switched between search terms and albums.",retrieval_related,,,the old meme I saved,document_screenshot,judgement,event_social,"I remember the color, setting, or people but not a useful keyword.",M06_color_setting_people_no_keyword,color|setting|people,searchable_keyword,search keyword,True,"User is attempting to retrieve the old meme I saved; states they remember colours, the setting, who was there; states they do not remember a useful search keyword.",I switched between search terms and albums.,B07_switch_terms_albums,recovery_dependent,unknown,False,,,,RECALL|EXPRESS|RECOVER,strategy_switch,1.0,,,the old meme I saved|M06_color_setting_people_no_keyword|B07_switch_terms_albums|,1,False
SIM-0066,Google Play Store,,,"the photo of a prescription. I remember what the object looked like, but not what it was called. I looked through a very large set of thumbnails. I usually remember the story around the picture better than its metadata.",retrieval_related,,,the photo of a prescription,medical,stated,,"I remember what the object looked like, but not what it was called.",M02_object_look_not_name,visual_appearance|object,object_name,name,True,"User is attempting to retrieve the photo of a prescription; states they remember how it looked, the object; states they do not remember what the object is called.",I looked through a very large set of thumbnails.,B13_large_thumbnail_set,candidate_inspection,unknown,False,I usually remember the story around the picture better than its metadata.,C05_story_over_metadata,story_memory,RECALL|EXPRESS|RECOGNIZE,browsing|large_candidate_set,2.0,,,the photo of a prescription|M02_object_look_not_name|B13_large_thumbnail_set|C05_story_over_metadata,1,False
SIM-0669,Social media,,,"the old meme I saved. I remember the photo exists, but not how I originally found it. I switched to another device or photo app. I know the photo exists because I have seen it before.",retrieval_related,,,the old meme I saved,document_screenshot,judgement,event_social,"I remember the photo exists, but not how I originally found it.",M09_exists_not_original_path,existence,original_retrieval_path,how it was originally found,False,User is attempting to retrieve the old meme I saved; states they remember that the photo exists; states they do not remember how they originally found it.,I switched to another device or photo app.,B08_other_device_or_app,exit_path,external_workaround,True,I know the photo exists because I have seen it before.,C06_knows_photo_exists,existence_certain,RECALL|RECOVER,strategy_switch|external_workaround,2.0,,,the old meme I saved|M09_exists_not_original_path|B08_other_device_or_app|C06_knows_photo_exists,1,False
SIM-0216,Apple App Store,,,"the insurance document. I remember what was happening but not the exact words. I could not find it. I can recognize the image if I see it, but getting to it is the hard part.",retrieval_related,,,the insurance document,document_screenshot,stated,,I remember what was happening but not the exact words.,M12_activity_not_exact_words,activity,exact_wording,exact wording,True,User is attempting to retrieve the insurance document; states they remember what was happening; states they do not remember the exact words.,I could not find it.,B12_could_not_find,exit_path,failed,True,"I can recognize the image if I see it, but getting to it is the hard part.",C01_recognize_but_access_hard,recognition_retained,RECALL|EXPRESS|RECOGNIZE|RECOVER,failure,1.0,,,the insurance document|M12_activity_not_exact_words|B12_could_not_find|C01_recognize_but_access_hard,1,False
SIM-0040,Google Play Store,,,"the concert selfie. I remember who was there and what we were doing, but not the album. I searched by person and place together. I have been using Photos for years.",retrieval_related,,,the concert selfie,event_social,stated,,"I remember who was there and what we were doing, but not the album.",M08_people_activity_not_album,people|activity,album,album / organisation,False,"User is attempting to retrieve the concert selfie; states they remember who was there, what was happening; states they do not remember which album it is in.",I searched by person and place together.,B01_person_place_search,first_attempt,unknown,False,I have been using Photos for years.,C03_years_of_use,long_tenure,RECALL|EXPRESS,,0.0,,,the concert selfie|M08_people_activity_not_album|B01_person_place_search|C03_years_of_use,1,False
SIM-0193,Apple App Store,,,the birthday dinner. I remember what was happening but not the exact words. I used a date range and manually compared candidates. There are thousands of images in the account.,retrieval_related,,,the birthday dinner,event_social,stated,,I remember what was happening but not the exact words.,M12_activity_not_exact_words,activity,exact_wording,exact wording,True,User is attempting to retrieve the birthday dinner; states they remember what was happening; states they do not remember the exact words.,I used a date range and manually compared candidates.,B16_date_range_compare,candidate_inspection,unknown,False,There are thousands of images in the account.,C02_thousands_of_images,large_library,RECALL|EXPRESS|RECOGNIZE,candidate_inspection,1.0,,,the birthday dinner|M12_activity_not_exact_words|B16_date_range_compare|C02_thousands_of_images,1,False
SIM-0087,Google Play Store,,,"the restaurant near Tokyo station. I remember roughly when it happened, but not the exact day. I could not find it. I can recognize the image if I see it, but getting to it is the hard part.",retrieval_related,,,the restaurant near Tokyo station,travel_place,stated,,"I remember roughly when it happened, but not the exact day.",M07_approx_time_not_day,approximate_time,exact_day,time precision,False,User is attempting to retrieve the restaurant near Tokyo station; states they remember roughly when it was taken; states they do not remember the exact day.,I could not find it.,B12_could_not_find,exit_path,failed,True,"I can recognize the image if I see it, but getting to it is the hard part.",C01_recognize_but_access_hard,recognition_retained,RECALL|RECOGNIZE|RECOVER,failure,1.0,,,the restaurant near Tokyo station|M07_approx_time_not_day|B12_could_not_find|C01_recognize_but_access_hard,1,False
SIM-0494,Google Photos Community,,,a picture with my college friends. I remember the people and situation but not the date. I opened likely results one by one. I know the photo exists because I have seen it before.,retrieval_related,,,a picture with my college friends,family_person,stated,,I remember the people and situation but not the date.,M03_people_situation_not_date,people|situation,date,time precision,False,"User is attempting to retrieve a picture with my college friends; states they remember who was there, the situation; states they do not remember the date.",I opened likely results one by one.,B04_open_results_one_by_one,candidate_inspection,unknown,False,I know the photo exists because I have seen it before.,C06_knows_photo_exists,existence_certain,RECALL|RECOGNIZE,candidate_inspection,1.0,,,a picture with my college friends|M03_people_situation_not_date|B04_open_results_one_by_one|C06_knows_photo_exists,1,False
SIM-0671,Social media,,,"the lamp I wanted to buy. I remember the story around the photo more clearly than its metadata. I searched for text that might be in the image. I can recognize the image if I see it, but getting to it is the hard part.",retrieval_related,,,the lamp I wanted to buy,physical_object,judgement,document_screenshot,I remember the story around the photo more clearly than its metadata.,M01_story_over_metadata,story,,,False,User is attempting to retrieve the lamp I wanted to buy; states they remember the story around it; names no specific information they lack.,I searched for text that might be in the image.,B02_text_in_image_search,first_attempt,unknown,False,"I can recognize the image if I see it, but getting to it is the hard part.",C01_recognize_but_access_hard,recognition_retained,RECALL|EXPRESS|RECOGNIZE,,0.0,,,the lamp I wanted to buy|M01_story_over_metadata|B02_text_in_image_search|C01_recognize_but_access_hard,1,False
SIM-0197,Apple App Store,,,"the birthday dinner. I remember who was there and what we were doing, but not the album. I found it after several attempts.",retrieval_related,,,the birthday dinner,event_social,stated,,"I remember who was there and what we were doing, but not the album.",M08_people_activity_not_album,people|activity,album,album / organisation,False,"User is attempting to retrieve the birthday dinner; states they remember who was there, what was happening; states they do not remember which album it is in.",I found it after several attempts.,B15_found_after_several_attempts,recovery_dependent,found_with_effort,True,,,,RECALL|RECOVER,repeated_attempts,1.0,,,the birthday dinner|M08_people_activity_not_album|B15_found_after_several_attempts|,1,False
SIM-0210,Apple App Store,,,"the picture from the day we moved house. I can recognize it if I see it, but I don't know how to narrow the results. I searched a few keywords and then scrolled. I can recognize the image if I see it, but getting to it is the hard part.",retrieval_related,,,the picture from the day we moved house,event_social,stated,,"I can recognize it if I see it, but I don't know how to narrow the results.",M05_recognize_cannot_narrow,recognition_ability,,,True,User is attempting to retrieve the picture from the day we moved house; states they remember that they would recognise it on sight; names no specific information they lack.,I searched a few keywords and then scrolled.,B18_keywords_then_scroll,recovery_dependent,unknown,False,"I can recognize the image if I see it, but getting to it is the hard part.",C01_recognize_but_access_hard,recognition_retained,RECALL|EXPRESS|RECOGNIZE|RECOVER,strategy_switch|browsing,2.0,,,the picture from the day we moved house|M05_recognize_cannot_narrow|B18_keywords_then_scroll|C01_recognize_but_access_hard,1,False
SIM-0213,Apple App Store,,,"a photo of my grandparents' wedding album. I remember the photo exists, but not how I originally found it. I searched a person's name and then browsed. I can recognize the image if I see it, but getting to it is the hard part.",retrieval_related,,,a photo of my grandparents' wedding album,family_person,judgement,event_social,"I remember the photo exists, but not how I originally found it.",M09_exists_not_original_path,existence,original_retrieval_path,how it was originally found,False,User is attempting to retrieve a photo of my grandparents' wedding album; states they remember that the photo exists; states they do not remember how they originally found it.,I searched a person's name and then browsed.,B09_person_then_browse,recovery_dependent,unknown,False,"I can recognize the image if I see it, but getting to it is the hard part.",C01_recognize_but_access_hard,recognition_retained,RECALL|EXPRESS|RECOGNIZE|RECOVER,strategy_switch|browsing,2.0,,,a photo of my grandparents' wedding album|M09_exists_not_original_path|B09_person_then_browse|C01_recognize_but_access_hard,1,False
SIM-0739,YouTube comments,,,"the hotel we stayed at during a trip. I remember the photo exists, but not how I originally found it. I searched for text that might be in the image. I can recognize the image if I see it, but getting to it is the hard part.",retrieval_related,,,the hotel we stayed at during a trip,travel_place,stated,,"I remember the photo exists, but not how I originally found it.",M09_exists_not_original_path,existence,original_retrieval_path,how it was originally found,False,User is attempting to retrieve the hotel we stayed at during a trip; states they remember that the photo exists; states they do not remember how they originally found it.,I searched for text that might be in the image.,B02_text_in_image_search,first_attempt,unknown,False,"I can recognize the image if I see it, but getting to it is the hard part.",C01_recognize_but_access_hard,recognition_retained,RECALL|EXPRESS|RECOGNIZE,,0.0,,,the hotel we stayed at during a trip|M09_exists_not_original_path|B02_text_in_image_search|C01_recognize_but_access_hard,1,False
SIM-0276,Apple App Store,,,our Diwali family photo. I remember the people and situation but not the date. I looked through the timeline manually. There are thousands of images in the account.,retrieval_related,,,our Diwali family photo,family_person,judgement,event_social,I remember the people and situation but not the date.,M03_people_situation_not_date,people|situation,date,time precision,False,"User is attempting to retrieve our Diwali family photo; states they remember who was there, the situation; states they do not remember the date.",I looked through the timeline manually.,B11_timeline_manual,candidate_inspection,unknown,False,There are thousands of images in the account.,C02_thousands_of_images,large_library,RECALL|RECOGNIZE|RECOVER,browsing,1.0,,,our Diwali family photo|M03_people_situation_not_date|B11_timeline_manual|C02_thousands_of_images,1,False
SIM-0121,Google Play Store,,,the medicine box I photographed. I remember what was happening but not the exact words. I searched a person's name and then browsed. I have been using Photos for years.,retrieval_related,,,the medicine box I photographed,medical,judgement,physical_object,I remember what was happening but not the exact words.,M12_activity_not_exact_words,activity,exact_wording,exact wording,True,User is attempting to retrieve the medicine box I photographed; states they remember what was happening; states they do not remember the exact words.,I searched a person's name and then browsed.,B09_person_then_browse,recovery_dependent,unknown,False,I have been using Photos for years.,C03_years_of_use,long_tenure,RECALL|EXPRESS|RECOVER,strategy_switch|browsing,2.0,,,the medicine box I photographed|M12_activity_not_exact_words|B09_person_then_browse|C03_years_of_use,1,False
SIM-0293,Apple App Store,,,the concert selfie. I remember the story around the photo more clearly than its metadata. I switched to another device or photo app. It feels much easier when I know an exact date or person's name.,retrieval_related,,,the concert selfie,event_social,stated,,I remember the story around the photo more clearly than its metadata.,M01_story_over_metadata,story,,,False,User is attempting to retrieve the concert selfie; states they remember the story around it; names no specific information they lack.,I switched to another device or photo app.,B08_other_device_or_app,exit_path,external_workaround,True,It feels much easier when I know an exact date or person's name.,C04_easier_with_precise_identifier,precise_identifier_contrast,RECALL|EXPRESS|RECOVER,strategy_switch|external_workaround,2.0,,,the concert selfie|M01_story_over_metadata|B08_other_device_or_app|C04_easier_with_precise_identifier,1,False
SIM-0140,Google Play Store,,,"the photo from when I was sick. I know approximately which year it was, but not the month. I searched by person and place together. The problem is not taking the photo; it is finding it later.",retrieval_related,,,the photo from when I was sick,medical,judgement,event_social,"I know approximately which year it was, but not the month.",M10_year_not_month,approximate_time,month,time precision,False,User is attempting to retrieve the photo from when I was sick; states they remember roughly when it was taken; states they do not remember the month.,I searched by person and place together.,B01_person_place_search,first_attempt,unknown,False,The problem is not taking the photo; it is finding it later.,C07_finding_not_taking,framing,RECALL|EXPRESS,,0.0,,,the photo from when I was sick|M10_year_not_month|B01_person_place_search|C07_finding_not_taking,1,False
SIM-0292,Apple App Store,,,"the recipe screenshot. I remember the place generally, but not its name. I searched for text that might be in the image. It feels much easier when I know an exact date or person's name.",retrieval_related,,,the recipe screenshot,document_screenshot,stated,,"I remember the place generally, but not its name.",M04_place_general_not_name,place,place_name,name,False,User is attempting to retrieve the recipe screenshot; states they remember the place in general; states they do not remember the place name.,I searched for text that might be in the image.,B02_text_in_image_search,first_attempt,unknown,False,It feels much easier when I know an exact date or person's name.,C04_easier_with_precise_identifier,precise_identifier_contrast,RECALL|EXPRESS,,0.0,,,the recipe screenshot|M04_place_general_not_name|B02_text_in_image_search|C04_easier_with_precise_identifier,1,False
SIM-N037,YouTube comments,,,I need help with partner sharing.,not_retrieval_related,,,,,,,,,,,,,,,,,,,,,,,,,sharing,,,0,True
SIM-0064,Google Play Store,,,"the picture from the day we moved house. I know approximately which year it was, but not the month. I looked through a very large set of thumbnails.",retrieval_related,,,the picture from the day we moved house,event_social,stated,,"I know approximately which year it was, but not the month.",M10_year_not_month,approximate_time,month,time precision,False,User is attempting to retrieve the picture from the day we moved house; states they remember roughly when it was taken; states they do not remember the month.,I looked through a very large set of thumbnails.,B13_large_thumbnail_set,candidate_inspection,unknown,False,,,,RECALL|RECOGNIZE,browsing|large_candidate_set,2.0,,,the picture from the day we moved house|M10_year_not_month|B13_large_thumbnail_set|,1,False
SIM-0619,Social media,,,the restaurant near Tokyo station. I remember the story around the photo more clearly than its metadata. I found a similar photo but not the exact one. I usually remember the story around the picture better than its metadata.,retrieval_related,,,the restaurant near Tokyo station,travel_place,stated,,I remember the story around the photo more clearly than its metadata.,M01_story_over_metadata,story,,,False,User is attempting to retrieve the restaurant near Tokyo station; states they remember the story around it; names no specific information they lack.,I found a similar photo but not the exact one.,B14_similar_not_exact,candidate_inspection,similar_uncertain,True,I usually remember the story around the picture better than its metadata.,C05_story_over_metadata,story_memory,RECALL|RECOGNIZE,uncertainty,1.0,,,the restaurant near Tokyo station|M01_story_over_metadata|B14_similar_not_exact|C05_story_over_metadata,1,False
SIM-0067,Google Play Store,,,"a photo of my grandparents' wedding album. I remember the place generally, but not its name. I searched a person's name and then browsed. Sometimes I get a lot of plausible results and still cannot tell which one is right.",retrieval_related,,,a photo of my grandparents' wedding album,family_person,judgement,event_social,"I remember the place generally, but not its name.",M04_place_general_not_name,place,place_name,name,False,User is attempting to retrieve a photo of my grandparents' wedding album; states they remember the place in general; states they do not remember the place name.,I searched a person's name and then browsed.,B09_person_then_browse,recovery_dependent,unknown,False,Sometimes I get a lot of plausible results and still cannot tell which one is right.,C08_plausible_cannot_tell,cannot_confirm_candidate,RECALL|EXPRESS|MATCH|RECOGNIZE|RECOVER,strategy_switch|browsing|uncertainty|large_candidate_set,4.0,,,a photo of my grandparents' wedding album|M04_place_general_not_name|B09_person_then_browse|C08_plausible_cannot_tell,1,False
SIM-0534,Google Photos Community,,,"the picture from our office party. I remember what the object looked like, but not what it was called. I could not find it. It feels much easier when I know an exact date or person's name.",retrieval_related,,,the picture from our office party,event_social,stated,,"I remember what the object looked like, but not what it was called.",M02_object_look_not_name,visual_appearance|object,object_name,name,True,"User is attempting to retrieve the picture from our office party; states they remember how it looked, the object; states they do not remember what the object is called.",I could not find it.,B12_could_not_find,exit_path,failed,True,It feels much easier when I know an exact date or person's name.,C04_easier_with_precise_identifier,precise_identifier_contrast,RECALL|EXPRESS|RECOVER,failure,1.0,,,the picture from our office party|M02_object_look_not_name|B12_could_not_find|C04_easier_with_precise_identifier,1,False
SIM-0519,Google Photos Community,,,our Diwali family photo. I remember the people and situation but not the date. I switched between search terms and albums. I have been using Photos for years.,retrieval_related,,,our Diwali family photo,family_person,judgement,event_social,I remember the people and situation but not the date.,M03_people_situation_not_date,people|situation,date,time precision,False,"User is attempting to retrieve our Diwali family photo; states they remember who was there, the situation; states they do not remember the date.",I switched between search terms and albums.,B07_switch_terms_albums,recovery_dependent,unknown,False,I have been using Photos for years.,C03_years_of_use,long_tenure,RECALL|RECOVER,strategy_switch,1.0,,,our Diwali family photo|M03_people_situation_not_date|B07_switch_terms_albums|C03_years_of_use,1,False
SIM-0335,Reddit,,,"the photo from when I was sick. I know approximately which year it was, but not the month. I searched by person and place together. I have been using Photos for years.",retrieval_related,,,the photo from when I was sick,medical,judgement,event_social,"I know approximately which year it was, but not the month.",M10_year_not_month,approximate_time,month,time precision,False,User is attempting to retrieve the photo from when I was sick; states they remember roughly when it was taken; states they do not remember the month.,I searched by person and place together.,B01_person_place_search,first_attempt,unknown,False,I have been using Photos for years.,C03_years_of_use,long_tenure,RECALL|EXPRESS,,0.0,,,the photo from when I was sick|M10_year_not_month|B01_person_place_search|C03_years_of_use,1,False
SIM-0329,Reddit,,,"the old meme I saved. I remember the place generally, but not its name. I searched by date and got too many results. I can recognize the image if I see it, but getting to it is the hard part.",retrieval_related,,,the old meme I saved,document_screenshot,judgement,event_social,"I remember the place generally, but not its name.",M04_place_general_not_name,place,place_name,name,False,User is attempting to retrieve the old meme I saved; states they remember the place in general; states they do not remember the place name.,I searched by date and got too many results.,B03_date_search_too_many,candidate_inspection,unknown,False,"I can recognize the image if I see it, but getting to it is the hard part.",C01_recognize_but_access_hard,recognition_retained,RECALL|EXPRESS|MATCH|RECOGNIZE,large_candidate_set,1.0,,,the old meme I saved|M04_place_general_not_name|B03_date_search_too_many|C01_recognize_but_access_hard,1,False
SIM-0240,Apple App Store,,,"the lamp I wanted to buy. I can recognize it if I see it, but I don't know how to narrow the results. I could not find it.",retrieval_related,,,the lamp I wanted to buy,physical_object,judgement,document_screenshot,"I can recognize it if I see it, but I don't know how to narrow the results.",M05_recognize_cannot_narrow,recognition_ability,,,True,User is attempting to retrieve the lamp I wanted to buy; states they remember that they would recognise it on sight; names no specific information they lack.,I could not find it.,B12_could_not_find,exit_path,failed,True,,,,RECALL|EXPRESS|RECOGNIZE|RECOVER,failure,1.0,,,the lamp I wanted to buy|M05_recognize_cannot_narrow|B12_could_not_find|,1,False
SIM-0418,Reddit,,,"a screenshot of a product I wanted. I know approximately which year it was, but not the month. I found it after several attempts. The problem is not taking the photo; it is finding it later.",retrieval_related,,,a screenshot of a product I wanted,document_screenshot,judgement,physical_object,"I know approximately which year it was, but not the month.",M10_year_not_month,approximate_time,month,time precision,False,User is attempting to retrieve a screenshot of a product I wanted; states they remember roughly when it was taken; states they do not remember the month.,I found it after several attempts.,B15_found_after_several_attempts,recovery_dependent,found_with_effort,True,The problem is not taking the photo; it is finding it later.,C07_finding_not_taking,framing,RECALL|RECOVER,repeated_attempts,1.0,,,a screenshot of a product I wanted|M10_year_not_month|B15_found_after_several_attempts|C07_finding_not_taking,1,False
SIM-0652,Social media,,,"our Kerala houseboat photos. I know approximately which year it was, but not the month. I looked through a very large set of thumbnails. I can recognize the image if I see it, but getting to it is the hard part.",retrieval_related,,,our Kerala houseboat photos,travel_place,stated,,"I know approximately which year it was, but not the month.",M10_year_not_month,approximate_time,month,time precision,False,User is attempting to retrieve our Kerala houseboat photos; states they remember roughly when it was taken; states they do not remember the month.,I looked through a very large set of thumbnails.,B13_large_thumbnail_set,candidate_inspection,unknown,False,"I can recognize the image if I see it, but getting to it is the hard part.",C01_recognize_but_access_hard,recognition_retained,RECALL|RECOGNIZE,browsing|large_candidate_set,2.0,,,our Kerala houseboat photos|M10_year_not_month|B13_large_thumbnail_set|C01_recognize_but_access_hard,1,False
SIM-0651,Social media,,,our Diwali family photo. I remember the people and situation but not the date. I could not find it. I usually remember the story around the picture better than its metadata.,retrieval_related,,,our Diwali family photo,family_person,judgement,event_social,I remember the people and situation but not the date.,M03_people_situation_not_date,people|situation,date,time precision,False,"User is attempting to retrieve our Diwali family photo; states they remember who was there, the situation; states they do not remember the date.",I could not find it.,B12_could_not_find,exit_path,failed,True,I usually remember the story around the picture better than its metadata.,C05_story_over_metadata,story_memory,RECALL|RECOVER,failure,1.0,,,our Diwali family photo|M03_people_situation_not_date|B12_could_not_find|C05_story_over_metadata,1,False
SIM-0068,Google Play Store,,,"the old meme I saved. I remember the color, setting, or people but not a useful keyword. I found a similar photo but not the exact one. I usually remember the story around the picture better than its metadata.",retrieval_related,,,the old meme I saved,document_screenshot,judgement,event_social,"I remember the color, setting, or people but not a useful keyword.",M06_color_setting_people_no_keyword,color|setting|people,searchable_keyword,search keyword,True,"User is attempting to retrieve the old meme I saved; states they remember colours, the setting, who was there; states they do not remember a useful search keyword.",I found a similar photo but not the exact one.,B14_similar_not_exact,candidate_inspection,similar_uncertain,True,I usually remember the story around the picture better than its metadata.,C05_story_over_metadata,story_memory,RECALL|EXPRESS|RECOGNIZE,uncertainty,1.0,,,the old meme I saved|M06_color_setting_people_no_keyword|B14_similar_not_exact|C05_story_over_metadata,1,False
SIM-0406,Reddit,,,"a screenshot of a product I wanted. I remember what the object looked like, but not what it was called. I switched to another device or photo app. The problem is not taking the photo; it is finding it later.",retrieval_related,,,a screenshot of a product I wanted,document_screenshot,judgement,physical_object,"I remember what the object looked like, but not what it was called.",M02_object_look_not_name,visual_appearance|object,object_name,name,True,"User is attempting to retrieve a screenshot of a product I wanted; states they remember how it looked, the object; states they do not remember what the object is called.",I switched to another device or photo app.,B08_other_device_or_app,exit_path,external_workaround,True,The problem is not taking the photo; it is finding it later.,C07_finding_not_taking,framing,RECALL|EXPRESS|RECOVER,strategy_switch|external_workaround,2.0,,,a screenshot of a product I wanted|M02_object_look_not_name|B08_other_device_or_app|C07_finding_not_taking,1,False
SIM-0631,Social media,,,"the old meme I saved. I remember the photo exists, but not how I originally found it. I opened likely results one by one. I have been using Photos for years.",retrieval_related,,,the old meme I saved,document_screenshot,judgement,event_social,"I remember the photo exists, but not how I originally found it.",M09_exists_not_original_path,existence,original_retrieval_path,how it was originally found,False,User is attempting to retrieve the old meme I saved; states they remember that the photo exists; states they do not remember how they originally found it.,I opened likely results one by one.,B04_open_results_one_by_one,candidate_inspection,unknown,False,I have been using Photos for years.,C03_years_of_use,long_tenure,RECALL|RECOGNIZE,candidate_inspection,1.0,,,the old meme I saved|M09_exists_not_original_path|B04_open_results_one_by_one|C03_years_of_use,1,False
SIM-0478,Google Photos Community,,,that small cafe from our Goa trip. I remember the story around the photo more clearly than its metadata. I searched for text that might be in the image. I have been using Photos for years.,retrieval_related,,,that small cafe from our Goa trip,travel_place,stated,,I remember the story around the photo more clearly than its metadata.,M01_story_over_metadata,story,,,False,User is attempting to retrieve that small cafe from our Goa trip; states they remember the story around it; names no specific information they lack.,I searched for text that might be in the image.,B02_text_in_image_search,first_attempt,unknown,False,I have been using Photos for years.,C03_years_of_use,long_tenure,RECALL|EXPRESS,,0.0,,,that small cafe from our Goa trip|M01_story_over_metadata|B02_text_in_image_search|C03_years_of_use,1,False
SIM-0024,Google Play Store,,,"the photo of a prescription. I remember roughly when it happened, but not the exact day. I searched by person and place together. I usually remember the story around the picture better than its metadata.",retrieval_related,,,the photo of a prescription,medical,stated,,"I remember roughly when it happened, but not the exact day.",M07_approx_time_not_day,approximate_time,exact_day,time precision,False,User is attempting to retrieve the photo of a prescription; states they remember roughly when it was taken; states they do not remember the exact day.,I searched by person and place together.,B01_person_place_search,first_attempt,unknown,False,I usually remember the story around the picture better than its metadata.,C05_story_over_metadata,story_memory,RECALL|EXPRESS,,0.0,,,the photo of a prescription|M07_approx_time_not_day|B01_person_place_search|C05_story_over_metadata,1,False
SIM-0312,Reddit,,,"a picture with my college friends. I can recognize it if I see it, but I don't know how to narrow the results. I looked through a very large set of thumbnails. I have been using Photos for years.",retrieval_related,,,a picture with my college friends,family_person,stated,,"I can recognize it if I see it, but I don't know how to narrow the results.",M05_recognize_cannot_narrow,recognition_ability,,,True,User is attempting to retrieve a picture with my college friends; states they remember that they would recognise it on sight; names no specific information they lack.,I looked through a very large set of thumbnails.,B13_large_thumbnail_set,candidate_inspection,unknown,False,I have been using Photos for years.,C03_years_of_use,long_tenure,RECALL|EXPRESS|RECOGNIZE,browsing|large_candidate_set,2.0,,,a picture with my college friends|M05_recognize_cannot_narrow|B13_large_thumbnail_set|C03_years_of_use,1,False
SIM-0622,Social media,,,the photo from when I was sick. I remember what was happening but not the exact words. I searched for text that might be in the image. I usually remember the story around the picture better than its metadata.,retrieval_related,,,the photo from when I was sick,medical,judgement,event_social,I remember what was happening but not the exact words.,M12_activity_not_exact_words,activity,exact_wording,exact wording,True,User is attempting to retrieve the photo from when I was sick; states they remember what was happening; states they do not remember the exact words.,I searched for text that might be in the image.,B02_text_in_image_search,first_attempt,unknown,False,I usually remember the story around the picture better than its metadata.,C05_story_over_metadata,story_memory,RECALL|EXPRESS,,0.0,,,the photo from when I was sick|M12_activity_not_exact_words|B02_text_in_image_search|C05_story_over_metadata,1,False
SIM-0546,Google Photos Community,,,"the lamp I wanted to buy. I remember the color, setting, or people but not a useful keyword. I found a similar photo but not the exact one. There are thousands of images in the account.",retrieval_related,,,the lamp I wanted to buy,physical_object,judgement,document_screenshot,"I remember the color, setting, or people but not a useful keyword.",M06_color_setting_people_no_keyword,color|setting|people,searchable_keyword,search keyword,True,"User is attempting to retrieve the lamp I wanted to buy; states they remember colours, the setting, who was there; states they do not remember a useful search keyword.",I found a similar photo but not the exact one.,B14_similar_not_exact,candidate_inspection,similar_uncertain,True,There are thousands of images in the account.,C02_thousands_of_images,large_library,RECALL|EXPRESS|RECOGNIZE,uncertainty,1.0,,,the lamp I wanted to buy|M06_color_setting_people_no_keyword|B14_similar_not_exact|C02_thousands_of_images,1,False
SIM-0287,Apple App Store,,,our Diwali family photo. I remember what was happening but not the exact words. I switched to another device or photo app. Sometimes I get a lot of plausible results and still cannot tell which one is right.,retrieval_related,,,our Diwali family photo,family_person,judgement,event_social,I remember what was happening but not the exact words.,M12_activity_not_exact_words,activity,exact_wording,exact wording,True,User is attempting to retrieve our Diwali family photo; states they remember what was happening; states they do not remember the exact words.,I switched to another device or photo app.,B08_other_device_or_app,exit_path,external_workaround,True,Sometimes I get a lot of plausible results and still cannot tell which one is right.,C08_plausible_cannot_tell,cannot_confirm_candidate,RECALL|EXPRESS|MATCH|RECOGNIZE|RECOVER,strategy_switch|external_workaround|uncertainty|large_candidate_set,4.0,,,our Diwali family photo|M12_activity_not_exact_words|B08_other_device_or_app|C08_plausible_cannot_tell,1,False
SIM-0723,YouTube comments,,,the picture I sent to my doctor. I remember the people and situation but not the date. I switched between search terms and albums. Sometimes I get a lot of plausible results and still cannot tell which one is right.,retrieval_related,,,the picture I sent to my doctor,medical,judgement,document_screenshot,I remember the people and situation but not the date.,M03_people_situation_not_date,people|situation,date,time precision,False,"User is attempting to retrieve the picture I sent to my doctor; states they remember who was there, the situation; states they do not remember the date.",I switched between search terms and albums.,B07_switch_terms_albums,recovery_dependent,unknown,False,Sometimes I get a lot of plausible results and still cannot tell which one is right.,C08_plausible_cannot_tell,cannot_confirm_candidate,RECALL|MATCH|RECOGNIZE|RECOVER,strategy_switch|uncertainty|large_candidate_set,3.0,,,the picture I sent to my doctor|M03_people_situation_not_date|B07_switch_terms_albums|C08_plausible_cannot_tell,1,False
SIM-0699,YouTube comments,,,"the picture I sent to my doctor. I can recognize it if I see it, but I don't know how to narrow the results. I searched a person's name and then browsed. I know the photo exists because I have seen it before.",retrieval_related,,,the picture I sent to my doctor,medical,judgement,document_screenshot,"I can recognize it if I see it, but I don't know how to narrow the results.",M05_recognize_cannot_narrow,recognition_ability,,,True,User is attempting to retrieve the picture I sent to my doctor; states they remember that they would recognise it on sight; names no specific information they lack.,I searched a person's name and then browsed.,B09_person_then_browse,recovery_dependent,unknown,False,I know the photo exists because I have seen it before.,C06_knows_photo_exists,existence_certain,RECALL|EXPRESS|RECOGNIZE|RECOVER,strategy_switch|browsing,2.0,,,the picture I sent to my doctor|M05_recognize_cannot_narrow|B09_person_then_browse|C06_knows_photo_exists,1,False
SIM-0558,Google Photos Community,,,"that small cafe from our Goa trip. I remember roughly when it happened, but not the exact day. I found a similar photo but not the exact one.",retrieval_related,,,that small cafe from our Goa trip,travel_place,stated,,"I remember roughly when it happened, but not the exact day.",M07_approx_time_not_day,approximate_time,exact_day,time precision,False,User is attempting to retrieve that small cafe from our Goa trip; states they remember roughly when it was taken; states they do not remember the exact day.,I found a similar photo but not the exact one.,B14_similar_not_exact,candidate_inspection,similar_uncertain,True,,,,RECALL|RECOGNIZE,uncertainty,1.0,,,that small cafe from our Goa trip|M07_approx_time_not_day|B14_similar_not_exact|,1,False
SIM-0513,Google Photos Community,,,"the insurance document. I remember who was there and what we were doing, but not the album. I switched between search terms and albums. There are thousands of images in the account.",retrieval_related,,,the insurance document,document_screenshot,stated,,"I remember who was there and what we were doing, but not the album.",M08_people_activity_not_album,people|activity,album,album / organisation,False,"User is attempting to retrieve the insurance document; states they remember who was there, what was happening; states they do not remember which album it is in.",I switched between search terms and albums.,B07_switch_terms_albums,recovery_dependent,unknown,False,There are thousands of images in the account.,C02_thousands_of_images,large_library,RECALL|RECOVER,strategy_switch,1.0,,,the insurance document|M08_people_activity_not_album|B07_switch_terms_albums|C02_thousands_of_images,2,False
SIM-0660,Social media,,,"that small cafe from our Goa trip. I remember the color, setting, or people but not a useful keyword. I searched by date and got too many results. I can recognize the image if I see it, but getting to it is the hard part.",retrieval_related,,,that small cafe from our Goa trip,travel_place,stated,,"I remember the color, setting, or people but not a useful keyword.",M06_color_setting_people_no_keyword,color|setting|people,searchable_keyword,search keyword,True,"User is attempting to retrieve that small cafe from our Goa trip; states they remember colours, the setting, who was there; states they do not remember a useful search keyword.",I searched by date and got too many results.,B03_date_search_too_many,candidate_inspection,unknown,False,"I can recognize the image if I see it, but getting to it is the hard part.",C01_recognize_but_access_hard,recognition_retained,RECALL|EXPRESS|MATCH|RECOGNIZE,large_candidate_set,1.0,,,that small cafe from our Goa trip|M06_color_setting_people_no_keyword|B03_date_search_too_many|C01_recognize_but_access_hard,1,False
SIM-0432,Reddit,,,our Diwali family photo. I remember the story around the photo more clearly than its metadata. I tried different wording. It feels much easier when I know an exact date or person's name.,retrieval_related,,,our Diwali family photo,family_person,judgement,event_social,I remember the story around the photo more clearly than its metadata.,M01_story_over_metadata,story,,,False,User is attempting to retrieve our Diwali family photo; states they remember the story around it; names no specific information they lack.,I tried different wording.,B05_different_wording,recovery_dependent,unknown,False,It feels much easier when I know an exact date or person's name.,C04_easier_with_precise_identifier,precise_identifier_contrast,RECALL|EXPRESS|RECOVER,reformulation,1.0,,,our Diwali family photo|M01_story_over_metadata|B05_different_wording|C04_easier_with_precise_identifier,1,False
SIM-0212,Apple App Store,,,a screenshot of a product I wanted. I remember a visual detail that is hard to describe in a search box. I opened likely results one by one. Sometimes I get a lot of plausible results and still cannot tell which one is right.,retrieval_related,,,a screenshot of a product I wanted,document_screenshot,judgement,physical_object,I remember a visual detail that is hard to describe in a search box.,M11_visual_detail_hard_to_describe,visual_appearance,,,True,User is attempting to retrieve a screenshot of a product I wanted; states they remember how it looked; names no specific information they lack.,I opened likely results one by one.,B04_open_results_one_by_one,candidate_inspection,unknown,False,Sometimes I get a lot of plausible results and still cannot tell which one is right.,C08_plausible_cannot_tell,cannot_confirm_candidate,RECALL|EXPRESS|MATCH|RECOGNIZE,candidate_inspection|uncertainty|large_candidate_set,3.0,,,a screenshot of a product I wanted|M11_visual_detail_hard_to_describe|B04_open_results_one_by_one|C08_plausible_cannot_tell,1,False
SIM-0362,Reddit,,,"the insurance document. I remember the color, setting, or people but not a useful keyword. I opened likely results one by one. I know the photo exists because I have seen it before.",retrieval_related,,,the insurance document,document_screenshot,stated,,"I remember the color, setting, or people but not a useful keyword.",M06_color_setting_people_no_keyword,color|setting|people,searchable_keyword,search keyword,True,"User is attempting to retrieve the insurance document; states they remember colours, the setting, who was there; states they do not remember a useful search keyword.",I opened likely results one by one.,B04_open_results_one_by_one,candidate_inspection,unknown,False,I know the photo exists because I have seen it before.,C06_knows_photo_exists,existence_certain,RECALL|EXPRESS|RECOGNIZE,candidate_inspection,1.0,,,the insurance document|M06_color_setting_people_no_keyword|B04_open_results_one_by_one|C06_knows_photo_exists,1,False
SIM-0550,Google Photos Community,,,"the old family group photo. I remember what the object looked like, but not what it was called. I tried an object keyword.",retrieval_related,,,the old family group photo,family_person,stated,,"I remember what the object looked like, but not what it was called.",M02_object_look_not_name,visual_appearance|object,object_name,name,True,"User is attempting to retrieve the old family group photo; states they remember how it looked, the object; states they do not remember what the object is called.",I tried an object keyword.,B06_object_keyword,first_attempt,unknown,False,,,,RECALL|EXPRESS,,0.0,,,the old family group photo|M02_object_look_not_name|B06_object_keyword|,1,False
SIM-0079,Google Play Store,,,"a screenshot of a product I wanted. I remember roughly when it happened, but not the exact day. I switched to another device or photo app. There are thousands of images in the account.",retrieval_related,,,a screenshot of a product I wanted,document_screenshot,judgement,physical_object,"I remember roughly when it happened, but not the exact day.",M07_approx_time_not_day,approximate_time,exact_day,time precision,False,User is attempting to retrieve a screenshot of a product I wanted; states they remember roughly when it was taken; states they do not remember the exact day.,I switched to another device or photo app.,B08_other_device_or_app,exit_path,external_workaround,True,There are thousands of images in the account.,C02_thousands_of_images,large_library,RECALL|RECOVER,strategy_switch|external_workaround,2.0,,,a screenshot of a product I wanted|M07_approx_time_not_day|B08_other_device_or_app|C02_thousands_of_images,1,False
SIM-N027,Apple App Store,,,The app is using too much battery.,not_retrieval_related,,,,,,,,,,,,,,,,,,,,,,,,,battery,,,0,True
SIM-N007,YouTube comments,,,My photos are taking too much storage.,not_retrieval_related,,,,,,,,,,,,,,,,,,,,,,,,,storage,,,0,True
SIM-0590,Google Photos Community,,,"the concert selfie. I know approximately which year it was, but not the month. I tried different wording. I have been using Photos for years.",retrieval_related,,,the concert selfie,event_social,stated,,"I know approximately which year it was, but not the month.",M10_year_not_month,approximate_time,month,time precision,False,User is attempting to retrieve the concert selfie; states they remember roughly when it was taken; states they do not remember the month.,I tried different wording.,B05_different_wording,recovery_dependent,unknown,False,I have been using Photos for years.,C03_years_of_use,long_tenure,RECALL|EXPRESS|RECOVER,reformulation,1.0,,,the concert selfie|M10_year_not_month|B05_different_wording|C03_years_of_use,1,False
SIM-N028,Forums,,,I want to share an album with my family.,not_retrieval_related,,,,,,,,,,,,,,,,,,,,,,,,,sharing,,,0,True
SIM-0369,Reddit,,,"the landlord WhatsApp screenshot. I remember the place generally, but not its name. I switched to another device or photo app. I usually remember the story around the picture better than its metadata.",retrieval_related,,,the landlord WhatsApp screenshot,document_screenshot,stated,,"I remember the place generally, but not its name.",M04_place_general_not_name,place,place_name,name,False,User is attempting to retrieve the landlord WhatsApp screenshot; states they remember the place in general; states they do not remember the place name.,I switched to another device or photo app.,B08_other_device_or_app,exit_path,external_workaround,True,I usually remember the story around the picture better than its metadata.,C05_story_over_metadata,story_memory,RECALL|RECOVER,strategy_switch|external_workaround,2.0,,,the landlord WhatsApp screenshot|M04_place_general_not_name|B08_other_device_or_app|C05_story_over_metadata,1,False
SIM-0138,Google Play Store,,,"the waterfall from our road trip. I remember the story around the photo more clearly than its metadata. I opened likely results one by one. I can recognize the image if I see it, but getting to it is the hard part.",retrieval_related,,,the waterfall from our road trip,travel_place,stated,,I remember the story around the photo more clearly than its metadata.,M01_story_over_metadata,story,,,False,User is attempting to retrieve the waterfall from our road trip; states they remember the story around it; names no specific information they lack.,I opened likely results one by one.,B04_open_results_one_by_one,candidate_inspection,unknown,False,"I can recognize the image if I see it, but getting to it is the hard part.",C01_recognize_but_access_hard,recognition_retained,RECALL|RECOGNIZE,candidate_inspection,1.0,,,the waterfall from our road trip|M01_story_over_metadata|B04_open_results_one_by_one|C01_recognize_but_access_hard,1,False
SIM-0317,Reddit,,,"the parking sign I photographed. I know approximately which year it was, but not the month. I searched for text that might be in the image. It feels much easier when I know an exact date or person's name.",retrieval_related,,,the parking sign I photographed,physical_object,stated,,"I know approximately which year it was, but not the month.",M10_year_not_month,approximate_time,month,time precision,False,User is attempting to retrieve the parking sign I photographed; states they remember roughly when it was taken; states they do not remember the month.,I searched for text that might be in the image.,B02_text_in_image_search,first_attempt,unknown,False,It feels much easier when I know an exact date or person's name.,C04_easier_with_precise_identifier,precise_identifier_contrast,RECALL|EXPRESS,,0.0,,,the parking sign I photographed|M10_year_not_month|B02_text_in_image_search|C04_easier_with_precise_identifier,1,False
SIM-0295,Reddit,,,"a screenshot of a product I wanted. I remember the photo exists, but not how I originally found it. I tried an object keyword. There are thousands of images in the account.",retrieval_related,,,a screenshot of a product I wanted,document_screenshot,judgement,physical_object,"I remember the photo exists, but not how I originally found it.",M09_exists_not_original_path,existence,original_retrieval_path,how it was originally found,False,User is attempting to retrieve a screenshot of a product I wanted; states they remember that the photo exists; states they do not remember how they originally found it.,I tried an object keyword.,B06_object_keyword,first_attempt,unknown,False,There are thousands of images in the account.,C02_thousands_of_images,large_library,RECALL|EXPRESS,,0.0,,,a screenshot of a product I wanted|M09_exists_not_original_path|B06_object_keyword|C02_thousands_of_images,1,False
SIM-0156,Google Play Store,,,"a screenshot of a product I wanted. I remember what the object looked like, but not what it was called. I tried an object keyword. There are thousands of images in the account.",retrieval_related,,,a screenshot of a product I wanted,document_screenshot,judgement,physical_object,"I remember what the object looked like, but not what it was called.",M02_object_look_not_name,visual_appearance|object,object_name,name,True,"User is attempting to retrieve a screenshot of a product I wanted; states they remember how it looked, the object; states they do not remember what the object is called.",I tried an object keyword.,B06_object_keyword,first_attempt,unknown,False,There are thousands of images in the account.,C02_thousands_of_images,large_library,RECALL|EXPRESS,,0.0,,,a screenshot of a product I wanted|M02_object_look_not_name|B06_object_keyword|C02_thousands_of_images,1,False
SIM-0751,Forums,,,"a screenshot of a product I wanted. I can recognize it if I see it, but I don't know how to narrow the results. I looked through the timeline manually. There are thousands of images in the account.",retrieval_related,,,a screenshot of a product I wanted,document_screenshot,judgement,physical_object,"I can recognize it if I see it, but I don't know how to narrow the results.",M05_recognize_cannot_narrow,recognition_ability,,,True,User is attempting to retrieve a screenshot of a product I wanted; states they remember that they would recognise it on sight; names no specific information they lack.,I looked through the timeline manually.,B11_timeline_manual,candidate_inspection,unknown,False,There are thousands of images in the account.,C02_thousands_of_images,large_library,RECALL|EXPRESS|RECOGNIZE|RECOVER,browsing,1.0,,,a screenshot of a product I wanted|M05_recognize_cannot_narrow|B11_timeline_manual|C02_thousands_of_images,1,False
SIM-0463,Google Photos Community,,,"a photo of my grandparents' wedding album. I remember who was there and what we were doing, but not the album. I tried different wording.",retrieval_related,,,a photo of my grandparents' wedding album,family_person,judgement,event_social,"I remember who was there and what we were doing, but not the album.",M08_people_activity_not_album,people|activity,album,album / organisation,False,"User is attempting to retrieve a photo of my grandparents' wedding album; states they remember who was there, what was happening; states they do not remember which album it is in.",I tried different wording.,B05_different_wording,recovery_dependent,unknown,False,,,,RECALL|EXPRESS|RECOVER,reformulation,1.0,,,a photo of my grandparents' wedding album|M08_people_activity_not_album|B05_different_wording|,1,False
SIM-0327,Reddit,,,"the photo from when I was sick. I remember what the object looked like, but not what it was called. I searched for text that might be in the image.",retrieval_related,,,the photo from when I was sick,medical,judgement,event_social,"I remember what the object looked like, but not what it was called.",M02_object_look_not_name,visual_appearance|object,object_name,name,True,"User is attempting to retrieve the photo from when I was sick; states they remember how it looked, the object; states they do not remember what the object is called.",I searched for text that might be in the image.,B02_text_in_image_search,first_attempt,unknown,False,,,,RECALL|EXPRESS,,0.0,,,the photo from when I was sick|M02_object_look_not_name|B02_text_in_image_search|,1,False
SIM-0050,Google Play Store,,,"the old family group photo. I remember roughly when it happened, but not the exact day. I switched between search terms and albums. It feels much easier when I know an exact date or person's name.",retrieval_related,,,the old family group photo,family_person,stated,,"I remember roughly when it happened, but not the exact day.",M07_approx_time_not_day,approximate_time,exact_day,time precision,False,User is attempting to retrieve the old family group photo; states they remember roughly when it was taken; states they do not remember the exact day.,I switched between search terms and albums.,B07_switch_terms_albums,recovery_dependent,unknown,False,It feels much easier when I know an exact date or person's name.,C04_easier_with_precise_identifier,precise_identifier_contrast,RECALL|EXPRESS|RECOVER,strategy_switch,1.0,,,the old family group photo|M07_approx_time_not_day|B07_switch_terms_albums|C04_easier_with_precise_identifier,1,False
SIM-0797,Forums,,,the sangeet. I remember what was happening but not the exact words. I opened likely results one by one. I usually remember the story around the picture better than its metadata.,retrieval_related,,,the sangeet,event_social,stated,,I remember what was happening but not the exact words.,M12_activity_not_exact_words,activity,exact_wording,exact wording,True,User is attempting to retrieve the sangeet; states they remember what was happening; states they do not remember the exact words.,I opened likely results one by one.,B04_open_results_one_by_one,candidate_inspection,unknown,False,I usually remember the story around the picture better than its metadata.,C05_story_over_metadata,story_memory,RECALL|EXPRESS|RECOGNIZE,candidate_inspection,1.0,,,the sangeet|M12_activity_not_exact_words|B04_open_results_one_by_one|C05_story_over_metadata,1,False
SIM-0659,Social media,,,the photo of a prescription. I remember the story around the photo more clearly than its metadata. I opened likely results one by one. Sometimes I get a lot of plausible results and still cannot tell which one is right.,retrieval_related,,,the photo of a prescription,medical,stated,,I remember the story around the photo more clearly than its metadata.,M01_story_over_metadata,story,,,False,User is attempting to retrieve the photo of a prescription; states they remember the story around it; names no specific information they lack.,I opened likely results one by one.,B04_open_results_one_by_one,candidate_inspection,unknown,False,Sometimes I get a lot of plausible results and still cannot tell which one is right.,C08_plausible_cannot_tell,cannot_confirm_candidate,RECALL|MATCH|RECOGNIZE,candidate_inspection|uncertainty|large_candidate_set,3.0,,,the photo of a prescription|M01_story_over_metadata|B04_open_results_one_by_one|C08_plausible_cannot_tell,1,False
SIM-0570,Google Photos Community,,,the photo from when I was sick. I remember the people and situation but not the date. I searched for text that might be in the image. It feels much easier when I know an exact date or person's name.,retrieval_related,,,the photo from when I was sick,medical,judgement,event_social,I remember the people and situation but not the date.,M03_people_situation_not_date,people|situation,date,time precision,False,"User is attempting to retrieve the photo from when I was sick; states they remember who was there, the situation; states they do not remember the date.",I searched for text that might be in the image.,B02_text_in_image_search,first_attempt,unknown,False,It feels much easier when I know an exact date or person's name.,C04_easier_with_precise_identifier,precise_identifier_contrast,RECALL|EXPRESS,,0.0,,,the photo from when I was sick|M03_people_situation_not_date|B02_text_in_image_search|C04_easier_with_precise_identifier,1,False
SIM-0495,Google Photos Community,,,"the restaurant near Tokyo station. I remember the place generally, but not its name. I looked through the timeline manually. I know the photo exists because I have seen it before.",retrieval_related,,,the restaurant near Tokyo station,travel_place,stated,,"I remember the place generally, but not its name.",M04_place_general_not_name,place,place_name,name,False,User is attempting to retrieve the restaurant near Tokyo station; states they remember the place in general; states they do not remember the place name.,I looked through the timeline manually.,B11_timeline_manual,candidate_inspection,unknown,False,I know the photo exists because I have seen it before.,C06_knows_photo_exists,existence_certain,RECALL|RECOGNIZE|RECOVER,browsing,1.0,,,the restaurant near Tokyo station|M04_place_general_not_name|B11_timeline_manual|C06_knows_photo_exists,1,False
SIM-0209,Apple App Store,,,"that small cafe from our Goa trip. I remember the color, setting, or people but not a useful keyword. I tried an object keyword. There are thousands of images in the account.",retrieval_related,,,that small cafe from our Goa trip,travel_place,stated,,"I remember the color, setting, or people but not a useful keyword.",M06_color_setting_people_no_keyword,color|setting|people,searchable_keyword,search keyword,True,"User is attempting to retrieve that small cafe from our Goa trip; states they remember colours, the setting, who was there; states they do not remember a useful search keyword.",I tried an object keyword.,B06_object_keyword,first_attempt,unknown,False,There are thousands of images in the account.,C02_thousands_of_images,large_library,RECALL|EXPRESS,,0.0,,,that small cafe from our Goa trip|M06_color_setting_people_no_keyword|B06_object_keyword|C02_thousands_of_images,1,False
SIM-N036,Forums,,,I want to print a photo book.,not_retrieval_related,,,,,,,,,,,,,,,,,,,,,,,,,printing,,,0,True
SIM-0034,Google Play Store,,,"the insurance document. I can recognize it if I see it, but I don't know how to narrow the results. I tried an object keyword. The problem is not taking the photo; it is finding it later.",retrieval_related,,,the insurance document,document_screenshot,stated,,"I can recognize it if I see it, but I don't know how to narrow the results.",M05_recognize_cannot_narrow,recognition_ability,,,True,User is attempting to retrieve the insurance document; states they remember that they would recognise it on sight; names no specific information they lack.,I tried an object keyword.,B06_object_keyword,first_attempt,unknown,False,The problem is not taking the photo; it is finding it later.,C07_finding_not_taking,framing,RECALL|EXPRESS|RECOGNIZE,,0.0,,,the insurance document|M05_recognize_cannot_narrow|B06_object_keyword|C07_finding_not_taking,1,False
SIM-0032,Google Play Store,,,the photo of a prescription. I remember what was happening but not the exact words. I searched by date and got too many results.,retrieval_related,,,the photo of a prescription,medical,stated,,I remember what was happening but not the exact words.,M12_activity_not_exact_words,activity,exact_wording,exact wording,True,User is attempting to retrieve the photo of a prescription; states they remember what was happening; states they do not remember the exact words.,I searched by date and got too many results.,B03_date_search_too_many,candidate_inspection,unknown,False,,,,RECALL|EXPRESS|MATCH,large_candidate_set,1.0,,,the photo of a prescription|M12_activity_not_exact_words|B03_date_search_too_many|,1,False
SIM-0674,Social media,,,"a screenshot of a product I wanted. I remember the place generally, but not its name. I switched to another device or photo app.",retrieval_related,,,a screenshot of a product I wanted,document_screenshot,judgement,physical_object,"I remember the place generally, but not its name.",M04_place_general_not_name,place,place_name,name,False,User is attempting to retrieve a screenshot of a product I wanted; states they remember the place in general; states they do not remember the place name.,I switched to another device or photo app.,B08_other_device_or_app,exit_path,external_workaround,True,,,,RECALL|RECOVER,strategy_switch|external_workaround,2.0,,,a screenshot of a product I wanted|M04_place_general_not_name|B08_other_device_or_app|,1,False
SIM-0458,Google Photos Community,,,"the picture from our office party. I remember who was there and what we were doing, but not the album. I used a date range and manually compared candidates. There are thousands of images in the account.",retrieval_related,,,the picture from our office party,event_social,stated,,"I remember who was there and what we were doing, but not the album.",M08_people_activity_not_album,people|activity,album,album / organisation,False,"User is attempting to retrieve the picture from our office party; states they remember who was there, what was happening; states they do not remember which album it is in.",I used a date range and manually compared candidates.,B16_date_range_compare,candidate_inspection,unknown,False,There are thousands of images in the account.,C02_thousands_of_images,large_library,RECALL|EXPRESS|RECOGNIZE,candidate_inspection,1.0,,,the picture from our office party|M08_people_activity_not_album|B16_date_range_compare|C02_thousands_of_images,1,False
SIM-0483,Google Photos Community,,,"the photo of a prescription. I remember the people and situation but not the date. I gave up and asked someone else to send the photo. I can recognize the image if I see it, but getting to it is the hard part.",retrieval_related,,,the photo of a prescription,medical,stated,,I remember the people and situation but not the date.,M03_people_situation_not_date,people|situation,date,time precision,False,"User is attempting to retrieve the photo of a prescription; states they remember who was there, the situation; states they do not remember the date.",I gave up and asked someone else to send the photo.,B10_gave_up_asked_someone,exit_path,abandoned,True,"I can recognize the image if I see it, but getting to it is the hard part.",C01_recognize_but_access_hard,recognition_retained,RECALL|RECOGNIZE|RECOVER,abandonment|external_workaround,2.0,,,the photo of a prescription|M03_people_situation_not_date|B10_gave_up_asked_someone|C01_recognize_but_access_hard,1,False
SIM-0760,Forums,,,"the picture from the day we moved house. I remember roughly when it happened, but not the exact day. I looked through a very large set of thumbnails.",retrieval_related,,,the picture from the day we moved house,event_social,stated,,"I remember roughly when it happened, but not the exact day.",M07_approx_time_not_day,approximate_time,exact_day,time precision,False,User is attempting to retrieve the picture from the day we moved house; states they remember roughly when it was taken; states they do not remember the exact day.,I looked through a very large set of thumbnails.,B13_large_thumbnail_set,candidate_inspection,unknown,False,,,,RECALL|RECOGNIZE,browsing|large_candidate_set,2.0,,,the picture from the day we moved house|M07_approx_time_not_day|B13_large_thumbnail_set|,1,False
SIM-0430,Reddit,,,"the waterfall from our road trip. I can recognize it if I see it, but I don't know how to narrow the results. I found it after several attempts. I can recognize the image if I see it, but getting to it is the hard part.",retrieval_related,,,the waterfall from our road trip,travel_place,stated,,"I can recognize it if I see it, but I don't know how to narrow the results.",M05_recognize_cannot_narrow,recognition_ability,,,True,User is attempting to retrieve the waterfall from our road trip; states they remember that they would recognise it on sight; names no specific information they lack.,I found it after several attempts.,B15_found_after_several_attempts,recovery_dependent,found_with_effort,True,"I can recognize the image if I see it, but getting to it is the hard part.",C01_recognize_but_access_hard,recognition_retained,RECALL|EXPRESS|RECOGNIZE|RECOVER,repeated_attempts,1.0,,,the waterfall from our road trip|M05_recognize_cannot_narrow|B15_found_after_several_attempts|C01_recognize_but_access_hard,1,False
SIM-0454,Reddit,,,a photo of my grandparents' wedding album. I remember the story around the photo more clearly than its metadata. I could not find it. I usually remember the story around the picture better than its metadata.,retrieval_related,,,a photo of my grandparents' wedding album,family_person,judgement,event_social,I remember the story around the photo more clearly than its metadata.,M01_story_over_metadata,story,,,False,User is attempting to retrieve a photo of my grandparents' wedding album; states they remember the story around it; names no specific information they lack.,I could not find it.,B12_could_not_find,exit_path,failed,True,I usually remember the story around the picture better than its metadata.,C05_story_over_metadata,story_memory,RECALL|RECOVER,failure,1.0,,,a photo of my grandparents' wedding album|M01_story_over_metadata|B12_could_not_find|C05_story_over_metadata,1,False
SIM-0110,Google Play Store,,,"the hotel we stayed at during a trip. I can recognize it if I see it, but I don't know how to narrow the results. I searched a few keywords and then scrolled. There are thousands of images in the account.",retrieval_related,,,the hotel we stayed at during a trip,travel_place,stated,,"I can recognize it if I see it, but I don't know how to narrow the results.",M05_recognize_cannot_narrow,recognition_ability,,,True,User is attempting to retrieve the hotel we stayed at during a trip; states they remember that they would recognise it on sight; names no specific information they lack.,I searched a few keywords and then scrolled.,B18_keywords_then_scroll,recovery_dependent,unknown,False,There are thousands of images in the account.,C02_thousands_of_images,large_library,RECALL|EXPRESS|RECOGNIZE|RECOVER,strategy_switch|browsing,2.0,,,the hotel we stayed at during a trip|M05_recognize_cannot_narrow|B18_keywords_then_scroll|C02_thousands_of_images,1,False
SIM-0073,Google Play Store,,,"the waterfall from our road trip. I remember what was happening but not the exact words. I could not find it. I can recognize the image if I see it, but getting to it is the hard part.",retrieval_related,,,the waterfall from our road trip,travel_place,stated,,I remember what was happening but not the exact words.,M12_activity_not_exact_words,activity,exact_wording,exact wording,True,User is attempting to retrieve the waterfall from our road trip; states they remember what was happening; states they do not remember the exact words.,I could not find it.,B12_could_not_find,exit_path,failed,True,"I can recognize the image if I see it, but getting to it is the hard part.",C01_recognize_but_access_hard,recognition_retained,RECALL|EXPRESS|RECOGNIZE|RECOVER,failure,1.0,,,the waterfall from our road trip|M12_activity_not_exact_words|B12_could_not_find|C01_recognize_but_access_hard,1,False
SIM-0078,Google Play Store,,,"the photo from when I was sick. I know approximately which year it was, but not the month. I searched by person and place together.",retrieval_related,,,the photo from when I was sick,medical,judgement,event_social,"I know approximately which year it was, but not the month.",M10_year_not_month,approximate_time,month,time precision,False,User is attempting to retrieve the photo from when I was sick; states they remember roughly when it was taken; states they do not remember the month.,I searched by person and place together.,B01_person_place_search,first_attempt,unknown,False,,,,RECALL|EXPRESS,,0.0,,,the photo from when I was sick|M10_year_not_month|B01_person_place_search|,1,False
SIM-0621,Social media,,,a photo of my grandfather at the wedding. I remember the people and situation but not the date. I used a date range and manually compared candidates.,retrieval_related,,,a photo of my grandfather at the wedding,family_person,judgement,event_social,I remember the people and situation but not the date.,M03_people_situation_not_date,people|situation,date,time precision,False,"User is attempting to retrieve a photo of my grandfather at the wedding; states they remember who was there, the situation; states they do not remember the date.",I used a date range and manually compared candidates.,B16_date_range_compare,candidate_inspection,unknown,False,,,,RECALL|EXPRESS|RECOGNIZE,candidate_inspection,1.0,,,a photo of my grandfather at the wedding|M03_people_situation_not_date|B16_date_range_compare|,1,False
SIM-0535,Google Photos Community,,,"the boarding pass screenshot. I remember the place generally, but not its name. I opened likely results one by one. It feels much easier when I know an exact date or person's name.",retrieval_related,,,the boarding pass screenshot,document_screenshot,stated,,"I remember the place generally, but not its name.",M04_place_general_not_name,place,place_name,name,False,User is attempting to retrieve the boarding pass screenshot; states they remember the place in general; states they do not remember the place name.,I opened likely results one by one.,B04_open_results_one_by_one,candidate_inspection,unknown,False,It feels much easier when I know an exact date or person's name.,C04_easier_with_precise_identifier,precise_identifier_contrast,RECALL|EXPRESS|RECOGNIZE,candidate_inspection,1.0,,,the boarding pass screenshot|M04_place_general_not_name|B04_open_results_one_by_one|C04_easier_with_precise_identifier,1,False
SIM-0667,Social media,,,"the medicine box I photographed. I remember the place generally, but not its name. I searched by person and place together. There are thousands of images in the account.",retrieval_related,,,the medicine box I photographed,medical,judgement,physical_object,"I remember the place generally, but not its name.",M04_place_general_not_name,place,place_name,name,False,User is attempting to retrieve the medicine box I photographed; states they remember the place in general; states they do not remember the place name.,I searched by person and place together.,B01_person_place_search,first_attempt,unknown,False,There are thousands of images in the account.,C02_thousands_of_images,large_library,RECALL|EXPRESS,,0.0,,,the medicine box I photographed|M04_place_general_not_name|B01_person_place_search|C02_thousands_of_images,1,False
SIM-0199,Apple App Store,,,"a photo of my grandparents' wedding album. I remember what was happening but not the exact words. I used a date range and manually compared candidates. I can recognize the image if I see it, but getting to it is the hard part.",retrieval_related,,,a photo of my grandparents' wedding album,family_person,judgement,event_social,I remember what was happening but not the exact words.,M12_activity_not_exact_words,activity,exact_wording,exact wording,True,User is attempting to retrieve a photo of my grandparents' wedding album; states they remember what was happening; states they do not remember the exact words.,I used a date range and manually compared candidates.,B16_date_range_compare,candidate_inspection,unknown,False,"I can recognize the image if I see it, but getting to it is the hard part.",C01_recognize_but_access_hard,recognition_retained,RECALL|EXPRESS|RECOGNIZE,candidate_inspection,1.0,,,a photo of my grandparents' wedding album|M12_activity_not_exact_words|B16_date_range_compare|C01_recognize_but_access_hard,1,False
SIM-0785,Forums,,,"the picture I sent to my doctor. I remember roughly when it happened, but not the exact day. I found a similar photo but not the exact one. The problem is not taking the photo; it is finding it later.",retrieval_related,,,the picture I sent to my doctor,medical,judgement,document_screenshot,"I remember roughly when it happened, but not the exact day.",M07_approx_time_not_day,approximate_time,exact_day,time precision,False,User is attempting to retrieve the picture I sent to my doctor; states they remember roughly when it was taken; states they do not remember the exact day.,I found a similar photo but not the exact one.,B14_similar_not_exact,candidate_inspection,similar_uncertain,True,The problem is not taking the photo; it is finding it later.,C07_finding_not_taking,framing,RECALL|RECOGNIZE,uncertainty,1.0,,,the picture I sent to my doctor|M07_approx_time_not_day|B14_similar_not_exact|C07_finding_not_taking,1,False
SIM-0749,Forums,,,"the landlord WhatsApp screenshot. I can recognize it if I see it, but I don't know how to narrow the results. I searched for text that might be in the image.",retrieval_related,,,the landlord WhatsApp screenshot,document_screenshot,stated,,"I can recognize it if I see it, but I don't know how to narrow the results.",M05_recognize_cannot_narrow,recognition_ability,,,True,User is attempting to retrieve the landlord WhatsApp screenshot; states they remember that they would recognise it on sight; names no specific information they lack.,I searched for text that might be in the image.,B02_text_in_image_search,first_attempt,unknown,False,,,,RECALL|EXPRESS|RECOGNIZE,,0.0,,,the landlord WhatsApp screenshot|M05_recognize_cannot_narrow|B02_text_in_image_search|,1,False
SIM-0282,Apple App Store,,,"a yellow truck. I remember the photo exists, but not how I originally found it. I searched a person's name and then browsed.",retrieval_related,,,a yellow truck,unspecified_object,judgement,physical_object,"I remember the photo exists, but not how I originally found it.",M09_exists_not_original_path,existence,original_retrieval_path,how it was originally found,False,User is attempting to retrieve a yellow truck; states they remember that the photo exists; states they do not remember how they originally found it.,I searched a person's name and then browsed.,B09_person_then_browse,recovery_dependent,unknown,False,,,,RECALL|EXPRESS|RECOVER,strategy_switch|browsing,2.0,,,a yellow truck|M09_exists_not_original_path|B09_person_then_browse|,1,False
SIM-0793,Forums,,,"a yellow truck. I remember the photo exists, but not how I originally found it. I found it after several attempts. The problem is not taking the photo; it is finding it later.",retrieval_related,,,a yellow truck,unspecified_object,judgement,physical_object,"I remember the photo exists, but not how I originally found it.",M09_exists_not_original_path,existence,original_retrieval_path,how it was originally found,False,User is attempting to retrieve a yellow truck; states they remember that the photo exists; states they do not remember how they originally found it.,I found it after several attempts.,B15_found_after_several_attempts,recovery_dependent,found_with_effort,True,The problem is not taking the photo; it is finding it later.,C07_finding_not_taking,framing,RECALL|RECOVER,repeated_attempts,1.0,,,a yellow truck|M09_exists_not_original_path|B15_found_after_several_attempts|C07_finding_not_taking,1,False
SIM-0440,Reddit,,,our Diwali family photo. I remember the story around the photo more clearly than its metadata. I looked through the timeline manually. It feels much easier when I know an exact date or person's name.,retrieval_related,,,our Diwali family photo,family_person,judgement,event_social,I remember the story around the photo more clearly than its metadata.,M01_story_over_metadata,story,,,False,User is attempting to retrieve our Diwali family photo; states they remember the story around it; names no specific information they lack.,I looked through the timeline manually.,B11_timeline_manual,candidate_inspection,unknown,False,It feels much easier when I know an exact date or person's name.,C04_easier_with_precise_identifier,precise_identifier_contrast,RECALL|EXPRESS|RECOGNIZE|RECOVER,browsing,1.0,,,our Diwali family photo|M01_story_over_metadata|B11_timeline_manual|C04_easier_with_precise_identifier,1,False
SIM-0743,YouTube comments,,,"a yellow truck. I remember the place generally, but not its name. I searched for text that might be in the image. I usually remember the story around the picture better than its metadata.",retrieval_related,,,a yellow truck,unspecified_object,judgement,physical_object,"I remember the place generally, but not its name.",M04_place_general_not_name,place,place_name,name,False,User is attempting to retrieve a yellow truck; states they remember the place in general; states they do not remember the place name.,I searched for text that might be in the image.,B02_text_in_image_search,first_attempt,unknown,False,I usually remember the story around the picture better than its metadata.,C05_story_over_metadata,story_memory,RECALL|EXPRESS,,0.0,,,a yellow truck|M04_place_general_not_name|B02_text_in_image_search|C05_story_over_metadata,1,False
SIM-0260,Apple App Store,,,the boarding pass screenshot. I remember the people and situation but not the date. I searched a person's name and then browsed. Sometimes I get a lot of plausible results and still cannot tell which one is right.,retrieval_related,,,the boarding pass screenshot,document_screenshot,stated,,I remember the people and situation but not the date.,M03_people_situation_not_date,people|situation,date,time precision,False,"User is attempting to retrieve the boarding pass screenshot; states they remember who was there, the situation; states they do not remember the date.",I searched a person's name and then browsed.,B09_person_then_browse,recovery_dependent,unknown,False,Sometimes I get a lot of plausible results and still cannot tell which one is right.,C08_plausible_cannot_tell,cannot_confirm_candidate,RECALL|EXPRESS|MATCH|RECOGNIZE|RECOVER,strategy_switch|browsing|uncertainty|large_candidate_set,4.0,,,the boarding pass screenshot|M03_people_situation_not_date|B09_person_then_browse|C08_plausible_cannot_tell,1,False
SIM-0347,Reddit,,,"the sangeet. I remember the place generally, but not its name. I found a similar photo but not the exact one.",retrieval_related,,,the sangeet,event_social,stated,,"I remember the place generally, but not its name.",M04_place_general_not_name,place,place_name,name,False,User is attempting to retrieve the sangeet; states they remember the place in general; states they do not remember the place name.,I found a similar photo but not the exact one.,B14_similar_not_exact,candidate_inspection,similar_uncertain,True,,,,RECALL|RECOGNIZE,uncertainty,1.0,,,the sangeet|M04_place_general_not_name|B14_similar_not_exact|,1,False
SIM-0787,Forums,,,the picture from our office party. I remember the people and situation but not the date. I searched by date and got too many results. There are thousands of images in the account.,retrieval_related,,,the picture from our office party,event_social,stated,,I remember the people and situation but not the date.,M03_people_situation_not_date,people|situation,date,time precision,False,"User is attempting to retrieve the picture from our office party; states they remember who was there, the situation; states they do not remember the date.",I searched by date and got too many results.,B03_date_search_too_many,candidate_inspection,unknown,False,There are thousands of images in the account.,C02_thousands_of_images,large_library,RECALL|EXPRESS|MATCH,large_candidate_set,1.0,,,the picture from our office party|M03_people_situation_not_date|B03_date_search_too_many|C02_thousands_of_images,1,False
SIM-0636,Social media,,,the old meme I saved. I remember the story around the photo more clearly than its metadata. I tried several related words.,retrieval_related,,,the old meme I saved,document_screenshot,judgement,event_social,I remember the story around the photo more clearly than its metadata.,M01_story_over_metadata,story,,,False,User is attempting to retrieve the old meme I saved; states they remember the story around it; names no specific information they lack.,I tried several related words.,B17_several_related_words,recovery_dependent,unknown,False,,,,RECALL|EXPRESS|RECOVER,reformulation|repeated_attempts,2.0,,,the old meme I saved|M01_story_over_metadata|B17_several_related_words|,1,False
SIM-0756,Forums,,,the picture from our office party. I remember the story around the photo more clearly than its metadata. I tried several related words.,retrieval_related,,,the picture from our office party,event_social,stated,,I remember the story around the photo more clearly than its metadata.,M01_story_over_metadata,story,,,False,User is attempting to retrieve the picture from our office party; states they remember the story around it; names no specific information they lack.,I tried several related words.,B17_several_related_words,recovery_dependent,unknown,False,,,,RECALL|EXPRESS|RECOVER,reformulation|repeated_attempts,2.0,,,the picture from our office party|M01_story_over_metadata|B17_several_related_words|,1,False
SIM-0006,Google Play Store,,,"a picture with my college friends. I remember what the object looked like, but not what it was called. I used a date range and manually compared candidates. There are thousands of images in the account.",retrieval_related,,,a picture with my college friends,family_person,stated,,"I remember what the object looked like, but not what it was called.",M02_object_look_not_name,visual_appearance|object,object_name,name,True,"User is attempting to retrieve a picture with my college friends; states they remember how it looked, the object; states they do not remember what the object is called.",I used a date range and manually compared candidates.,B16_date_range_compare,candidate_inspection,unknown,False,There are thousands of images in the account.,C02_thousands_of_images,large_library,RECALL|EXPRESS|RECOGNIZE,candidate_inspection,1.0,,,a picture with my college friends|M02_object_look_not_name|B16_date_range_compare|C02_thousands_of_images,1,False
SIM-0055,Google Play Store,,,"a yellow truck. I can recognize it if I see it, but I don't know how to narrow the results. I tried an object keyword. I have been using Photos for years.",retrieval_related,,,a yellow truck,unspecified_object,judgement,physical_object,"I can recognize it if I see it, but I don't know how to narrow the results.",M05_recognize_cannot_narrow,recognition_ability,,,True,User is attempting to retrieve a yellow truck; states they remember that they would recognise it on sight; names no specific information they lack.,I tried an object keyword.,B06_object_keyword,first_attempt,unknown,False,I have been using Photos for years.,C03_years_of_use,long_tenure,RECALL|EXPRESS|RECOGNIZE,,0.0,,,a yellow truck|M05_recognize_cannot_narrow|B06_object_keyword|C03_years_of_use,1,False
SIM-0789,Forums,,,a picture with my college friends. I remember a visual detail that is hard to describe in a search box. I could not find it.,retrieval_related,,,a picture with my college friends,family_person,stated,,I remember a visual detail that is hard to describe in a search box.,M11_visual_detail_hard_to_describe,visual_appearance,,,True,User is attempting to retrieve a picture with my college friends; states they remember how it looked; names no specific information they lack.,I could not find it.,B12_could_not_find,exit_path,failed,True,,,,RECALL|EXPRESS|RECOVER,failure,1.0,,,a picture with my college friends|M11_visual_detail_hard_to_describe|B12_could_not_find|,1,False
SIM-0604,Social media,,,a picture with my college friends. I remember the story around the photo more clearly than its metadata. I gave up and asked someone else to send the photo. I know the photo exists because I have seen it before.,retrieval_related,,,a picture with my college friends,family_person,stated,,I remember the story around the photo more clearly than its metadata.,M01_story_over_metadata,story,,,False,User is attempting to retrieve a picture with my college friends; states they remember the story around it; names no specific information they lack.,I gave up and asked someone else to send the photo.,B10_gave_up_asked_someone,exit_path,abandoned,True,I know the photo exists because I have seen it before.,C06_knows_photo_exists,existence_certain,RECALL|RECOVER,abandonment|external_workaround,2.0,,,a picture with my college friends|M01_story_over_metadata|B10_gave_up_asked_someone|C06_knows_photo_exists,1,False
SIM-0364,Reddit,,,"the picture from our office party. I remember the color, setting, or people but not a useful keyword. I searched by person and place together. It feels much easier when I know an exact date or person's name.",retrieval_related,,,the picture from our office party,event_social,stated,,"I remember the color, setting, or people but not a useful keyword.",M06_color_setting_people_no_keyword,color|setting|people,searchable_keyword,search keyword,True,"User is attempting to retrieve the picture from our office party; states they remember colours, the setting, who was there; states they do not remember a useful search keyword.",I searched by person and place together.,B01_person_place_search,first_attempt,unknown,False,It feels much easier when I know an exact date or person's name.,C04_easier_with_precise_identifier,precise_identifier_contrast,RECALL|EXPRESS,,0.0,,,the picture from our office party|M06_color_setting_people_no_keyword|B01_person_place_search|C04_easier_with_precise_identifier,1,False
SIM-0616,Social media,,,"the photo of a prescription. I remember who was there and what we were doing, but not the album. I opened likely results one by one. There are thousands of images in the account.",retrieval_related,,,the photo of a prescription,medical,stated,,"I remember who was there and what we were doing, but not the album.",M08_people_activity_not_album,people|activity,album,album / organisation,False,"User is attempting to retrieve the photo of a prescription; states they remember who was there, what was happening; states they do not remember which album it is in.",I opened likely results one by one.,B04_open_results_one_by_one,candidate_inspection,unknown,False,There are thousands of images in the account.,C02_thousands_of_images,large_library,RECALL|RECOGNIZE,candidate_inspection,1.0,,,the photo of a prescription|M08_people_activity_not_album|B04_open_results_one_by_one|C02_thousands_of_images,1,False
SIM-0098,Google Play Store,,,"the photo of a prescription. I remember the color, setting, or people but not a useful keyword. I looked through the timeline manually.",retrieval_related,,,the photo of a prescription,medical,stated,,"I remember the color, setting, or people but not a useful keyword.",M06_color_setting_people_no_keyword,color|setting|people,searchable_keyword,search keyword,True,"User is attempting to retrieve the photo of a prescription; states they remember colours, the setting, who was there; states they do not remember a useful search keyword.",I looked through the timeline manually.,B11_timeline_manual,candidate_inspection,unknown,False,,,,RECALL|EXPRESS|RECOGNIZE|RECOVER,browsing,1.0,,,the photo of a prescription|M06_color_setting_people_no_keyword|B11_timeline_manual|,1,False
SIM-0800,Forums,,,"the recipe screenshot. I remember the place generally, but not its name. I switched between search terms and albums. I can recognize the image if I see it, but getting to it is the hard part.",retrieval_related,,,the recipe screenshot,document_screenshot,stated,,"I remember the place generally, but not its name.",M04_place_general_not_name,place,place_name,name,False,User is attempting to retrieve the recipe screenshot; states they remember the place in general; states they do not remember the place name.,I switched between search terms and albums.,B07_switch_terms_albums,recovery_dependent,unknown,False,"I can recognize the image if I see it, but getting to it is the hard part.",C01_recognize_but_access_hard,recognition_retained,RECALL|RECOGNIZE|RECOVER,strategy_switch,1.0,,,the recipe screenshot|M04_place_general_not_name|B07_switch_terms_albums|C01_recognize_but_access_hard,1,False
SIM-0077,Google Play Store,,,"my cousin at the concert. I remember the people and situation but not the date. I opened likely results one by one. I can recognize the image if I see it, but getting to it is the hard part.",retrieval_related,,,my cousin at the concert,family_person,judgement,event_social,I remember the people and situation but not the date.,M03_people_situation_not_date,people|situation,date,time precision,False,"User is attempting to retrieve my cousin at the concert; states they remember who was there, the situation; states they do not remember the date.",I opened likely results one by one.,B04_open_results_one_by_one,candidate_inspection,unknown,False,"I can recognize the image if I see it, but getting to it is the hard part.",C01_recognize_but_access_hard,recognition_retained,RECALL|RECOGNIZE,candidate_inspection,1.0,,,my cousin at the concert|M03_people_situation_not_date|B04_open_results_one_by_one|C01_recognize_but_access_hard,1,False
SIM-0449,Reddit,,,"a photo of my grandfather at the wedding. I remember the photo exists, but not how I originally found it. I looked through a very large set of thumbnails. I know the photo exists because I have seen it before.",retrieval_related,,,a photo of my grandfather at the wedding,family_person,judgement,event_social,"I remember the photo exists, but not how I originally found it.",M09_exists_not_original_path,existence,original_retrieval_path,how it was originally found,False,User is attempting to retrieve a photo of my grandfather at the wedding; states they remember that the photo exists; states they do not remember how they originally found it.,I looked through a very large set of thumbnails.,B13_large_thumbnail_set,candidate_inspection,unknown,False,I know the photo exists because I have seen it before.,C06_knows_photo_exists,existence_certain,RECALL|RECOGNIZE,browsing|large_candidate_set,2.0,,,a photo of my grandfather at the wedding|M09_exists_not_original_path|B13_large_thumbnail_set|C06_knows_photo_exists,1,False
SIM-0695,YouTube comments,,,"the hotel we stayed at during a trip. I remember the photo exists, but not how I originally found it. I searched by date and got too many results. I know the photo exists because I have seen it before.",retrieval_related,,,the hotel we stayed at during a trip,travel_place,stated,,"I remember the photo exists, but not how I originally found it.",M09_exists_not_original_path,existence,original_retrieval_path,how it was originally found,False,User is attempting to retrieve the hotel we stayed at during a trip; states they remember that the photo exists; states they do not remember how they originally found it.,I searched by date and got too many results.,B03_date_search_too_many,candidate_inspection,unknown,False,I know the photo exists because I have seen it before.,C06_knows_photo_exists,existence_certain,RECALL|EXPRESS|MATCH,large_candidate_set,1.0,,,the hotel we stayed at during a trip|M09_exists_not_original_path|B03_date_search_too_many|C06_knows_photo_exists,1,False
SIM-N004,Google Photos Community,,,How do I change notification settings?,not_retrieval_related,,,,,,,,,,,,,,,,,,,,,,,,,settings,,,0,True
SIM-0444,Reddit,,,"our Diwali family photo. I remember the photo exists, but not how I originally found it. I found a similar photo but not the exact one. It feels much easier when I know an exact date or person's name.",retrieval_related,,,our Diwali family photo,family_person,judgement,event_social,"I remember the photo exists, but not how I originally found it.",M09_exists_not_original_path,existence,original_retrieval_path,how it was originally found,False,User is attempting to retrieve our Diwali family photo; states they remember that the photo exists; states they do not remember how they originally found it.,I found a similar photo but not the exact one.,B14_similar_not_exact,candidate_inspection,similar_uncertain,True,It feels much easier when I know an exact date or person's name.,C04_easier_with_precise_identifier,precise_identifier_contrast,RECALL|EXPRESS|RECOGNIZE,uncertainty,1.0,,,our Diwali family photo|M09_exists_not_original_path|B14_similar_not_exact|C04_easier_with_precise_identifier,1,False
SIM-0568,Google Photos Community,,,my daughter wearing the red dress. I remember the story around the photo more clearly than its metadata. I found it after several attempts. I usually remember the story around the picture better than its metadata.,retrieval_related,,,my daughter wearing the red dress,family_person,stated,,I remember the story around the photo more clearly than its metadata.,M01_story_over_metadata,story,,,False,User is attempting to retrieve my daughter wearing the red dress; states they remember the story around it; names no specific information they lack.,I found it after several attempts.,B15_found_after_several_attempts,recovery_dependent,found_with_effort,True,I usually remember the story around the picture better than its metadata.,C05_story_over_metadata,story_memory,RECALL|RECOVER,repeated_attempts,1.0,,,my daughter wearing the red dress|M01_story_over_metadata|B15_found_after_several_attempts|C05_story_over_metadata,1,False
SIM-0451,Reddit,,,the picture from our office party. I remember a visual detail that is hard to describe in a search box. I tried several related words. I have been using Photos for years.,retrieval_related,,,the picture from our office party,event_social,stated,,I remember a visual detail that is hard to describe in a search box.,M11_visual_detail_hard_to_describe,visual_appearance,,,True,User is attempting to retrieve the picture from our office party; states they remember how it looked; names no specific information they lack.,I tried several related words.,B17_several_related_words,recovery_dependent,unknown,False,I have been using Photos for years.,C03_years_of_use,long_tenure,RECALL|EXPRESS|RECOVER,reformulation|repeated_attempts,2.0,,,the picture from our office party|M11_visual_detail_hard_to_describe|B17_several_related_words|C03_years_of_use,1,False
SIM-0480,Google Photos Community,,,the old family group photo. I remember the people and situation but not the date. I gave up and asked someone else to send the photo.,retrieval_related,,,the old family group photo,family_person,stated,,I remember the people and situation but not the date.,M03_people_situation_not_date,people|situation,date,time precision,False,"User is attempting to retrieve the old family group photo; states they remember who was there, the situation; states they do not remember the date.",I gave up and asked someone else to send the photo.,B10_gave_up_asked_someone,exit_path,abandoned,True,,,,RECALL|RECOVER,abandonment|external_workaround,2.0,,,the old family group photo|M03_people_situation_not_date|B10_gave_up_asked_someone|,1,False
SIM-0085,Google Play Store,,,the photo from when I was sick. I remember the people and situation but not the date. I opened likely results one by one. Sometimes I get a lot of plausible results and still cannot tell which one is right.,retrieval_related,,,the photo from when I was sick,medical,judgement,event_social,I remember the people and situation but not the date.,M03_people_situation_not_date,people|situation,date,time precision,False,"User is attempting to retrieve the photo from when I was sick; states they remember who was there, the situation; states they do not remember the date.",I opened likely results one by one.,B04_open_results_one_by_one,candidate_inspection,unknown,False,Sometimes I get a lot of plausible results and still cannot tell which one is right.,C08_plausible_cannot_tell,cannot_confirm_candidate,RECALL|MATCH|RECOGNIZE,candidate_inspection|uncertainty|large_candidate_set,3.0,,,the photo from when I was sick|M03_people_situation_not_date|B04_open_results_one_by_one|C08_plausible_cannot_tell,1,False
SIM-0011,Google Play Store,,,"the photo from when I was sick. I remember roughly when it happened, but not the exact day. I searched by date and got too many results. I usually remember the story around the picture better than its metadata.",retrieval_related,,,the photo from when I was sick,medical,judgement,event_social,"I remember roughly when it happened, but not the exact day.",M07_approx_time_not_day,approximate_time,exact_day,time precision,False,User is attempting to retrieve the photo from when I was sick; states they remember roughly when it was taken; states they do not remember the exact day.,I searched by date and got too many results.,B03_date_search_too_many,candidate_inspection,unknown,False,I usually remember the story around the picture better than its metadata.,C05_story_over_metadata,story_memory,RECALL|EXPRESS|MATCH,large_candidate_set,1.0,,,the photo from when I was sick|M07_approx_time_not_day|B03_date_search_too_many|C05_story_over_metadata,1,False
SIM-0169,Google Play Store,,,"the insurance document. I know approximately which year it was, but not the month. I tried several related words. I have been using Photos for years.",retrieval_related,,,the insurance document,document_screenshot,stated,,"I know approximately which year it was, but not the month.",M10_year_not_month,approximate_time,month,time precision,False,User is attempting to retrieve the insurance document; states they remember roughly when it was taken; states they do not remember the month.,I tried several related words.,B17_several_related_words,recovery_dependent,unknown,False,I have been using Photos for years.,C03_years_of_use,long_tenure,RECALL|EXPRESS|RECOVER,reformulation|repeated_attempts,2.0,,,the insurance document|M10_year_not_month|B17_several_related_words|C03_years_of_use,1,False
SIM-0111,Google Play Store,,,"a screenshot of a product I wanted. I can recognize it if I see it, but I don't know how to narrow the results. I tried several related words. Sometimes I get a lot of plausible results and still cannot tell which one is right.",retrieval_related,,,a screenshot of a product I wanted,document_screenshot,judgement,physical_object,"I can recognize it if I see it, but I don't know how to narrow the results.",M05_recognize_cannot_narrow,recognition_ability,,,True,User is attempting to retrieve a screenshot of a product I wanted; states they remember that they would recognise it on sight; names no specific information they lack.,I tried several related words.,B17_several_related_words,recovery_dependent,unknown,False,Sometimes I get a lot of plausible results and still cannot tell which one is right.,C08_plausible_cannot_tell,cannot_confirm_candidate,RECALL|EXPRESS|MATCH|RECOGNIZE|RECOVER,reformulation|repeated_attempts|uncertainty|large_candidate_set,4.0,,,a screenshot of a product I wanted|M05_recognize_cannot_narrow|B17_several_related_words|C08_plausible_cannot_tell,1,False
SIM-0301,Reddit,,,"the photo of a prescription. I remember what the object looked like, but not what it was called. I opened likely results one by one. The problem is not taking the photo; it is finding it later.",retrieval_related,,,the photo of a prescription,medical,stated,,"I remember what the object looked like, but not what it was called.",M02_object_look_not_name,visual_appearance|object,object_name,name,True,"User is attempting to retrieve the photo of a prescription; states they remember how it looked, the object; states they do not remember what the object is called.",I opened likely results one by one.,B04_open_results_one_by_one,candidate_inspection,unknown,False,The problem is not taking the photo; it is finding it later.,C07_finding_not_taking,framing,RECALL|EXPRESS|RECOGNIZE,candidate_inspection,1.0,,,the photo of a prescription|M02_object_look_not_name|B04_open_results_one_by_one|C07_finding_not_taking,1,False
SIM-0536,Google Photos Community,,,my daughter wearing the red dress. I remember the story around the photo more clearly than its metadata. I found it after several attempts. There are thousands of images in the account.,retrieval_related,,,my daughter wearing the red dress,family_person,stated,,I remember the story around the photo more clearly than its metadata.,M01_story_over_metadata,story,,,False,User is attempting to retrieve my daughter wearing the red dress; states they remember the story around it; names no specific information they lack.,I found it after several attempts.,B15_found_after_several_attempts,recovery_dependent,found_with_effort,True,There are thousands of images in the account.,C02_thousands_of_images,large_library,RECALL|RECOVER,repeated_attempts,1.0,,,my daughter wearing the red dress|M01_story_over_metadata|B15_found_after_several_attempts|C02_thousands_of_images,1,False
SIM-0228,Apple App Store,,,"a screenshot of a product I wanted. I remember who was there and what we were doing, but not the album. I searched a person's name and then browsed. The problem is not taking the photo; it is finding it later.",retrieval_related,,,a screenshot of a product I wanted,document_screenshot,judgement,physical_object,"I remember who was there and what we were doing, but not the album.",M08_people_activity_not_album,people|activity,album,album / organisation,False,"User is attempting to retrieve a screenshot of a product I wanted; states they remember who was there, what was happening; states they do not remember which album it is in.",I searched a person's name and then browsed.,B09_person_then_browse,recovery_dependent,unknown,False,The problem is not taking the photo; it is finding it later.,C07_finding_not_taking,framing,RECALL|EXPRESS|RECOVER,strategy_switch|browsing,2.0,,,a screenshot of a product I wanted|M08_people_activity_not_album|B09_person_then_browse|C07_finding_not_taking,1,False
SIM-0758,Forums,,,"the old family group photo. I remember the photo exists, but not how I originally found it. I switched between search terms and albums. I usually remember the story around the picture better than its metadata.",retrieval_related,,,the old family group photo,family_person,stated,,"I remember the photo exists, but not how I originally found it.",M09_exists_not_original_path,existence,original_retrieval_path,how it was originally found,False,User is attempting to retrieve the old family group photo; states they remember that the photo exists; states they do not remember how they originally found it.,I switched between search terms and albums.,B07_switch_terms_albums,recovery_dependent,unknown,False,I usually remember the story around the picture better than its metadata.,C05_story_over_metadata,story_memory,RECALL|RECOVER,strategy_switch,1.0,,,the old family group photo|M09_exists_not_original_path|B07_switch_terms_albums|C05_story_over_metadata,1,False
SIM-0343,Reddit,,,"the old meme I saved. I remember the color, setting, or people but not a useful keyword. I tried different wording. It feels much easier when I know an exact date or person's name.",retrieval_related,,,the old meme I saved,document_screenshot,judgement,event_social,"I remember the color, setting, or people but not a useful keyword.",M06_color_setting_people_no_keyword,color|setting|people,searchable_keyword,search keyword,True,"User is attempting to retrieve the old meme I saved; states they remember colours, the setting, who was there; states they do not remember a useful search keyword.",I tried different wording.,B05_different_wording,recovery_dependent,unknown,False,It feels much easier when I know an exact date or person's name.,C04_easier_with_precise_identifier,precise_identifier_contrast,RECALL|EXPRESS|RECOVER,reformulation,1.0,,,the old meme I saved|M06_color_setting_people_no_keyword|B05_different_wording|C04_easier_with_precise_identifier,1,False
SIM-0119,Google Play Store,,,"the picture from the day we moved house. I can recognize it if I see it, but I don't know how to narrow the results. I could not find it. I usually remember the story around the picture better than its metadata.",retrieval_related,,,the picture from the day we moved house,event_social,stated,,"I can recognize it if I see it, but I don't know how to narrow the results.",M05_recognize_cannot_narrow,recognition_ability,,,True,User is attempting to retrieve the picture from the day we moved house; states they remember that they would recognise it on sight; names no specific information they lack.,I could not find it.,B12_could_not_find,exit_path,failed,True,I usually remember the story around the picture better than its metadata.,C05_story_over_metadata,story_memory,RECALL|EXPRESS|RECOGNIZE|RECOVER,failure,1.0,,,the picture from the day we moved house|M05_recognize_cannot_narrow|B12_could_not_find|C05_story_over_metadata,1,False
SIM-0515,Google Photos Community,,,"the medicine box I photographed. I remember who was there and what we were doing, but not the album. I tried an object keyword. I can recognize the image if I see it, but getting to it is the hard part.",retrieval_related,,,the medicine box I photographed,medical,judgement,physical_object,"I remember who was there and what we were doing, but not the album.",M08_people_activity_not_album,people|activity,album,album / organisation,False,"User is attempting to retrieve the medicine box I photographed; states they remember who was there, what was happening; states they do not remember which album it is in.",I tried an object keyword.,B06_object_keyword,first_attempt,unknown,False,"I can recognize the image if I see it, but getting to it is the hard part.",C01_recognize_but_access_hard,recognition_retained,RECALL|EXPRESS|RECOGNIZE,,0.0,,,the medicine box I photographed|M08_people_activity_not_album|B06_object_keyword|C01_recognize_but_access_hard,1,False
SIM-N001,Google Photos Community,,,How do I change notification settings?,not_retrieval_related,,,,,,,,,,,,,,,,,,,,,,,,,settings,SIM-N004,,0,True
SIM-0030,Google Play Store,,,"our Diwali family photo. I remember the place generally, but not its name. I searched a person's name and then browsed. I have been using Photos for years.",retrieval_related,,,our Diwali family photo,family_person,judgement,event_social,"I remember the place generally, but not its name.",M04_place_general_not_name,place,place_name,name,False,User is attempting to retrieve our Diwali family photo; states they remember the place in general; states they do not remember the place name.,I searched a person's name and then browsed.,B09_person_then_browse,recovery_dependent,unknown,False,I have been using Photos for years.,C03_years_of_use,long_tenure,RECALL|EXPRESS|RECOVER,strategy_switch|browsing,2.0,,,our Diwali family photo|M04_place_general_not_name|B09_person_then_browse|C03_years_of_use,1,False
SIM-0297,Reddit,,,"the photo of a prescription. I know approximately which year it was, but not the month. I tried different wording. It feels much easier when I know an exact date or person's name.",retrieval_related,,,the photo of a prescription,medical,stated,,"I know approximately which year it was, but not the month.",M10_year_not_month,approximate_time,month,time precision,False,User is attempting to retrieve the photo of a prescription; states they remember roughly when it was taken; states they do not remember the month.,I tried different wording.,B05_different_wording,recovery_dependent,unknown,False,It feels much easier when I know an exact date or person's name.,C04_easier_with_precise_identifier,precise_identifier_contrast,RECALL|EXPRESS|RECOVER,reformulation,1.0,,,the photo of a prescription|M10_year_not_month|B05_different_wording|C04_easier_with_precise_identifier,1,False
SIM-0358,Reddit,,,"the landlord WhatsApp screenshot. I remember the color, setting, or people but not a useful keyword. I switched between search terms and albums. I know the photo exists because I have seen it before.",retrieval_related,,,the landlord WhatsApp screenshot,document_screenshot,stated,,"I remember the color, setting, or people but not a useful keyword.",M06_color_setting_people_no_keyword,color|setting|people,searchable_keyword,search keyword,True,"User is attempting to retrieve the landlord WhatsApp screenshot; states they remember colours, the setting, who was there; states they do not remember a useful search keyword.",I switched between search terms and albums.,B07_switch_terms_albums,recovery_dependent,unknown,False,I know the photo exists because I have seen it before.,C06_knows_photo_exists,existence_certain,RECALL|EXPRESS|RECOVER,strategy_switch,1.0,,,the landlord WhatsApp screenshot|M06_color_setting_people_no_keyword|B07_switch_terms_albums|C06_knows_photo_exists,1,False
SIM-0694,YouTube comments,,,"the old family group photo. I remember what the object looked like, but not what it was called. I tried several related words.",retrieval_related,,,the old family group photo,family_person,stated,,"I remember what the object looked like, but not what it was called.",M02_object_look_not_name,visual_appearance|object,object_name,name,True,"User is attempting to retrieve the old family group photo; states they remember how it looked, the object; states they do not remember what the object is called.",I tried several related words.,B17_several_related_words,recovery_dependent,unknown,False,,,,RECALL|EXPRESS|RECOVER,reformulation|repeated_attempts,2.0,,,the old family group photo|M02_object_look_not_name|B17_several_related_words|,1,False
SIM-0315,Reddit,,,"our Diwali family photo. I remember the color, setting, or people but not a useful keyword. I searched by date and got too many results.",retrieval_related,,,our Diwali family photo,family_person,judgement,event_social,"I remember the color, setting, or people but not a useful keyword.",M06_color_setting_people_no_keyword,color|setting|people,searchable_keyword,search keyword,True,"User is attempting to retrieve our Diwali family photo; states they remember colours, the setting, who was there; states they do not remember a useful search keyword.",I searched by date and got too many results.,B03_date_search_too_many,candidate_inspection,unknown,False,,,,RECALL|EXPRESS|MATCH,large_candidate_set,1.0,,,our Diwali family photo|M06_color_setting_people_no_keyword|B03_date_search_too_many|,1,False
SIM-0082,Google Play Store,,,the old family group photo. I remember the story around the photo more clearly than its metadata. I gave up and asked someone else to send the photo. There are thousands of images in the account.,retrieval_related,,,the old family group photo,family_person,stated,,I remember the story around the photo more clearly than its metadata.,M01_story_over_metadata,story,,,False,User is attempting to retrieve the old family group photo; states they remember the story around it; names no specific information they lack.,I gave up and asked someone else to send the photo.,B10_gave_up_asked_someone,exit_path,abandoned,True,There are thousands of images in the account.,C02_thousands_of_images,large_library,RECALL|RECOVER,abandonment|external_workaround,2.0,,,the old family group photo|M01_story_over_metadata|B10_gave_up_asked_someone|C02_thousands_of_images,1,False
SIM-0376,Reddit,,,"the picture I sent to my doctor. I remember who was there and what we were doing, but not the album. I could not find it. There are thousands of images in the account.",retrieval_related,,,the picture I sent to my doctor,medical,judgement,document_screenshot,"I remember who was there and what we were doing, but not the album.",M08_people_activity_not_album,people|activity,album,album / organisation,False,"User is attempting to retrieve the picture I sent to my doctor; states they remember who was there, what was happening; states they do not remember which album it is in.",I could not find it.,B12_could_not_find,exit_path,failed,True,There are thousands of images in the account.,C02_thousands_of_images,large_library,RECALL|RECOVER,failure,1.0,,,the picture I sent to my doctor|M08_people_activity_not_album|B12_could_not_find|C02_thousands_of_images,1,False
SIM-0468,Google Photos Community,,,the waterfall from our road trip. I remember the story around the photo more clearly than its metadata. I found it after several attempts.,retrieval_related,,,the waterfall from our road trip,travel_place,stated,,I remember the story around the photo more clearly than its metadata.,M01_story_over_metadata,story,,,False,User is attempting to retrieve the waterfall from our road trip; states they remember the story around it; names no specific information they lack.,I found it after several attempts.,B15_found_after_several_attempts,recovery_dependent,found_with_effort,True,,,,RECALL|RECOVER,repeated_attempts,1.0,,,the waterfall from our road trip|M01_story_over_metadata|B15_found_after_several_attempts|,1,False
SIM-0530,Google Photos Community,,,the photo of a prescription. I remember a visual detail that is hard to describe in a search box. I tried an object keyword. It feels much easier when I know an exact date or person's name.,retrieval_related,,,the photo of a prescription,medical,stated,,I remember a visual detail that is hard to describe in a search box.,M11_visual_detail_hard_to_describe,visual_appearance,,,True,User is attempting to retrieve the photo of a prescription; states they remember how it looked; names no specific information they lack.,I tried an object keyword.,B06_object_keyword,first_attempt,unknown,False,It feels much easier when I know an exact date or person's name.,C04_easier_with_precise_identifier,precise_identifier_contrast,RECALL|EXPRESS,,0.0,,,the photo of a prescription|M11_visual_detail_hard_to_describe|B06_object_keyword|C04_easier_with_precise_identifier,1,False
SIM-0205,Apple App Store,,,"the lamp I wanted to buy. I know approximately which year it was, but not the month. I searched for text that might be in the image.",retrieval_related,,,the lamp I wanted to buy,physical_object,judgement,document_screenshot,"I know approximately which year it was, but not the month.",M10_year_not_month,approximate_time,month,time precision,False,User is attempting to retrieve the lamp I wanted to buy; states they remember roughly when it was taken; states they do not remember the month.,I searched for text that might be in the image.,B02_text_in_image_search,first_attempt,unknown,False,,,,RECALL|EXPRESS,,0.0,,,the lamp I wanted to buy|M10_year_not_month|B02_text_in_image_search|,1,False
SIM-0747,YouTube comments,,,the landlord WhatsApp screenshot. I remember the story around the photo more clearly than its metadata. I looked through a very large set of thumbnails. There are thousands of images in the account.,retrieval_related,,,the landlord WhatsApp screenshot,document_screenshot,stated,,I remember the story around the photo more clearly than its metadata.,M01_story_over_metadata,story,,,False,User is attempting to retrieve the landlord WhatsApp screenshot; states they remember the story around it; names no specific information they lack.,I looked through a very large set of thumbnails.,B13_large_thumbnail_set,candidate_inspection,unknown,False,There are thousands of images in the account.,C02_thousands_of_images,large_library,RECALL|RECOGNIZE,browsing|large_candidate_set,2.0,,,the landlord WhatsApp screenshot|M01_story_over_metadata|B13_large_thumbnail_set|C02_thousands_of_images,1,False
SIM-0334,Reddit,,,a photo of my grandparents' wedding album. I remember the people and situation but not the date. I switched between search terms and albums. I usually remember the story around the picture better than its metadata.,retrieval_related,,,a photo of my grandparents' wedding album,family_person,judgement,event_social,I remember the people and situation but not the date.,M03_people_situation_not_date,people|situation,date,time precision,False,"User is attempting to retrieve a photo of my grandparents' wedding album; states they remember who was there, the situation; states they do not remember the date.",I switched between search terms and albums.,B07_switch_terms_albums,recovery_dependent,unknown,False,I usually remember the story around the picture better than its metadata.,C05_story_over_metadata,story_memory,RECALL|RECOVER,strategy_switch,1.0,,,a photo of my grandparents' wedding album|M03_people_situation_not_date|B07_switch_terms_albums|C05_story_over_metadata,1,False
SIM-0676,Social media,,,"the old family group photo. I remember the color, setting, or people but not a useful keyword. I gave up and asked someone else to send the photo. Sometimes I get a lot of plausible results and still cannot tell which one is right.",retrieval_related,,,the old family group photo,family_person,stated,,"I remember the color, setting, or people but not a useful keyword.",M06_color_setting_people_no_keyword,color|setting|people,searchable_keyword,search keyword,True,"User is attempting to retrieve the old family group photo; states they remember colours, the setting, who was there; states they do not remember a useful search keyword.",I gave up and asked someone else to send the photo.,B10_gave_up_asked_someone,exit_path,abandoned,True,Sometimes I get a lot of plausible results and still cannot tell which one is right.,C08_plausible_cannot_tell,cannot_confirm_candidate,RECALL|EXPRESS|MATCH|RECOGNIZE|RECOVER,abandonment|external_workaround|uncertainty|large_candidate_set,4.0,,,the old family group photo|M06_color_setting_people_no_keyword|B10_gave_up_asked_someone|C08_plausible_cannot_tell,1,False
SIM-0435,Reddit,,,"the waterfall from our road trip. I remember the place generally, but not its name. I looked through a very large set of thumbnails.",retrieval_related,,,the waterfall from our road trip,travel_place,stated,,"I remember the place generally, but not its name.",M04_place_general_not_name,place,place_name,name,False,User is attempting to retrieve the waterfall from our road trip; states they remember the place in general; states they do not remember the place name.,I looked through a very large set of thumbnails.,B13_large_thumbnail_set,candidate_inspection,unknown,False,,,,RECALL|RECOGNIZE,browsing|large_candidate_set,2.0,,,the waterfall from our road trip|M04_place_general_not_name|B13_large_thumbnail_set|,1,False
SIM-0361,Reddit,,,the lamp I wanted to buy. I remember a visual detail that is hard to describe in a search box. I switched to another device or photo app. I know the photo exists because I have seen it before.,retrieval_related,,,the lamp I wanted to buy,physical_object,judgement,document_screenshot,I remember a visual detail that is hard to describe in a search box.,M11_visual_detail_hard_to_describe,visual_appearance,,,True,User is attempting to retrieve the lamp I wanted to buy; states they remember how it looked; names no specific information they lack.,I switched to another device or photo app.,B08_other_device_or_app,exit_path,external_workaround,True,I know the photo exists because I have seen it before.,C06_knows_photo_exists,existence_certain,RECALL|EXPRESS|RECOVER,strategy_switch|external_workaround,2.0,,,the lamp I wanted to buy|M11_visual_detail_hard_to_describe|B08_other_device_or_app|C06_knows_photo_exists,1,False
SIM-0211,Apple App Store,,,"the sangeet. I remember who was there and what we were doing, but not the album. I searched for text that might be in the image. I can recognize the image if I see it, but getting to it is the hard part.",retrieval_related,,,the sangeet,event_social,stated,,"I remember who was there and what we were doing, but not the album.",M08_people_activity_not_album,people|activity,album,album / organisation,False,"User is attempting to retrieve the sangeet; states they remember who was there, what was happening; states they do not remember which album it is in.",I searched for text that might be in the image.,B02_text_in_image_search,first_attempt,unknown,False,"I can recognize the image if I see it, but getting to it is the hard part.",C01_recognize_but_access_hard,recognition_retained,RECALL|EXPRESS|RECOGNIZE,,0.0,,,the sangeet|M08_people_activity_not_album|B02_text_in_image_search|C01_recognize_but_access_hard,1,False
SIM-0248,Apple App Store,,,my daughter wearing the red dress. I remember the people and situation but not the date. I tried different wording. I have been using Photos for years.,retrieval_related,,,my daughter wearing the red dress,family_person,stated,,I remember the people and situation but not the date.,M03_people_situation_not_date,people|situation,date,time precision,False,"User is attempting to retrieve my daughter wearing the red dress; states they remember who was there, the situation; states they do not remember the date.",I tried different wording.,B05_different_wording,recovery_dependent,unknown,False,I have been using Photos for years.,C03_years_of_use,long_tenure,RECALL|EXPRESS|RECOVER,reformulation,1.0,,,my daughter wearing the red dress|M03_people_situation_not_date|B05_different_wording|C03_years_of_use,1,False
SIM-0766,Forums,,,"the lamp I wanted to buy. I know approximately which year it was, but not the month. I searched a few keywords and then scrolled. I usually remember the story around the picture better than its metadata.",retrieval_related,,,the lamp I wanted to buy,physical_object,judgement,document_screenshot,"I know approximately which year it was, but not the month.",M10_year_not_month,approximate_time,month,time precision,False,User is attempting to retrieve the lamp I wanted to buy; states they remember roughly when it was taken; states they do not remember the month.,I searched a few keywords and then scrolled.,B18_keywords_then_scroll,recovery_dependent,unknown,False,I usually remember the story around the picture better than its metadata.,C05_story_over_metadata,story_memory,RECALL|EXPRESS|RECOVER,strategy_switch|browsing,2.0,,,the lamp I wanted to buy|M10_year_not_month|B18_keywords_then_scroll|C05_story_over_metadata,1,False
SIM-0008,Google Play Store,,,"the old meme I saved. I remember what was happening but not the exact words. I found it after several attempts. I can recognize the image if I see it, but getting to it is the hard part.",retrieval_related,,,the old meme I saved,document_screenshot,judgement,event_social,I remember what was happening but not the exact words.,M12_activity_not_exact_words,activity,exact_wording,exact wording,True,User is attempting to retrieve the old meme I saved; states they remember what was happening; states they do not remember the exact words.,I found it after several attempts.,B15_found_after_several_attempts,recovery_dependent,found_with_effort,True,"I can recognize the image if I see it, but getting to it is the hard part.",C01_recognize_but_access_hard,recognition_retained,RECALL|EXPRESS|RECOGNIZE|RECOVER,repeated_attempts,1.0,,,the old meme I saved|M12_activity_not_exact_words|B15_found_after_several_attempts|C01_recognize_but_access_hard,1,False
SIM-0794,Forums,,,"the old family group photo. I remember roughly when it happened, but not the exact day. I opened likely results one by one.",retrieval_related,,,the old family group photo,family_person,stated,,"I remember roughly when it happened, but not the exact day.",M07_approx_time_not_day,approximate_time,exact_day,time precision,False,User is attempting to retrieve the old family group photo; states they remember roughly when it was taken; states they do not remember the exact day.,I opened likely results one by one.,B04_open_results_one_by_one,candidate_inspection,unknown,False,,,,RECALL|RECOGNIZE,candidate_inspection,1.0,,,the old family group photo|M07_approx_time_not_day|B04_open_results_one_by_one|,1,False
SIM-0300,Reddit,,,a picture with my college friends. I remember a visual detail that is hard to describe in a search box. I opened likely results one by one.,retrieval_related,,,a picture with my college friends,family_person,stated,,I remember a visual detail that is hard to describe in a search box.,M11_visual_detail_hard_to_describe,visual_appearance,,,True,User is attempting to retrieve a picture with my college friends; states they remember how it looked; names no specific information they lack.,I opened likely results one by one.,B04_open_results_one_by_one,candidate_inspection,unknown,False,,,,RECALL|EXPRESS|RECOGNIZE,candidate_inspection,1.0,,,a picture with my college friends|M11_visual_detail_hard_to_describe|B04_open_results_one_by_one|,1,False
SIM-0102,Google Play Store,,,"the photo of a prescription. I remember the photo exists, but not how I originally found it. I looked through the timeline manually. I know the photo exists because I have seen it before.",retrieval_related,,,the photo of a prescription,medical,stated,,"I remember the photo exists, but not how I originally found it.",M09_exists_not_original_path,existence,original_retrieval_path,how it was originally found,False,User is attempting to retrieve the photo of a prescription; states they remember that the photo exists; states they do not remember how they originally found it.,I looked through the timeline manually.,B11_timeline_manual,candidate_inspection,unknown,False,I know the photo exists because I have seen it before.,C06_knows_photo_exists,existence_certain,RECALL|RECOGNIZE|RECOVER,browsing,1.0,,,the photo of a prescription|M09_exists_not_original_path|B11_timeline_manual|C06_knows_photo_exists,1,False
SIM-0345,Reddit,,,the picture I sent to my doctor. I remember the story around the photo more clearly than its metadata. I opened likely results one by one. Sometimes I get a lot of plausible results and still cannot tell which one is right.,retrieval_related,,,the picture I sent to my doctor,medical,judgement,document_screenshot,I remember the story around the photo more clearly than its metadata.,M01_story_over_metadata,story,,,False,User is attempting to retrieve the picture I sent to my doctor; states they remember the story around it; names no specific information they lack.,I opened likely results one by one.,B04_open_results_one_by_one,candidate_inspection,unknown,False,Sometimes I get a lot of plausible results and still cannot tell which one is right.,C08_plausible_cannot_tell,cannot_confirm_candidate,RECALL|MATCH|RECOGNIZE,candidate_inspection|uncertainty|large_candidate_set,3.0,,,the picture I sent to my doctor|M01_story_over_metadata|B04_open_results_one_by_one|C08_plausible_cannot_tell,1,False
SIM-0351,Reddit,,,"the birthday dinner. I remember who was there and what we were doing, but not the album. I searched a few keywords and then scrolled. It feels much easier when I know an exact date or person's name.",retrieval_related,,,the birthday dinner,event_social,stated,,"I remember who was there and what we were doing, but not the album.",M08_people_activity_not_album,people|activity,album,album / organisation,False,"User is attempting to retrieve the birthday dinner; states they remember who was there, what was happening; states they do not remember which album it is in.",I searched a few keywords and then scrolled.,B18_keywords_then_scroll,recovery_dependent,unknown,False,It feels much easier when I know an exact date or person's name.,C04_easier_with_precise_identifier,precise_identifier_contrast,RECALL|EXPRESS|RECOVER,strategy_switch|browsing,2.0,,,the birthday dinner|M08_people_activity_not_album|B18_keywords_then_scroll|C04_easier_with_precise_identifier,1,False
SIM-0441,Reddit,,,the sangeet. I remember the story around the photo more clearly than its metadata. I searched by person and place together. Sometimes I get a lot of plausible results and still cannot tell which one is right.,retrieval_related,,,the sangeet,event_social,stated,,I remember the story around the photo more clearly than its metadata.,M01_story_over_metadata,story,,,False,User is attempting to retrieve the sangeet; states they remember the story around it; names no specific information they lack.,I searched by person and place together.,B01_person_place_search,first_attempt,unknown,False,Sometimes I get a lot of plausible results and still cannot tell which one is right.,C08_plausible_cannot_tell,cannot_confirm_candidate,RECALL|EXPRESS|MATCH|RECOGNIZE,uncertainty|large_candidate_set,2.0,,,the sangeet|M01_story_over_metadata|B01_person_place_search|C08_plausible_cannot_tell,1,False
SIM-0421,Reddit,,,the hotel we stayed at during a trip. I remember the story around the photo more clearly than its metadata. I found a similar photo but not the exact one. I have been using Photos for years.,retrieval_related,,,the hotel we stayed at during a trip,travel_place,stated,,I remember the story around the photo more clearly than its metadata.,M01_story_over_metadata,story,,,False,User is attempting to retrieve the hotel we stayed at during a trip; states they remember the story around it; names no specific information they lack.,I found a similar photo but not the exact one.,B14_similar_not_exact,candidate_inspection,similar_uncertain,True,I have been using Photos for years.,C03_years_of_use,long_tenure,RECALL|RECOGNIZE,uncertainty,1.0,,,the hotel we stayed at during a trip|M01_story_over_metadata|B14_similar_not_exact|C03_years_of_use,1,False
SIM-0003,Google Play Store,,,"a picture with my college friends. I remember roughly when it happened, but not the exact day. I gave up and asked someone else to send the photo. The problem is not taking the photo; it is finding it later.",retrieval_related,,,a picture with my college friends,family_person,stated,,"I remember roughly when it happened, but not the exact day.",M07_approx_time_not_day,approximate_time,exact_day,time precision,False,User is attempting to retrieve a picture with my college friends; states they remember roughly when it was taken; states they do not remember the exact day.,I gave up and asked someone else to send the photo.,B10_gave_up_asked_someone,exit_path,abandoned,True,The problem is not taking the photo; it is finding it later.,C07_finding_not_taking,framing,RECALL|RECOVER,abandonment|external_workaround,2.0,,,a picture with my college friends|M07_approx_time_not_day|B10_gave_up_asked_someone|C07_finding_not_taking,1,False
SIM-0175,Google Play Store,,,a screenshot of a product I wanted. I remember a visual detail that is hard to describe in a search box. I found it after several attempts. The problem is not taking the photo; it is finding it later.,retrieval_related,,,a screenshot of a product I wanted,document_screenshot,judgement,physical_object,I remember a visual detail that is hard to describe in a search box.,M11_visual_detail_hard_to_describe,visual_appearance,,,True,User is attempting to retrieve a screenshot of a product I wanted; states they remember how it looked; names no specific information they lack.,I found it after several attempts.,B15_found_after_several_attempts,recovery_dependent,found_with_effort,True,The problem is not taking the photo; it is finding it later.,C07_finding_not_taking,framing,RECALL|EXPRESS|RECOVER,repeated_attempts,1.0,,,a screenshot of a product I wanted|M11_visual_detail_hard_to_describe|B15_found_after_several_attempts|C07_finding_not_taking,1,False
SIM-0624,Social media,,,"the picture I sent to my doctor. I remember roughly when it happened, but not the exact day. I searched by person and place together.",retrieval_related,,,the picture I sent to my doctor,medical,judgement,document_screenshot,"I remember roughly when it happened, but not the exact day.",M07_approx_time_not_day,approximate_time,exact_day,time precision,False,User is attempting to retrieve the picture I sent to my doctor; states they remember roughly when it was taken; states they do not remember the exact day.,I searched by person and place together.,B01_person_place_search,first_attempt,unknown,False,,,,RECALL|EXPRESS,,0.0,,,the picture I sent to my doctor|M07_approx_time_not_day|B01_person_place_search|,1,False
SIM-0423,Reddit,,,"the medicine box I photographed. I remember roughly when it happened, but not the exact day. I searched for text that might be in the image. It feels much easier when I know an exact date or person's name.",retrieval_related,,,the medicine box I photographed,medical,judgement,physical_object,"I remember roughly when it happened, but not the exact day.",M07_approx_time_not_day,approximate_time,exact_day,time precision,False,User is attempting to retrieve the medicine box I photographed; states they remember roughly when it was taken; states they do not remember the exact day.,I searched for text that might be in the image.,B02_text_in_image_search,first_attempt,unknown,False,It feels much easier when I know an exact date or person's name.,C04_easier_with_precise_identifier,precise_identifier_contrast,RECALL|EXPRESS,,0.0,,,the medicine box I photographed|M07_approx_time_not_day|B02_text_in_image_search|C04_easier_with_precise_identifier,1,False
SIM-0688,YouTube comments,,,"the picture from the day we moved house. I remember the color, setting, or people but not a useful keyword. I looked through the timeline manually. There are thousands of images in the account.",retrieval_related,,,the picture from the day we moved house,event_social,stated,,"I remember the color, setting, or people but not a useful keyword.",M06_color_setting_people_no_keyword,color|setting|people,searchable_keyword,search keyword,True,"User is attempting to retrieve the picture from the day we moved house; states they remember colours, the setting, who was there; states they do not remember a useful search keyword.",I looked through the timeline manually.,B11_timeline_manual,candidate_inspection,unknown,False,There are thousands of images in the account.,C02_thousands_of_images,large_library,RECALL|EXPRESS|RECOGNIZE|RECOVER,browsing,1.0,,,the picture from the day we moved house|M06_color_setting_people_no_keyword|B11_timeline_manual|C02_thousands_of_images,1,False
SIM-0219,Apple App Store,,,"the old meme I saved. I remember the photo exists, but not how I originally found it. I tried different wording. I know the photo exists because I have seen it before.",retrieval_related,,,the old meme I saved,document_screenshot,judgement,event_social,"I remember the photo exists, but not how I originally found it.",M09_exists_not_original_path,existence,original_retrieval_path,how it was originally found,False,User is attempting to retrieve the old meme I saved; states they remember that the photo exists; states they do not remember how they originally found it.,I tried different wording.,B05_different_wording,recovery_dependent,unknown,False,I know the photo exists because I have seen it before.,C06_knows_photo_exists,existence_certain,RECALL|EXPRESS|RECOVER,reformulation,1.0,,,the old meme I saved|M09_exists_not_original_path|B05_different_wording|C06_knows_photo_exists,1,False
SIM-0707,YouTube comments,,,"the insurance document. I remember what the object looked like, but not what it was called. I searched a few keywords and then scrolled.",retrieval_related,,,the insurance document,document_screenshot,stated,,"I remember what the object looked like, but not what it was called.",M02_object_look_not_name,visual_appearance|object,object_name,name,True,"User is attempting to retrieve the insurance document; states they remember how it looked, the object; states they do not remember what the object is called.",I searched a few keywords and then scrolled.,B18_keywords_then_scroll,recovery_dependent,unknown,False,,,,RECALL|EXPRESS|RECOVER,strategy_switch|browsing,2.0,,,the insurance document|M02_object_look_not_name|B18_keywords_then_scroll|,1,False
SIM-0799,Forums,,,a screenshot of a product I wanted. I remember a visual detail that is hard to describe in a search box. I searched a person's name and then browsed. The problem is not taking the photo; it is finding it later.,retrieval_related,,,a screenshot of a product I wanted,document_screenshot,judgement,physical_object,I remember a visual detail that is hard to describe in a search box.,M11_visual_detail_hard_to_describe,visual_appearance,,,True,User is attempting to retrieve a screenshot of a product I wanted; states they remember how it looked; names no specific information they lack.,I searched a person's name and then browsed.,B09_person_then_browse,recovery_dependent,unknown,False,The problem is not taking the photo; it is finding it later.,C07_finding_not_taking,framing,RECALL|EXPRESS|RECOVER,strategy_switch|browsing,2.0,,,a screenshot of a product I wanted|M11_visual_detail_hard_to_describe|B09_person_then_browse|C07_finding_not_taking,1,False
SIM-0537,Google Photos Community,,,a screenshot of a product I wanted. I remember the story around the photo more clearly than its metadata. I could not find it. There are thousands of images in the account.,retrieval_related,,,a screenshot of a product I wanted,document_screenshot,judgement,physical_object,I remember the story around the photo more clearly than its metadata.,M01_story_over_metadata,story,,,False,User is attempting to retrieve a screenshot of a product I wanted; states they remember the story around it; names no specific information they lack.,I could not find it.,B12_could_not_find,exit_path,failed,True,There are thousands of images in the account.,C02_thousands_of_images,large_library,RECALL|RECOVER,failure,1.0,,,a screenshot of a product I wanted|M01_story_over_metadata|B12_could_not_find|C02_thousands_of_images,1,False
SIM-0332,Reddit,,,"a yellow truck. I remember the photo exists, but not how I originally found it. I opened likely results one by one. I have been using Photos for years.",retrieval_related,,,a yellow truck,unspecified_object,judgement,physical_object,"I remember the photo exists, but not how I originally found it.",M09_exists_not_original_path,existence,original_retrieval_path,how it was originally found,False,User is attempting to retrieve a yellow truck; states they remember that the photo exists; states they do not remember how they originally found it.,I opened likely results one by one.,B04_open_results_one_by_one,candidate_inspection,unknown,False,I have been using Photos for years.,C03_years_of_use,long_tenure,RECALL|RECOGNIZE,candidate_inspection,1.0,,,a yellow truck|M09_exists_not_original_path|B04_open_results_one_by_one|C03_years_of_use,1,False
SIM-0363,Reddit,,,"the photo of a prescription. I remember the people and situation but not the date. I switched to another device or photo app. I can recognize the image if I see it, but getting to it is the hard part.",retrieval_related,,,the photo of a prescription,medical,stated,,I remember the people and situation but not the date.,M03_people_situation_not_date,people|situation,date,time precision,False,"User is attempting to retrieve the photo of a prescription; states they remember who was there, the situation; states they do not remember the date.",I switched to another device or photo app.,B08_other_device_or_app,exit_path,external_workaround,True,"I can recognize the image if I see it, but getting to it is the hard part.",C01_recognize_but_access_hard,recognition_retained,RECALL|RECOGNIZE|RECOVER,strategy_switch|external_workaround,2.0,,,the photo of a prescription|M03_people_situation_not_date|B08_other_device_or_app|C01_recognize_but_access_hard,1,False
SIM-0469,Google Photos Community,,,"the picture from the day we moved house. I remember roughly when it happened, but not the exact day. I looked through a very large set of thumbnails. I have been using Photos for years.",retrieval_related,,,the picture from the day we moved house,event_social,stated,,"I remember roughly when it happened, but not the exact day.",M07_approx_time_not_day,approximate_time,exact_day,time precision,False,User is attempting to retrieve the picture from the day we moved house; states they remember roughly when it was taken; states they do not remember the exact day.,I looked through a very large set of thumbnails.,B13_large_thumbnail_set,candidate_inspection,unknown,False,I have been using Photos for years.,C03_years_of_use,long_tenure,RECALL|RECOGNIZE,browsing|large_candidate_set,2.0,,,the picture from the day we moved house|M07_approx_time_not_day|B13_large_thumbnail_set|C03_years_of_use,1,False
SIM-0427,Reddit,,,"that small cafe from our Goa trip. I know approximately which year it was, but not the month. I gave up and asked someone else to send the photo. Sometimes I get a lot of plausible results and still cannot tell which one is right.",retrieval_related,,,that small cafe from our Goa trip,travel_place,stated,,"I know approximately which year it was, but not the month.",M10_year_not_month,approximate_time,month,time precision,False,User is attempting to retrieve that small cafe from our Goa trip; states they remember roughly when it was taken; states they do not remember the month.,I gave up and asked someone else to send the photo.,B10_gave_up_asked_someone,exit_path,abandoned,True,Sometimes I get a lot of plausible results and still cannot tell which one is right.,C08_plausible_cannot_tell,cannot_confirm_candidate,RECALL|MATCH|RECOGNIZE|RECOVER,abandonment|external_workaround|uncertainty|large_candidate_set,4.0,,,that small cafe from our Goa trip|M10_year_not_month|B10_gave_up_asked_someone|C08_plausible_cannot_tell,1,False
SIM-0307,Reddit,,,"a screenshot of a product I wanted. I remember the place generally, but not its name. I could not find it. It feels much easier when I know an exact date or person's name.",retrieval_related,,,a screenshot of a product I wanted,document_screenshot,judgement,physical_object,"I remember the place generally, but not its name.",M04_place_general_not_name,place,place_name,name,False,User is attempting to retrieve a screenshot of a product I wanted; states they remember the place in general; states they do not remember the place name.,I could not find it.,B12_could_not_find,exit_path,failed,True,It feels much easier when I know an exact date or person's name.,C04_easier_with_precise_identifier,precise_identifier_contrast,RECALL|EXPRESS|RECOVER,failure,1.0,,,a screenshot of a product I wanted|M04_place_general_not_name|B12_could_not_find|C04_easier_with_precise_identifier,1,False
SIM-0606,Social media,,,the medicine box I photographed. I remember a visual detail that is hard to describe in a search box. I gave up and asked someone else to send the photo.,retrieval_related,,,the medicine box I photographed,medical,judgement,physical_object,I remember a visual detail that is hard to describe in a search box.,M11_visual_detail_hard_to_describe,visual_appearance,,,True,User is attempting to retrieve the medicine box I photographed; states they remember how it looked; names no specific information they lack.,I gave up and asked someone else to send the photo.,B10_gave_up_asked_someone,exit_path,abandoned,True,,,,RECALL|EXPRESS|RECOVER,abandonment|external_workaround,2.0,,,the medicine box I photographed|M11_visual_detail_hard_to_describe|B10_gave_up_asked_someone|,1,False
SIM-0080,Google Play Store,,,"the photo of a prescription. I remember who was there and what we were doing, but not the album. I found it after several attempts. I can recognize the image if I see it, but getting to it is the hard part.",retrieval_related,,,the photo of a prescription,medical,stated,,"I remember who was there and what we were doing, but not the album.",M08_people_activity_not_album,people|activity,album,album / organisation,False,"User is attempting to retrieve the photo of a prescription; states they remember who was there, what was happening; states they do not remember which album it is in.",I found it after several attempts.,B15_found_after_several_attempts,recovery_dependent,found_with_effort,True,"I can recognize the image if I see it, but getting to it is the hard part.",C01_recognize_but_access_hard,recognition_retained,RECALL|RECOGNIZE|RECOVER,repeated_attempts,1.0,,,the photo of a prescription|M08_people_activity_not_album|B15_found_after_several_attempts|C01_recognize_but_access_hard,1,False
SIM-0149,Google Play Store,,,"the insurance document. I remember what the object looked like, but not what it was called. I searched a person's name and then browsed. It feels much easier when I know an exact date or person's name.",retrieval_related,,,the insurance document,document_screenshot,stated,,"I remember what the object looked like, but not what it was called.",M02_object_look_not_name,visual_appearance|object,object_name,name,True,"User is attempting to retrieve the insurance document; states they remember how it looked, the object; states they do not remember what the object is called.",I searched a person's name and then browsed.,B09_person_then_browse,recovery_dependent,unknown,False,It feels much easier when I know an exact date or person's name.,C04_easier_with_precise_identifier,precise_identifier_contrast,RECALL|EXPRESS|RECOVER,strategy_switch|browsing,2.0,,,the insurance document|M02_object_look_not_name|B09_person_then_browse|C04_easier_with_precise_identifier,1,False
SIM-0774,Forums,,,the medicine box I photographed. I remember the people and situation but not the date. I opened likely results one by one. I have been using Photos for years.,retrieval_related,,,the medicine box I photographed,medical,judgement,physical_object,I remember the people and situation but not the date.,M03_people_situation_not_date,people|situation,date,time precision,False,"User is attempting to retrieve the medicine box I photographed; states they remember who was there, the situation; states they do not remember the date.",I opened likely results one by one.,B04_open_results_one_by_one,candidate_inspection,unknown,False,I have been using Photos for years.,C03_years_of_use,long_tenure,RECALL|RECOGNIZE,candidate_inspection,1.0,,,the medicine box I photographed|M03_people_situation_not_date|B04_open_results_one_by_one|C03_years_of_use,1,False
SIM-0612,Social media,,,a yellow truck. I remember the people and situation but not the date. I searched by date and got too many results. I know the photo exists because I have seen it before.,retrieval_related,,,a yellow truck,unspecified_object,judgement,physical_object,I remember the people and situation but not the date.,M03_people_situation_not_date,people|situation,date,time precision,False,"User is attempting to retrieve a yellow truck; states they remember who was there, the situation; states they do not remember the date.",I searched by date and got too many results.,B03_date_search_too_many,candidate_inspection,unknown,False,I know the photo exists because I have seen it before.,C06_knows_photo_exists,existence_certain,RECALL|EXPRESS|MATCH,large_candidate_set,1.0,,,a yellow truck|M03_people_situation_not_date|B03_date_search_too_many|C06_knows_photo_exists,1,False
SIM-0776,Forums,,,"our Kerala houseboat photos. I know approximately which year it was, but not the month. I tried an object keyword. There are thousands of images in the account.",retrieval_related,,,our Kerala houseboat photos,travel_place,stated,,"I know approximately which year it was, but not the month.",M10_year_not_month,approximate_time,month,time precision,False,User is attempting to retrieve our Kerala houseboat photos; states they remember roughly when it was taken; states they do not remember the month.,I tried an object keyword.,B06_object_keyword,first_attempt,unknown,False,There are thousands of images in the account.,C02_thousands_of_images,large_library,RECALL|EXPRESS,,0.0,,,our Kerala houseboat photos|M10_year_not_month|B06_object_keyword|C02_thousands_of_images,1,False
SIM-0673,Social media,,,"the boarding pass screenshot. I remember what the object looked like, but not what it was called. I searched for text that might be in the image. The problem is not taking the photo; it is finding it later.",retrieval_related,,,the boarding pass screenshot,document_screenshot,stated,,"I remember what the object looked like, but not what it was called.",M02_object_look_not_name,visual_appearance|object,object_name,name,True,"User is attempting to retrieve the boarding pass screenshot; states they remember how it looked, the object; states they do not remember what the object is called.",I searched for text that might be in the image.,B02_text_in_image_search,first_attempt,unknown,False,The problem is not taking the photo; it is finding it later.,C07_finding_not_taking,framing,RECALL|EXPRESS,,0.0,,,the boarding pass screenshot|M02_object_look_not_name|B02_text_in_image_search|C07_finding_not_taking,1,False
SIM-0383,Reddit,,,the medicine box I photographed. I remember a visual detail that is hard to describe in a search box. I searched for text that might be in the image. Sometimes I get a lot of plausible results and still cannot tell which one is right.,retrieval_related,,,the medicine box I photographed,medical,judgement,physical_object,I remember a visual detail that is hard to describe in a search box.,M11_visual_detail_hard_to_describe,visual_appearance,,,True,User is attempting to retrieve the medicine box I photographed; states they remember how it looked; names no specific information they lack.,I searched for text that might be in the image.,B02_text_in_image_search,first_attempt,unknown,False,Sometimes I get a lot of plausible results and still cannot tell which one is right.,C08_plausible_cannot_tell,cannot_confirm_candidate,RECALL|EXPRESS|MATCH|RECOGNIZE,uncertainty|large_candidate_set,2.0,,,the medicine box I photographed|M11_visual_detail_hard_to_describe|B02_text_in_image_search|C08_plausible_cannot_tell,1,False
SIM-0328,Reddit,,,"the restaurant near Tokyo station. I remember the color, setting, or people but not a useful keyword. I could not find it.",retrieval_related,,,the restaurant near Tokyo station,travel_place,stated,,"I remember the color, setting, or people but not a useful keyword.",M06_color_setting_people_no_keyword,color|setting|people,searchable_keyword,search keyword,True,"User is attempting to retrieve the restaurant near Tokyo station; states they remember colours, the setting, who was there; states they do not remember a useful search keyword.",I could not find it.,B12_could_not_find,exit_path,failed,True,,,,RECALL|EXPRESS|RECOVER,failure,1.0,,,the restaurant near Tokyo station|M06_color_setting_people_no_keyword|B12_could_not_find|,1,False
SIM-0623,Social media,,,the old family group photo. I remember a visual detail that is hard to describe in a search box. I found a similar photo but not the exact one. Sometimes I get a lot of plausible results and still cannot tell which one is right.,retrieval_related,,,the old family group photo,family_person,stated,,I remember a visual detail that is hard to describe in a search box.,M11_visual_detail_hard_to_describe,visual_appearance,,,True,User is attempting to retrieve the old family group photo; states they remember how it looked; names no specific information they lack.,I found a similar photo but not the exact one.,B14_similar_not_exact,candidate_inspection,similar_uncertain,True,Sometimes I get a lot of plausible results and still cannot tell which one is right.,C08_plausible_cannot_tell,cannot_confirm_candidate,RECALL|EXPRESS|MATCH|RECOGNIZE,uncertainty|large_candidate_set,2.0,,,the old family group photo|M11_visual_detail_hard_to_describe|B14_similar_not_exact|C08_plausible_cannot_tell,1,False
SIM-0134,Google Play Store,,,a yellow truck. I remember a visual detail that is hard to describe in a search box. I opened likely results one by one. It feels much easier when I know an exact date or person's name.,retrieval_related,,,a yellow truck,unspecified_object,judgement,physical_object,I remember a visual detail that is hard to describe in a search box.,M11_visual_detail_hard_to_describe,visual_appearance,,,True,User is attempting to retrieve a yellow truck; states they remember how it looked; names no specific information they lack.,I opened likely results one by one.,B04_open_results_one_by_one,candidate_inspection,unknown,False,It feels much easier when I know an exact date or person's name.,C04_easier_with_precise_identifier,precise_identifier_contrast,RECALL|EXPRESS|RECOGNIZE,candidate_inspection,1.0,,,a yellow truck|M11_visual_detail_hard_to_describe|B04_open_results_one_by_one|C04_easier_with_precise_identifier,1,False
SIM-0690,YouTube comments,,,"the old meme I saved. I know approximately which year it was, but not the month. I searched by date and got too many results. I can recognize the image if I see it, but getting to it is the hard part.",retrieval_related,,,the old meme I saved,document_screenshot,judgement,event_social,"I know approximately which year it was, but not the month.",M10_year_not_month,approximate_time,month,time precision,False,User is attempting to retrieve the old meme I saved; states they remember roughly when it was taken; states they do not remember the month.,I searched by date and got too many results.,B03_date_search_too_many,candidate_inspection,unknown,False,"I can recognize the image if I see it, but getting to it is the hard part.",C01_recognize_but_access_hard,recognition_retained,RECALL|EXPRESS|MATCH|RECOGNIZE,large_candidate_set,1.0,,,the old meme I saved|M10_year_not_month|B03_date_search_too_many|C01_recognize_but_access_hard,1,False
SIM-0232,Apple App Store,,,the picture from the day we moved house. I remember a visual detail that is hard to describe in a search box. I used a date range and manually compared candidates.,retrieval_related,,,the picture from the day we moved house,event_social,stated,,I remember a visual detail that is hard to describe in a search box.,M11_visual_detail_hard_to_describe,visual_appearance,,,True,User is attempting to retrieve the picture from the day we moved house; states they remember how it looked; names no specific information they lack.,I used a date range and manually compared candidates.,B16_date_range_compare,candidate_inspection,unknown,False,,,,RECALL|EXPRESS|RECOGNIZE,candidate_inspection,1.0,,,the picture from the day we moved house|M11_visual_detail_hard_to_describe|B16_date_range_compare|,1,False
SIM-0539,Google Photos Community,,,a picture with my college friends. I remember the story around the photo more clearly than its metadata. I used a date range and manually compared candidates.,retrieval_related,,,a picture with my college friends,family_person,stated,,I remember the story around the photo more clearly than its metadata.,M01_story_over_metadata,story,,,False,User is attempting to retrieve a picture with my college friends; states they remember the story around it; names no specific information they lack.,I used a date range and manually compared candidates.,B16_date_range_compare,candidate_inspection,unknown,False,,,,RECALL|EXPRESS|RECOGNIZE,candidate_inspection,1.0,,,a picture with my college friends|M01_story_over_metadata|B16_date_range_compare|,1,False
SIM-0056,Google Play Store,,,"our Diwali family photo. I remember what the object looked like, but not what it was called. I found a similar photo but not the exact one. Sometimes I get a lot of plausible results and still cannot tell which one is right.",retrieval_related,,,our Diwali family photo,family_person,judgement,event_social,"I remember what the object looked like, but not what it was called.",M02_object_look_not_name,visual_appearance|object,object_name,name,True,"User is attempting to retrieve our Diwali family photo; states they remember how it looked, the object; states they do not remember what the object is called.",I found a similar photo but not the exact one.,B14_similar_not_exact,candidate_inspection,similar_uncertain,True,Sometimes I get a lot of plausible results and still cannot tell which one is right.,C08_plausible_cannot_tell,cannot_confirm_candidate,RECALL|EXPRESS|MATCH|RECOGNIZE,uncertainty|large_candidate_set,2.0,,,our Diwali family photo|M02_object_look_not_name|B14_similar_not_exact|C08_plausible_cannot_tell,1,False
SIM-0540,Google Photos Community,,,"the birthday dinner. I remember what the object looked like, but not what it was called. I used a date range and manually compared candidates. I usually remember the story around the picture better than its metadata.",retrieval_related,,,the birthday dinner,event_social,stated,,"I remember what the object looked like, but not what it was called.",M02_object_look_not_name,visual_appearance|object,object_name,name,True,"User is attempting to retrieve the birthday dinner; states they remember how it looked, the object; states they do not remember what the object is called.",I used a date range and manually compared candidates.,B16_date_range_compare,candidate_inspection,unknown,False,I usually remember the story around the picture better than its metadata.,C05_story_over_metadata,story_memory,RECALL|EXPRESS|RECOGNIZE,candidate_inspection,1.0,,,the birthday dinner|M02_object_look_not_name|B16_date_range_compare|C05_story_over_metadata,1,False
SIM-0635,Social media,,,"the picture from our office party. I remember roughly when it happened, but not the exact day. I searched by person and place together.",retrieval_related,,,the picture from our office party,event_social,stated,,"I remember roughly when it happened, but not the exact day.",M07_approx_time_not_day,approximate_time,exact_day,time precision,False,User is attempting to retrieve the picture from our office party; states they remember roughly when it was taken; states they do not remember the exact day.,I searched by person and place together.,B01_person_place_search,first_attempt,unknown,False,,,,RECALL|EXPRESS,,0.0,,,the picture from our office party|M07_approx_time_not_day|B01_person_place_search|,1,False
SIM-0528,Google Photos Community,,,"my cousin at the concert. I can recognize it if I see it, but I don't know how to narrow the results. I switched to another device or photo app.",retrieval_related,,,my cousin at the concert,family_person,judgement,event_social,"I can recognize it if I see it, but I don't know how to narrow the results.",M05_recognize_cannot_narrow,recognition_ability,,,True,User is attempting to retrieve my cousin at the concert; states they remember that they would recognise it on sight; names no specific information they lack.,I switched to another device or photo app.,B08_other_device_or_app,exit_path,external_workaround,True,,,,RECALL|EXPRESS|RECOGNIZE|RECOVER,strategy_switch|external_workaround,2.0,,,my cousin at the concert|M05_recognize_cannot_narrow|B08_other_device_or_app|,1,False
SIM-0595,Google Photos Community,,,"the photo of a prescription. I can recognize it if I see it, but I don't know how to narrow the results. I looked through a very large set of thumbnails. There are thousands of images in the account.",retrieval_related,,,the photo of a prescription,medical,stated,,"I can recognize it if I see it, but I don't know how to narrow the results.",M05_recognize_cannot_narrow,recognition_ability,,,True,User is attempting to retrieve the photo of a prescription; states they remember that they would recognise it on sight; names no specific information they lack.,I looked through a very large set of thumbnails.,B13_large_thumbnail_set,candidate_inspection,unknown,False,There are thousands of images in the account.,C02_thousands_of_images,large_library,RECALL|EXPRESS|RECOGNIZE,browsing|large_candidate_set,2.0,,,the photo of a prescription|M05_recognize_cannot_narrow|B13_large_thumbnail_set|C02_thousands_of_images,1,False
SIM-0656,Social media,,,the birthday dinner. I remember a visual detail that is hard to describe in a search box. I used a date range and manually compared candidates.,retrieval_related,,,the birthday dinner,event_social,stated,,I remember a visual detail that is hard to describe in a search box.,M11_visual_detail_hard_to_describe,visual_appearance,,,True,User is attempting to retrieve the birthday dinner; states they remember how it looked; names no specific information they lack.,I used a date range and manually compared candidates.,B16_date_range_compare,candidate_inspection,unknown,False,,,,RECALL|EXPRESS|RECOGNIZE,candidate_inspection,1.0,,,the birthday dinner|M11_visual_detail_hard_to_describe|B16_date_range_compare|,1,False
SIM-0580,Google Photos Community,,,"the waterfall from our road trip. I remember roughly when it happened, but not the exact day. I searched by person and place together. I have been using Photos for years.",retrieval_related,,,the waterfall from our road trip,travel_place,stated,,"I remember roughly when it happened, but not the exact day.",M07_approx_time_not_day,approximate_time,exact_day,time precision,False,User is attempting to retrieve the waterfall from our road trip; states they remember roughly when it was taken; states they do not remember the exact day.,I searched by person and place together.,B01_person_place_search,first_attempt,unknown,False,I have been using Photos for years.,C03_years_of_use,long_tenure,RECALL|EXPRESS,,0.0,,,the waterfall from our road trip|M07_approx_time_not_day|B01_person_place_search|C03_years_of_use,1,False
SIM-0769,Forums,,,the birthday dinner. I remember what was happening but not the exact words. I searched a person's name and then browsed.,retrieval_related,,,the birthday dinner,event_social,stated,,I remember what was happening but not the exact words.,M12_activity_not_exact_words,activity,exact_wording,exact wording,True,User is attempting to retrieve the birthday dinner; states they remember what was happening; states they do not remember the exact words.,I searched a person's name and then browsed.,B09_person_then_browse,recovery_dependent,unknown,False,,,,RECALL|EXPRESS|RECOVER,strategy_switch|browsing,2.0,,,the birthday dinner|M12_activity_not_exact_words|B09_person_then_browse|,1,False
SIM-0214,Apple App Store,,,a photo of my grandparents' wedding album. I remember the people and situation but not the date. I searched a person's name and then browsed. There are thousands of images in the account.,retrieval_related,,,a photo of my grandparents' wedding album,family_person,judgement,event_social,I remember the people and situation but not the date.,M03_people_situation_not_date,people|situation,date,time precision,False,"User is attempting to retrieve a photo of my grandparents' wedding album; states they remember who was there, the situation; states they do not remember the date.",I searched a person's name and then browsed.,B09_person_then_browse,recovery_dependent,unknown,False,There are thousands of images in the account.,C02_thousands_of_images,large_library,RECALL|EXPRESS|RECOVER,strategy_switch|browsing,2.0,,,a photo of my grandparents' wedding album|M03_people_situation_not_date|B09_person_then_browse|C02_thousands_of_images,1,False
SIM-0657,Social media,,,"the picture from our office party. I remember roughly when it happened, but not the exact day. I looked through a very large set of thumbnails. I usually remember the story around the picture better than its metadata.",retrieval_related,,,the picture from our office party,event_social,stated,,"I remember roughly when it happened, but not the exact day.",M07_approx_time_not_day,approximate_time,exact_day,time precision,False,User is attempting to retrieve the picture from our office party; states they remember roughly when it was taken; states they do not remember the exact day.,I looked through a very large set of thumbnails.,B13_large_thumbnail_set,candidate_inspection,unknown,False,I usually remember the story around the picture better than its metadata.,C05_story_over_metadata,story_memory,RECALL|RECOGNIZE,browsing|large_candidate_set,2.0,,,the picture from our office party|M07_approx_time_not_day|B13_large_thumbnail_set|C05_story_over_metadata,1,False
SIM-0579,Google Photos Community,,,"the medicine box I photographed. I remember roughly when it happened, but not the exact day. I tried different wording. The problem is not taking the photo; it is finding it later.",retrieval_related,,,the medicine box I photographed,medical,judgement,physical_object,"I remember roughly when it happened, but not the exact day.",M07_approx_time_not_day,approximate_time,exact_day,time precision,False,User is attempting to retrieve the medicine box I photographed; states they remember roughly when it was taken; states they do not remember the exact day.,I tried different wording.,B05_different_wording,recovery_dependent,unknown,False,The problem is not taking the photo; it is finding it later.,C07_finding_not_taking,framing,RECALL|EXPRESS|RECOVER,reformulation,1.0,,,the medicine box I photographed|M07_approx_time_not_day|B05_different_wording|C07_finding_not_taking,1,False
SIM-0061,Google Play Store,,,"the picture from our office party. I remember the color, setting, or people but not a useful keyword. I opened likely results one by one. I know the photo exists because I have seen it before.",retrieval_related,,,the picture from our office party,event_social,stated,,"I remember the color, setting, or people but not a useful keyword.",M06_color_setting_people_no_keyword,color|setting|people,searchable_keyword,search keyword,True,"User is attempting to retrieve the picture from our office party; states they remember colours, the setting, who was there; states they do not remember a useful search keyword.",I opened likely results one by one.,B04_open_results_one_by_one,candidate_inspection,unknown,False,I know the photo exists because I have seen it before.,C06_knows_photo_exists,existence_certain,RECALL|EXPRESS|RECOGNIZE,candidate_inspection,1.0,,,the picture from our office party|M06_color_setting_people_no_keyword|B04_open_results_one_by_one|C06_knows_photo_exists,1,False
SIM-0200,Apple App Store,,,"the waterfall from our road trip. I remember what the object looked like, but not what it was called. I found it after several attempts. The problem is not taking the photo; it is finding it later.",retrieval_related,,,the waterfall from our road trip,travel_place,stated,,"I remember what the object looked like, but not what it was called.",M02_object_look_not_name,visual_appearance|object,object_name,name,True,"User is attempting to retrieve the waterfall from our road trip; states they remember how it looked, the object; states they do not remember what the object is called.",I found it after several attempts.,B15_found_after_several_attempts,recovery_dependent,found_with_effort,True,The problem is not taking the photo; it is finding it later.,C07_finding_not_taking,framing,RECALL|EXPRESS|RECOVER,repeated_attempts,1.0,,,the waterfall from our road trip|M02_object_look_not_name|B15_found_after_several_attempts|C07_finding_not_taking,1,False
SIM-0602,Social media,,,"the insurance document. I remember the place generally, but not its name. I switched to another device or photo app. The problem is not taking the photo; it is finding it later.",retrieval_related,,,the insurance document,document_screenshot,stated,,"I remember the place generally, but not its name.",M04_place_general_not_name,place,place_name,name,False,User is attempting to retrieve the insurance document; states they remember the place in general; states they do not remember the place name.,I switched to another device or photo app.,B08_other_device_or_app,exit_path,external_workaround,True,The problem is not taking the photo; it is finding it later.,C07_finding_not_taking,framing,RECALL|RECOVER,strategy_switch|external_workaround,2.0,,,the insurance document|M04_place_general_not_name|B08_other_device_or_app|C07_finding_not_taking,1,False
SIM-0466,Google Photos Community,,,"the boarding pass screenshot. I remember who was there and what we were doing, but not the album. I tried different wording. Sometimes I get a lot of plausible results and still cannot tell which one is right.",retrieval_related,,,the boarding pass screenshot,document_screenshot,stated,,"I remember who was there and what we were doing, but not the album.",M08_people_activity_not_album,people|activity,album,album / organisation,False,"User is attempting to retrieve the boarding pass screenshot; states they remember who was there, what was happening; states they do not remember which album it is in.",I tried different wording.,B05_different_wording,recovery_dependent,unknown,False,Sometimes I get a lot of plausible results and still cannot tell which one is right.,C08_plausible_cannot_tell,cannot_confirm_candidate,RECALL|EXPRESS|MATCH|RECOGNIZE|RECOVER,reformulation|uncertainty|large_candidate_set,3.0,,,the boarding pass screenshot|M08_people_activity_not_album|B05_different_wording|C08_plausible_cannot_tell,1,False
SIM-0581,Google Photos Community,,,the photo of a prescription. I remember a visual detail that is hard to describe in a search box. I switched to another device or photo app. I know the photo exists because I have seen it before.,retrieval_related,,,the photo of a prescription,medical,stated,,I remember a visual detail that is hard to describe in a search box.,M11_visual_detail_hard_to_describe,visual_appearance,,,True,User is attempting to retrieve the photo of a prescription; states they remember how it looked; names no specific information they lack.,I switched to another device or photo app.,B08_other_device_or_app,exit_path,external_workaround,True,I know the photo exists because I have seen it before.,C06_knows_photo_exists,existence_certain,RECALL|EXPRESS|RECOVER,strategy_switch|external_workaround,2.0,,,the photo of a prescription|M11_visual_detail_hard_to_describe|B08_other_device_or_app|C06_knows_photo_exists,1,False
SIM-N002,Google Photos Community,,,The new editing interface is confusing.,not_retrieval_related,,,,,,,,,,,,,,,,,,,,,,,,,editing_ui,,,0,True
SIM-0553,Google Photos Community,,,"a photo of my grandfather at the wedding. I remember who was there and what we were doing, but not the album. I could not find it. I know the photo exists because I have seen it before.",retrieval_related,,,a photo of my grandfather at the wedding,family_person,judgement,event_social,"I remember who was there and what we were doing, but not the album.",M08_people_activity_not_album,people|activity,album,album / organisation,False,"User is attempting to retrieve a photo of my grandfather at the wedding; states they remember who was there, what was happening; states they do not remember which album it is in.",I could not find it.,B12_could_not_find,exit_path,failed,True,I know the photo exists because I have seen it before.,C06_knows_photo_exists,existence_certain,RECALL|RECOVER,failure,1.0,,,a photo of my grandfather at the wedding|M08_people_activity_not_album|B12_could_not_find|C06_knows_photo_exists,1,False
SIM-0679,YouTube comments,,,"my cousin at the concert. I remember roughly when it happened, but not the exact day. I found a similar photo but not the exact one.",retrieval_related,,,my cousin at the concert,family_person,judgement,event_social,"I remember roughly when it happened, but not the exact day.",M07_approx_time_not_day,approximate_time,exact_day,time precision,False,User is attempting to retrieve my cousin at the concert; states they remember roughly when it was taken; states they do not remember the exact day.,I found a similar photo but not the exact one.,B14_similar_not_exact,candidate_inspection,similar_uncertain,True,,,,RECALL|RECOGNIZE,uncertainty,1.0,,,my cousin at the concert|M07_approx_time_not_day|B14_similar_not_exact|,1,False
SIM-0394,Reddit,,,"the boarding pass screenshot. I remember who was there and what we were doing, but not the album. I tried different wording. There are thousands of images in the account.",retrieval_related,,,the boarding pass screenshot,document_screenshot,stated,,"I remember who was there and what we were doing, but not the album.",M08_people_activity_not_album,people|activity,album,album / organisation,False,"User is attempting to retrieve the boarding pass screenshot; states they remember who was there, what was happening; states they do not remember which album it is in.",I tried different wording.,B05_different_wording,recovery_dependent,unknown,False,There are thousands of images in the account.,C02_thousands_of_images,large_library,RECALL|EXPRESS|RECOVER,reformulation,1.0,,,the boarding pass screenshot|M08_people_activity_not_album|B05_different_wording|C02_thousands_of_images,1,False
SIM-0267,Apple App Store,,,"the lamp I wanted to buy. I remember a visual detail that is hard to describe in a search box. I used a date range and manually compared candidates. I can recognize the image if I see it, but getting to it is the hard part.",retrieval_related,,,the lamp I wanted to buy,physical_object,judgement,document_screenshot,I remember a visual detail that is hard to describe in a search box.,M11_visual_detail_hard_to_describe,visual_appearance,,,True,User is attempting to retrieve the lamp I wanted to buy; states they remember how it looked; names no specific information they lack.,I used a date range and manually compared candidates.,B16_date_range_compare,candidate_inspection,unknown,False,"I can recognize the image if I see it, but getting to it is the hard part.",C01_recognize_but_access_hard,recognition_retained,RECALL|EXPRESS|RECOGNIZE,candidate_inspection,1.0,,,the lamp I wanted to buy|M11_visual_detail_hard_to_describe|B16_date_range_compare|C01_recognize_but_access_hard,1,False
SIM-0368,Reddit,,,the old meme I saved. I remember the story around the photo more clearly than its metadata. I searched by date and got too many results.,retrieval_related,,,the old meme I saved,document_screenshot,judgement,event_social,I remember the story around the photo more clearly than its metadata.,M01_story_over_metadata,story,,,False,User is attempting to retrieve the old meme I saved; states they remember the story around it; names no specific information they lack.,I searched by date and got too many results.,B03_date_search_too_many,candidate_inspection,unknown,False,,,,RECALL|EXPRESS|MATCH,large_candidate_set,1.0,,,the old meme I saved|M01_story_over_metadata|B03_date_search_too_many|,1,False
SIM-N018,Google Play Store,,,The new editing interface is confusing.,not_retrieval_related,,,,,,,,,,,,,,,,,,,,,,,,,editing_ui,SIM-N002,,0,True
SIM-0757,Forums,,,"the old family group photo. I remember roughly when it happened, but not the exact day. I switched between search terms and albums. Sometimes I get a lot of plausible results and still cannot tell which one is right.",retrieval_related,,,the old family group photo,family_person,stated,,"I remember roughly when it happened, but not the exact day.",M07_approx_time_not_day,approximate_time,exact_day,time precision,False,User is attempting to retrieve the old family group photo; states they remember roughly when it was taken; states they do not remember the exact day.,I switched between search terms and albums.,B07_switch_terms_albums,recovery_dependent,unknown,False,Sometimes I get a lot of plausible results and still cannot tell which one is right.,C08_plausible_cannot_tell,cannot_confirm_candidate,RECALL|MATCH|RECOGNIZE|RECOVER,strategy_switch|uncertainty|large_candidate_set,3.0,,,the old family group photo|M07_approx_time_not_day|B07_switch_terms_albums|C08_plausible_cannot_tell,1,False
SIM-0091,Google Play Store,,,"my cousin at the concert. I remember what the object looked like, but not what it was called. I searched a person's name and then browsed. I can recognize the image if I see it, but getting to it is the hard part.",retrieval_related,,,my cousin at the concert,family_person,judgement,event_social,"I remember what the object looked like, but not what it was called.",M02_object_look_not_name,visual_appearance|object,object_name,name,True,"User is attempting to retrieve my cousin at the concert; states they remember how it looked, the object; states they do not remember what the object is called.",I searched a person's name and then browsed.,B09_person_then_browse,recovery_dependent,unknown,False,"I can recognize the image if I see it, but getting to it is the hard part.",C01_recognize_but_access_hard,recognition_retained,RECALL|EXPRESS|RECOGNIZE|RECOVER,strategy_switch|browsing,2.0,,,my cousin at the concert|M02_object_look_not_name|B09_person_then_browse|C01_recognize_but_access_hard,1,False
SIM-0788,Forums,,,"the medicine box I photographed. I remember the color, setting, or people but not a useful keyword. I searched by person and place together. I know the photo exists because I have seen it before.",retrieval_related,,,the medicine box I photographed,medical,judgement,physical_object,"I remember the color, setting, or people but not a useful keyword.",M06_color_setting_people_no_keyword,color|setting|people,searchable_keyword,search keyword,True,"User is attempting to retrieve the medicine box I photographed; states they remember colours, the setting, who was there; states they do not remember a useful search keyword.",I searched by person and place together.,B01_person_place_search,first_attempt,unknown,False,I know the photo exists because I have seen it before.,C06_knows_photo_exists,existence_certain,RECALL|EXPRESS,,0.0,,,the medicine box I photographed|M06_color_setting_people_no_keyword|B01_person_place_search|C06_knows_photo_exists,1,False
SIM-0182,Apple App Store,,,a screenshot of a product I wanted. I remember the people and situation but not the date. I tried different wording. There are thousands of images in the account.,retrieval_related,,,a screenshot of a product I wanted,document_screenshot,judgement,physical_object,I remember the people and situation but not the date.,M03_people_situation_not_date,people|situation,date,time precision,False,"User is attempting to retrieve a screenshot of a product I wanted; states they remember who was there, the situation; states they do not remember the date.",I tried different wording.,B05_different_wording,recovery_dependent,unknown,False,There are thousands of images in the account.,C02_thousands_of_images,large_library,RECALL|EXPRESS|RECOVER,reformulation,1.0,,,a screenshot of a product I wanted|M03_people_situation_not_date|B05_different_wording|C02_thousands_of_images,1,False
SIM-0434,Reddit,,,"my cousin at the concert. I know approximately which year it was, but not the month. I switched to another device or photo app. There are thousands of images in the account.",retrieval_related,,,my cousin at the concert,family_person,judgement,event_social,"I know approximately which year it was, but not the month.",M10_year_not_month,approximate_time,month,time precision,False,User is attempting to retrieve my cousin at the concert; states they remember roughly when it was taken; states they do not remember the month.,I switched to another device or photo app.,B08_other_device_or_app,exit_path,external_workaround,True,There are thousands of images in the account.,C02_thousands_of_images,large_library,RECALL|RECOVER,strategy_switch|external_workaround,2.0,,,my cousin at the concert|M10_year_not_month|B08_other_device_or_app|C02_thousands_of_images,1,False
SIM-0741,YouTube comments,,,"my daughter wearing the red dress. I remember the photo exists, but not how I originally found it. I tried different wording.",retrieval_related,,,my daughter wearing the red dress,family_person,stated,,"I remember the photo exists, but not how I originally found it.",M09_exists_not_original_path,existence,original_retrieval_path,how it was originally found,False,User is attempting to retrieve my daughter wearing the red dress; states they remember that the photo exists; states they do not remember how they originally found it.,I tried different wording.,B05_different_wording,recovery_dependent,unknown,False,,,,RECALL|EXPRESS|RECOVER,reformulation,1.0,,,my daughter wearing the red dress|M09_exists_not_original_path|B05_different_wording|,1,False
SIM-0542,Google Photos Community,,,"my cousin at the concert. I remember the color, setting, or people but not a useful keyword. I tried several related words. There are thousands of images in the account.",retrieval_related,,,my cousin at the concert,family_person,judgement,event_social,"I remember the color, setting, or people but not a useful keyword.",M06_color_setting_people_no_keyword,color|setting|people,searchable_keyword,search keyword,True,"User is attempting to retrieve my cousin at the concert; states they remember colours, the setting, who was there; states they do not remember a useful search keyword.",I tried several related words.,B17_several_related_words,recovery_dependent,unknown,False,There are thousands of images in the account.,C02_thousands_of_images,large_library,RECALL|EXPRESS|RECOVER,reformulation|repeated_attempts,2.0,,,my cousin at the concert|M06_color_setting_people_no_keyword|B17_several_related_words|C02_thousands_of_images,1,False
SIM-0159,Google Play Store,,,"the photo from when I was sick. I remember who was there and what we were doing, but not the album. I searched by date and got too many results. There are thousands of images in the account.",retrieval_related,,,the photo from when I was sick,medical,judgement,event_social,"I remember who was there and what we were doing, but not the album.",M08_people_activity_not_album,people|activity,album,album / organisation,False,"User is attempting to retrieve the photo from when I was sick; states they remember who was there, what was happening; states they do not remember which album it is in.",I searched by date and got too many results.,B03_date_search_too_many,candidate_inspection,unknown,False,There are thousands of images in the account.,C02_thousands_of_images,large_library,RECALL|EXPRESS|MATCH,large_candidate_set,1.0,,,the photo from when I was sick|M08_people_activity_not_album|B03_date_search_too_many|C02_thousands_of_images,1,False
SIM-0070,Google Play Store,,,"the landlord WhatsApp screenshot. I remember what the object looked like, but not what it was called. I looked through a very large set of thumbnails. I know the photo exists because I have seen it before.",retrieval_related,,,the landlord WhatsApp screenshot,document_screenshot,stated,,"I remember what the object looked like, but not what it was called.",M02_object_look_not_name,visual_appearance|object,object_name,name,True,"User is attempting to retrieve the landlord WhatsApp screenshot; states they remember how it looked, the object; states they do not remember what the object is called.",I looked through a very large set of thumbnails.,B13_large_thumbnail_set,candidate_inspection,unknown,False,I know the photo exists because I have seen it before.,C06_knows_photo_exists,existence_certain,RECALL|EXPRESS|RECOGNIZE,browsing|large_candidate_set,2.0,,,the landlord WhatsApp screenshot|M02_object_look_not_name|B13_large_thumbnail_set|C06_knows_photo_exists,1,False
SIM-0324,Reddit,,,the picture I sent to my doctor. I remember a visual detail that is hard to describe in a search box. I tried an object keyword. It feels much easier when I know an exact date or person's name.,retrieval_related,,,the picture I sent to my doctor,medical,judgement,document_screenshot,I remember a visual detail that is hard to describe in a search box.,M11_visual_detail_hard_to_describe,visual_appearance,,,True,User is attempting to retrieve the picture I sent to my doctor; states they remember how it looked; names no specific information they lack.,I tried an object keyword.,B06_object_keyword,first_attempt,unknown,False,It feels much easier when I know an exact date or person's name.,C04_easier_with_precise_identifier,precise_identifier_contrast,RECALL|EXPRESS,,0.0,,,the picture I sent to my doctor|M11_visual_detail_hard_to_describe|B06_object_keyword|C04_easier_with_precise_identifier,1,False
SIM-0132,Google Play Store,,,"the landlord WhatsApp screenshot. I remember the place generally, but not its name. I found a similar photo but not the exact one. The problem is not taking the photo; it is finding it later.",retrieval_related,,,the landlord WhatsApp screenshot,document_screenshot,stated,,"I remember the place generally, but not its name.",M04_place_general_not_name,place,place_name,name,False,User is attempting to retrieve the landlord WhatsApp screenshot; states they remember the place in general; states they do not remember the place name.,I found a similar photo but not the exact one.,B14_similar_not_exact,candidate_inspection,similar_uncertain,True,The problem is not taking the photo; it is finding it later.,C07_finding_not_taking,framing,RECALL|RECOGNIZE,uncertainty,1.0,,,the landlord WhatsApp screenshot|M04_place_general_not_name|B14_similar_not_exact|C07_finding_not_taking,1,False
SIM-0045,Google Play Store,,,"a photo of my grandparents' wedding album. I remember roughly when it happened, but not the exact day. I searched for text that might be in the image. Sometimes I get a lot of plausible results and still cannot tell which one is right.",retrieval_related,,,a photo of my grandparents' wedding album,family_person,judgement,event_social,"I remember roughly when it happened, but not the exact day.",M07_approx_time_not_day,approximate_time,exact_day,time precision,False,User is attempting to retrieve a photo of my grandparents' wedding album; states they remember roughly when it was taken; states they do not remember the exact day.,I searched for text that might be in the image.,B02_text_in_image_search,first_attempt,unknown,False,Sometimes I get a lot of plausible results and still cannot tell which one is right.,C08_plausible_cannot_tell,cannot_confirm_candidate,RECALL|EXPRESS|MATCH|RECOGNIZE,uncertainty|large_candidate_set,2.0,,,a photo of my grandparents' wedding album|M07_approx_time_not_day|B02_text_in_image_search|C08_plausible_cannot_tell,1,False
SIM-0650,Social media,,,the old meme I saved. I remember a visual detail that is hard to describe in a search box. I switched between search terms and albums. Sometimes I get a lot of plausible results and still cannot tell which one is right.,retrieval_related,,,the old meme I saved,document_screenshot,judgement,event_social,I remember a visual detail that is hard to describe in a search box.,M11_visual_detail_hard_to_describe,visual_appearance,,,True,User is attempting to retrieve the old meme I saved; states they remember how it looked; names no specific information they lack.,I switched between search terms and albums.,B07_switch_terms_albums,recovery_dependent,unknown,False,Sometimes I get a lot of plausible results and still cannot tell which one is right.,C08_plausible_cannot_tell,cannot_confirm_candidate,RECALL|EXPRESS|MATCH|RECOGNIZE|RECOVER,strategy_switch|uncertainty|large_candidate_set,3.0,,,the old meme I saved|M11_visual_detail_hard_to_describe|B07_switch_terms_albums|C08_plausible_cannot_tell,1,False
SIM-0071,Google Play Store,,,the parking sign I photographed. I remember a visual detail that is hard to describe in a search box. I switched to another device or photo app. There are thousands of images in the account.,retrieval_related,,,the parking sign I photographed,physical_object,stated,,I remember a visual detail that is hard to describe in a search box.,M11_visual_detail_hard_to_describe,visual_appearance,,,True,User is attempting to retrieve the parking sign I photographed; states they remember how it looked; names no specific information they lack.,I switched to another device or photo app.,B08_other_device_or_app,exit_path,external_workaround,True,There are thousands of images in the account.,C02_thousands_of_images,large_library,RECALL|EXPRESS|RECOVER,strategy_switch|external_workaround,2.0,,,the parking sign I photographed|M11_visual_detail_hard_to_describe|B08_other_device_or_app|C02_thousands_of_images,1,False
SIM-0445,Reddit,,,"the concert selfie. I remember what the object looked like, but not what it was called. I searched for text that might be in the image. Sometimes I get a lot of plausible results and still cannot tell which one is right.",retrieval_related,,,the concert selfie,event_social,stated,,"I remember what the object looked like, but not what it was called.",M02_object_look_not_name,visual_appearance|object,object_name,name,True,"User is attempting to retrieve the concert selfie; states they remember how it looked, the object; states they do not remember what the object is called.",I searched for text that might be in the image.,B02_text_in_image_search,first_attempt,unknown,False,Sometimes I get a lot of plausible results and still cannot tell which one is right.,C08_plausible_cannot_tell,cannot_confirm_candidate,RECALL|EXPRESS|MATCH|RECOGNIZE,uncertainty|large_candidate_set,2.0,,,the concert selfie|M02_object_look_not_name|B02_text_in_image_search|C08_plausible_cannot_tell,1,False
SIM-0663,Social media,,,"a screenshot of a product I wanted. I know approximately which year it was, but not the month. I searched for text that might be in the image.",retrieval_related,,,a screenshot of a product I wanted,document_screenshot,judgement,physical_object,"I know approximately which year it was, but not the month.",M10_year_not_month,approximate_time,month,time precision,False,User is attempting to retrieve a screenshot of a product I wanted; states they remember roughly when it was taken; states they do not remember the month.,I searched for text that might be in the image.,B02_text_in_image_search,first_attempt,unknown,False,,,,RECALL|EXPRESS,,0.0,,,a screenshot of a product I wanted|M10_year_not_month|B02_text_in_image_search|,1,False
SIM-0672,Social media,,,the recipe screenshot. I remember a visual detail that is hard to describe in a search box. I tried an object keyword. It feels much easier when I know an exact date or person's name.,retrieval_related,,,the recipe screenshot,document_screenshot,stated,,I remember a visual detail that is hard to describe in a search box.,M11_visual_detail_hard_to_describe,visual_appearance,,,True,User is attempting to retrieve the recipe screenshot; states they remember how it looked; names no specific information they lack.,I tried an object keyword.,B06_object_keyword,first_attempt,unknown,False,It feels much easier when I know an exact date or person's name.,C04_easier_with_precise_identifier,precise_identifier_contrast,RECALL|EXPRESS,,0.0,,,the recipe screenshot|M11_visual_detail_hard_to_describe|B06_object_keyword|C04_easier_with_precise_identifier,1,False
SIM-0266,Apple App Store,,,the photo of a prescription. I remember the people and situation but not the date. I gave up and asked someone else to send the photo.,retrieval_related,,,the photo of a prescription,medical,stated,,I remember the people and situation but not the date.,M03_people_situation_not_date,people|situation,date,time precision,False,"User is attempting to retrieve the photo of a prescription; states they remember who was there, the situation; states they do not remember the date.",I gave up and asked someone else to send the photo.,B10_gave_up_asked_someone,exit_path,abandoned,True,,,,RECALL|RECOVER,abandonment|external_workaround,2.0,,,the photo of a prescription|M03_people_situation_not_date|B10_gave_up_asked_someone|,1,False
SIM-0136,Google Play Store,,,"a screenshot of a product I wanted. I remember the place generally, but not its name. I searched by date and got too many results. Sometimes I get a lot of plausible results and still cannot tell which one is right.",retrieval_related,,,a screenshot of a product I wanted,document_screenshot,judgement,physical_object,"I remember the place generally, but not its name.",M04_place_general_not_name,place,place_name,name,False,User is attempting to retrieve a screenshot of a product I wanted; states they remember the place in general; states they do not remember the place name.,I searched by date and got too many results.,B03_date_search_too_many,candidate_inspection,unknown,False,Sometimes I get a lot of plausible results and still cannot tell which one is right.,C08_plausible_cannot_tell,cannot_confirm_candidate,RECALL|EXPRESS|MATCH|RECOGNIZE,large_candidate_set|uncertainty,2.0,,,a screenshot of a product I wanted|M04_place_general_not_name|B03_date_search_too_many|C08_plausible_cannot_tell,1,False
SIM-0083,Google Play Store,,,"the insurance document. I know approximately which year it was, but not the month. I searched a few keywords and then scrolled. I can recognize the image if I see it, but getting to it is the hard part.",retrieval_related,,,the insurance document,document_screenshot,stated,,"I know approximately which year it was, but not the month.",M10_year_not_month,approximate_time,month,time precision,False,User is attempting to retrieve the insurance document; states they remember roughly when it was taken; states they do not remember the month.,I searched a few keywords and then scrolled.,B18_keywords_then_scroll,recovery_dependent,unknown,False,"I can recognize the image if I see it, but getting to it is the hard part.",C01_recognize_but_access_hard,recognition_retained,RECALL|EXPRESS|RECOGNIZE|RECOVER,strategy_switch|browsing,2.0,,,the insurance document|M10_year_not_month|B18_keywords_then_scroll|C01_recognize_but_access_hard,1,False
SIM-0166,Google Play Store,,,the old meme I saved. I remember the story around the photo more clearly than its metadata. I searched a person's name and then browsed.,retrieval_related,,,the old meme I saved,document_screenshot,judgement,event_social,I remember the story around the photo more clearly than its metadata.,M01_story_over_metadata,story,,,False,User is attempting to retrieve the old meme I saved; states they remember the story around it; names no specific information they lack.,I searched a person's name and then browsed.,B09_person_then_browse,recovery_dependent,unknown,False,,,,RECALL|EXPRESS|RECOVER,strategy_switch|browsing,2.0,,,the old meme I saved|M01_story_over_metadata|B09_person_then_browse|,1,False
SIM-0165,Google Play Store,,,our Kerala houseboat photos. I remember the story around the photo more clearly than its metadata. I searched for text that might be in the image.,retrieval_related,,,our Kerala houseboat photos,travel_place,stated,,I remember the story around the photo more clearly than its metadata.,M01_story_over_metadata,story,,,False,User is attempting to retrieve our Kerala houseboat photos; states they remember the story around it; names no specific information they lack.,I searched for text that might be in the image.,B02_text_in_image_search,first_attempt,unknown,False,,,,RECALL|EXPRESS,,0.0,,,our Kerala houseboat photos|M01_story_over_metadata|B02_text_in_image_search|,1,False
SIM-0029,Google Play Store,,,"our Diwali family photo. I remember the place generally, but not its name. I tried an object keyword. There are thousands of images in the account.",retrieval_related,,,our Diwali family photo,family_person,judgement,event_social,"I remember the place generally, but not its name.",M04_place_general_not_name,place,place_name,name,False,User is attempting to retrieve our Diwali family photo; states they remember the place in general; states they do not remember the place name.,I tried an object keyword.,B06_object_keyword,first_attempt,unknown,False,There are thousands of images in the account.,C02_thousands_of_images,large_library,RECALL|EXPRESS,,0.0,,,our Diwali family photo|M04_place_general_not_name|B06_object_keyword|C02_thousands_of_images,1,False
SIM-0433,Reddit,,,"my cousin at the concert. I remember what the object looked like, but not what it was called. I searched a few keywords and then scrolled.",retrieval_related,,,my cousin at the concert,family_person,judgement,event_social,"I remember what the object looked like, but not what it was called.",M02_object_look_not_name,visual_appearance|object,object_name,name,True,"User is attempting to retrieve my cousin at the concert; states they remember how it looked, the object; states they do not remember what the object is called.",I searched a few keywords and then scrolled.,B18_keywords_then_scroll,recovery_dependent,unknown,False,,,,RECALL|EXPRESS|RECOVER,strategy_switch|browsing,2.0,,,my cousin at the concert|M02_object_look_not_name|B18_keywords_then_scroll|,1,False
SIM-0194,Apple App Store,,,"the landlord WhatsApp screenshot. I remember the place generally, but not its name. I searched by person and place together.",retrieval_related,,,the landlord WhatsApp screenshot,document_screenshot,stated,,"I remember the place generally, but not its name.",M04_place_general_not_name,place,place_name,name,False,User is attempting to retrieve the landlord WhatsApp screenshot; states they remember the place in general; states they do not remember the place name.,I searched by person and place together.,B01_person_place_search,first_attempt,unknown,False,,,,RECALL|EXPRESS,,0.0,,,the landlord WhatsApp screenshot|M04_place_general_not_name|B01_person_place_search|,1,False
SIM-0261,Apple App Store,,,"the waterfall from our road trip. I remember the story around the photo more clearly than its metadata. I switched between search terms and albums. I can recognize the image if I see it, but getting to it is the hard part.",retrieval_related,,,the waterfall from our road trip,travel_place,stated,,I remember the story around the photo more clearly than its metadata.,M01_story_over_metadata,story,,,False,User is attempting to retrieve the waterfall from our road trip; states they remember the story around it; names no specific information they lack.,I switched between search terms and albums.,B07_switch_terms_albums,recovery_dependent,unknown,False,"I can recognize the image if I see it, but getting to it is the hard part.",C01_recognize_but_access_hard,recognition_retained,RECALL|RECOGNIZE|RECOVER,strategy_switch,1.0,,,the waterfall from our road trip|M01_story_over_metadata|B07_switch_terms_albums|C01_recognize_but_access_hard,1,False
SIM-0545,Google Photos Community,,,"the photo of a prescription. I know approximately which year it was, but not the month. I switched between search terms and albums. I have been using Photos for years.",retrieval_related,,,the photo of a prescription,medical,stated,,"I know approximately which year it was, but not the month.",M10_year_not_month,approximate_time,month,time precision,False,User is attempting to retrieve the photo of a prescription; states they remember roughly when it was taken; states they do not remember the month.,I switched between search terms and albums.,B07_switch_terms_albums,recovery_dependent,unknown,False,I have been using Photos for years.,C03_years_of_use,long_tenure,RECALL|RECOVER,strategy_switch,1.0,,,the photo of a prescription|M10_year_not_month|B07_switch_terms_albums|C03_years_of_use,1,False
SIM-0779,Forums,,,"the restaurant near Tokyo station. I remember what was happening but not the exact words. I looked through the timeline manually. I can recognize the image if I see it, but getting to it is the hard part.",retrieval_related,,,the restaurant near Tokyo station,travel_place,stated,,I remember what was happening but not the exact words.,M12_activity_not_exact_words,activity,exact_wording,exact wording,True,User is attempting to retrieve the restaurant near Tokyo station; states they remember what was happening; states they do not remember the exact words.,I looked through the timeline manually.,B11_timeline_manual,candidate_inspection,unknown,False,"I can recognize the image if I see it, but getting to it is the hard part.",C01_recognize_but_access_hard,recognition_retained,RECALL|EXPRESS|RECOGNIZE|RECOVER,browsing,1.0,,,the restaurant near Tokyo station|M12_activity_not_exact_words|B11_timeline_manual|C01_recognize_but_access_hard,1,False
SIM-0137,Google Play Store,,,a photo of my grandfather at the wedding. I remember the story around the photo more clearly than its metadata. I looked through a very large set of thumbnails. Sometimes I get a lot of plausible results and still cannot tell which one is right.,retrieval_related,,,a photo of my grandfather at the wedding,family_person,judgement,event_social,I remember the story around the photo more clearly than its metadata.,M01_story_over_metadata,story,,,False,User is attempting to retrieve a photo of my grandfather at the wedding; states they remember the story around it; names no specific information they lack.,I looked through a very large set of thumbnails.,B13_large_thumbnail_set,candidate_inspection,unknown,False,Sometimes I get a lot of plausible results and still cannot tell which one is right.,C08_plausible_cannot_tell,cannot_confirm_candidate,RECALL|MATCH|RECOGNIZE,browsing|large_candidate_set|uncertainty,3.0,,,a photo of my grandfather at the wedding|M01_story_over_metadata|B13_large_thumbnail_set|C08_plausible_cannot_tell,1,False
SIM-0645,Social media,,,"the waterfall from our road trip. I remember who was there and what we were doing, but not the album. I could not find it. It feels much easier when I know an exact date or person's name.",retrieval_related,,,the waterfall from our road trip,travel_place,stated,,"I remember who was there and what we were doing, but not the album.",M08_people_activity_not_album,people|activity,album,album / organisation,False,"User is attempting to retrieve the waterfall from our road trip; states they remember who was there, what was happening; states they do not remember which album it is in.",I could not find it.,B12_could_not_find,exit_path,failed,True,It feels much easier when I know an exact date or person's name.,C04_easier_with_precise_identifier,precise_identifier_contrast,RECALL|EXPRESS|RECOVER,failure,1.0,,,the waterfall from our road trip|M08_people_activity_not_album|B12_could_not_find|C04_easier_with_precise_identifier,1,False
SIM-0330,Reddit,,,"a yellow truck. I know approximately which year it was, but not the month. I searched by person and place together.",retrieval_related,,,a yellow truck,unspecified_object,judgement,physical_object,"I know approximately which year it was, but not the month.",M10_year_not_month,approximate_time,month,time precision,False,User is attempting to retrieve a yellow truck; states they remember roughly when it was taken; states they do not remember the month.,I searched by person and place together.,B01_person_place_search,first_attempt,unknown,False,,,,RECALL|EXPRESS,,0.0,,,a yellow truck|M10_year_not_month|B01_person_place_search|,1,False
SIM-0141,Google Play Store,,,"a photo of my grandparents' wedding album. I remember the people and situation but not the date. I found a similar photo but not the exact one. I can recognize the image if I see it, but getting to it is the hard part.",retrieval_related,,,a photo of my grandparents' wedding album,family_person,judgement,event_social,I remember the people and situation but not the date.,M03_people_situation_not_date,people|situation,date,time precision,False,"User is attempting to retrieve a photo of my grandparents' wedding album; states they remember who was there, the situation; states they do not remember the date.",I found a similar photo but not the exact one.,B14_similar_not_exact,candidate_inspection,similar_uncertain,True,"I can recognize the image if I see it, but getting to it is the hard part.",C01_recognize_but_access_hard,recognition_retained,RECALL|RECOGNIZE,uncertainty,1.0,,,a photo of my grandparents' wedding album|M03_people_situation_not_date|B14_similar_not_exact|C01_recognize_but_access_hard,1,False
SIM-0560,Google Photos Community,,,"my cousin at the concert. I can recognize it if I see it, but I don't know how to narrow the results. I tried different wording. I usually remember the story around the picture better than its metadata.",retrieval_related,,,my cousin at the concert,family_person,judgement,event_social,"I can recognize it if I see it, but I don't know how to narrow the results.",M05_recognize_cannot_narrow,recognition_ability,,,True,User is attempting to retrieve my cousin at the concert; states they remember that they would recognise it on sight; names no specific information they lack.,I tried different wording.,B05_different_wording,recovery_dependent,unknown,False,I usually remember the story around the picture better than its metadata.,C05_story_over_metadata,story_memory,RECALL|EXPRESS|RECOGNIZE|RECOVER,reformulation,1.0,,,my cousin at the concert|M05_recognize_cannot_narrow|B05_different_wording|C05_story_over_metadata,1,False
SIM-0007,Google Play Store,,,"the birthday dinner. I remember roughly when it happened, but not the exact day. I tried different wording. The problem is not taking the photo; it is finding it later.",retrieval_related,,,the birthday dinner,event_social,stated,,"I remember roughly when it happened, but not the exact day.",M07_approx_time_not_day,approximate_time,exact_day,time precision,False,User is attempting to retrieve the birthday dinner; states they remember roughly when it was taken; states they do not remember the exact day.,I tried different wording.,B05_different_wording,recovery_dependent,unknown,False,The problem is not taking the photo; it is finding it later.,C07_finding_not_taking,framing,RECALL|EXPRESS|RECOVER,reformulation,1.0,,,the birthday dinner|M07_approx_time_not_day|B05_different_wording|C07_finding_not_taking,1,False
SIM-0549,Google Photos Community,,,the landlord WhatsApp screenshot. I remember the people and situation but not the date. I switched to another device or photo app.,retrieval_related,,,the landlord WhatsApp screenshot,document_screenshot,stated,,I remember the people and situation but not the date.,M03_people_situation_not_date,people|situation,date,time precision,False,"User is attempting to retrieve the landlord WhatsApp screenshot; states they remember who was there, the situation; states they do not remember the date.",I switched to another device or photo app.,B08_other_device_or_app,exit_path,external_workaround,True,,,,RECALL|RECOVER,strategy_switch|external_workaround,2.0,,,the landlord WhatsApp screenshot|M03_people_situation_not_date|B08_other_device_or_app|,1,False
SIM-0596,Google Photos Community,,,"the concert selfie. I know approximately which year it was, but not the month. I searched for text that might be in the image. There are thousands of images in the account.",retrieval_related,,,the concert selfie,event_social,stated,,"I know approximately which year it was, but not the month.",M10_year_not_month,approximate_time,month,time precision,False,User is attempting to retrieve the concert selfie; states they remember roughly when it was taken; states they do not remember the month.,I searched for text that might be in the image.,B02_text_in_image_search,first_attempt,unknown,False,There are thousands of images in the account.,C02_thousands_of_images,large_library,RECALL|EXPRESS,,0.0,,,the concert selfie|M10_year_not_month|B02_text_in_image_search|C02_thousands_of_images,1,False
SIM-0236,Apple App Store,,,"a picture with my college friends. I remember what the object looked like, but not what it was called. I searched a person's name and then browsed. There are thousands of images in the account.",retrieval_related,,,a picture with my college friends,family_person,stated,,"I remember what the object looked like, but not what it was called.",M02_object_look_not_name,visual_appearance|object,object_name,name,True,"User is attempting to retrieve a picture with my college friends; states they remember how it looked, the object; states they do not remember what the object is called.",I searched a person's name and then browsed.,B09_person_then_browse,recovery_dependent,unknown,False,There are thousands of images in the account.,C02_thousands_of_images,large_library,RECALL|EXPRESS|RECOVER,strategy_switch|browsing,2.0,,,a picture with my college friends|M02_object_look_not_name|B09_person_then_browse|C02_thousands_of_images,1,False
SIM-0594,Google Photos Community,,,"a photo of my grandfather at the wedding. I know approximately which year it was, but not the month. I looked through a very large set of thumbnails. It feels much easier when I know an exact date or person's name.",retrieval_related,,,a photo of my grandfather at the wedding,family_person,judgement,event_social,"I know approximately which year it was, but not the month.",M10_year_not_month,approximate_time,month,time precision,False,User is attempting to retrieve a photo of my grandfather at the wedding; states they remember roughly when it was taken; states they do not remember the month.,I looked through a very large set of thumbnails.,B13_large_thumbnail_set,candidate_inspection,unknown,False,It feels much easier when I know an exact date or person's name.,C04_easier_with_precise_identifier,precise_identifier_contrast,RECALL|EXPRESS|RECOGNIZE,browsing|large_candidate_set,2.0,,,a photo of my grandfather at the wedding|M10_year_not_month|B13_large_thumbnail_set|C04_easier_with_precise_identifier,1,False
SIM-0074,Google Play Store,,,"my daughter wearing the red dress. I remember the place generally, but not its name. I switched to another device or photo app. I know the photo exists because I have seen it before.",retrieval_related,,,my daughter wearing the red dress,family_person,stated,,"I remember the place generally, but not its name.",M04_place_general_not_name,place,place_name,name,False,User is attempting to retrieve my daughter wearing the red dress; states they remember the place in general; states they do not remember the place name.,I switched to another device or photo app.,B08_other_device_or_app,exit_path,external_workaround,True,I know the photo exists because I have seen it before.,C06_knows_photo_exists,existence_certain,RECALL|RECOVER,strategy_switch|external_workaround,2.0,,,my daughter wearing the red dress|M04_place_general_not_name|B08_other_device_or_app|C06_knows_photo_exists,1,False
SIM-0584,Google Photos Community,,,a picture with my college friends. I remember the people and situation but not the date. I gave up and asked someone else to send the photo. I usually remember the story around the picture better than its metadata.,retrieval_related,,,a picture with my college friends,family_person,stated,,I remember the people and situation but not the date.,M03_people_situation_not_date,people|situation,date,time precision,False,"User is attempting to retrieve a picture with my college friends; states they remember who was there, the situation; states they do not remember the date.",I gave up and asked someone else to send the photo.,B10_gave_up_asked_someone,exit_path,abandoned,True,I usually remember the story around the picture better than its metadata.,C05_story_over_metadata,story_memory,RECALL|RECOVER,abandonment|external_workaround,2.0,,,a picture with my college friends|M03_people_situation_not_date|B10_gave_up_asked_someone|C05_story_over_metadata,1,False
SIM-0735,YouTube comments,,,the picture from the day we moved house. I remember what was happening but not the exact words. I opened likely results one by one.,retrieval_related,,,the picture from the day we moved house,event_social,stated,,I remember what was happening but not the exact words.,M12_activity_not_exact_words,activity,exact_wording,exact wording,True,User is attempting to retrieve the picture from the day we moved house; states they remember what was happening; states they do not remember the exact words.,I opened likely results one by one.,B04_open_results_one_by_one,candidate_inspection,unknown,False,,,,RECALL|EXPRESS|RECOGNIZE,candidate_inspection,1.0,,,the picture from the day we moved house|M12_activity_not_exact_words|B04_open_results_one_by_one|,1,False
SIM-0397,Reddit,,,"the waterfall from our road trip. I remember the place generally, but not its name. I opened likely results one by one. Sometimes I get a lot of plausible results and still cannot tell which one is right.",retrieval_related,,,the waterfall from our road trip,travel_place,stated,,"I remember the place generally, but not its name.",M04_place_general_not_name,place,place_name,name,False,User is attempting to retrieve the waterfall from our road trip; states they remember the place in general; states they do not remember the place name.,I opened likely results one by one.,B04_open_results_one_by_one,candidate_inspection,unknown,False,Sometimes I get a lot of plausible results and still cannot tell which one is right.,C08_plausible_cannot_tell,cannot_confirm_candidate,RECALL|MATCH|RECOGNIZE,candidate_inspection|uncertainty|large_candidate_set,3.0,,,the waterfall from our road trip|M04_place_general_not_name|B04_open_results_one_by_one|C08_plausible_cannot_tell,1,False
SIM-0146,Google Play Store,,,"a picture with my college friends. I remember what the object looked like, but not what it was called. I gave up and asked someone else to send the photo. It feels much easier when I know an exact date or person's name.",retrieval_related,,,a picture with my college friends,family_person,stated,,"I remember what the object looked like, but not what it was called.",M02_object_look_not_name,visual_appearance|object,object_name,name,True,"User is attempting to retrieve a picture with my college friends; states they remember how it looked, the object; states they do not remember what the object is called.",I gave up and asked someone else to send the photo.,B10_gave_up_asked_someone,exit_path,abandoned,True,It feels much easier when I know an exact date or person's name.,C04_easier_with_precise_identifier,precise_identifier_contrast,RECALL|EXPRESS|RECOVER,abandonment|external_workaround,2.0,,,a picture with my college friends|M02_object_look_not_name|B10_gave_up_asked_someone|C04_easier_with_precise_identifier,1,False
SIM-0424,Reddit,,,"the boarding pass screenshot. I remember what the object looked like, but not what it was called. I gave up and asked someone else to send the photo.",retrieval_related,,,the boarding pass screenshot,document_screenshot,stated,,"I remember what the object looked like, but not what it was called.",M02_object_look_not_name,visual_appearance|object,object_name,name,True,"User is attempting to retrieve the boarding pass screenshot; states they remember how it looked, the object; states they do not remember what the object is called.",I gave up and asked someone else to send the photo.,B10_gave_up_asked_someone,exit_path,abandoned,True,,,,RECALL|EXPRESS|RECOVER,abandonment|external_workaround,2.0,,,the boarding pass screenshot|M02_object_look_not_name|B10_gave_up_asked_someone|,1,False
SIM-0235,Apple App Store,,,a screenshot of a product I wanted. I remember the story around the photo more clearly than its metadata. I switched between search terms and albums.,retrieval_related,,,a screenshot of a product I wanted,document_screenshot,judgement,physical_object,I remember the story around the photo more clearly than its metadata.,M01_story_over_metadata,story,,,False,User is attempting to retrieve a screenshot of a product I wanted; states they remember the story around it; names no specific information they lack.,I switched between search terms and albums.,B07_switch_terms_albums,recovery_dependent,unknown,False,,,,RECALL|RECOVER,strategy_switch,1.0,,,a screenshot of a product I wanted|M01_story_over_metadata|B07_switch_terms_albums|,1,False
SIM-0221,Apple App Store,,,our Kerala houseboat photos. I remember what was happening but not the exact words. I searched for text that might be in the image. It feels much easier when I know an exact date or person's name.,retrieval_related,,,our Kerala houseboat photos,travel_place,stated,,I remember what was happening but not the exact words.,M12_activity_not_exact_words,activity,exact_wording,exact wording,True,User is attempting to retrieve our Kerala houseboat photos; states they remember what was happening; states they do not remember the exact words.,I searched for text that might be in the image.,B02_text_in_image_search,first_attempt,unknown,False,It feels much easier when I know an exact date or person's name.,C04_easier_with_precise_identifier,precise_identifier_contrast,RECALL|EXPRESS,,0.0,,,our Kerala houseboat photos|M12_activity_not_exact_words|B02_text_in_image_search|C04_easier_with_precise_identifier,1,False
SIM-0320,Reddit,,,"the picture from the day we moved house. I remember the photo exists, but not how I originally found it. I tried an object keyword.",retrieval_related,,,the picture from the day we moved house,event_social,stated,,"I remember the photo exists, but not how I originally found it.",M09_exists_not_original_path,existence,original_retrieval_path,how it was originally found,False,User is attempting to retrieve the picture from the day we moved house; states they remember that the photo exists; states they do not remember how they originally found it.,I tried an object keyword.,B06_object_keyword,first_attempt,unknown,False,,,,RECALL|EXPRESS,,0.0,,,the picture from the day we moved house|M09_exists_not_original_path|B06_object_keyword|,1,False
SIM-0337,Reddit,,,"the concert selfie. I remember the photo exists, but not how I originally found it. I searched a person's name and then browsed. I usually remember the story around the picture better than its metadata.",retrieval_related,,,the concert selfie,event_social,stated,,"I remember the photo exists, but not how I originally found it.",M09_exists_not_original_path,existence,original_retrieval_path,how it was originally found,False,User is attempting to retrieve the concert selfie; states they remember that the photo exists; states they do not remember how they originally found it.,I searched a person's name and then browsed.,B09_person_then_browse,recovery_dependent,unknown,False,I usually remember the story around the picture better than its metadata.,C05_story_over_metadata,story_memory,RECALL|EXPRESS|RECOVER,strategy_switch|browsing,2.0,,,the concert selfie|M09_exists_not_original_path|B09_person_then_browse|C05_story_over_metadata,1,False
SIM-0133,Google Play Store,,,the picture from our office party. I remember the people and situation but not the date. I opened likely results one by one.,retrieval_related,,,the picture from our office party,event_social,stated,,I remember the people and situation but not the date.,M03_people_situation_not_date,people|situation,date,time precision,False,"User is attempting to retrieve the picture from our office party; states they remember who was there, the situation; states they do not remember the date.",I opened likely results one by one.,B04_open_results_one_by_one,candidate_inspection,unknown,False,,,,RECALL|RECOGNIZE,candidate_inspection,1.0,,,the picture from our office party|M03_people_situation_not_date|B04_open_results_one_by_one|,1,False
SIM-0399,Reddit,,,my cousin at the concert. I remember what was happening but not the exact words. I could not find it. There are thousands of images in the account.,retrieval_related,,,my cousin at the concert,family_person,judgement,event_social,I remember what was happening but not the exact words.,M12_activity_not_exact_words,activity,exact_wording,exact wording,True,User is attempting to retrieve my cousin at the concert; states they remember what was happening; states they do not remember the exact words.,I could not find it.,B12_could_not_find,exit_path,failed,True,There are thousands of images in the account.,C02_thousands_of_images,large_library,RECALL|EXPRESS|RECOVER,failure,1.0,,,my cousin at the concert|M12_activity_not_exact_words|B12_could_not_find|C02_thousands_of_images,1,False
SIM-N021,Google Play Store,,,The app is using too much battery.,not_retrieval_related,,,,,,,,,,,,,,,,,,,,,,,,,battery,SIM-N027,,0,True
SIM-0452,Reddit,,,the hotel we stayed at during a trip. I remember the story around the photo more clearly than its metadata. I switched to another device or photo app. I know the photo exists because I have seen it before.,retrieval_related,,,the hotel we stayed at during a trip,travel_place,stated,,I remember the story around the photo more clearly than its metadata.,M01_story_over_metadata,story,,,False,User is attempting to retrieve the hotel we stayed at during a trip; states they remember the story around it; names no specific information they lack.,I switched to another device or photo app.,B08_other_device_or_app,exit_path,external_workaround,True,I know the photo exists because I have seen it before.,C06_knows_photo_exists,existence_certain,RECALL|RECOVER,strategy_switch|external_workaround,2.0,,,the hotel we stayed at during a trip|M01_story_over_metadata|B08_other_device_or_app|C06_knows_photo_exists,1,False
SIM-0042,Google Play Store,,,the recipe screenshot. I remember the story around the photo more clearly than its metadata. I searched by person and place together. It feels much easier when I know an exact date or person's name.,retrieval_related,,,the recipe screenshot,document_screenshot,stated,,I remember the story around the photo more clearly than its metadata.,M01_story_over_metadata,story,,,False,User is attempting to retrieve the recipe screenshot; states they remember the story around it; names no specific information they lack.,I searched by person and place together.,B01_person_place_search,first_attempt,unknown,False,It feels much easier when I know an exact date or person's name.,C04_easier_with_precise_identifier,precise_identifier_contrast,RECALL|EXPRESS,,0.0,,,the recipe screenshot|M01_story_over_metadata|B01_person_place_search|C04_easier_with_precise_identifier,1,False
SIM-0736,YouTube comments,,,"the lamp I wanted to buy. I remember who was there and what we were doing, but not the album. I tried an object keyword. I know the photo exists because I have seen it before.",retrieval_related,,,the lamp I wanted to buy,physical_object,judgement,document_screenshot,"I remember who was there and what we were doing, but not the album.",M08_people_activity_not_album,people|activity,album,album / organisation,False,"User is attempting to retrieve the lamp I wanted to buy; states they remember who was there, what was happening; states they do not remember which album it is in.",I tried an object keyword.,B06_object_keyword,first_attempt,unknown,False,I know the photo exists because I have seen it before.,C06_knows_photo_exists,existence_certain,RECALL|EXPRESS,,0.0,,,the lamp I wanted to buy|M08_people_activity_not_album|B06_object_keyword|C06_knows_photo_exists,1,False
SIM-0109,Google Play Store,,,"the parking sign I photographed. I can recognize it if I see it, but I don't know how to narrow the results. I switched between search terms and albums. I know the photo exists because I have seen it before.",retrieval_related,,,the parking sign I photographed,physical_object,stated,,"I can recognize it if I see it, but I don't know how to narrow the results.",M05_recognize_cannot_narrow,recognition_ability,,,True,User is attempting to retrieve the parking sign I photographed; states they remember that they would recognise it on sight; names no specific information they lack.,I switched between search terms and albums.,B07_switch_terms_albums,recovery_dependent,unknown,False,I know the photo exists because I have seen it before.,C06_knows_photo_exists,existence_certain,RECALL|EXPRESS|RECOGNIZE|RECOVER,strategy_switch,1.0,,,the parking sign I photographed|M05_recognize_cannot_narrow|B07_switch_terms_albums|C06_knows_photo_exists,1,False
SIM-0366,Reddit,,,the birthday dinner. I remember what was happening but not the exact words. I could not find it. There are thousands of images in the account.,retrieval_related,,,the birthday dinner,event_social,stated,,I remember what was happening but not the exact words.,M12_activity_not_exact_words,activity,exact_wording,exact wording,True,User is attempting to retrieve the birthday dinner; states they remember what was happening; states they do not remember the exact words.,I could not find it.,B12_could_not_find,exit_path,failed,True,There are thousands of images in the account.,C02_thousands_of_images,large_library,RECALL|EXPRESS|RECOVER,failure,1.0,,,the birthday dinner|M12_activity_not_exact_words|B12_could_not_find|C02_thousands_of_images,1,False
SIM-0057,Google Play Store,,,"the picture from the day we moved house. I remember what the object looked like, but not what it was called. I used a date range and manually compared candidates. I can recognize the image if I see it, but getting to it is the hard part.",retrieval_related,,,the picture from the day we moved house,event_social,stated,,"I remember what the object looked like, but not what it was called.",M02_object_look_not_name,visual_appearance|object,object_name,name,True,"User is attempting to retrieve the picture from the day we moved house; states they remember how it looked, the object; states they do not remember what the object is called.",I used a date range and manually compared candidates.,B16_date_range_compare,candidate_inspection,unknown,False,"I can recognize the image if I see it, but getting to it is the hard part.",C01_recognize_but_access_hard,recognition_retained,RECALL|EXPRESS|RECOGNIZE,candidate_inspection,1.0,,,the picture from the day we moved house|M02_object_look_not_name|B16_date_range_compare|C01_recognize_but_access_hard,1,False
SIM-0412,Reddit,,,my daughter wearing the red dress. I remember what was happening but not the exact words. I looked through the timeline manually. There are thousands of images in the account.,retrieval_related,,,my daughter wearing the red dress,family_person,stated,,I remember what was happening but not the exact words.,M12_activity_not_exact_words,activity,exact_wording,exact wording,True,User is attempting to retrieve my daughter wearing the red dress; states they remember what was happening; states they do not remember the exact words.,I looked through the timeline manually.,B11_timeline_manual,candidate_inspection,unknown,False,There are thousands of images in the account.,C02_thousands_of_images,large_library,RECALL|EXPRESS|RECOGNIZE|RECOVER,browsing,1.0,,,my daughter wearing the red dress|M12_activity_not_exact_words|B11_timeline_manual|C02_thousands_of_images,1,False
SIM-0487,Google Photos Community,,,"my cousin at the concert. I remember the photo exists, but not how I originally found it. I looked through the timeline manually. Sometimes I get a lot of plausible results and still cannot tell which one is right.",retrieval_related,,,my cousin at the concert,family_person,judgement,event_social,"I remember the photo exists, but not how I originally found it.",M09_exists_not_original_path,existence,original_retrieval_path,how it was originally found,False,User is attempting to retrieve my cousin at the concert; states they remember that the photo exists; states they do not remember how they originally found it.,I looked through the timeline manually.,B11_timeline_manual,candidate_inspection,unknown,False,Sometimes I get a lot of plausible results and still cannot tell which one is right.,C08_plausible_cannot_tell,cannot_confirm_candidate,RECALL|MATCH|RECOGNIZE|RECOVER,browsing|uncertainty|large_candidate_set,3.0,,,my cousin at the concert|M09_exists_not_original_path|B11_timeline_manual|C08_plausible_cannot_tell,1,False
SIM-N039,Forums,,,How do I change the app theme?,not_retrieval_related,,,,,,,,,,,,,,,,,,,,,,,,,settings,,,0,True
SIM-0025,Google Play Store,,,the birthday dinner. I remember a visual detail that is hard to describe in a search box. I searched for text that might be in the image. I usually remember the story around the picture better than its metadata.,retrieval_related,,,the birthday dinner,event_social,stated,,I remember a visual detail that is hard to describe in a search box.,M11_visual_detail_hard_to_describe,visual_appearance,,,True,User is attempting to retrieve the birthday dinner; states they remember how it looked; names no specific information they lack.,I searched for text that might be in the image.,B02_text_in_image_search,first_attempt,unknown,False,I usually remember the story around the picture better than its metadata.,C05_story_over_metadata,story_memory,RECALL|EXPRESS,,0.0,,,the birthday dinner|M11_visual_detail_hard_to_describe|B02_text_in_image_search|C05_story_over_metadata,1,False
SIM-0303,Reddit,,,"the medicine box I photographed. I remember the photo exists, but not how I originally found it. I searched a few keywords and then scrolled. It feels much easier when I know an exact date or person's name.",retrieval_related,,,the medicine box I photographed,medical,judgement,physical_object,"I remember the photo exists, but not how I originally found it.",M09_exists_not_original_path,existence,original_retrieval_path,how it was originally found,False,User is attempting to retrieve the medicine box I photographed; states they remember that the photo exists; states they do not remember how they originally found it.,I searched a few keywords and then scrolled.,B18_keywords_then_scroll,recovery_dependent,unknown,False,It feels much easier when I know an exact date or person's name.,C04_easier_with_precise_identifier,precise_identifier_contrast,RECALL|EXPRESS|RECOVER,strategy_switch|browsing,2.0,,,the medicine box I photographed|M09_exists_not_original_path|B18_keywords_then_scroll|C04_easier_with_precise_identifier,1,False
SIM-0389,Reddit,,,"my cousin at the concert. I remember the photo exists, but not how I originally found it. I searched for text that might be in the image. I know the photo exists because I have seen it before.",retrieval_related,,,my cousin at the concert,family_person,judgement,event_social,"I remember the photo exists, but not how I originally found it.",M09_exists_not_original_path,existence,original_retrieval_path,how it was originally found,False,User is attempting to retrieve my cousin at the concert; states they remember that the photo exists; states they do not remember how they originally found it.,I searched for text that might be in the image.,B02_text_in_image_search,first_attempt,unknown,False,I know the photo exists because I have seen it before.,C06_knows_photo_exists,existence_certain,RECALL|EXPRESS,,0.0,,,my cousin at the concert|M09_exists_not_original_path|B02_text_in_image_search|C06_knows_photo_exists,1,False
SIM-0378,Reddit,,,the insurance document. I remember a visual detail that is hard to describe in a search box. I looked through the timeline manually. I usually remember the story around the picture better than its metadata.,retrieval_related,,,the insurance document,document_screenshot,stated,,I remember a visual detail that is hard to describe in a search box.,M11_visual_detail_hard_to_describe,visual_appearance,,,True,User is attempting to retrieve the insurance document; states they remember how it looked; names no specific information they lack.,I looked through the timeline manually.,B11_timeline_manual,candidate_inspection,unknown,False,I usually remember the story around the picture better than its metadata.,C05_story_over_metadata,story_memory,RECALL|EXPRESS|RECOGNIZE|RECOVER,browsing,1.0,,,the insurance document|M11_visual_detail_hard_to_describe|B11_timeline_manual|C05_story_over_metadata,1,False
SIM-0052,Google Play Store,,,the concert selfie. I remember the people and situation but not the date. I searched by person and place together. There are thousands of images in the account.,retrieval_related,,,the concert selfie,event_social,stated,,I remember the people and situation but not the date.,M03_people_situation_not_date,people|situation,date,time precision,False,"User is attempting to retrieve the concert selfie; states they remember who was there, the situation; states they do not remember the date.",I searched by person and place together.,B01_person_place_search,first_attempt,unknown,False,There are thousands of images in the account.,C02_thousands_of_images,large_library,RECALL|EXPRESS,,0.0,,,the concert selfie|M03_people_situation_not_date|B01_person_place_search|C02_thousands_of_images,1,False
SIM-0352,Reddit,,,"a photo of my grandparents' wedding album. I can recognize it if I see it, but I don't know how to narrow the results. I switched to another device or photo app.",retrieval_related,,,a photo of my grandparents' wedding album,family_person,judgement,event_social,"I can recognize it if I see it, but I don't know how to narrow the results.",M05_recognize_cannot_narrow,recognition_ability,,,True,User is attempting to retrieve a photo of my grandparents' wedding album; states they remember that they would recognise it on sight; names no specific information they lack.,I switched to another device or photo app.,B08_other_device_or_app,exit_path,external_workaround,True,,,,RECALL|EXPRESS|RECOGNIZE|RECOVER,strategy_switch|external_workaround,2.0,,,a photo of my grandparents' wedding album|M05_recognize_cannot_narrow|B08_other_device_or_app|,1,False
SIM-0771,Forums,,,"a yellow truck. I remember what the object looked like, but not what it was called. I used a date range and manually compared candidates. There are thousands of images in the account.",retrieval_related,,,a yellow truck,unspecified_object,judgement,physical_object,"I remember what the object looked like, but not what it was called.",M02_object_look_not_name,visual_appearance|object,object_name,name,True,"User is attempting to retrieve a yellow truck; states they remember how it looked, the object; states they do not remember what the object is called.",I used a date range and manually compared candidates.,B16_date_range_compare,candidate_inspection,unknown,False,There are thousands of images in the account.,C02_thousands_of_images,large_library,RECALL|EXPRESS|RECOGNIZE,candidate_inspection,1.0,,,a yellow truck|M02_object_look_not_name|B16_date_range_compare|C02_thousands_of_images,1,False
SIM-0265,Apple App Store,,,a photo of my grandfather at the wedding. I remember what was happening but not the exact words. I tried an object keyword. I know the photo exists because I have seen it before.,retrieval_related,,,a photo of my grandfather at the wedding,family_person,judgement,event_social,I remember what was happening but not the exact words.,M12_activity_not_exact_words,activity,exact_wording,exact wording,True,User is attempting to retrieve a photo of my grandfather at the wedding; states they remember what was happening; states they do not remember the exact words.,I tried an object keyword.,B06_object_keyword,first_attempt,unknown,False,I know the photo exists because I have seen it before.,C06_knows_photo_exists,existence_certain,RECALL|EXPRESS,,0.0,,,a photo of my grandfather at the wedding|M12_activity_not_exact_words|B06_object_keyword|C06_knows_photo_exists,1,False
SIM-0742,YouTube comments,,,the hotel we stayed at during a trip. I remember a visual detail that is hard to describe in a search box. I opened likely results one by one. The problem is not taking the photo; it is finding it later.,retrieval_related,,,the hotel we stayed at during a trip,travel_place,stated,,I remember a visual detail that is hard to describe in a search box.,M11_visual_detail_hard_to_describe,visual_appearance,,,True,User is attempting to retrieve the hotel we stayed at during a trip; states they remember how it looked; names no specific information they lack.,I opened likely results one by one.,B04_open_results_one_by_one,candidate_inspection,unknown,False,The problem is not taking the photo; it is finding it later.,C07_finding_not_taking,framing,RECALL|EXPRESS|RECOGNIZE,candidate_inspection,1.0,,,the hotel we stayed at during a trip|M11_visual_detail_hard_to_describe|B04_open_results_one_by_one|C07_finding_not_taking,1,False
SIM-0583,Google Photos Community,,,"the old meme I saved. I remember roughly when it happened, but not the exact day. I found a similar photo but not the exact one. I have been using Photos for years.",retrieval_related,,,the old meme I saved,document_screenshot,judgement,event_social,"I remember roughly when it happened, but not the exact day.",M07_approx_time_not_day,approximate_time,exact_day,time precision,False,User is attempting to retrieve the old meme I saved; states they remember roughly when it was taken; states they do not remember the exact day.,I found a similar photo but not the exact one.,B14_similar_not_exact,candidate_inspection,similar_uncertain,True,I have been using Photos for years.,C03_years_of_use,long_tenure,RECALL|RECOGNIZE,uncertainty,1.0,,,the old meme I saved|M07_approx_time_not_day|B14_similar_not_exact|C03_years_of_use,1,False
SIM-0425,Reddit,,,"the photo of a prescription. I remember the color, setting, or people but not a useful keyword. I searched by date and got too many results. I can recognize the image if I see it, but getting to it is the hard part.",retrieval_related,,,the photo of a prescription,medical,stated,,"I remember the color, setting, or people but not a useful keyword.",M06_color_setting_people_no_keyword,color|setting|people,searchable_keyword,search keyword,True,"User is attempting to retrieve the photo of a prescription; states they remember colours, the setting, who was there; states they do not remember a useful search keyword.",I searched by date and got too many results.,B03_date_search_too_many,candidate_inspection,unknown,False,"I can recognize the image if I see it, but getting to it is the hard part.",C01_recognize_but_access_hard,recognition_retained,RECALL|EXPRESS|MATCH|RECOGNIZE,large_candidate_set,1.0,,,the photo of a prescription|M06_color_setting_people_no_keyword|B03_date_search_too_many|C01_recognize_but_access_hard,1,False
SIM-0589,Google Photos Community,,,"our Diwali family photo. I know approximately which year it was, but not the month. I found a similar photo but not the exact one. There are thousands of images in the account.",retrieval_related,,,our Diwali family photo,family_person,judgement,event_social,"I know approximately which year it was, but not the month.",M10_year_not_month,approximate_time,month,time precision,False,User is attempting to retrieve our Diwali family photo; states they remember roughly when it was taken; states they do not remember the month.,I found a similar photo but not the exact one.,B14_similar_not_exact,candidate_inspection,similar_uncertain,True,There are thousands of images in the account.,C02_thousands_of_images,large_library,RECALL|RECOGNIZE,uncertainty,1.0,,,our Diwali family photo|M10_year_not_month|B14_similar_not_exact|C02_thousands_of_images,1,False
SIM-0019,Google Play Store,,,the concert selfie. I remember what was happening but not the exact words. I tried several related words. There are thousands of images in the account.,retrieval_related,,,the concert selfie,event_social,stated,,I remember what was happening but not the exact words.,M12_activity_not_exact_words,activity,exact_wording,exact wording,True,User is attempting to retrieve the concert selfie; states they remember what was happening; states they do not remember the exact words.,I tried several related words.,B17_several_related_words,recovery_dependent,unknown,False,There are thousands of images in the account.,C02_thousands_of_images,large_library,RECALL|EXPRESS|RECOVER,reformulation|repeated_attempts,2.0,,,the concert selfie|M12_activity_not_exact_words|B17_several_related_words|C02_thousands_of_images,1,False
SIM-0617,Social media,,,"my daughter wearing the red dress. I remember roughly when it happened, but not the exact day. I used a date range and manually compared candidates. I can recognize the image if I see it, but getting to it is the hard part.",retrieval_related,,,my daughter wearing the red dress,family_person,stated,,"I remember roughly when it happened, but not the exact day.",M07_approx_time_not_day,approximate_time,exact_day,time precision,False,User is attempting to retrieve my daughter wearing the red dress; states they remember roughly when it was taken; states they do not remember the exact day.,I used a date range and manually compared candidates.,B16_date_range_compare,candidate_inspection,unknown,False,"I can recognize the image if I see it, but getting to it is the hard part.",C01_recognize_but_access_hard,recognition_retained,RECALL|EXPRESS|RECOGNIZE,candidate_inspection,1.0,,,my daughter wearing the red dress|M07_approx_time_not_day|B16_date_range_compare|C01_recognize_but_access_hard,1,False
SIM-0291,Apple App Store,,,"that small cafe from our Goa trip. I know approximately which year it was, but not the month. I looked through a very large set of thumbnails. Sometimes I get a lot of plausible results and still cannot tell which one is right.",retrieval_related,,,that small cafe from our Goa trip,travel_place,stated,,"I know approximately which year it was, but not the month.",M10_year_not_month,approximate_time,month,time precision,False,User is attempting to retrieve that small cafe from our Goa trip; states they remember roughly when it was taken; states they do not remember the month.,I looked through a very large set of thumbnails.,B13_large_thumbnail_set,candidate_inspection,unknown,False,Sometimes I get a lot of plausible results and still cannot tell which one is right.,C08_plausible_cannot_tell,cannot_confirm_candidate,RECALL|MATCH|RECOGNIZE,browsing|large_candidate_set|uncertainty,3.0,,,that small cafe from our Goa trip|M10_year_not_month|B13_large_thumbnail_set|C08_plausible_cannot_tell,1,False
SIM-0084,Google Play Store,,,"the picture from the day we moved house. I remember roughly when it happened, but not the exact day. I tried several related words. There are thousands of images in the account.",retrieval_related,,,the picture from the day we moved house,event_social,stated,,"I remember roughly when it happened, but not the exact day.",M07_approx_time_not_day,approximate_time,exact_day,time precision,False,User is attempting to retrieve the picture from the day we moved house; states they remember roughly when it was taken; states they do not remember the exact day.,I tried several related words.,B17_several_related_words,recovery_dependent,unknown,False,There are thousands of images in the account.,C02_thousands_of_images,large_library,RECALL|EXPRESS|RECOVER,reformulation|repeated_attempts,2.0,,,the picture from the day we moved house|M07_approx_time_not_day|B17_several_related_words|C02_thousands_of_images,1,False
SIM-0062,Google Play Store,,,"the medicine box I photographed. I remember who was there and what we were doing, but not the album. I found a similar photo but not the exact one. It feels much easier when I know an exact date or person's name.",retrieval_related,,,the medicine box I photographed,medical,judgement,physical_object,"I remember who was there and what we were doing, but not the album.",M08_people_activity_not_album,people|activity,album,album / organisation,False,"User is attempting to retrieve the medicine box I photographed; states they remember who was there, what was happening; states they do not remember which album it is in.",I found a similar photo but not the exact one.,B14_similar_not_exact,candidate_inspection,similar_uncertain,True,It feels much easier when I know an exact date or person's name.,C04_easier_with_precise_identifier,precise_identifier_contrast,RECALL|EXPRESS|RECOGNIZE,uncertainty,1.0,,,the medicine box I photographed|M08_people_activity_not_album|B14_similar_not_exact|C04_easier_with_precise_identifier,1,False
SIM-0491,Google Photos Community,,,the boarding pass screenshot. I remember the story around the photo more clearly than its metadata. I switched to another device or photo app. The problem is not taking the photo; it is finding it later.,retrieval_related,,,the boarding pass screenshot,document_screenshot,stated,,I remember the story around the photo more clearly than its metadata.,M01_story_over_metadata,story,,,False,User is attempting to retrieve the boarding pass screenshot; states they remember the story around it; names no specific information they lack.,I switched to another device or photo app.,B08_other_device_or_app,exit_path,external_workaround,True,The problem is not taking the photo; it is finding it later.,C07_finding_not_taking,framing,RECALL|RECOVER,strategy_switch|external_workaround,2.0,,,the boarding pass screenshot|M01_story_over_metadata|B08_other_device_or_app|C07_finding_not_taking,1,False
SIM-0286,Apple App Store,,,"our Kerala houseboat photos. I know approximately which year it was, but not the month. I switched to another device or photo app. It feels much easier when I know an exact date or person's name.",retrieval_related,,,our Kerala houseboat photos,travel_place,stated,,"I know approximately which year it was, but not the month.",M10_year_not_month,approximate_time,month,time precision,False,User is attempting to retrieve our Kerala houseboat photos; states they remember roughly when it was taken; states they do not remember the month.,I switched to another device or photo app.,B08_other_device_or_app,exit_path,external_workaround,True,It feels much easier when I know an exact date or person's name.,C04_easier_with_precise_identifier,precise_identifier_contrast,RECALL|EXPRESS|RECOVER,strategy_switch|external_workaround,2.0,,,our Kerala houseboat photos|M10_year_not_month|B08_other_device_or_app|C04_easier_with_precise_identifier,1,False
SIM-0310,Reddit,,,"a picture with my college friends. I remember the color, setting, or people but not a useful keyword. I searched by date and got too many results. It feels much easier when I know an exact date or person's name.",retrieval_related,,,a picture with my college friends,family_person,stated,,"I remember the color, setting, or people but not a useful keyword.",M06_color_setting_people_no_keyword,color|setting|people,searchable_keyword,search keyword,True,"User is attempting to retrieve a picture with my college friends; states they remember colours, the setting, who was there; states they do not remember a useful search keyword.",I searched by date and got too many results.,B03_date_search_too_many,candidate_inspection,unknown,False,It feels much easier when I know an exact date or person's name.,C04_easier_with_precise_identifier,precise_identifier_contrast,RECALL|EXPRESS|MATCH,large_candidate_set,1.0,,,a picture with my college friends|M06_color_setting_people_no_keyword|B03_date_search_too_many|C04_easier_with_precise_identifier,1,False
SIM-0405,Reddit,,,the landlord WhatsApp screenshot. I remember the story around the photo more clearly than its metadata. I searched by person and place together. Sometimes I get a lot of plausible results and still cannot tell which one is right.,retrieval_related,,,the landlord WhatsApp screenshot,document_screenshot,stated,,I remember the story around the photo more clearly than its metadata.,M01_story_over_metadata,story,,,False,User is attempting to retrieve the landlord WhatsApp screenshot; states they remember the story around it; names no specific information they lack.,I searched by person and place together.,B01_person_place_search,first_attempt,unknown,False,Sometimes I get a lot of plausible results and still cannot tell which one is right.,C08_plausible_cannot_tell,cannot_confirm_candidate,RECALL|EXPRESS|MATCH|RECOGNIZE,uncertainty|large_candidate_set,2.0,,,the landlord WhatsApp screenshot|M01_story_over_metadata|B01_person_place_search|C08_plausible_cannot_tell,1,False
SIM-N005,Forums,,,I need help with partner sharing.,not_retrieval_related,,,,,,,,,,,,,,,,,,,,,,,,,sharing,SIM-N037,,0,True
SIM-0183,Apple App Store,,,"a photo of my grandfather at the wedding. I remember what the object looked like, but not what it was called. I tried different wording. I can recognize the image if I see it, but getting to it is the hard part.",retrieval_related,,,a photo of my grandfather at the wedding,family_person,judgement,event_social,"I remember what the object looked like, but not what it was called.",M02_object_look_not_name,visual_appearance|object,object_name,name,True,"User is attempting to retrieve a photo of my grandfather at the wedding; states they remember how it looked, the object; states they do not remember what the object is called.",I tried different wording.,B05_different_wording,recovery_dependent,unknown,False,"I can recognize the image if I see it, but getting to it is the hard part.",C01_recognize_but_access_hard,recognition_retained,RECALL|EXPRESS|RECOGNIZE|RECOVER,reformulation,1.0,,,a photo of my grandfather at the wedding|M02_object_look_not_name|B05_different_wording|C01_recognize_but_access_hard,1,False
SIM-0333,Reddit,,,"the old family group photo. I remember the place generally, but not its name. I searched for text that might be in the image. I can recognize the image if I see it, but getting to it is the hard part.",retrieval_related,,,the old family group photo,family_person,stated,,"I remember the place generally, but not its name.",M04_place_general_not_name,place,place_name,name,False,User is attempting to retrieve the old family group photo; states they remember the place in general; states they do not remember the place name.,I searched for text that might be in the image.,B02_text_in_image_search,first_attempt,unknown,False,"I can recognize the image if I see it, but getting to it is the hard part.",C01_recognize_but_access_hard,recognition_retained,RECALL|EXPRESS|RECOGNIZE,,0.0,,,the old family group photo|M04_place_general_not_name|B02_text_in_image_search|C01_recognize_but_access_hard,1,False
SIM-0526,Google Photos Community,,,"the hotel we stayed at during a trip. I can recognize it if I see it, but I don't know how to narrow the results. I looked through a very large set of thumbnails. There are thousands of images in the account.",retrieval_related,,,the hotel we stayed at during a trip,travel_place,stated,,"I can recognize it if I see it, but I don't know how to narrow the results.",M05_recognize_cannot_narrow,recognition_ability,,,True,User is attempting to retrieve the hotel we stayed at during a trip; states they remember that they would recognise it on sight; names no specific information they lack.,I looked through a very large set of thumbnails.,B13_large_thumbnail_set,candidate_inspection,unknown,False,There are thousands of images in the account.,C02_thousands_of_images,large_library,RECALL|EXPRESS|RECOGNIZE,browsing|large_candidate_set,2.0,,,the hotel we stayed at during a trip|M05_recognize_cannot_narrow|B13_large_thumbnail_set|C02_thousands_of_images,1,False
SIM-0224,Apple App Store,,,the insurance document. I remember what was happening but not the exact words. I tried several related words. I have been using Photos for years.,retrieval_related,,,the insurance document,document_screenshot,stated,,I remember what was happening but not the exact words.,M12_activity_not_exact_words,activity,exact_wording,exact wording,True,User is attempting to retrieve the insurance document; states they remember what was happening; states they do not remember the exact words.,I tried several related words.,B17_several_related_words,recovery_dependent,unknown,False,I have been using Photos for years.,C03_years_of_use,long_tenure,RECALL|EXPRESS|RECOVER,reformulation|repeated_attempts,2.0,,,the insurance document|M12_activity_not_exact_words|B17_several_related_words|C03_years_of_use,1,False
SIM-0523,Google Photos Community,,,the concert selfie. I remember a visual detail that is hard to describe in a search box. I switched to another device or photo app. Sometimes I get a lot of plausible results and still cannot tell which one is right.,retrieval_related,,,the concert selfie,event_social,stated,,I remember a visual detail that is hard to describe in a search box.,M11_visual_detail_hard_to_describe,visual_appearance,,,True,User is attempting to retrieve the concert selfie; states they remember how it looked; names no specific information they lack.,I switched to another device or photo app.,B08_other_device_or_app,exit_path,external_workaround,True,Sometimes I get a lot of plausible results and still cannot tell which one is right.,C08_plausible_cannot_tell,cannot_confirm_candidate,RECALL|EXPRESS|MATCH|RECOGNIZE|RECOVER,strategy_switch|external_workaround|uncertainty|large_candidate_set,4.0,,,the concert selfie|M11_visual_detail_hard_to_describe|B08_other_device_or_app|C08_plausible_cannot_tell,1,False
SIM-0498,Google Photos Community,,,a screenshot of a product I wanted. I remember a visual detail that is hard to describe in a search box. I searched by date and got too many results. I have been using Photos for years.,retrieval_related,,,a screenshot of a product I wanted,document_screenshot,judgement,physical_object,I remember a visual detail that is hard to describe in a search box.,M11_visual_detail_hard_to_describe,visual_appearance,,,True,User is attempting to retrieve a screenshot of a product I wanted; states they remember how it looked; names no specific information they lack.,I searched by date and got too many results.,B03_date_search_too_many,candidate_inspection,unknown,False,I have been using Photos for years.,C03_years_of_use,long_tenure,RECALL|EXPRESS|MATCH,large_candidate_set,1.0,,,a screenshot of a product I wanted|M11_visual_detail_hard_to_describe|B03_date_search_too_many|C03_years_of_use,1,False
SIM-0339,Reddit,,,"the waterfall from our road trip. I remember what the object looked like, but not what it was called. I used a date range and manually compared candidates.",retrieval_related,,,the waterfall from our road trip,travel_place,stated,,"I remember what the object looked like, but not what it was called.",M02_object_look_not_name,visual_appearance|object,object_name,name,True,"User is attempting to retrieve the waterfall from our road trip; states they remember how it looked, the object; states they do not remember what the object is called.",I used a date range and manually compared candidates.,B16_date_range_compare,candidate_inspection,unknown,False,,,,RECALL|EXPRESS|RECOGNIZE,candidate_inspection,1.0,,,the waterfall from our road trip|M02_object_look_not_name|B16_date_range_compare|,1,False
SIM-0382,Reddit,,,"the parking sign I photographed. I remember roughly when it happened, but not the exact day. I looked through the timeline manually. I know the photo exists because I have seen it before.",retrieval_related,,,the parking sign I photographed,physical_object,stated,,"I remember roughly when it happened, but not the exact day.",M07_approx_time_not_day,approximate_time,exact_day,time precision,False,User is attempting to retrieve the parking sign I photographed; states they remember roughly when it was taken; states they do not remember the exact day.,I looked through the timeline manually.,B11_timeline_manual,candidate_inspection,unknown,False,I know the photo exists because I have seen it before.,C06_knows_photo_exists,existence_certain,RECALL|RECOGNIZE|RECOVER,browsing,1.0,,,the parking sign I photographed|M07_approx_time_not_day|B11_timeline_manual|C06_knows_photo_exists,1,False
SIM-0471,Google Photos Community,,,that small cafe from our Goa trip. I remember what was happening but not the exact words. I searched by person and place together.,retrieval_related,,,that small cafe from our Goa trip,travel_place,stated,,I remember what was happening but not the exact words.,M12_activity_not_exact_words,activity,exact_wording,exact wording,True,User is attempting to retrieve that small cafe from our Goa trip; states they remember what was happening; states they do not remember the exact words.,I searched by person and place together.,B01_person_place_search,first_attempt,unknown,False,,,,RECALL|EXPRESS,,0.0,,,that small cafe from our Goa trip|M12_activity_not_exact_words|B01_person_place_search|,1,False
SIM-0520,Google Photos Community,,,"the old meme I saved. I know approximately which year it was, but not the month. I gave up and asked someone else to send the photo. It feels much easier when I know an exact date or person's name.",retrieval_related,,,the old meme I saved,document_screenshot,judgement,event_social,"I know approximately which year it was, but not the month.",M10_year_not_month,approximate_time,month,time precision,False,User is attempting to retrieve the old meme I saved; states they remember roughly when it was taken; states they do not remember the month.,I gave up and asked someone else to send the photo.,B10_gave_up_asked_someone,exit_path,abandoned,True,It feels much easier when I know an exact date or person's name.,C04_easier_with_precise_identifier,precise_identifier_contrast,RECALL|EXPRESS|RECOVER,abandonment|external_workaround,2.0,,,the old meme I saved|M10_year_not_month|B10_gave_up_asked_someone|C04_easier_with_precise_identifier,1,False
SIM-0177,Google Play Store,,,"the old family group photo. I remember the place generally, but not its name. I tried different wording.",retrieval_related,,,the old family group photo,family_person,stated,,"I remember the place generally, but not its name.",M04_place_general_not_name,place,place_name,name,False,User is attempting to retrieve the old family group photo; states they remember the place in general; states they do not remember the place name.,I tried different wording.,B05_different_wording,recovery_dependent,unknown,False,,,,RECALL|EXPRESS|RECOVER,reformulation,1.0,,,the old family group photo|M04_place_general_not_name|B05_different_wording|,1,False
SIM-0571,Google Photos Community,,,our Diwali family photo. I remember the story around the photo more clearly than its metadata. I tried several related words. There are thousands of images in the account.,retrieval_related,,,our Diwali family photo,family_person,judgement,event_social,I remember the story around the photo more clearly than its metadata.,M01_story_over_metadata,story,,,False,User is attempting to retrieve our Diwali family photo; states they remember the story around it; names no specific information they lack.,I tried several related words.,B17_several_related_words,recovery_dependent,unknown,False,There are thousands of images in the account.,C02_thousands_of_images,large_library,RECALL|EXPRESS|RECOVER,reformulation|repeated_attempts,2.0,,,our Diwali family photo|M01_story_over_metadata|B17_several_related_words|C02_thousands_of_images,1,False
SIM-0768,Forums,,,the boarding pass screenshot. I remember the people and situation but not the date. I switched between search terms and albums. It feels much easier when I know an exact date or person's name.,retrieval_related,,,the boarding pass screenshot,document_screenshot,stated,,I remember the people and situation but not the date.,M03_people_situation_not_date,people|situation,date,time precision,False,"User is attempting to retrieve the boarding pass screenshot; states they remember who was there, the situation; states they do not remember the date.",I switched between search terms and albums.,B07_switch_terms_albums,recovery_dependent,unknown,False,It feels much easier when I know an exact date or person's name.,C04_easier_with_precise_identifier,precise_identifier_contrast,RECALL|EXPRESS|RECOVER,strategy_switch,1.0,,,the boarding pass screenshot|M03_people_situation_not_date|B07_switch_terms_albums|C04_easier_with_precise_identifier,1,False
SIM-0164,Google Play Store,,,the hotel we stayed at during a trip. I remember what was happening but not the exact words. I switched between search terms and albums. I know the photo exists because I have seen it before.,retrieval_related,,,the hotel we stayed at during a trip,travel_place,stated,,I remember what was happening but not the exact words.,M12_activity_not_exact_words,activity,exact_wording,exact wording,True,User is attempting to retrieve the hotel we stayed at during a trip; states they remember what was happening; states they do not remember the exact words.,I switched between search terms and albums.,B07_switch_terms_albums,recovery_dependent,unknown,False,I know the photo exists because I have seen it before.,C06_knows_photo_exists,existence_certain,RECALL|EXPRESS|RECOVER,strategy_switch,1.0,,,the hotel we stayed at during a trip|M12_activity_not_exact_words|B07_switch_terms_albums|C06_knows_photo_exists,1,False
SIM-0249,Apple App Store,,,"the boarding pass screenshot. I remember the photo exists, but not how I originally found it. I searched a person's name and then browsed. It feels much easier when I know an exact date or person's name.",retrieval_related,,,the boarding pass screenshot,document_screenshot,stated,,"I remember the photo exists, but not how I originally found it.",M09_exists_not_original_path,existence,original_retrieval_path,how it was originally found,False,User is attempting to retrieve the boarding pass screenshot; states they remember that the photo exists; states they do not remember how they originally found it.,I searched a person's name and then browsed.,B09_person_then_browse,recovery_dependent,unknown,False,It feels much easier when I know an exact date or person's name.,C04_easier_with_precise_identifier,precise_identifier_contrast,RECALL|EXPRESS|RECOVER,strategy_switch|browsing,2.0,,,the boarding pass screenshot|M09_exists_not_original_path|B09_person_then_browse|C04_easier_with_precise_identifier,1,False
SIM-0543,Google Photos Community,,,the birthday dinner. I remember the story around the photo more clearly than its metadata. I looked through a very large set of thumbnails.,retrieval_related,,,the birthday dinner,event_social,stated,,I remember the story around the photo more clearly than its metadata.,M01_story_over_metadata,story,,,False,User is attempting to retrieve the birthday dinner; states they remember the story around it; names no specific information they lack.,I looked through a very large set of thumbnails.,B13_large_thumbnail_set,candidate_inspection,unknown,False,,,,RECALL|RECOGNIZE,browsing|large_candidate_set,2.0,,,the birthday dinner|M01_story_over_metadata|B13_large_thumbnail_set|,1,False
SIM-0744,YouTube comments,,,"the restaurant near Tokyo station. I know approximately which year it was, but not the month. I searched a few keywords and then scrolled. There are thousands of images in the account.",retrieval_related,,,the restaurant near Tokyo station,travel_place,stated,,"I know approximately which year it was, but not the month.",M10_year_not_month,approximate_time,month,time precision,False,User is attempting to retrieve the restaurant near Tokyo station; states they remember roughly when it was taken; states they do not remember the month.,I searched a few keywords and then scrolled.,B18_keywords_then_scroll,recovery_dependent,unknown,False,There are thousands of images in the account.,C02_thousands_of_images,large_library,RECALL|EXPRESS|RECOVER,strategy_switch|browsing,2.0,,,the restaurant near Tokyo station|M10_year_not_month|B18_keywords_then_scroll|C02_thousands_of_images,1,False
SIM-0075,Google Play Store,,,"the birthday dinner. I remember who was there and what we were doing, but not the album. I could not find it. There are thousands of images in the account.",retrieval_related,,,the birthday dinner,event_social,stated,,"I remember who was there and what we were doing, but not the album.",M08_people_activity_not_album,people|activity,album,album / organisation,False,"User is attempting to retrieve the birthday dinner; states they remember who was there, what was happening; states they do not remember which album it is in.",I could not find it.,B12_could_not_find,exit_path,failed,True,There are thousands of images in the account.,C02_thousands_of_images,large_library,RECALL|RECOVER,failure,1.0,,,the birthday dinner|M08_people_activity_not_album|B12_could_not_find|C02_thousands_of_images,1,False
SIM-0502,Google Photos Community,,,"the sangeet. I remember what the object looked like, but not what it was called. I opened likely results one by one.",retrieval_related,,,the sangeet,event_social,stated,,"I remember what the object looked like, but not what it was called.",M02_object_look_not_name,visual_appearance|object,object_name,name,True,"User is attempting to retrieve the sangeet; states they remember how it looked, the object; states they do not remember what the object is called.",I opened likely results one by one.,B04_open_results_one_by_one,candidate_inspection,unknown,False,,,,RECALL|EXPRESS|RECOGNIZE,candidate_inspection,1.0,,,the sangeet|M02_object_look_not_name|B04_open_results_one_by_one|,1,False
SIM-0500,Google Photos Community,,,a screenshot of a product I wanted. I remember the story around the photo more clearly than its metadata. I searched by date and got too many results. It feels much easier when I know an exact date or person's name.,retrieval_related,,,a screenshot of a product I wanted,document_screenshot,judgement,physical_object,I remember the story around the photo more clearly than its metadata.,M01_story_over_metadata,story,,,False,User is attempting to retrieve a screenshot of a product I wanted; states they remember the story around it; names no specific information they lack.,I searched by date and got too many results.,B03_date_search_too_many,candidate_inspection,unknown,False,It feels much easier when I know an exact date or person's name.,C04_easier_with_precise_identifier,precise_identifier_contrast,RECALL|EXPRESS|MATCH,large_candidate_set,1.0,,,a screenshot of a product I wanted|M01_story_over_metadata|B03_date_search_too_many|C04_easier_with_precise_identifier,1,False
SIM-0105,Google Play Store,,,the hotel we stayed at during a trip. I remember the story around the photo more clearly than its metadata. I tried several related words. The problem is not taking the photo; it is finding it later.,retrieval_related,,,the hotel we stayed at during a trip,travel_place,stated,,I remember the story around the photo more clearly than its metadata.,M01_story_over_metadata,story,,,False,User is attempting to retrieve the hotel we stayed at during a trip; states they remember the story around it; names no specific information they lack.,I tried several related words.,B17_several_related_words,recovery_dependent,unknown,False,The problem is not taking the photo; it is finding it later.,C07_finding_not_taking,framing,RECALL|EXPRESS|RECOVER,reformulation|repeated_attempts,2.0,,,the hotel we stayed at during a trip|M01_story_over_metadata|B17_several_related_words|C07_finding_not_taking,1,False
SIM-0115,Google Play Store,,,"the medicine box I photographed. I remember the photo exists, but not how I originally found it. I found it after several attempts.",retrieval_related,,,the medicine box I photographed,medical,judgement,physical_object,"I remember the photo exists, but not how I originally found it.",M09_exists_not_original_path,existence,original_retrieval_path,how it was originally found,False,User is attempting to retrieve the medicine box I photographed; states they remember that the photo exists; states they do not remember how they originally found it.,I found it after several attempts.,B15_found_after_several_attempts,recovery_dependent,found_with_effort,True,,,,RECALL|RECOVER,repeated_attempts,1.0,,,the medicine box I photographed|M09_exists_not_original_path|B15_found_after_several_attempts|,1,False
SIM-0413,Reddit,,,"the lamp I wanted to buy. I remember who was there and what we were doing, but not the album. I switched to another device or photo app. I have been using Photos for years.",retrieval_related,,,the lamp I wanted to buy,physical_object,judgement,document_screenshot,"I remember who was there and what we were doing, but not the album.",M08_people_activity_not_album,people|activity,album,album / organisation,False,"User is attempting to retrieve the lamp I wanted to buy; states they remember who was there, what was happening; states they do not remember which album it is in.",I switched to another device or photo app.,B08_other_device_or_app,exit_path,external_workaround,True,I have been using Photos for years.,C03_years_of_use,long_tenure,RECALL|RECOVER,strategy_switch|external_workaround,2.0,,,the lamp I wanted to buy|M08_people_activity_not_album|B08_other_device_or_app|C03_years_of_use,1,False
SIM-0093,Google Play Store,,,the old meme I saved. I remember a visual detail that is hard to describe in a search box. I looked through a very large set of thumbnails.,retrieval_related,,,the old meme I saved,document_screenshot,judgement,event_social,I remember a visual detail that is hard to describe in a search box.,M11_visual_detail_hard_to_describe,visual_appearance,,,True,User is attempting to retrieve the old meme I saved; states they remember how it looked; names no specific information they lack.,I looked through a very large set of thumbnails.,B13_large_thumbnail_set,candidate_inspection,unknown,False,,,,RECALL|EXPRESS|RECOGNIZE,browsing|large_candidate_set,2.0,,,the old meme I saved|M11_visual_detail_hard_to_describe|B13_large_thumbnail_set|,1,False
SIM-0437,Reddit,,,"a yellow truck. I remember roughly when it happened, but not the exact day. I tried different wording. I can recognize the image if I see it, but getting to it is the hard part.",retrieval_related,,,a yellow truck,unspecified_object,judgement,physical_object,"I remember roughly when it happened, but not the exact day.",M07_approx_time_not_day,approximate_time,exact_day,time precision,False,User is attempting to retrieve a yellow truck; states they remember roughly when it was taken; states they do not remember the exact day.,I tried different wording.,B05_different_wording,recovery_dependent,unknown,False,"I can recognize the image if I see it, but getting to it is the hard part.",C01_recognize_but_access_hard,recognition_retained,RECALL|EXPRESS|RECOGNIZE|RECOVER,reformulation,1.0,,,a yellow truck|M07_approx_time_not_day|B05_different_wording|C01_recognize_but_access_hard,1,False
SIM-0090,Google Play Store,,,"the restaurant near Tokyo station. I remember roughly when it happened, but not the exact day. I found a similar photo but not the exact one.",retrieval_related,,,the restaurant near Tokyo station,travel_place,stated,,"I remember roughly when it happened, but not the exact day.",M07_approx_time_not_day,approximate_time,exact_day,time precision,False,User is attempting to retrieve the restaurant near Tokyo station; states they remember roughly when it was taken; states they do not remember the exact day.,I found a similar photo but not the exact one.,B14_similar_not_exact,candidate_inspection,similar_uncertain,True,,,,RECALL|RECOGNIZE,uncertainty,1.0,,,the restaurant near Tokyo station|M07_approx_time_not_day|B14_similar_not_exact|,1,False
SIM-0457,Google Photos Community,,,"the recipe screenshot. I remember roughly when it happened, but not the exact day. I searched by person and place together. Sometimes I get a lot of plausible results and still cannot tell which one is right.",retrieval_related,,,the recipe screenshot,document_screenshot,stated,,"I remember roughly when it happened, but not the exact day.",M07_approx_time_not_day,approximate_time,exact_day,time precision,False,User is attempting to retrieve the recipe screenshot; states they remember roughly when it was taken; states they do not remember the exact day.,I searched by person and place together.,B01_person_place_search,first_attempt,unknown,False,Sometimes I get a lot of plausible results and still cannot tell which one is right.,C08_plausible_cannot_tell,cannot_confirm_candidate,RECALL|EXPRESS|MATCH|RECOGNIZE,uncertainty|large_candidate_set,2.0,,,the recipe screenshot|M07_approx_time_not_day|B01_person_place_search|C08_plausible_cannot_tell,1,False
SIM-0772,Forums,,,"the waterfall from our road trip. I can recognize it if I see it, but I don't know how to narrow the results. I found a similar photo but not the exact one. There are thousands of images in the account.",retrieval_related,,,the waterfall from our road trip,travel_place,stated,,"I can recognize it if I see it, but I don't know how to narrow the results.",M05_recognize_cannot_narrow,recognition_ability,,,True,User is attempting to retrieve the waterfall from our road trip; states they remember that they would recognise it on sight; names no specific information they lack.,I found a similar photo but not the exact one.,B14_similar_not_exact,candidate_inspection,similar_uncertain,True,There are thousands of images in the account.,C02_thousands_of_images,large_library,RECALL|EXPRESS|RECOGNIZE,uncertainty,1.0,,,the waterfall from our road trip|M05_recognize_cannot_narrow|B14_similar_not_exact|C02_thousands_of_images,1,False
SIM-0782,Forums,,,"the picture I sent to my doctor. I can recognize it if I see it, but I don't know how to narrow the results. I tried an object keyword. I usually remember the story around the picture better than its metadata.",retrieval_related,,,the picture I sent to my doctor,medical,judgement,document_screenshot,"I can recognize it if I see it, but I don't know how to narrow the results.",M05_recognize_cannot_narrow,recognition_ability,,,True,User is attempting to retrieve the picture I sent to my doctor; states they remember that they would recognise it on sight; names no specific information they lack.,I tried an object keyword.,B06_object_keyword,first_attempt,unknown,False,I usually remember the story around the picture better than its metadata.,C05_story_over_metadata,story_memory,RECALL|EXPRESS|RECOGNIZE,,0.0,,,the picture I sent to my doctor|M05_recognize_cannot_narrow|B06_object_keyword|C05_story_over_metadata,1,False
SIM-0517,Google Photos Community,,,"my daughter wearing the red dress. I remember the place generally, but not its name. I gave up and asked someone else to send the photo. The problem is not taking the photo; it is finding it later.",retrieval_related,,,my daughter wearing the red dress,family_person,stated,,"I remember the place generally, but not its name.",M04_place_general_not_name,place,place_name,name,False,User is attempting to retrieve my daughter wearing the red dress; states they remember the place in general; states they do not remember the place name.,I gave up and asked someone else to send the photo.,B10_gave_up_asked_someone,exit_path,abandoned,True,The problem is not taking the photo; it is finding it later.,C07_finding_not_taking,framing,RECALL|RECOVER,abandonment|external_workaround,2.0,,,my daughter wearing the red dress|M04_place_general_not_name|B10_gave_up_asked_someone|C07_finding_not_taking,1,False
SIM-0522,Google Photos Community,,,"the concert selfie. I remember a visual detail that is hard to describe in a search box. I found it after several attempts. I can recognize the image if I see it, but getting to it is the hard part.",retrieval_related,,,the concert selfie,event_social,stated,,I remember a visual detail that is hard to describe in a search box.,M11_visual_detail_hard_to_describe,visual_appearance,,,True,User is attempting to retrieve the concert selfie; states they remember how it looked; names no specific information they lack.,I found it after several attempts.,B15_found_after_several_attempts,recovery_dependent,found_with_effort,True,"I can recognize the image if I see it, but getting to it is the hard part.",C01_recognize_but_access_hard,recognition_retained,RECALL|EXPRESS|RECOGNIZE|RECOVER,repeated_attempts,1.0,,,the concert selfie|M11_visual_detail_hard_to_describe|B15_found_after_several_attempts|C01_recognize_but_access_hard,1,False
SIM-0095,Google Play Store,,,"the picture from the day we moved house. I remember what the object looked like, but not what it was called. I found it after several attempts. I usually remember the story around the picture better than its metadata.",retrieval_related,,,the picture from the day we moved house,event_social,stated,,"I remember what the object looked like, but not what it was called.",M02_object_look_not_name,visual_appearance|object,object_name,name,True,"User is attempting to retrieve the picture from the day we moved house; states they remember how it looked, the object; states they do not remember what the object is called.",I found it after several attempts.,B15_found_after_several_attempts,recovery_dependent,found_with_effort,True,I usually remember the story around the picture better than its metadata.,C05_story_over_metadata,story_memory,RECALL|EXPRESS|RECOVER,repeated_attempts,1.0,,,the picture from the day we moved house|M02_object_look_not_name|B15_found_after_several_attempts|C05_story_over_metadata,1,False
SIM-0012,Google Play Store,,,the photo of a prescription. I remember what was happening but not the exact words. I searched for text that might be in the image. The problem is not taking the photo; it is finding it later.,retrieval_related,,,the photo of a prescription,medical,stated,,I remember what was happening but not the exact words.,M12_activity_not_exact_words,activity,exact_wording,exact wording,True,User is attempting to retrieve the photo of a prescription; states they remember what was happening; states they do not remember the exact words.,I searched for text that might be in the image.,B02_text_in_image_search,first_attempt,unknown,False,The problem is not taking the photo; it is finding it later.,C07_finding_not_taking,framing,RECALL|EXPRESS,,0.0,,,the photo of a prescription|M12_activity_not_exact_words|B02_text_in_image_search|C07_finding_not_taking,1,False
SIM-0552,Google Photos Community,,,"that small cafe from our Goa trip. I remember roughly when it happened, but not the exact day. I gave up and asked someone else to send the photo. I have been using Photos for years.",retrieval_related,,,that small cafe from our Goa trip,travel_place,stated,,"I remember roughly when it happened, but not the exact day.",M07_approx_time_not_day,approximate_time,exact_day,time precision,False,User is attempting to retrieve that small cafe from our Goa trip; states they remember roughly when it was taken; states they do not remember the exact day.,I gave up and asked someone else to send the photo.,B10_gave_up_asked_someone,exit_path,abandoned,True,I have been using Photos for years.,C03_years_of_use,long_tenure,RECALL|RECOVER,abandonment|external_workaround,2.0,,,that small cafe from our Goa trip|M07_approx_time_not_day|B10_gave_up_asked_someone|C03_years_of_use,1,False
SIM-0044,Google Play Store,,,the picture from the day we moved house. I remember a visual detail that is hard to describe in a search box. I tried different wording. I have been using Photos for years.,retrieval_related,,,the picture from the day we moved house,event_social,stated,,I remember a visual detail that is hard to describe in a search box.,M11_visual_detail_hard_to_describe,visual_appearance,,,True,User is attempting to retrieve the picture from the day we moved house; states they remember how it looked; names no specific information they lack.,I tried different wording.,B05_different_wording,recovery_dependent,unknown,False,I have been using Photos for years.,C03_years_of_use,long_tenure,RECALL|EXPRESS|RECOVER,reformulation,1.0,,,the picture from the day we moved house|M11_visual_detail_hard_to_describe|B05_different_wording|C03_years_of_use,1,False
SIM-0043,Google Play Store,,,"the picture from the day we moved house. I remember the color, setting, or people but not a useful keyword. I tried several related words. I can recognize the image if I see it, but getting to it is the hard part.",retrieval_related,,,the picture from the day we moved house,event_social,stated,,"I remember the color, setting, or people but not a useful keyword.",M06_color_setting_people_no_keyword,color|setting|people,searchable_keyword,search keyword,True,"User is attempting to retrieve the picture from the day we moved house; states they remember colours, the setting, who was there; states they do not remember a useful search keyword.",I tried several related words.,B17_several_related_words,recovery_dependent,unknown,False,"I can recognize the image if I see it, but getting to it is the hard part.",C01_recognize_but_access_hard,recognition_retained,RECALL|EXPRESS|RECOGNIZE|RECOVER,reformulation|repeated_attempts,2.0,,,the picture from the day we moved house|M06_color_setting_people_no_keyword|B17_several_related_words|C01_recognize_but_access_hard,1,False
SIM-0168,Google Play Store,,,"the landlord WhatsApp screenshot. I remember what the object looked like, but not what it was called. I found a similar photo but not the exact one. I have been using Photos for years.",retrieval_related,,,the landlord WhatsApp screenshot,document_screenshot,stated,,"I remember what the object looked like, but not what it was called.",M02_object_look_not_name,visual_appearance|object,object_name,name,True,"User is attempting to retrieve the landlord WhatsApp screenshot; states they remember how it looked, the object; states they do not remember what the object is called.",I found a similar photo but not the exact one.,B14_similar_not_exact,candidate_inspection,similar_uncertain,True,I have been using Photos for years.,C03_years_of_use,long_tenure,RECALL|EXPRESS|RECOGNIZE,uncertainty,1.0,,,the landlord WhatsApp screenshot|M02_object_look_not_name|B14_similar_not_exact|C03_years_of_use,1,False
SIM-0737,YouTube comments,,,that small cafe from our Goa trip. I remember what was happening but not the exact words. I used a date range and manually compared candidates. Sometimes I get a lot of plausible results and still cannot tell which one is right.,retrieval_related,,,that small cafe from our Goa trip,travel_place,stated,,I remember what was happening but not the exact words.,M12_activity_not_exact_words,activity,exact_wording,exact wording,True,User is attempting to retrieve that small cafe from our Goa trip; states they remember what was happening; states they do not remember the exact words.,I used a date range and manually compared candidates.,B16_date_range_compare,candidate_inspection,unknown,False,Sometimes I get a lot of plausible results and still cannot tell which one is right.,C08_plausible_cannot_tell,cannot_confirm_candidate,RECALL|EXPRESS|MATCH|RECOGNIZE,candidate_inspection|uncertainty|large_candidate_set,3.0,,,that small cafe from our Goa trip|M12_activity_not_exact_words|B16_date_range_compare|C08_plausible_cannot_tell,1,False
SIM-0670,Social media,,,"the concert selfie. I remember the photo exists, but not how I originally found it. I switched to another device or photo app. It feels much easier when I know an exact date or person's name.",retrieval_related,,,the concert selfie,event_social,stated,,"I remember the photo exists, but not how I originally found it.",M09_exists_not_original_path,existence,original_retrieval_path,how it was originally found,False,User is attempting to retrieve the concert selfie; states they remember that the photo exists; states they do not remember how they originally found it.,I switched to another device or photo app.,B08_other_device_or_app,exit_path,external_workaround,True,It feels much easier when I know an exact date or person's name.,C04_easier_with_precise_identifier,precise_identifier_contrast,RECALL|EXPRESS|RECOVER,strategy_switch|external_workaround,2.0,,,the concert selfie|M09_exists_not_original_path|B08_other_device_or_app|C04_easier_with_precise_identifier,1,False
SIM-0706,YouTube comments,,,a photo of my grandparents' wedding album. I remember the people and situation but not the date. I tried several related words. The problem is not taking the photo; it is finding it later.,retrieval_related,,,a photo of my grandparents' wedding album,family_person,judgement,event_social,I remember the people and situation but not the date.,M03_people_situation_not_date,people|situation,date,time precision,False,"User is attempting to retrieve a photo of my grandparents' wedding album; states they remember who was there, the situation; states they do not remember the date.",I tried several related words.,B17_several_related_words,recovery_dependent,unknown,False,The problem is not taking the photo; it is finding it later.,C07_finding_not_taking,framing,RECALL|EXPRESS|RECOVER,reformulation|repeated_attempts,2.0,,,a photo of my grandparents' wedding album|M03_people_situation_not_date|B17_several_related_words|C07_finding_not_taking,1,False
SIM-0709,YouTube comments,,,"the medicine box I photographed. I know approximately which year it was, but not the month. I tried an object keyword. There are thousands of images in the account.",retrieval_related,,,the medicine box I photographed,medical,judgement,physical_object,"I know approximately which year it was, but not the month.",M10_year_not_month,approximate_time,month,time precision,False,User is attempting to retrieve the medicine box I photographed; states they remember roughly when it was taken; states they do not remember the month.,I tried an object keyword.,B06_object_keyword,first_attempt,unknown,False,There are thousands of images in the account.,C02_thousands_of_images,large_library,RECALL|EXPRESS,,0.0,,,the medicine box I photographed|M10_year_not_month|B06_object_keyword|C02_thousands_of_images,1,False
SIM-0179,Google Play Store,,,the old family group photo. I remember what was happening but not the exact words. I tried different wording. I know the photo exists because I have seen it before.,retrieval_related,,,the old family group photo,family_person,stated,,I remember what was happening but not the exact words.,M12_activity_not_exact_words,activity,exact_wording,exact wording,True,User is attempting to retrieve the old family group photo; states they remember what was happening; states they do not remember the exact words.,I tried different wording.,B05_different_wording,recovery_dependent,unknown,False,I know the photo exists because I have seen it before.,C06_knows_photo_exists,existence_certain,RECALL|EXPRESS|RECOVER,reformulation,1.0,,,the old family group photo|M12_activity_not_exact_words|B05_different_wording|C06_knows_photo_exists,1,False
SIM-0555,Google Photos Community,,,"the picture I sent to my doctor. I can recognize it if I see it, but I don't know how to narrow the results. I searched by date and got too many results. I have been using Photos for years.",retrieval_related,,,the picture I sent to my doctor,medical,judgement,document_screenshot,"I can recognize it if I see it, but I don't know how to narrow the results.",M05_recognize_cannot_narrow,recognition_ability,,,True,User is attempting to retrieve the picture I sent to my doctor; states they remember that they would recognise it on sight; names no specific information they lack.,I searched by date and got too many results.,B03_date_search_too_many,candidate_inspection,unknown,False,I have been using Photos for years.,C03_years_of_use,long_tenure,RECALL|EXPRESS|MATCH|RECOGNIZE,large_candidate_set,1.0,,,the picture I sent to my doctor|M05_recognize_cannot_narrow|B03_date_search_too_many|C03_years_of_use,1,False
SIM-0644,Social media,,,the hotel we stayed at during a trip. I remember a visual detail that is hard to describe in a search box. I used a date range and manually compared candidates. It feels much easier when I know an exact date or person's name.,retrieval_related,,,the hotel we stayed at during a trip,travel_place,stated,,I remember a visual detail that is hard to describe in a search box.,M11_visual_detail_hard_to_describe,visual_appearance,,,True,User is attempting to retrieve the hotel we stayed at during a trip; states they remember how it looked; names no specific information they lack.,I used a date range and manually compared candidates.,B16_date_range_compare,candidate_inspection,unknown,False,It feels much easier when I know an exact date or person's name.,C04_easier_with_precise_identifier,precise_identifier_contrast,RECALL|EXPRESS|RECOGNIZE,candidate_inspection,1.0,,,the hotel we stayed at during a trip|M11_visual_detail_hard_to_describe|B16_date_range_compare|C04_easier_with_precise_identifier,1,False
SIM-0178,Google Play Store,,,"the insurance document. I remember who was there and what we were doing, but not the album. I switched between search terms and albums. There are thousands of images in the account.",retrieval_related,,,the insurance document,document_screenshot,stated,,"I remember who was there and what we were doing, but not the album.",M08_people_activity_not_album,people|activity,album,album / organisation,False,"User is attempting to retrieve the insurance document; states they remember who was there, what was happening; states they do not remember which album it is in.",I switched between search terms and albums.,B07_switch_terms_albums,recovery_dependent,unknown,False,There are thousands of images in the account.,C02_thousands_of_images,large_library,RECALL|RECOVER,strategy_switch,1.0,,SIM-0513,the insurance document|M08_people_activity_not_album|B07_switch_terms_albums|C02_thousands_of_images,2,False
SIM-0680,YouTube comments,,,that small cafe from our Goa trip. I remember the story around the photo more clearly than its metadata. I switched between search terms and albums. I know the photo exists because I have seen it before.,retrieval_related,,,that small cafe from our Goa trip,travel_place,stated,,I remember the story around the photo more clearly than its metadata.,M01_story_over_metadata,story,,,False,User is attempting to retrieve that small cafe from our Goa trip; states they remember the story around it; names no specific information they lack.,I switched between search terms and albums.,B07_switch_terms_albums,recovery_dependent,unknown,False,I know the photo exists because I have seen it before.,C06_knows_photo_exists,existence_certain,RECALL|RECOVER,strategy_switch,1.0,,,that small cafe from our Goa trip|M01_story_over_metadata|B07_switch_terms_albums|C06_knows_photo_exists,1,False
SIM-0585,Google Photos Community,,,the photo of a prescription. I remember the story around the photo more clearly than its metadata. I searched by date and got too many results. I have been using Photos for years.,retrieval_related,,,the photo of a prescription,medical,stated,,I remember the story around the photo more clearly than its metadata.,M01_story_over_metadata,story,,,False,User is attempting to retrieve the photo of a prescription; states they remember the story around it; names no specific information they lack.,I searched by date and got too many results.,B03_date_search_too_many,candidate_inspection,unknown,False,I have been using Photos for years.,C03_years_of_use,long_tenure,RECALL|EXPRESS|MATCH,large_candidate_set,1.0,,,the photo of a prescription|M01_story_over_metadata|B03_date_search_too_many|C03_years_of_use,1,False
SIM-0258,Apple App Store,,,"the boarding pass screenshot. I remember the color, setting, or people but not a useful keyword. I tried an object keyword. I can recognize the image if I see it, but getting to it is the hard part.",retrieval_related,,,the boarding pass screenshot,document_screenshot,stated,,"I remember the color, setting, or people but not a useful keyword.",M06_color_setting_people_no_keyword,color|setting|people,searchable_keyword,search keyword,True,"User is attempting to retrieve the boarding pass screenshot; states they remember colours, the setting, who was there; states they do not remember a useful search keyword.",I tried an object keyword.,B06_object_keyword,first_attempt,unknown,False,"I can recognize the image if I see it, but getting to it is the hard part.",C01_recognize_but_access_hard,recognition_retained,RECALL|EXPRESS|RECOGNIZE,,0.0,,,the boarding pass screenshot|M06_color_setting_people_no_keyword|B06_object_keyword|C01_recognize_but_access_hard,1,False
SIM-0381,Reddit,,,a yellow truck. I remember a visual detail that is hard to describe in a search box. I tried different wording. Sometimes I get a lot of plausible results and still cannot tell which one is right.,retrieval_related,,,a yellow truck,unspecified_object,judgement,physical_object,I remember a visual detail that is hard to describe in a search box.,M11_visual_detail_hard_to_describe,visual_appearance,,,True,User is attempting to retrieve a yellow truck; states they remember how it looked; names no specific information they lack.,I tried different wording.,B05_different_wording,recovery_dependent,unknown,False,Sometimes I get a lot of plausible results and still cannot tell which one is right.,C08_plausible_cannot_tell,cannot_confirm_candidate,RECALL|EXPRESS|MATCH|RECOGNIZE|RECOVER,reformulation|uncertainty|large_candidate_set,3.0,,,a yellow truck|M11_visual_detail_hard_to_describe|B05_different_wording|C08_plausible_cannot_tell,1,False
SIM-0336,Reddit,,,"the birthday dinner. I remember what the object looked like, but not what it was called. I gave up and asked someone else to send the photo. I know the photo exists because I have seen it before.",retrieval_related,,,the birthday dinner,event_social,stated,,"I remember what the object looked like, but not what it was called.",M02_object_look_not_name,visual_appearance|object,object_name,name,True,"User is attempting to retrieve the birthday dinner; states they remember how it looked, the object; states they do not remember what the object is called.",I gave up and asked someone else to send the photo.,B10_gave_up_asked_someone,exit_path,abandoned,True,I know the photo exists because I have seen it before.,C06_knows_photo_exists,existence_certain,RECALL|EXPRESS|RECOVER,abandonment|external_workaround,2.0,,,the birthday dinner|M02_object_look_not_name|B10_gave_up_asked_someone|C06_knows_photo_exists,1,False
SIM-0762,Forums,,,a picture with my college friends. I remember the story around the photo more clearly than its metadata. I searched by person and place together. I know the photo exists because I have seen it before.,retrieval_related,,,a picture with my college friends,family_person,stated,,I remember the story around the photo more clearly than its metadata.,M01_story_over_metadata,story,,,False,User is attempting to retrieve a picture with my college friends; states they remember the story around it; names no specific information they lack.,I searched by person and place together.,B01_person_place_search,first_attempt,unknown,False,I know the photo exists because I have seen it before.,C06_knows_photo_exists,existence_certain,RECALL|EXPRESS,,0.0,,,a picture with my college friends|M01_story_over_metadata|B01_person_place_search|C06_knows_photo_exists,1,False
SIM-0016,Google Play Store,,,"the insurance document. I remember the photo exists, but not how I originally found it. I opened likely results one by one. I usually remember the story around the picture better than its metadata.",retrieval_related,,,the insurance document,document_screenshot,stated,,"I remember the photo exists, but not how I originally found it.",M09_exists_not_original_path,existence,original_retrieval_path,how it was originally found,False,User is attempting to retrieve the insurance document; states they remember that the photo exists; states they do not remember how they originally found it.,I opened likely results one by one.,B04_open_results_one_by_one,candidate_inspection,unknown,False,I usually remember the story around the picture better than its metadata.,C05_story_over_metadata,story_memory,RECALL|RECOGNIZE,candidate_inspection,1.0,,,the insurance document|M09_exists_not_original_path|B04_open_results_one_by_one|C05_story_over_metadata,1,False
SIM-0004,Google Play Store,,,"a screenshot of a product I wanted. I know approximately which year it was, but not the month. I found a similar photo but not the exact one. I can recognize the image if I see it, but getting to it is the hard part.",retrieval_related,,,a screenshot of a product I wanted,document_screenshot,judgement,physical_object,"I know approximately which year it was, but not the month.",M10_year_not_month,approximate_time,month,time precision,False,User is attempting to retrieve a screenshot of a product I wanted; states they remember roughly when it was taken; states they do not remember the month.,I found a similar photo but not the exact one.,B14_similar_not_exact,candidate_inspection,similar_uncertain,True,"I can recognize the image if I see it, but getting to it is the hard part.",C01_recognize_but_access_hard,recognition_retained,RECALL|RECOGNIZE,uncertainty,1.0,,,a screenshot of a product I wanted|M10_year_not_month|B14_similar_not_exact|C01_recognize_but_access_hard,1,False
SIM-0356,Reddit,,,"the picture from the day we moved house. I remember the photo exists, but not how I originally found it. I searched by person and place together.",retrieval_related,,,the picture from the day we moved house,event_social,stated,,"I remember the photo exists, but not how I originally found it.",M09_exists_not_original_path,existence,original_retrieval_path,how it was originally found,False,User is attempting to retrieve the picture from the day we moved house; states they remember that the photo exists; states they do not remember how they originally found it.,I searched by person and place together.,B01_person_place_search,first_attempt,unknown,False,,,,RECALL|EXPRESS,,0.0,,,the picture from the day we moved house|M09_exists_not_original_path|B01_person_place_search|,1,False
SIM-0257,Apple App Store,,,"a screenshot of a product I wanted. I remember roughly when it happened, but not the exact day. I searched a few keywords and then scrolled.",retrieval_related,,,a screenshot of a product I wanted,document_screenshot,judgement,physical_object,"I remember roughly when it happened, but not the exact day.",M07_approx_time_not_day,approximate_time,exact_day,time precision,False,User is attempting to retrieve a screenshot of a product I wanted; states they remember roughly when it was taken; states they do not remember the exact day.,I searched a few keywords and then scrolled.,B18_keywords_then_scroll,recovery_dependent,unknown,False,,,,RECALL|EXPRESS|RECOVER,strategy_switch|browsing,2.0,,,a screenshot of a product I wanted|M07_approx_time_not_day|B18_keywords_then_scroll|,1,False
SIM-0395,Reddit,,,the lamp I wanted to buy. I remember the people and situation but not the date. I opened likely results one by one. I know the photo exists because I have seen it before.,retrieval_related,,,the lamp I wanted to buy,physical_object,judgement,document_screenshot,I remember the people and situation but not the date.,M03_people_situation_not_date,people|situation,date,time precision,False,"User is attempting to retrieve the lamp I wanted to buy; states they remember who was there, the situation; states they do not remember the date.",I opened likely results one by one.,B04_open_results_one_by_one,candidate_inspection,unknown,False,I know the photo exists because I have seen it before.,C06_knows_photo_exists,existence_certain,RECALL|RECOGNIZE,candidate_inspection,1.0,,,the lamp I wanted to buy|M03_people_situation_not_date|B04_open_results_one_by_one|C06_knows_photo_exists,1,False
SIM-0626,Social media,,,"the old family group photo. I remember the photo exists, but not how I originally found it. I gave up and asked someone else to send the photo.",retrieval_related,,,the old family group photo,family_person,stated,,"I remember the photo exists, but not how I originally found it.",M09_exists_not_original_path,existence,original_retrieval_path,how it was originally found,False,User is attempting to retrieve the old family group photo; states they remember that the photo exists; states they do not remember how they originally found it.,I gave up and asked someone else to send the photo.,B10_gave_up_asked_someone,exit_path,abandoned,True,,,,RECALL|RECOVER,abandonment|external_workaround,2.0,,,the old family group photo|M09_exists_not_original_path|B10_gave_up_asked_someone|,1,False
SIM-0658,Social media,,,"the sangeet. I can recognize it if I see it, but I don't know how to narrow the results. I searched by date and got too many results. I can recognize the image if I see it, but getting to it is the hard part.",retrieval_related,,,the sangeet,event_social,stated,,"I can recognize it if I see it, but I don't know how to narrow the results.",M05_recognize_cannot_narrow,recognition_ability,,,True,User is attempting to retrieve the sangeet; states they remember that they would recognise it on sight; names no specific information they lack.,I searched by date and got too many results.,B03_date_search_too_many,candidate_inspection,unknown,False,"I can recognize the image if I see it, but getting to it is the hard part.",C01_recognize_but_access_hard,recognition_retained,RECALL|EXPRESS|MATCH|RECOGNIZE,large_candidate_set,1.0,,,the sangeet|M05_recognize_cannot_narrow|B03_date_search_too_many|C01_recognize_but_access_hard,1,False
SIM-0773,Forums,,,"our Diwali family photo. I can recognize it if I see it, but I don't know how to narrow the results. I searched a few keywords and then scrolled. It feels much easier when I know an exact date or person's name.",retrieval_related,,,our Diwali family photo,family_person,judgement,event_social,"I can recognize it if I see it, but I don't know how to narrow the results.",M05_recognize_cannot_narrow,recognition_ability,,,True,User is attempting to retrieve our Diwali family photo; states they remember that they would recognise it on sight; names no specific information they lack.,I searched a few keywords and then scrolled.,B18_keywords_then_scroll,recovery_dependent,unknown,False,It feels much easier when I know an exact date or person's name.,C04_easier_with_precise_identifier,precise_identifier_contrast,RECALL|EXPRESS|RECOGNIZE|RECOVER,strategy_switch|browsing,2.0,,,our Diwali family photo|M05_recognize_cannot_narrow|B18_keywords_then_scroll|C04_easier_with_precise_identifier,1,False
SIM-0443,Reddit,,,the picture from the day we moved house. I remember what was happening but not the exact words. I tried an object keyword. It feels much easier when I know an exact date or person's name.,retrieval_related,,,the picture from the day we moved house,event_social,stated,,I remember what was happening but not the exact words.,M12_activity_not_exact_words,activity,exact_wording,exact wording,True,User is attempting to retrieve the picture from the day we moved house; states they remember what was happening; states they do not remember the exact words.,I tried an object keyword.,B06_object_keyword,first_attempt,unknown,False,It feels much easier when I know an exact date or person's name.,C04_easier_with_precise_identifier,precise_identifier_contrast,RECALL|EXPRESS,,0.0,,,the picture from the day we moved house|M12_activity_not_exact_words|B06_object_keyword|C04_easier_with_precise_identifier,1,False
SIM-0761,Forums,,,"the lamp I wanted to buy. I know approximately which year it was, but not the month. I used a date range and manually compared candidates.",retrieval_related,,,the lamp I wanted to buy,physical_object,judgement,document_screenshot,"I know approximately which year it was, but not the month.",M10_year_not_month,approximate_time,month,time precision,False,User is attempting to retrieve the lamp I wanted to buy; states they remember roughly when it was taken; states they do not remember the month.,I used a date range and manually compared candidates.,B16_date_range_compare,candidate_inspection,unknown,False,,,,RECALL|EXPRESS|RECOGNIZE,candidate_inspection,1.0,,,the lamp I wanted to buy|M10_year_not_month|B16_date_range_compare|,1,False
SIM-0429,Reddit,,,"the picture I sent to my doctor. I remember the photo exists, but not how I originally found it. I found it after several attempts. Sometimes I get a lot of plausible results and still cannot tell which one is right.",retrieval_related,,,the picture I sent to my doctor,medical,judgement,document_screenshot,"I remember the photo exists, but not how I originally found it.",M09_exists_not_original_path,existence,original_retrieval_path,how it was originally found,False,User is attempting to retrieve the picture I sent to my doctor; states they remember that the photo exists; states they do not remember how they originally found it.,I found it after several attempts.,B15_found_after_several_attempts,recovery_dependent,found_with_effort,True,Sometimes I get a lot of plausible results and still cannot tell which one is right.,C08_plausible_cannot_tell,cannot_confirm_candidate,RECALL|MATCH|RECOGNIZE|RECOVER,repeated_attempts|uncertainty|large_candidate_set,3.0,,,the picture I sent to my doctor|M09_exists_not_original_path|B15_found_after_several_attempts|C08_plausible_cannot_tell,1,False
SIM-0325,Reddit,,,"the picture I sent to my doctor. I remember the color, setting, or people but not a useful keyword. I could not find it. It feels much easier when I know an exact date or person's name.",retrieval_related,,,the picture I sent to my doctor,medical,judgement,document_screenshot,"I remember the color, setting, or people but not a useful keyword.",M06_color_setting_people_no_keyword,color|setting|people,searchable_keyword,search keyword,True,"User is attempting to retrieve the picture I sent to my doctor; states they remember colours, the setting, who was there; states they do not remember a useful search keyword.",I could not find it.,B12_could_not_find,exit_path,failed,True,It feels much easier when I know an exact date or person's name.,C04_easier_with_precise_identifier,precise_identifier_contrast,RECALL|EXPRESS|RECOVER,failure,1.0,,,the picture I sent to my doctor|M06_color_setting_people_no_keyword|B12_could_not_find|C04_easier_with_precise_identifier,1,False
SIM-0486,Google Photos Community,,,my daughter wearing the red dress. I remember a visual detail that is hard to describe in a search box. I looked through the timeline manually. I know the photo exists because I have seen it before.,retrieval_related,,,my daughter wearing the red dress,family_person,stated,,I remember a visual detail that is hard to describe in a search box.,M11_visual_detail_hard_to_describe,visual_appearance,,,True,User is attempting to retrieve my daughter wearing the red dress; states they remember how it looked; names no specific information they lack.,I looked through the timeline manually.,B11_timeline_manual,candidate_inspection,unknown,False,I know the photo exists because I have seen it before.,C06_knows_photo_exists,existence_certain,RECALL|EXPRESS|RECOGNIZE|RECOVER,browsing,1.0,,,my daughter wearing the red dress|M11_visual_detail_hard_to_describe|B11_timeline_manual|C06_knows_photo_exists,1,False
SIM-0010,Google Play Store,,,"the photo from when I was sick. I remember roughly when it happened, but not the exact day. I could not find it.",retrieval_related,,,the photo from when I was sick,medical,judgement,event_social,"I remember roughly when it happened, but not the exact day.",M07_approx_time_not_day,approximate_time,exact_day,time precision,False,User is attempting to retrieve the photo from when I was sick; states they remember roughly when it was taken; states they do not remember the exact day.,I could not find it.,B12_could_not_find,exit_path,failed,True,,,,RECALL|RECOVER,failure,1.0,,,the photo from when I was sick|M07_approx_time_not_day|B12_could_not_find|,2,False
SIM-0250,Apple App Store,,,"the lamp I wanted to buy. I remember who was there and what we were doing, but not the album. I used a date range and manually compared candidates.",retrieval_related,,,the lamp I wanted to buy,physical_object,judgement,document_screenshot,"I remember who was there and what we were doing, but not the album.",M08_people_activity_not_album,people|activity,album,album / organisation,False,"User is attempting to retrieve the lamp I wanted to buy; states they remember who was there, what was happening; states they do not remember which album it is in.",I used a date range and manually compared candidates.,B16_date_range_compare,candidate_inspection,unknown,False,,,,RECALL|EXPRESS|RECOGNIZE,candidate_inspection,1.0,,,the lamp I wanted to buy|M08_people_activity_not_album|B16_date_range_compare|,1,False
SIM-0023,Google Play Store,,,"the boarding pass screenshot. I remember the photo exists, but not how I originally found it. I tried several related words.",retrieval_related,,,the boarding pass screenshot,document_screenshot,stated,,"I remember the photo exists, but not how I originally found it.",M09_exists_not_original_path,existence,original_retrieval_path,how it was originally found,False,User is attempting to retrieve the boarding pass screenshot; states they remember that the photo exists; states they do not remember how they originally found it.,I tried several related words.,B17_several_related_words,recovery_dependent,unknown,False,,,,RECALL|EXPRESS|RECOVER,reformulation|repeated_attempts,2.0,,,the boarding pass screenshot|M09_exists_not_original_path|B17_several_related_words|,1,False
SIM-0357,Reddit,,,"a screenshot of a product I wanted. I remember the color, setting, or people but not a useful keyword. I found a similar photo but not the exact one.",retrieval_related,,,a screenshot of a product I wanted,document_screenshot,judgement,physical_object,"I remember the color, setting, or people but not a useful keyword.",M06_color_setting_people_no_keyword,color|setting|people,searchable_keyword,search keyword,True,"User is attempting to retrieve a screenshot of a product I wanted; states they remember colours, the setting, who was there; states they do not remember a useful search keyword.",I found a similar photo but not the exact one.,B14_similar_not_exact,candidate_inspection,similar_uncertain,True,,,,RECALL|EXPRESS|RECOGNIZE,uncertainty,1.0,,,a screenshot of a product I wanted|M06_color_setting_people_no_keyword|B14_similar_not_exact|,1,False
SIM-0222,Apple App Store,,,the hotel we stayed at during a trip. I remember the people and situation but not the date. I tried an object keyword.,retrieval_related,,,the hotel we stayed at during a trip,travel_place,stated,,I remember the people and situation but not the date.,M03_people_situation_not_date,people|situation,date,time precision,False,"User is attempting to retrieve the hotel we stayed at during a trip; states they remember who was there, the situation; states they do not remember the date.",I tried an object keyword.,B06_object_keyword,first_attempt,unknown,False,,,,RECALL|EXPRESS,,0.0,,,the hotel we stayed at during a trip|M03_people_situation_not_date|B06_object_keyword|,1,False
SIM-0591,Google Photos Community,,,the sangeet. I remember the people and situation but not the date. I tried several related words. It feels much easier when I know an exact date or person's name.,retrieval_related,,,the sangeet,event_social,stated,,I remember the people and situation but not the date.,M03_people_situation_not_date,people|situation,date,time precision,False,"User is attempting to retrieve the sangeet; states they remember who was there, the situation; states they do not remember the date.",I tried several related words.,B17_several_related_words,recovery_dependent,unknown,False,It feels much easier when I know an exact date or person's name.,C04_easier_with_precise_identifier,precise_identifier_contrast,RECALL|EXPRESS|RECOVER,reformulation|repeated_attempts,2.0,,,the sangeet|M03_people_situation_not_date|B17_several_related_words|C04_easier_with_precise_identifier,1,False
SIM-0724,YouTube comments,,,"the medicine box I photographed. I remember roughly when it happened, but not the exact day. I looked through the timeline manually. I usually remember the story around the picture better than its metadata.",retrieval_related,,,the medicine box I photographed,medical,judgement,physical_object,"I remember roughly when it happened, but not the exact day.",M07_approx_time_not_day,approximate_time,exact_day,time precision,False,User is attempting to retrieve the medicine box I photographed; states they remember roughly when it was taken; states they do not remember the exact day.,I looked through the timeline manually.,B11_timeline_manual,candidate_inspection,unknown,False,I usually remember the story around the picture better than its metadata.,C05_story_over_metadata,story_memory,RECALL|RECOGNIZE|RECOVER,browsing,1.0,,,the medicine box I photographed|M07_approx_time_not_day|B11_timeline_manual|C05_story_over_metadata,1,False
SIM-N025,Google Play Store,,,Face grouping stopped working after an update.,not_retrieval_related,,,,,,,,,,,,,,,,,,,,,,,,,face_grouping_defect,,,0,True
SIM-0484,Google Photos Community,,,the old family group photo. I remember a visual detail that is hard to describe in a search box. I searched by person and place together. I usually remember the story around the picture better than its metadata.,retrieval_related,,,the old family group photo,family_person,stated,,I remember a visual detail that is hard to describe in a search box.,M11_visual_detail_hard_to_describe,visual_appearance,,,True,User is attempting to retrieve the old family group photo; states they remember how it looked; names no specific information they lack.,I searched by person and place together.,B01_person_place_search,first_attempt,unknown,False,I usually remember the story around the picture better than its metadata.,C05_story_over_metadata,story_memory,RECALL|EXPRESS,,0.0,,,the old family group photo|M11_visual_detail_hard_to_describe|B01_person_place_search|C05_story_over_metadata,1,False
SIM-0341,Reddit,,,"the waterfall from our road trip. I can recognize it if I see it, but I don't know how to narrow the results. I used a date range and manually compared candidates. I have been using Photos for years.",retrieval_related,,,the waterfall from our road trip,travel_place,stated,,"I can recognize it if I see it, but I don't know how to narrow the results.",M05_recognize_cannot_narrow,recognition_ability,,,True,User is attempting to retrieve the waterfall from our road trip; states they remember that they would recognise it on sight; names no specific information they lack.,I used a date range and manually compared candidates.,B16_date_range_compare,candidate_inspection,unknown,False,I have been using Photos for years.,C03_years_of_use,long_tenure,RECALL|EXPRESS|RECOGNIZE,candidate_inspection,1.0,,,the waterfall from our road trip|M05_recognize_cannot_narrow|B16_date_range_compare|C03_years_of_use,1,False
SIM-0704,YouTube comments,,,"the hotel we stayed at during a trip. I know approximately which year it was, but not the month. I searched by person and place together. I have been using Photos for years.",retrieval_related,,,the hotel we stayed at during a trip,travel_place,stated,,"I know approximately which year it was, but not the month.",M10_year_not_month,approximate_time,month,time precision,False,User is attempting to retrieve the hotel we stayed at during a trip; states they remember roughly when it was taken; states they do not remember the month.,I searched by person and place together.,B01_person_place_search,first_attempt,unknown,False,I have been using Photos for years.,C03_years_of_use,long_tenure,RECALL|EXPRESS,,0.0,,,the hotel we stayed at during a trip|M10_year_not_month|B01_person_place_search|C03_years_of_use,1,False
SIM-0204,Apple App Store,,,"the landlord WhatsApp screenshot. I remember roughly when it happened, but not the exact day. I searched by person and place together. I can recognize the image if I see it, but getting to it is the hard part.",retrieval_related,,,the landlord WhatsApp screenshot,document_screenshot,stated,,"I remember roughly when it happened, but not the exact day.",M07_approx_time_not_day,approximate_time,exact_day,time precision,False,User is attempting to retrieve the landlord WhatsApp screenshot; states they remember roughly when it was taken; states they do not remember the exact day.,I searched by person and place together.,B01_person_place_search,first_attempt,unknown,False,"I can recognize the image if I see it, but getting to it is the hard part.",C01_recognize_but_access_hard,recognition_retained,RECALL|EXPRESS|RECOGNIZE,,0.0,,,the landlord WhatsApp screenshot|M07_approx_time_not_day|B01_person_place_search|C01_recognize_but_access_hard,1,False
SIM-0238,Apple App Store,,,the picture from our office party. I remember what was happening but not the exact words. I used a date range and manually compared candidates.,retrieval_related,,,the picture from our office party,event_social,stated,,I remember what was happening but not the exact words.,M12_activity_not_exact_words,activity,exact_wording,exact wording,True,User is attempting to retrieve the picture from our office party; states they remember what was happening; states they do not remember the exact words.,I used a date range and manually compared candidates.,B16_date_range_compare,candidate_inspection,unknown,False,,,,RECALL|EXPRESS|RECOGNIZE,candidate_inspection,1.0,,,the picture from our office party|M12_activity_not_exact_words|B16_date_range_compare|,1,False
SIM-0094,Google Play Store,,,the lamp I wanted to buy. I remember the people and situation but not the date. I tried different wording. I know the photo exists because I have seen it before.,retrieval_related,,,the lamp I wanted to buy,physical_object,judgement,document_screenshot,I remember the people and situation but not the date.,M03_people_situation_not_date,people|situation,date,time precision,False,"User is attempting to retrieve the lamp I wanted to buy; states they remember who was there, the situation; states they do not remember the date.",I tried different wording.,B05_different_wording,recovery_dependent,unknown,False,I know the photo exists because I have seen it before.,C06_knows_photo_exists,existence_certain,RECALL|EXPRESS|RECOVER,reformulation,1.0,,,the lamp I wanted to buy|M03_people_situation_not_date|B05_different_wording|C06_knows_photo_exists,1,False
SIM-0426,Reddit,,,"the picture from our office party. I remember the place generally, but not its name. I searched for text that might be in the image. The problem is not taking the photo; it is finding it later.",retrieval_related,,,the picture from our office party,event_social,stated,,"I remember the place generally, but not its name.",M04_place_general_not_name,place,place_name,name,False,User is attempting to retrieve the picture from our office party; states they remember the place in general; states they do not remember the place name.,I searched for text that might be in the image.,B02_text_in_image_search,first_attempt,unknown,False,The problem is not taking the photo; it is finding it later.,C07_finding_not_taking,framing,RECALL|EXPRESS,,0.0,,,the picture from our office party|M04_place_general_not_name|B02_text_in_image_search|C07_finding_not_taking,1,False
SIM-0384,Reddit,,,"the photo of a prescription. I remember the place generally, but not its name. I searched by person and place together. I know the photo exists because I have seen it before.",retrieval_related,,,the photo of a prescription,medical,stated,,"I remember the place generally, but not its name.",M04_place_general_not_name,place,place_name,name,False,User is attempting to retrieve the photo of a prescription; states they remember the place in general; states they do not remember the place name.,I searched by person and place together.,B01_person_place_search,first_attempt,unknown,False,I know the photo exists because I have seen it before.,C06_knows_photo_exists,existence_certain,RECALL|EXPRESS,,0.0,,,the photo of a prescription|M04_place_general_not_name|B01_person_place_search|C06_knows_photo_exists,1,False
SIM-0533,Google Photos Community,,,"the insurance document. I remember the color, setting, or people but not a useful keyword. I opened likely results one by one. The problem is not taking the photo; it is finding it later.",retrieval_related,,,the insurance document,document_screenshot,stated,,"I remember the color, setting, or people but not a useful keyword.",M06_color_setting_people_no_keyword,color|setting|people,searchable_keyword,search keyword,True,"User is attempting to retrieve the insurance document; states they remember colours, the setting, who was there; states they do not remember a useful search keyword.",I opened likely results one by one.,B04_open_results_one_by_one,candidate_inspection,unknown,False,The problem is not taking the photo; it is finding it later.,C07_finding_not_taking,framing,RECALL|EXPRESS|RECOGNIZE,candidate_inspection,1.0,,,the insurance document|M06_color_setting_people_no_keyword|B04_open_results_one_by_one|C07_finding_not_taking,1,False
SIM-0285,Apple App Store,,,"my daughter wearing the red dress. I remember the color, setting, or people but not a useful keyword. I searched a person's name and then browsed. It feels much easier when I know an exact date or person's name.",retrieval_related,,,my daughter wearing the red dress,family_person,stated,,"I remember the color, setting, or people but not a useful keyword.",M06_color_setting_people_no_keyword,color|setting|people,searchable_keyword,search keyword,True,"User is attempting to retrieve my daughter wearing the red dress; states they remember colours, the setting, who was there; states they do not remember a useful search keyword.",I searched a person's name and then browsed.,B09_person_then_browse,recovery_dependent,unknown,False,It feels much easier when I know an exact date or person's name.,C04_easier_with_precise_identifier,precise_identifier_contrast,RECALL|EXPRESS|RECOVER,strategy_switch|browsing,2.0,,,my daughter wearing the red dress|M06_color_setting_people_no_keyword|B09_person_then_browse|C04_easier_with_precise_identifier,1,False
SIM-0185,Apple App Store,,,the picture I sent to my doctor. I remember the people and situation but not the date. I looked through a very large set of thumbnails. Sometimes I get a lot of plausible results and still cannot tell which one is right.,retrieval_related,,,the picture I sent to my doctor,medical,judgement,document_screenshot,I remember the people and situation but not the date.,M03_people_situation_not_date,people|situation,date,time precision,False,"User is attempting to retrieve the picture I sent to my doctor; states they remember who was there, the situation; states they do not remember the date.",I looked through a very large set of thumbnails.,B13_large_thumbnail_set,candidate_inspection,unknown,False,Sometimes I get a lot of plausible results and still cannot tell which one is right.,C08_plausible_cannot_tell,cannot_confirm_candidate,RECALL|MATCH|RECOGNIZE,browsing|large_candidate_set|uncertainty,3.0,,,the picture I sent to my doctor|M03_people_situation_not_date|B13_large_thumbnail_set|C08_plausible_cannot_tell,1,False
SIM-0681,YouTube comments,,,"the medicine box I photographed. I remember who was there and what we were doing, but not the album. I searched a person's name and then browsed. There are thousands of images in the account.",retrieval_related,,,the medicine box I photographed,medical,judgement,physical_object,"I remember who was there and what we were doing, but not the album.",M08_people_activity_not_album,people|activity,album,album / organisation,False,"User is attempting to retrieve the medicine box I photographed; states they remember who was there, what was happening; states they do not remember which album it is in.",I searched a person's name and then browsed.,B09_person_then_browse,recovery_dependent,unknown,False,There are thousands of images in the account.,C02_thousands_of_images,large_library,RECALL|EXPRESS|RECOVER,strategy_switch|browsing,2.0,,,the medicine box I photographed|M08_people_activity_not_album|B09_person_then_browse|C02_thousands_of_images,1,False
SIM-0678,YouTube comments,,,"the recipe screenshot. I remember the place generally, but not its name. I searched for text that might be in the image.",retrieval_related,,,the recipe screenshot,document_screenshot,stated,,"I remember the place generally, but not its name.",M04_place_general_not_name,place,place_name,name,False,User is attempting to retrieve the recipe screenshot; states they remember the place in general; states they do not remember the place name.,I searched for text that might be in the image.,B02_text_in_image_search,first_attempt,unknown,False,,,,RECALL|EXPRESS,,0.0,,,the recipe screenshot|M04_place_general_not_name|B02_text_in_image_search|,1,False
SIM-0154,Google Play Store,,,our Kerala houseboat photos. I remember the people and situation but not the date. I searched by person and place together. I usually remember the story around the picture better than its metadata.,retrieval_related,,,our Kerala houseboat photos,travel_place,stated,,I remember the people and situation but not the date.,M03_people_situation_not_date,people|situation,date,time precision,False,"User is attempting to retrieve our Kerala houseboat photos; states they remember who was there, the situation; states they do not remember the date.",I searched by person and place together.,B01_person_place_search,first_attempt,unknown,False,I usually remember the story around the picture better than its metadata.,C05_story_over_metadata,story_memory,RECALL|EXPRESS,,0.0,,,our Kerala houseboat photos|M03_people_situation_not_date|B01_person_place_search|C05_story_over_metadata,1,False
SIM-0076,Google Play Store,,,"the picture from our office party. I remember roughly when it happened, but not the exact day. I searched a person's name and then browsed. The problem is not taking the photo; it is finding it later.",retrieval_related,,,the picture from our office party,event_social,stated,,"I remember roughly when it happened, but not the exact day.",M07_approx_time_not_day,approximate_time,exact_day,time precision,False,User is attempting to retrieve the picture from our office party; states they remember roughly when it was taken; states they do not remember the exact day.,I searched a person's name and then browsed.,B09_person_then_browse,recovery_dependent,unknown,False,The problem is not taking the photo; it is finding it later.,C07_finding_not_taking,framing,RECALL|EXPRESS|RECOVER,strategy_switch|browsing,2.0,,,the picture from our office party|M07_approx_time_not_day|B09_person_then_browse|C07_finding_not_taking,1,False
SIM-0686,YouTube comments,,,"the landlord WhatsApp screenshot. I remember who was there and what we were doing, but not the album. I could not find it. Sometimes I get a lot of plausible results and still cannot tell which one is right.",retrieval_related,,,the landlord WhatsApp screenshot,document_screenshot,stated,,"I remember who was there and what we were doing, but not the album.",M08_people_activity_not_album,people|activity,album,album / organisation,False,"User is attempting to retrieve the landlord WhatsApp screenshot; states they remember who was there, what was happening; states they do not remember which album it is in.",I could not find it.,B12_could_not_find,exit_path,failed,True,Sometimes I get a lot of plausible results and still cannot tell which one is right.,C08_plausible_cannot_tell,cannot_confirm_candidate,RECALL|MATCH|RECOGNIZE|RECOVER,failure|uncertainty|large_candidate_set,3.0,,,the landlord WhatsApp screenshot|M08_people_activity_not_album|B12_could_not_find|C08_plausible_cannot_tell,1,False
SIM-0524,Google Photos Community,,,"our Diwali family photo. I remember what the object looked like, but not what it was called. I tried different wording. I can recognize the image if I see it, but getting to it is the hard part.",retrieval_related,,,our Diwali family photo,family_person,judgement,event_social,"I remember what the object looked like, but not what it was called.",M02_object_look_not_name,visual_appearance|object,object_name,name,True,"User is attempting to retrieve our Diwali family photo; states they remember how it looked, the object; states they do not remember what the object is called.",I tried different wording.,B05_different_wording,recovery_dependent,unknown,False,"I can recognize the image if I see it, but getting to it is the hard part.",C01_recognize_but_access_hard,recognition_retained,RECALL|EXPRESS|RECOGNIZE|RECOVER,reformulation,1.0,,,our Diwali family photo|M02_object_look_not_name|B05_different_wording|C01_recognize_but_access_hard,1,False
SIM-0278,Apple App Store,,,"our Diwali family photo. I remember the color, setting, or people but not a useful keyword. I searched by person and place together.",retrieval_related,,,our Diwali family photo,family_person,judgement,event_social,"I remember the color, setting, or people but not a useful keyword.",M06_color_setting_people_no_keyword,color|setting|people,searchable_keyword,search keyword,True,"User is attempting to retrieve our Diwali family photo; states they remember colours, the setting, who was there; states they do not remember a useful search keyword.",I searched by person and place together.,B01_person_place_search,first_attempt,unknown,False,,,,RECALL|EXPRESS,,0.0,,,our Diwali family photo|M06_color_setting_people_no_keyword|B01_person_place_search|,1,False
SIM-0069,Google Play Store,,,"the parking sign I photographed. I remember what the object looked like, but not what it was called. I switched to another device or photo app.",retrieval_related,,,the parking sign I photographed,physical_object,stated,,"I remember what the object looked like, but not what it was called.",M02_object_look_not_name,visual_appearance|object,object_name,name,True,"User is attempting to retrieve the parking sign I photographed; states they remember how it looked, the object; states they do not remember what the object is called.",I switched to another device or photo app.,B08_other_device_or_app,exit_path,external_workaround,True,,,,RECALL|EXPRESS|RECOVER,strategy_switch|external_workaround,2.0,,,the parking sign I photographed|M02_object_look_not_name|B08_other_device_or_app|,1,False
SIM-0538,Google Photos Community,,,"my cousin at the concert. I know approximately which year it was, but not the month. I searched by date and got too many results.",retrieval_related,,,my cousin at the concert,family_person,judgement,event_social,"I know approximately which year it was, but not the month.",M10_year_not_month,approximate_time,month,time precision,False,User is attempting to retrieve my cousin at the concert; states they remember roughly when it was taken; states they do not remember the month.,I searched by date and got too many results.,B03_date_search_too_many,candidate_inspection,unknown,False,,,,RECALL|EXPRESS|MATCH,large_candidate_set,1.0,,,my cousin at the concert|M10_year_not_month|B03_date_search_too_many|,1,False
SIM-0189,Apple App Store,,,"the birthday dinner. I remember the place generally, but not its name. I switched to another device or photo app. I know the photo exists because I have seen it before.",retrieval_related,,,the birthday dinner,event_social,stated,,"I remember the place generally, but not its name.",M04_place_general_not_name,place,place_name,name,False,User is attempting to retrieve the birthday dinner; states they remember the place in general; states they do not remember the place name.,I switched to another device or photo app.,B08_other_device_or_app,exit_path,external_workaround,True,I know the photo exists because I have seen it before.,C06_knows_photo_exists,existence_certain,RECALL|RECOVER,strategy_switch|external_workaround,2.0,,,the birthday dinner|M04_place_general_not_name|B08_other_device_or_app|C06_knows_photo_exists,1,False
SIM-0272,Apple App Store,,,"the photo from when I was sick. I remember roughly when it happened, but not the exact day. I found a similar photo but not the exact one. I know the photo exists because I have seen it before.",retrieval_related,,,the photo from when I was sick,medical,judgement,event_social,"I remember roughly when it happened, but not the exact day.",M07_approx_time_not_day,approximate_time,exact_day,time precision,False,User is attempting to retrieve the photo from when I was sick; states they remember roughly when it was taken; states they do not remember the exact day.,I found a similar photo but not the exact one.,B14_similar_not_exact,candidate_inspection,similar_uncertain,True,I know the photo exists because I have seen it before.,C06_knows_photo_exists,existence_certain,RECALL|RECOGNIZE,uncertainty,1.0,,,the photo from when I was sick|M07_approx_time_not_day|B14_similar_not_exact|C06_knows_photo_exists,1,False
SIM-0630,Social media,,,"a picture with my college friends. I remember the color, setting, or people but not a useful keyword. I tried different wording.",retrieval_related,,,a picture with my college friends,family_person,stated,,"I remember the color, setting, or people but not a useful keyword.",M06_color_setting_people_no_keyword,color|setting|people,searchable_keyword,search keyword,True,"User is attempting to retrieve a picture with my college friends; states they remember colours, the setting, who was there; states they do not remember a useful search keyword.",I tried different wording.,B05_different_wording,recovery_dependent,unknown,False,,,,RECALL|EXPRESS|RECOVER,reformulation,1.0,,,a picture with my college friends|M06_color_setting_people_no_keyword|B05_different_wording|,1,False
SIM-0529,Google Photos Community,,,my cousin at the concert. I remember the story around the photo more clearly than its metadata. I tried an object keyword. I know the photo exists because I have seen it before.,retrieval_related,,,my cousin at the concert,family_person,judgement,event_social,I remember the story around the photo more clearly than its metadata.,M01_story_over_metadata,story,,,False,User is attempting to retrieve my cousin at the concert; states they remember the story around it; names no specific information they lack.,I tried an object keyword.,B06_object_keyword,first_attempt,unknown,False,I know the photo exists because I have seen it before.,C06_knows_photo_exists,existence_certain,RECALL|EXPRESS,,0.0,,,my cousin at the concert|M01_story_over_metadata|B06_object_keyword|C06_knows_photo_exists,1,False
SIM-0237,Apple App Store,,,"the restaurant near Tokyo station. I can recognize it if I see it, but I don't know how to narrow the results. I tried an object keyword. I usually remember the story around the picture better than its metadata.",retrieval_related,,,the restaurant near Tokyo station,travel_place,stated,,"I can recognize it if I see it, but I don't know how to narrow the results.",M05_recognize_cannot_narrow,recognition_ability,,,True,User is attempting to retrieve the restaurant near Tokyo station; states they remember that they would recognise it on sight; names no specific information they lack.,I tried an object keyword.,B06_object_keyword,first_attempt,unknown,False,I usually remember the story around the picture better than its metadata.,C05_story_over_metadata,story_memory,RECALL|EXPRESS|RECOGNIZE,,0.0,,,the restaurant near Tokyo station|M05_recognize_cannot_narrow|B06_object_keyword|C05_story_over_metadata,1,False
SIM-0089,Google Play Store,,,the picture I sent to my doctor. I remember the people and situation but not the date. I found a similar photo but not the exact one.,retrieval_related,,,the picture I sent to my doctor,medical,judgement,document_screenshot,I remember the people and situation but not the date.,M03_people_situation_not_date,people|situation,date,time precision,False,"User is attempting to retrieve the picture I sent to my doctor; states they remember who was there, the situation; states they do not remember the date.",I found a similar photo but not the exact one.,B14_similar_not_exact,candidate_inspection,similar_uncertain,True,,,,RECALL|RECOGNIZE,uncertainty,1.0,,,the picture I sent to my doctor|M03_people_situation_not_date|B14_similar_not_exact|,1,False
SIM-0715,YouTube comments,,,"the photo from when I was sick. I can recognize it if I see it, but I don't know how to narrow the results. I could not find it. I know the photo exists because I have seen it before.",retrieval_related,,,the photo from when I was sick,medical,judgement,event_social,"I can recognize it if I see it, but I don't know how to narrow the results.",M05_recognize_cannot_narrow,recognition_ability,,,True,User is attempting to retrieve the photo from when I was sick; states they remember that they would recognise it on sight; names no specific information they lack.,I could not find it.,B12_could_not_find,exit_path,failed,True,I know the photo exists because I have seen it before.,C06_knows_photo_exists,existence_certain,RECALL|EXPRESS|RECOGNIZE|RECOVER,failure,1.0,,,the photo from when I was sick|M05_recognize_cannot_narrow|B12_could_not_find|C06_knows_photo_exists,1,False
SIM-0118,Google Play Store,,,"the sangeet. I remember who was there and what we were doing, but not the album. I could not find it. I usually remember the story around the picture better than its metadata.",retrieval_related,,,the sangeet,event_social,stated,,"I remember who was there and what we were doing, but not the album.",M08_people_activity_not_album,people|activity,album,album / organisation,False,"User is attempting to retrieve the sangeet; states they remember who was there, what was happening; states they do not remember which album it is in.",I could not find it.,B12_could_not_find,exit_path,failed,True,I usually remember the story around the picture better than its metadata.,C05_story_over_metadata,story_memory,RECALL|RECOVER,failure,1.0,,,the sangeet|M08_people_activity_not_album|B12_could_not_find|C05_story_over_metadata,1,False
SIM-0126,Google Play Store,,,"the picture from our office party. I remember the photo exists, but not how I originally found it. I tried an object keyword. There are thousands of images in the account.",retrieval_related,,,the picture from our office party,event_social,stated,,"I remember the photo exists, but not how I originally found it.",M09_exists_not_original_path,existence,original_retrieval_path,how it was originally found,False,User is attempting to retrieve the picture from our office party; states they remember that the photo exists; states they do not remember how they originally found it.,I tried an object keyword.,B06_object_keyword,first_attempt,unknown,False,There are thousands of images in the account.,C02_thousands_of_images,large_library,RECALL|EXPRESS,,0.0,,,the picture from our office party|M09_exists_not_original_path|B06_object_keyword|C02_thousands_of_images,1,False
SIM-0692,YouTube comments,,,"the medicine box I photographed. I remember what the object looked like, but not what it was called. I could not find it. The problem is not taking the photo; it is finding it later.",retrieval_related,,,the medicine box I photographed,medical,judgement,physical_object,"I remember what the object looked like, but not what it was called.",M02_object_look_not_name,visual_appearance|object,object_name,name,True,"User is attempting to retrieve the medicine box I photographed; states they remember how it looked, the object; states they do not remember what the object is called.",I could not find it.,B12_could_not_find,exit_path,failed,True,The problem is not taking the photo; it is finding it later.,C07_finding_not_taking,framing,RECALL|EXPRESS|RECOVER,failure,1.0,,,the medicine box I photographed|M02_object_look_not_name|B12_could_not_find|C07_finding_not_taking,1,False
SIM-0290,Apple App Store,,,"our Kerala houseboat photos. I remember the place generally, but not its name. I searched by person and place together.",retrieval_related,,,our Kerala houseboat photos,travel_place,stated,,"I remember the place generally, but not its name.",M04_place_general_not_name,place,place_name,name,False,User is attempting to retrieve our Kerala houseboat photos; states they remember the place in general; states they do not remember the place name.,I searched by person and place together.,B01_person_place_search,first_attempt,unknown,False,,,,RECALL|EXPRESS,,0.0,,,our Kerala houseboat photos|M04_place_general_not_name|B01_person_place_search|,1,False
SIM-0239,Apple App Store,,,a yellow truck. I remember what was happening but not the exact words. I searched by person and place together. It feels much easier when I know an exact date or person's name.,retrieval_related,,,a yellow truck,unspecified_object,judgement,physical_object,I remember what was happening but not the exact words.,M12_activity_not_exact_words,activity,exact_wording,exact wording,True,User is attempting to retrieve a yellow truck; states they remember what was happening; states they do not remember the exact words.,I searched by person and place together.,B01_person_place_search,first_attempt,unknown,False,It feels much easier when I know an exact date or person's name.,C04_easier_with_precise_identifier,precise_identifier_contrast,RECALL|EXPRESS,,0.0,,,a yellow truck|M12_activity_not_exact_words|B01_person_place_search|C04_easier_with_precise_identifier,1,False
SIM-0001,Google Play Store,,,"the concert selfie. I know approximately which year it was, but not the month. I looked through a very large set of thumbnails. I know the photo exists because I have seen it before.",retrieval_related,,,the concert selfie,event_social,stated,,"I know approximately which year it was, but not the month.",M10_year_not_month,approximate_time,month,time precision,False,User is attempting to retrieve the concert selfie; states they remember roughly when it was taken; states they do not remember the month.,I looked through a very large set of thumbnails.,B13_large_thumbnail_set,candidate_inspection,unknown,False,I know the photo exists because I have seen it before.,C06_knows_photo_exists,existence_certain,RECALL|RECOGNIZE,browsing|large_candidate_set,2.0,,,the concert selfie|M10_year_not_month|B13_large_thumbnail_set|C06_knows_photo_exists,1,False
SIM-N032,Social media,,,How do I change notification settings?,not_retrieval_related,,,,,,,,,,,,,,,,,,,,,,,,,settings,SIM-N004,,0,True
SIM-0410,Reddit,,,"that small cafe from our Goa trip. I remember a visual detail that is hard to describe in a search box. I could not find it. I can recognize the image if I see it, but getting to it is the hard part.",retrieval_related,,,that small cafe from our Goa trip,travel_place,stated,,I remember a visual detail that is hard to describe in a search box.,M11_visual_detail_hard_to_describe,visual_appearance,,,True,User is attempting to retrieve that small cafe from our Goa trip; states they remember how it looked; names no specific information they lack.,I could not find it.,B12_could_not_find,exit_path,failed,True,"I can recognize the image if I see it, but getting to it is the hard part.",C01_recognize_but_access_hard,recognition_retained,RECALL|EXPRESS|RECOGNIZE|RECOVER,failure,1.0,,,that small cafe from our Goa trip|M11_visual_detail_hard_to_describe|B12_could_not_find|C01_recognize_but_access_hard,1,False
SIM-0734,YouTube comments,,,the medicine box I photographed. I remember the story around the photo more clearly than its metadata. I could not find it. I usually remember the story around the picture better than its metadata.,retrieval_related,,,the medicine box I photographed,medical,judgement,physical_object,I remember the story around the photo more clearly than its metadata.,M01_story_over_metadata,story,,,False,User is attempting to retrieve the medicine box I photographed; states they remember the story around it; names no specific information they lack.,I could not find it.,B12_could_not_find,exit_path,failed,True,I usually remember the story around the picture better than its metadata.,C05_story_over_metadata,story_memory,RECALL|RECOVER,failure,1.0,,,the medicine box I photographed|M01_story_over_metadata|B12_could_not_find|C05_story_over_metadata,2,False
SIM-0396,Reddit,,,"the recipe screenshot. I remember the place generally, but not its name. I switched to another device or photo app. I have been using Photos for years.",retrieval_related,,,the recipe screenshot,document_screenshot,stated,,"I remember the place generally, but not its name.",M04_place_general_not_name,place,place_name,name,False,User is attempting to retrieve the recipe screenshot; states they remember the place in general; states they do not remember the place name.,I switched to another device or photo app.,B08_other_device_or_app,exit_path,external_workaround,True,I have been using Photos for years.,C03_years_of_use,long_tenure,RECALL|RECOVER,strategy_switch|external_workaround,2.0,,,the recipe screenshot|M04_place_general_not_name|B08_other_device_or_app|C03_years_of_use,1,False
SIM-0488,Google Photos Community,,,the insurance document. I remember what was happening but not the exact words. I gave up and asked someone else to send the photo. I know the photo exists because I have seen it before.,retrieval_related,,,the insurance document,document_screenshot,stated,,I remember what was happening but not the exact words.,M12_activity_not_exact_words,activity,exact_wording,exact wording,True,User is attempting to retrieve the insurance document; states they remember what was happening; states they do not remember the exact words.,I gave up and asked someone else to send the photo.,B10_gave_up_asked_someone,exit_path,abandoned,True,I know the photo exists because I have seen it before.,C06_knows_photo_exists,existence_certain,RECALL|EXPRESS|RECOVER,abandonment|external_workaround,2.0,,,the insurance document|M12_activity_not_exact_words|B10_gave_up_asked_someone|C06_knows_photo_exists,1,False
SIM-0496,Google Photos Community,,,"the parking sign I photographed. I remember the place generally, but not its name. I searched a few keywords and then scrolled. I usually remember the story around the picture better than its metadata.",retrieval_related,,,the parking sign I photographed,physical_object,stated,,"I remember the place generally, but not its name.",M04_place_general_not_name,place,place_name,name,False,User is attempting to retrieve the parking sign I photographed; states they remember the place in general; states they do not remember the place name.,I searched a few keywords and then scrolled.,B18_keywords_then_scroll,recovery_dependent,unknown,False,I usually remember the story around the picture better than its metadata.,C05_story_over_metadata,story_memory,RECALL|EXPRESS|RECOVER,strategy_switch|browsing,2.0,,,the parking sign I photographed|M04_place_general_not_name|B18_keywords_then_scroll|C05_story_over_metadata,1,False
SIM-0279,Apple App Store,,,the picture I sent to my doctor. I remember the story around the photo more clearly than its metadata. I searched by person and place together. The problem is not taking the photo; it is finding it later.,retrieval_related,,,the picture I sent to my doctor,medical,judgement,document_screenshot,I remember the story around the photo more clearly than its metadata.,M01_story_over_metadata,story,,,False,User is attempting to retrieve the picture I sent to my doctor; states they remember the story around it; names no specific information they lack.,I searched by person and place together.,B01_person_place_search,first_attempt,unknown,False,The problem is not taking the photo; it is finding it later.,C07_finding_not_taking,framing,RECALL|EXPRESS,,0.0,,,the picture I sent to my doctor|M01_story_over_metadata|B01_person_place_search|C07_finding_not_taking,1,False
SIM-0654,Social media,,,a screenshot of a product I wanted. I remember what was happening but not the exact words. I searched for text that might be in the image. I have been using Photos for years.,retrieval_related,,,a screenshot of a product I wanted,document_screenshot,judgement,physical_object,I remember what was happening but not the exact words.,M12_activity_not_exact_words,activity,exact_wording,exact wording,True,User is attempting to retrieve a screenshot of a product I wanted; states they remember what was happening; states they do not remember the exact words.,I searched for text that might be in the image.,B02_text_in_image_search,first_attempt,unknown,False,I have been using Photos for years.,C03_years_of_use,long_tenure,RECALL|EXPRESS,,0.0,,,a screenshot of a product I wanted|M12_activity_not_exact_words|B02_text_in_image_search|C03_years_of_use,1,False
SIM-0117,Google Play Store,,,"the recipe screenshot. I remember what the object looked like, but not what it was called. I gave up and asked someone else to send the photo. It feels much easier when I know an exact date or person's name.",retrieval_related,,,the recipe screenshot,document_screenshot,stated,,"I remember what the object looked like, but not what it was called.",M02_object_look_not_name,visual_appearance|object,object_name,name,True,"User is attempting to retrieve the recipe screenshot; states they remember how it looked, the object; states they do not remember what the object is called.",I gave up and asked someone else to send the photo.,B10_gave_up_asked_someone,exit_path,abandoned,True,It feels much easier when I know an exact date or person's name.,C04_easier_with_precise_identifier,precise_identifier_contrast,RECALL|EXPRESS|RECOVER,abandonment|external_workaround,2.0,,,the recipe screenshot|M02_object_look_not_name|B10_gave_up_asked_someone|C04_easier_with_precise_identifier,1,False
SIM-0229,Apple App Store,,,"the concert selfie. I can recognize it if I see it, but I don't know how to narrow the results. I searched by person and place together.",retrieval_related,,,the concert selfie,event_social,stated,,"I can recognize it if I see it, but I don't know how to narrow the results.",M05_recognize_cannot_narrow,recognition_ability,,,True,User is attempting to retrieve the concert selfie; states they remember that they would recognise it on sight; names no specific information they lack.,I searched by person and place together.,B01_person_place_search,first_attempt,unknown,False,,,,RECALL|EXPRESS|RECOGNIZE,,0.0,,,the concert selfie|M05_recognize_cannot_narrow|B01_person_place_search|,1,False
SIM-0592,Google Photos Community,,,"the old family group photo. I can recognize it if I see it, but I don't know how to narrow the results. I searched a person's name and then browsed. I have been using Photos for years.",retrieval_related,,,the old family group photo,family_person,stated,,"I can recognize it if I see it, but I don't know how to narrow the results.",M05_recognize_cannot_narrow,recognition_ability,,,True,User is attempting to retrieve the old family group photo; states they remember that they would recognise it on sight; names no specific information they lack.,I searched a person's name and then browsed.,B09_person_then_browse,recovery_dependent,unknown,False,I have been using Photos for years.,C03_years_of_use,long_tenure,RECALL|EXPRESS|RECOGNIZE|RECOVER,strategy_switch|browsing,2.0,,,the old family group photo|M05_recognize_cannot_narrow|B09_person_then_browse|C03_years_of_use,1,False
SIM-0446,Reddit,,,"the concert selfie. I remember the photo exists, but not how I originally found it. I searched by date and got too many results. I can recognize the image if I see it, but getting to it is the hard part.",retrieval_related,,,the concert selfie,event_social,stated,,"I remember the photo exists, but not how I originally found it.",M09_exists_not_original_path,existence,original_retrieval_path,how it was originally found,False,User is attempting to retrieve the concert selfie; states they remember that the photo exists; states they do not remember how they originally found it.,I searched by date and got too many results.,B03_date_search_too_many,candidate_inspection,unknown,False,"I can recognize the image if I see it, but getting to it is the hard part.",C01_recognize_but_access_hard,recognition_retained,RECALL|EXPRESS|MATCH|RECOGNIZE,large_candidate_set,1.0,,,the concert selfie|M09_exists_not_original_path|B03_date_search_too_many|C01_recognize_but_access_hard,1,False
SIM-0697,YouTube comments,,,"the medicine box I photographed. I can recognize it if I see it, but I don't know how to narrow the results. I searched a few keywords and then scrolled. The problem is not taking the photo; it is finding it later.",retrieval_related,,,the medicine box I photographed,medical,judgement,physical_object,"I can recognize it if I see it, but I don't know how to narrow the results.",M05_recognize_cannot_narrow,recognition_ability,,,True,User is attempting to retrieve the medicine box I photographed; states they remember that they would recognise it on sight; names no specific information they lack.,I searched a few keywords and then scrolled.,B18_keywords_then_scroll,recovery_dependent,unknown,False,The problem is not taking the photo; it is finding it later.,C07_finding_not_taking,framing,RECALL|EXPRESS|RECOGNIZE|RECOVER,strategy_switch|browsing,2.0,,,the medicine box I photographed|M05_recognize_cannot_narrow|B18_keywords_then_scroll|C07_finding_not_taking,1,False
SIM-0275,Apple App Store,,,"the hotel we stayed at during a trip. I know approximately which year it was, but not the month. I searched by person and place together. I can recognize the image if I see it, but getting to it is the hard part.",retrieval_related,,,the hotel we stayed at during a trip,travel_place,stated,,"I know approximately which year it was, but not the month.",M10_year_not_month,approximate_time,month,time precision,False,User is attempting to retrieve the hotel we stayed at during a trip; states they remember roughly when it was taken; states they do not remember the month.,I searched by person and place together.,B01_person_place_search,first_attempt,unknown,False,"I can recognize the image if I see it, but getting to it is the hard part.",C01_recognize_but_access_hard,recognition_retained,RECALL|EXPRESS|RECOGNIZE,,0.0,,,the hotel we stayed at during a trip|M10_year_not_month|B01_person_place_search|C01_recognize_but_access_hard,1,False
SIM-0319,Reddit,,,"the restaurant near Tokyo station. I remember what the object looked like, but not what it was called. I looked through the timeline manually. There are thousands of images in the account.",retrieval_related,,,the restaurant near Tokyo station,travel_place,stated,,"I remember what the object looked like, but not what it was called.",M02_object_look_not_name,visual_appearance|object,object_name,name,True,"User is attempting to retrieve the restaurant near Tokyo station; states they remember how it looked, the object; states they do not remember what the object is called.",I looked through the timeline manually.,B11_timeline_manual,candidate_inspection,unknown,False,There are thousands of images in the account.,C02_thousands_of_images,large_library,RECALL|EXPRESS|RECOGNIZE|RECOVER,browsing,1.0,,,the restaurant near Tokyo station|M02_object_look_not_name|B11_timeline_manual|C02_thousands_of_images,1,False
SIM-0576,Google Photos Community,,,"the sangeet. I can recognize it if I see it, but I don't know how to narrow the results. I searched by date and got too many results. I know the photo exists because I have seen it before.",retrieval_related,,,the sangeet,event_social,stated,,"I can recognize it if I see it, but I don't know how to narrow the results.",M05_recognize_cannot_narrow,recognition_ability,,,True,User is attempting to retrieve the sangeet; states they remember that they would recognise it on sight; names no specific information they lack.,I searched by date and got too many results.,B03_date_search_too_many,candidate_inspection,unknown,False,I know the photo exists because I have seen it before.,C06_knows_photo_exists,existence_certain,RECALL|EXPRESS|MATCH|RECOGNIZE,large_candidate_set,1.0,,,the sangeet|M05_recognize_cannot_narrow|B03_date_search_too_many|C06_knows_photo_exists,1,False
SIM-0145,Google Play Store,,,"the old meme I saved. I remember the story around the photo more clearly than its metadata. I tried different wording. I can recognize the image if I see it, but getting to it is the hard part.",retrieval_related,,,the old meme I saved,document_screenshot,judgement,event_social,I remember the story around the photo more clearly than its metadata.,M01_story_over_metadata,story,,,False,User is attempting to retrieve the old meme I saved; states they remember the story around it; names no specific information they lack.,I tried different wording.,B05_different_wording,recovery_dependent,unknown,False,"I can recognize the image if I see it, but getting to it is the hard part.",C01_recognize_but_access_hard,recognition_retained,RECALL|EXPRESS|RECOGNIZE|RECOVER,reformulation,1.0,,,the old meme I saved|M01_story_over_metadata|B05_different_wording|C01_recognize_but_access_hard,1,False
SIM-0603,Social media,,,the medicine box I photographed. I remember the story around the photo more clearly than its metadata. I gave up and asked someone else to send the photo. I usually remember the story around the picture better than its metadata.,retrieval_related,,,the medicine box I photographed,medical,judgement,physical_object,I remember the story around the photo more clearly than its metadata.,M01_story_over_metadata,story,,,False,User is attempting to retrieve the medicine box I photographed; states they remember the story around it; names no specific information they lack.,I gave up and asked someone else to send the photo.,B10_gave_up_asked_someone,exit_path,abandoned,True,I usually remember the story around the picture better than its metadata.,C05_story_over_metadata,story_memory,RECALL|RECOVER,abandonment|external_workaround,2.0,,,the medicine box I photographed|M01_story_over_metadata|B10_gave_up_asked_someone|C05_story_over_metadata,1,False
SIM-0532,Google Photos Community,,,"the photo from when I was sick. I remember the photo exists, but not how I originally found it. I searched for text that might be in the image. I usually remember the story around the picture better than its metadata.",retrieval_related,,,the photo from when I was sick,medical,judgement,event_social,"I remember the photo exists, but not how I originally found it.",M09_exists_not_original_path,existence,original_retrieval_path,how it was originally found,False,User is attempting to retrieve the photo from when I was sick; states they remember that the photo exists; states they do not remember how they originally found it.,I searched for text that might be in the image.,B02_text_in_image_search,first_attempt,unknown,False,I usually remember the story around the picture better than its metadata.,C05_story_over_metadata,story_memory,RECALL|EXPRESS,,0.0,,,the photo from when I was sick|M09_exists_not_original_path|B02_text_in_image_search|C05_story_over_metadata,1,False
SIM-0764,Forums,,,"that small cafe from our Goa trip. I remember the color, setting, or people but not a useful keyword. I tried an object keyword.",retrieval_related,,,that small cafe from our Goa trip,travel_place,stated,,"I remember the color, setting, or people but not a useful keyword.",M06_color_setting_people_no_keyword,color|setting|people,searchable_keyword,search keyword,True,"User is attempting to retrieve that small cafe from our Goa trip; states they remember colours, the setting, who was there; states they do not remember a useful search keyword.",I tried an object keyword.,B06_object_keyword,first_attempt,unknown,False,,,,RECALL|EXPRESS,,0.0,,,that small cafe from our Goa trip|M06_color_setting_people_no_keyword|B06_object_keyword|,1,False
SIM-0611,Social media,,,the concert selfie. I remember the people and situation but not the date. I switched between search terms and albums. Sometimes I get a lot of plausible results and still cannot tell which one is right.,retrieval_related,,,the concert selfie,event_social,stated,,I remember the people and situation but not the date.,M03_people_situation_not_date,people|situation,date,time precision,False,"User is attempting to retrieve the concert selfie; states they remember who was there, the situation; states they do not remember the date.",I switched between search terms and albums.,B07_switch_terms_albums,recovery_dependent,unknown,False,Sometimes I get a lot of plausible results and still cannot tell which one is right.,C08_plausible_cannot_tell,cannot_confirm_candidate,RECALL|MATCH|RECOGNIZE|RECOVER,strategy_switch|uncertainty|large_candidate_set,3.0,,,the concert selfie|M03_people_situation_not_date|B07_switch_terms_albums|C08_plausible_cannot_tell,1,False
SIM-0370,Reddit,,,my cousin at the concert. I remember the people and situation but not the date. I looked through the timeline manually. It feels much easier when I know an exact date or person's name.,retrieval_related,,,my cousin at the concert,family_person,judgement,event_social,I remember the people and situation but not the date.,M03_people_situation_not_date,people|situation,date,time precision,False,"User is attempting to retrieve my cousin at the concert; states they remember who was there, the situation; states they do not remember the date.",I looked through the timeline manually.,B11_timeline_manual,candidate_inspection,unknown,False,It feels much easier when I know an exact date or person's name.,C04_easier_with_precise_identifier,precise_identifier_contrast,RECALL|EXPRESS|RECOGNIZE|RECOVER,browsing,1.0,,,my cousin at the concert|M03_people_situation_not_date|B11_timeline_manual|C04_easier_with_precise_identifier,1,False
SIM-0269,Apple App Store,,,"my cousin at the concert. I remember what was happening but not the exact words. I looked through the timeline manually. I can recognize the image if I see it, but getting to it is the hard part.",retrieval_related,,,my cousin at the concert,family_person,judgement,event_social,I remember what was happening but not the exact words.,M12_activity_not_exact_words,activity,exact_wording,exact wording,True,User is attempting to retrieve my cousin at the concert; states they remember what was happening; states they do not remember the exact words.,I looked through the timeline manually.,B11_timeline_manual,candidate_inspection,unknown,False,"I can recognize the image if I see it, but getting to it is the hard part.",C01_recognize_but_access_hard,recognition_retained,RECALL|EXPRESS|RECOGNIZE|RECOVER,browsing,1.0,,,my cousin at the concert|M12_activity_not_exact_words|B11_timeline_manual|C01_recognize_but_access_hard,1,False
SIM-0728,YouTube comments,,,"the restaurant near Tokyo station. I remember what the object looked like, but not what it was called. I found it after several attempts.",retrieval_related,,,the restaurant near Tokyo station,travel_place,stated,,"I remember what the object looked like, but not what it was called.",M02_object_look_not_name,visual_appearance|object,object_name,name,True,"User is attempting to retrieve the restaurant near Tokyo station; states they remember how it looked, the object; states they do not remember what the object is called.",I found it after several attempts.,B15_found_after_several_attempts,recovery_dependent,found_with_effort,True,,,,RECALL|EXPRESS|RECOVER,repeated_attempts,1.0,,,the restaurant near Tokyo station|M02_object_look_not_name|B15_found_after_several_attempts|,1,False
SIM-0308,Reddit,,,"the picture from our office party. I can recognize it if I see it, but I don't know how to narrow the results. I switched between search terms and albums. I usually remember the story around the picture better than its metadata.",retrieval_related,,,the picture from our office party,event_social,stated,,"I can recognize it if I see it, but I don't know how to narrow the results.",M05_recognize_cannot_narrow,recognition_ability,,,True,User is attempting to retrieve the picture from our office party; states they remember that they would recognise it on sight; names no specific information they lack.,I switched between search terms and albums.,B07_switch_terms_albums,recovery_dependent,unknown,False,I usually remember the story around the picture better than its metadata.,C05_story_over_metadata,story_memory,RECALL|EXPRESS|RECOGNIZE|RECOVER,strategy_switch,1.0,,,the picture from our office party|M05_recognize_cannot_narrow|B07_switch_terms_albums|C05_story_over_metadata,1,False
SIM-0311,Reddit,,,the hotel we stayed at during a trip. I remember a visual detail that is hard to describe in a search box. I searched by person and place together. The problem is not taking the photo; it is finding it later.,retrieval_related,,,the hotel we stayed at during a trip,travel_place,stated,,I remember a visual detail that is hard to describe in a search box.,M11_visual_detail_hard_to_describe,visual_appearance,,,True,User is attempting to retrieve the hotel we stayed at during a trip; states they remember how it looked; names no specific information they lack.,I searched by person and place together.,B01_person_place_search,first_attempt,unknown,False,The problem is not taking the photo; it is finding it later.,C07_finding_not_taking,framing,RECALL|EXPRESS,,0.0,,,the hotel we stayed at during a trip|M11_visual_detail_hard_to_describe|B01_person_place_search|C07_finding_not_taking,1,False
SIM-0479,Google Photos Community,,,"my cousin at the concert. I remember the place generally, but not its name. I searched by date and got too many results. I know the photo exists because I have seen it before.",retrieval_related,,,my cousin at the concert,family_person,judgement,event_social,"I remember the place generally, but not its name.",M04_place_general_not_name,place,place_name,name,False,User is attempting to retrieve my cousin at the concert; states they remember the place in general; states they do not remember the place name.,I searched by date and got too many results.,B03_date_search_too_many,candidate_inspection,unknown,False,I know the photo exists because I have seen it before.,C06_knows_photo_exists,existence_certain,RECALL|EXPRESS|MATCH,large_candidate_set,1.0,,,my cousin at the concert|M04_place_general_not_name|B03_date_search_too_many|C06_knows_photo_exists,1,False
SIM-0047,Google Play Store,,,"the picture I sent to my doctor. I remember who was there and what we were doing, but not the album. I tried an object keyword. I can recognize the image if I see it, but getting to it is the hard part.",retrieval_related,,,the picture I sent to my doctor,medical,judgement,document_screenshot,"I remember who was there and what we were doing, but not the album.",M08_people_activity_not_album,people|activity,album,album / organisation,False,"User is attempting to retrieve the picture I sent to my doctor; states they remember who was there, what was happening; states they do not remember which album it is in.",I tried an object keyword.,B06_object_keyword,first_attempt,unknown,False,"I can recognize the image if I see it, but getting to it is the hard part.",C01_recognize_but_access_hard,recognition_retained,RECALL|EXPRESS|RECOGNIZE,,0.0,,,the picture I sent to my doctor|M08_people_activity_not_album|B06_object_keyword|C01_recognize_but_access_hard,1,False
SIM-0350,Reddit,,,"the hotel we stayed at during a trip. I remember what the object looked like, but not what it was called. I searched a few keywords and then scrolled. I usually remember the story around the picture better than its metadata.",retrieval_related,,,the hotel we stayed at during a trip,travel_place,stated,,"I remember what the object looked like, but not what it was called.",M02_object_look_not_name,visual_appearance|object,object_name,name,True,"User is attempting to retrieve the hotel we stayed at during a trip; states they remember how it looked, the object; states they do not remember what the object is called.",I searched a few keywords and then scrolled.,B18_keywords_then_scroll,recovery_dependent,unknown,False,I usually remember the story around the picture better than its metadata.,C05_story_over_metadata,story_memory,RECALL|EXPRESS|RECOVER,strategy_switch|browsing,2.0,,,the hotel we stayed at during a trip|M02_object_look_not_name|B18_keywords_then_scroll|C05_story_over_metadata,1,False
SIM-0372,Reddit,,,"the old family group photo. I know approximately which year it was, but not the month. I searched for text that might be in the image. I know the photo exists because I have seen it before.",retrieval_related,,,the old family group photo,family_person,stated,,"I know approximately which year it was, but not the month.",M10_year_not_month,approximate_time,month,time precision,False,User is attempting to retrieve the old family group photo; states they remember roughly when it was taken; states they do not remember the month.,I searched for text that might be in the image.,B02_text_in_image_search,first_attempt,unknown,False,I know the photo exists because I have seen it before.,C06_knows_photo_exists,existence_certain,RECALL|EXPRESS,,0.0,,,the old family group photo|M10_year_not_month|B02_text_in_image_search|C06_knows_photo_exists,1,False
SIM-0548,Google Photos Community,,,the birthday dinner. I remember the people and situation but not the date. I searched a person's name and then browsed. I know the photo exists because I have seen it before.,retrieval_related,,,the birthday dinner,event_social,stated,,I remember the people and situation but not the date.,M03_people_situation_not_date,people|situation,date,time precision,False,"User is attempting to retrieve the birthday dinner; states they remember who was there, the situation; states they do not remember the date.",I searched a person's name and then browsed.,B09_person_then_browse,recovery_dependent,unknown,False,I know the photo exists because I have seen it before.,C06_knows_photo_exists,existence_certain,RECALL|EXPRESS|RECOVER,strategy_switch|browsing,2.0,,,the birthday dinner|M03_people_situation_not_date|B09_person_then_browse|C06_knows_photo_exists,1,False
SIM-0262,Apple App Store,,,the picture from our office party. I remember the story around the photo more clearly than its metadata. I looked through a very large set of thumbnails. I have been using Photos for years.,retrieval_related,,,the picture from our office party,event_social,stated,,I remember the story around the photo more clearly than its metadata.,M01_story_over_metadata,story,,,False,User is attempting to retrieve the picture from our office party; states they remember the story around it; names no specific information they lack.,I looked through a very large set of thumbnails.,B13_large_thumbnail_set,candidate_inspection,unknown,False,I have been using Photos for years.,C03_years_of_use,long_tenure,RECALL|RECOGNIZE,browsing|large_candidate_set,2.0,,,the picture from our office party|M01_story_over_metadata|B13_large_thumbnail_set|C03_years_of_use,1,False
SIM-0196,Apple App Store,,,"the parking sign I photographed. I remember what the object looked like, but not what it was called. I found it after several attempts. I can recognize the image if I see it, but getting to it is the hard part.",retrieval_related,,,the parking sign I photographed,physical_object,stated,,"I remember what the object looked like, but not what it was called.",M02_object_look_not_name,visual_appearance|object,object_name,name,True,"User is attempting to retrieve the parking sign I photographed; states they remember how it looked, the object; states they do not remember what the object is called.",I found it after several attempts.,B15_found_after_several_attempts,recovery_dependent,found_with_effort,True,"I can recognize the image if I see it, but getting to it is the hard part.",C01_recognize_but_access_hard,recognition_retained,RECALL|EXPRESS|RECOGNIZE|RECOVER,repeated_attempts,1.0,,,the parking sign I photographed|M02_object_look_not_name|B15_found_after_several_attempts|C01_recognize_but_access_hard,1,False
SIM-N040,Reddit,,,The app is using too much battery.,not_retrieval_related,,,,,,,,,,,,,,,,,,,,,,,,,battery,SIM-N027,,0,True
SIM-0705,YouTube comments,,,"the birthday dinner. I remember the color, setting, or people but not a useful keyword. I gave up and asked someone else to send the photo. I can recognize the image if I see it, but getting to it is the hard part.",retrieval_related,,,the birthday dinner,event_social,stated,,"I remember the color, setting, or people but not a useful keyword.",M06_color_setting_people_no_keyword,color|setting|people,searchable_keyword,search keyword,True,"User is attempting to retrieve the birthday dinner; states they remember colours, the setting, who was there; states they do not remember a useful search keyword.",I gave up and asked someone else to send the photo.,B10_gave_up_asked_someone,exit_path,abandoned,True,"I can recognize the image if I see it, but getting to it is the hard part.",C01_recognize_but_access_hard,recognition_retained,RECALL|EXPRESS|RECOGNIZE|RECOVER,abandonment|external_workaround,2.0,,,the birthday dinner|M06_color_setting_people_no_keyword|B10_gave_up_asked_someone|C01_recognize_but_access_hard,1,False
SIM-0108,Google Play Store,,,"our Kerala houseboat photos. I remember who was there and what we were doing, but not the album. I gave up and asked someone else to send the photo. The problem is not taking the photo; it is finding it later.",retrieval_related,,,our Kerala houseboat photos,travel_place,stated,,"I remember who was there and what we were doing, but not the album.",M08_people_activity_not_album,people|activity,album,album / organisation,False,"User is attempting to retrieve our Kerala houseboat photos; states they remember who was there, what was happening; states they do not remember which album it is in.",I gave up and asked someone else to send the photo.,B10_gave_up_asked_someone,exit_path,abandoned,True,The problem is not taking the photo; it is finding it later.,C07_finding_not_taking,framing,RECALL|RECOVER,abandonment|external_workaround,2.0,,,our Kerala houseboat photos|M08_people_activity_not_album|B10_gave_up_asked_someone|C07_finding_not_taking,1,False
SIM-0060,Google Play Store,,,"the sangeet. I remember roughly when it happened, but not the exact day. I gave up and asked someone else to send the photo. There are thousands of images in the account.",retrieval_related,,,the sangeet,event_social,stated,,"I remember roughly when it happened, but not the exact day.",M07_approx_time_not_day,approximate_time,exact_day,time precision,False,User is attempting to retrieve the sangeet; states they remember roughly when it was taken; states they do not remember the exact day.,I gave up and asked someone else to send the photo.,B10_gave_up_asked_someone,exit_path,abandoned,True,There are thousands of images in the account.,C02_thousands_of_images,large_library,RECALL|RECOVER,abandonment|external_workaround,2.0,,,the sangeet|M07_approx_time_not_day|B10_gave_up_asked_someone|C02_thousands_of_images,1,False
SIM-0627,Social media,,,"our Kerala houseboat photos. I can recognize it if I see it, but I don't know how to narrow the results. I opened likely results one by one.",retrieval_related,,,our Kerala houseboat photos,travel_place,stated,,"I can recognize it if I see it, but I don't know how to narrow the results.",M05_recognize_cannot_narrow,recognition_ability,,,True,User is attempting to retrieve our Kerala houseboat photos; states they remember that they would recognise it on sight; names no specific information they lack.,I opened likely results one by one.,B04_open_results_one_by_one,candidate_inspection,unknown,False,,,,RECALL|EXPRESS|RECOGNIZE,candidate_inspection,1.0,,,our Kerala houseboat photos|M05_recognize_cannot_narrow|B04_open_results_one_by_one|,1,False
SIM-N031,Google Photos Community,,,How do I change the app theme?,not_retrieval_related,,,,,,,,,,,,,,,,,,,,,,,,,settings,SIM-N039,,0,True
SIM-0101,Google Play Store,,,"the old meme I saved. I remember who was there and what we were doing, but not the album. I found a similar photo but not the exact one. I usually remember the story around the picture better than its metadata.",retrieval_related,,,the old meme I saved,document_screenshot,judgement,event_social,"I remember who was there and what we were doing, but not the album.",M08_people_activity_not_album,people|activity,album,album / organisation,False,"User is attempting to retrieve the old meme I saved; states they remember who was there, what was happening; states they do not remember which album it is in.",I found a similar photo but not the exact one.,B14_similar_not_exact,candidate_inspection,similar_uncertain,True,I usually remember the story around the picture better than its metadata.,C05_story_over_metadata,story_memory,RECALL|RECOGNIZE,uncertainty,1.0,,,the old meme I saved|M08_people_activity_not_album|B14_similar_not_exact|C05_story_over_metadata,1,False
SIM-0508,Google Photos Community,,,"the hotel we stayed at during a trip. I remember the place generally, but not its name. I used a date range and manually compared candidates. There are thousands of images in the account.",retrieval_related,,,the hotel we stayed at during a trip,travel_place,stated,,"I remember the place generally, but not its name.",M04_place_general_not_name,place,place_name,name,False,User is attempting to retrieve the hotel we stayed at during a trip; states they remember the place in general; states they do not remember the place name.,I used a date range and manually compared candidates.,B16_date_range_compare,candidate_inspection,unknown,False,There are thousands of images in the account.,C02_thousands_of_images,large_library,RECALL|EXPRESS|RECOGNIZE,candidate_inspection,1.0,,,the hotel we stayed at during a trip|M04_place_general_not_name|B16_date_range_compare|C02_thousands_of_images,1,False
SIM-0755,Forums,,,"the parking sign I photographed. I remember the place generally, but not its name. I searched by person and place together. Sometimes I get a lot of plausible results and still cannot tell which one is right.",retrieval_related,,,the parking sign I photographed,physical_object,stated,,"I remember the place generally, but not its name.",M04_place_general_not_name,place,place_name,name,False,User is attempting to retrieve the parking sign I photographed; states they remember the place in general; states they do not remember the place name.,I searched by person and place together.,B01_person_place_search,first_attempt,unknown,False,Sometimes I get a lot of plausible results and still cannot tell which one is right.,C08_plausible_cannot_tell,cannot_confirm_candidate,RECALL|EXPRESS|MATCH|RECOGNIZE,uncertainty|large_candidate_set,2.0,,,the parking sign I photographed|M04_place_general_not_name|B01_person_place_search|C08_plausible_cannot_tell,1,False
SIM-0638,Social media,,,"a picture with my college friends. I remember what the object looked like, but not what it was called. I tried different wording. I know the photo exists because I have seen it before.",retrieval_related,,,a picture with my college friends,family_person,stated,,"I remember what the object looked like, but not what it was called.",M02_object_look_not_name,visual_appearance|object,object_name,name,True,"User is attempting to retrieve a picture with my college friends; states they remember how it looked, the object; states they do not remember what the object is called.",I tried different wording.,B05_different_wording,recovery_dependent,unknown,False,I know the photo exists because I have seen it before.,C06_knows_photo_exists,existence_certain,RECALL|EXPRESS|RECOVER,reformulation,1.0,,,a picture with my college friends|M02_object_look_not_name|B05_different_wording|C06_knows_photo_exists,1,False
SIM-0482,Google Photos Community,,,the parking sign I photographed. I remember the people and situation but not the date. I gave up and asked someone else to send the photo. I have been using Photos for years.,retrieval_related,,,the parking sign I photographed,physical_object,stated,,I remember the people and situation but not the date.,M03_people_situation_not_date,people|situation,date,time precision,False,"User is attempting to retrieve the parking sign I photographed; states they remember who was there, the situation; states they do not remember the date.",I gave up and asked someone else to send the photo.,B10_gave_up_asked_someone,exit_path,abandoned,True,I have been using Photos for years.,C03_years_of_use,long_tenure,RECALL|RECOVER,abandonment|external_workaround,2.0,,,the parking sign I photographed|M03_people_situation_not_date|B10_gave_up_asked_someone|C03_years_of_use,1,False
SIM-0180,Google Play Store,,,"the old family group photo. I can recognize it if I see it, but I don't know how to narrow the results. I searched a person's name and then browsed. I know the photo exists because I have seen it before.",retrieval_related,,,the old family group photo,family_person,stated,,"I can recognize it if I see it, but I don't know how to narrow the results.",M05_recognize_cannot_narrow,recognition_ability,,,True,User is attempting to retrieve the old family group photo; states they remember that they would recognise it on sight; names no specific information they lack.,I searched a person's name and then browsed.,B09_person_then_browse,recovery_dependent,unknown,False,I know the photo exists because I have seen it before.,C06_knows_photo_exists,existence_certain,RECALL|EXPRESS|RECOGNIZE|RECOVER,strategy_switch|browsing,2.0,,,the old family group photo|M05_recognize_cannot_narrow|B09_person_then_browse|C06_knows_photo_exists,1,False
SIM-0305,Reddit,,,"my cousin at the concert. I remember what the object looked like, but not what it was called. I switched to another device or photo app. It feels much easier when I know an exact date or person's name.",retrieval_related,,,my cousin at the concert,family_person,judgement,event_social,"I remember what the object looked like, but not what it was called.",M02_object_look_not_name,visual_appearance|object,object_name,name,True,"User is attempting to retrieve my cousin at the concert; states they remember how it looked, the object; states they do not remember what the object is called.",I switched to another device or photo app.,B08_other_device_or_app,exit_path,external_workaround,True,It feels much easier when I know an exact date or person's name.,C04_easier_with_precise_identifier,precise_identifier_contrast,RECALL|EXPRESS|RECOVER,strategy_switch|external_workaround,2.0,,,my cousin at the concert|M02_object_look_not_name|B08_other_device_or_app|C04_easier_with_precise_identifier,1,False
SIM-0775,Forums,,,"the insurance document. I remember what the object looked like, but not what it was called. I switched to another device or photo app. It feels much easier when I know an exact date or person's name.",retrieval_related,,,the insurance document,document_screenshot,stated,,"I remember what the object looked like, but not what it was called.",M02_object_look_not_name,visual_appearance|object,object_name,name,True,"User is attempting to retrieve the insurance document; states they remember how it looked, the object; states they do not remember what the object is called.",I switched to another device or photo app.,B08_other_device_or_app,exit_path,external_workaround,True,It feels much easier when I know an exact date or person's name.,C04_easier_with_precise_identifier,precise_identifier_contrast,RECALL|EXPRESS|RECOVER,strategy_switch|external_workaround,2.0,,,the insurance document|M02_object_look_not_name|B08_other_device_or_app|C04_easier_with_precise_identifier,1,False
SIM-0507,Google Photos Community,,,"a photo of my grandfather at the wedding. I remember who was there and what we were doing, but not the album. I switched between search terms and albums. There are thousands of images in the account.",retrieval_related,,,a photo of my grandfather at the wedding,family_person,judgement,event_social,"I remember who was there and what we were doing, but not the album.",M08_people_activity_not_album,people|activity,album,album / organisation,False,"User is attempting to retrieve a photo of my grandfather at the wedding; states they remember who was there, what was happening; states they do not remember which album it is in.",I switched between search terms and albums.,B07_switch_terms_albums,recovery_dependent,unknown,False,There are thousands of images in the account.,C02_thousands_of_images,large_library,RECALL|RECOVER,strategy_switch,1.0,,,a photo of my grandfather at the wedding|M08_people_activity_not_album|B07_switch_terms_albums|C02_thousands_of_images,1,False
SIM-N010,Forums,,,The app is using too much battery.,not_retrieval_related,,,,,,,,,,,,,,,,,,,,,,,,,battery,SIM-N027,,0,True
SIM-0150,Google Play Store,,,"the old meme I saved. I remember what the object looked like, but not what it was called. I switched to another device or photo app.",retrieval_related,,,the old meme I saved,document_screenshot,judgement,event_social,"I remember what the object looked like, but not what it was called.",M02_object_look_not_name,visual_appearance|object,object_name,name,True,"User is attempting to retrieve the old meme I saved; states they remember how it looked, the object; states they do not remember what the object is called.",I switched to another device or photo app.,B08_other_device_or_app,exit_path,external_workaround,True,,,,RECALL|EXPRESS|RECOVER,strategy_switch|external_workaround,2.0,,,the old meme I saved|M02_object_look_not_name|B08_other_device_or_app|,1,False
SIM-0125,Google Play Store,,,a photo of my grandfather at the wedding. I remember the story around the photo more clearly than its metadata. I searched for text that might be in the image.,retrieval_related,,,a photo of my grandfather at the wedding,family_person,judgement,event_social,I remember the story around the photo more clearly than its metadata.,M01_story_over_metadata,story,,,False,User is attempting to retrieve a photo of my grandfather at the wedding; states they remember the story around it; names no specific information they lack.,I searched for text that might be in the image.,B02_text_in_image_search,first_attempt,unknown,False,,,,RECALL|EXPRESS,,0.0,,,a photo of my grandfather at the wedding|M01_story_over_metadata|B02_text_in_image_search|,1,False
SIM-0666,Social media,,,"the boarding pass screenshot. I know approximately which year it was, but not the month. I opened likely results one by one. There are thousands of images in the account.",retrieval_related,,,the boarding pass screenshot,document_screenshot,stated,,"I know approximately which year it was, but not the month.",M10_year_not_month,approximate_time,month,time precision,False,User is attempting to retrieve the boarding pass screenshot; states they remember roughly when it was taken; states they do not remember the month.,I opened likely results one by one.,B04_open_results_one_by_one,candidate_inspection,unknown,False,There are thousands of images in the account.,C02_thousands_of_images,large_library,RECALL|RECOGNIZE,candidate_inspection,1.0,,,the boarding pass screenshot|M10_year_not_month|B04_open_results_one_by_one|C02_thousands_of_images,1,False
SIM-0731,YouTube comments,,,the restaurant near Tokyo station. I remember the story around the photo more clearly than its metadata. I tried an object keyword.,retrieval_related,,,the restaurant near Tokyo station,travel_place,stated,,I remember the story around the photo more clearly than its metadata.,M01_story_over_metadata,story,,,False,User is attempting to retrieve the restaurant near Tokyo station; states they remember the story around it; names no specific information they lack.,I tried an object keyword.,B06_object_keyword,first_attempt,unknown,False,,,,RECALL|EXPRESS,,0.0,,,the restaurant near Tokyo station|M01_story_over_metadata|B06_object_keyword|,1,False
SIM-0186,Apple App Store,,,the birthday dinner. I remember what was happening but not the exact words. I switched to another device or photo app.,retrieval_related,,,the birthday dinner,event_social,stated,,I remember what was happening but not the exact words.,M12_activity_not_exact_words,activity,exact_wording,exact wording,True,User is attempting to retrieve the birthday dinner; states they remember what was happening; states they do not remember the exact words.,I switched to another device or photo app.,B08_other_device_or_app,exit_path,external_workaround,True,,,,RECALL|EXPRESS|RECOVER,strategy_switch|external_workaround,2.0,,,the birthday dinner|M12_activity_not_exact_words|B08_other_device_or_app|,1,False
SIM-0632,Social media,,,the sangeet. I remember a visual detail that is hard to describe in a search box. I searched a person's name and then browsed. The problem is not taking the photo; it is finding it later.,retrieval_related,,,the sangeet,event_social,stated,,I remember a visual detail that is hard to describe in a search box.,M11_visual_detail_hard_to_describe,visual_appearance,,,True,User is attempting to retrieve the sangeet; states they remember how it looked; names no specific information they lack.,I searched a person's name and then browsed.,B09_person_then_browse,recovery_dependent,unknown,False,The problem is not taking the photo; it is finding it later.,C07_finding_not_taking,framing,RECALL|EXPRESS|RECOVER,strategy_switch|browsing,2.0,,,the sangeet|M11_visual_detail_hard_to_describe|B09_person_then_browse|C07_finding_not_taking,1,False
SIM-0051,Google Play Store,,,"the medicine box I photographed. I remember who was there and what we were doing, but not the album. I switched between search terms and albums. I have been using Photos for years.",retrieval_related,,,the medicine box I photographed,medical,judgement,physical_object,"I remember who was there and what we were doing, but not the album.",M08_people_activity_not_album,people|activity,album,album / organisation,False,"User is attempting to retrieve the medicine box I photographed; states they remember who was there, what was happening; states they do not remember which album it is in.",I switched between search terms and albums.,B07_switch_terms_albums,recovery_dependent,unknown,False,I have been using Photos for years.,C03_years_of_use,long_tenure,RECALL|RECOVER,strategy_switch,1.0,,,the medicine box I photographed|M08_people_activity_not_album|B07_switch_terms_albums|C03_years_of_use,1,False
SIM-0729,YouTube comments,,,"that small cafe from our Goa trip. I remember the color, setting, or people but not a useful keyword. I could not find it. There are thousands of images in the account.",retrieval_related,,,that small cafe from our Goa trip,travel_place,stated,,"I remember the color, setting, or people but not a useful keyword.",M06_color_setting_people_no_keyword,color|setting|people,searchable_keyword,search keyword,True,"User is attempting to retrieve that small cafe from our Goa trip; states they remember colours, the setting, who was there; states they do not remember a useful search keyword.",I could not find it.,B12_could_not_find,exit_path,failed,True,There are thousands of images in the account.,C02_thousands_of_images,large_library,RECALL|EXPRESS|RECOVER,failure,1.0,,,that small cafe from our Goa trip|M06_color_setting_people_no_keyword|B12_could_not_find|C02_thousands_of_images,1,False
SIM-0447,Reddit,,,"the old family group photo. I remember the photo exists, but not how I originally found it. I tried an object keyword.",retrieval_related,,,the old family group photo,family_person,stated,,"I remember the photo exists, but not how I originally found it.",M09_exists_not_original_path,existence,original_retrieval_path,how it was originally found,False,User is attempting to retrieve the old family group photo; states they remember that the photo exists; states they do not remember how they originally found it.,I tried an object keyword.,B06_object_keyword,first_attempt,unknown,False,,,,RECALL|EXPRESS,,0.0,,,the old family group photo|M09_exists_not_original_path|B06_object_keyword|,1,False
SIM-N030,Apple App Store,,,Backup is taking forever on my phone.,not_retrieval_related,,,,,,,,,,,,,,,,,,,,,,,,,backup,,,0,True
SIM-0501,Google Photos Community,,,the lamp I wanted to buy. I remember the story around the photo more clearly than its metadata. I switched between search terms and albums.,retrieval_related,,,the lamp I wanted to buy,physical_object,judgement,document_screenshot,I remember the story around the photo more clearly than its metadata.,M01_story_over_metadata,story,,,False,User is attempting to retrieve the lamp I wanted to buy; states they remember the story around it; names no specific information they lack.,I switched between search terms and albums.,B07_switch_terms_albums,recovery_dependent,unknown,False,,,,RECALL|RECOVER,strategy_switch,1.0,,,the lamp I wanted to buy|M01_story_over_metadata|B07_switch_terms_albums|,1,False
SIM-0322,Reddit,,,the parking sign I photographed. I remember a visual detail that is hard to describe in a search box. I looked through the timeline manually.,retrieval_related,,,the parking sign I photographed,physical_object,stated,,I remember a visual detail that is hard to describe in a search box.,M11_visual_detail_hard_to_describe,visual_appearance,,,True,User is attempting to retrieve the parking sign I photographed; states they remember how it looked; names no specific information they lack.,I looked through the timeline manually.,B11_timeline_manual,candidate_inspection,unknown,False,,,,RECALL|EXPRESS|RECOGNIZE|RECOVER,browsing,1.0,,,the parking sign I photographed|M11_visual_detail_hard_to_describe|B11_timeline_manual|,1,False
SIM-0354,Reddit,,,"the old family group photo. I remember the color, setting, or people but not a useful keyword. I looked through a very large set of thumbnails. I can recognize the image if I see it, but getting to it is the hard part.",retrieval_related,,,the old family group photo,family_person,stated,,"I remember the color, setting, or people but not a useful keyword.",M06_color_setting_people_no_keyword,color|setting|people,searchable_keyword,search keyword,True,"User is attempting to retrieve the old family group photo; states they remember colours, the setting, who was there; states they do not remember a useful search keyword.",I looked through a very large set of thumbnails.,B13_large_thumbnail_set,candidate_inspection,unknown,False,"I can recognize the image if I see it, but getting to it is the hard part.",C01_recognize_but_access_hard,recognition_retained,RECALL|EXPRESS|RECOGNIZE,browsing|large_candidate_set,2.0,,,the old family group photo|M06_color_setting_people_no_keyword|B13_large_thumbnail_set|C01_recognize_but_access_hard,1,False
SIM-0781,Forums,,,"the restaurant near Tokyo station. I can recognize it if I see it, but I don't know how to narrow the results. I searched by date and got too many results.",retrieval_related,,,the restaurant near Tokyo station,travel_place,stated,,"I can recognize it if I see it, but I don't know how to narrow the results.",M05_recognize_cannot_narrow,recognition_ability,,,True,User is attempting to retrieve the restaurant near Tokyo station; states they remember that they would recognise it on sight; names no specific information they lack.,I searched by date and got too many results.,B03_date_search_too_many,candidate_inspection,unknown,False,,,,RECALL|EXPRESS|MATCH|RECOGNIZE,large_candidate_set,1.0,,,the restaurant near Tokyo station|M05_recognize_cannot_narrow|B03_date_search_too_many|,1,False
SIM-0143,Google Play Store,,,"the medicine box I photographed. I remember roughly when it happened, but not the exact day. I searched a few keywords and then scrolled. I usually remember the story around the picture better than its metadata.",retrieval_related,,,the medicine box I photographed,medical,judgement,physical_object,"I remember roughly when it happened, but not the exact day.",M07_approx_time_not_day,approximate_time,exact_day,time precision,False,User is attempting to retrieve the medicine box I photographed; states they remember roughly when it was taken; states they do not remember the exact day.,I searched a few keywords and then scrolled.,B18_keywords_then_scroll,recovery_dependent,unknown,False,I usually remember the story around the picture better than its metadata.,C05_story_over_metadata,story_memory,RECALL|EXPRESS|RECOVER,strategy_switch|browsing,2.0,,,the medicine box I photographed|M07_approx_time_not_day|B18_keywords_then_scroll|C05_story_over_metadata,1,False
SIM-0371,Reddit,,,"the boarding pass screenshot. I remember who was there and what we were doing, but not the album. I searched a person's name and then browsed. There are thousands of images in the account.",retrieval_related,,,the boarding pass screenshot,document_screenshot,stated,,"I remember who was there and what we were doing, but not the album.",M08_people_activity_not_album,people|activity,album,album / organisation,False,"User is attempting to retrieve the boarding pass screenshot; states they remember who was there, what was happening; states they do not remember which album it is in.",I searched a person's name and then browsed.,B09_person_then_browse,recovery_dependent,unknown,False,There are thousands of images in the account.,C02_thousands_of_images,large_library,RECALL|EXPRESS|RECOVER,strategy_switch|browsing,2.0,,,the boarding pass screenshot|M08_people_activity_not_album|B09_person_then_browse|C02_thousands_of_images,1,False
SIM-0698,YouTube comments,,,"the parking sign I photographed. I remember the place generally, but not its name. I found it after several attempts. The problem is not taking the photo; it is finding it later.",retrieval_related,,,the parking sign I photographed,physical_object,stated,,"I remember the place generally, but not its name.",M04_place_general_not_name,place,place_name,name,False,User is attempting to retrieve the parking sign I photographed; states they remember the place in general; states they do not remember the place name.,I found it after several attempts.,B15_found_after_several_attempts,recovery_dependent,found_with_effort,True,The problem is not taking the photo; it is finding it later.,C07_finding_not_taking,framing,RECALL|RECOVER,repeated_attempts,1.0,,,the parking sign I photographed|M04_place_general_not_name|B15_found_after_several_attempts|C07_finding_not_taking,1,False
SIM-0142,Google Play Store,,,the waterfall from our road trip. I remember the people and situation but not the date. I found a similar photo but not the exact one. It feels much easier when I know an exact date or person's name.,retrieval_related,,,the waterfall from our road trip,travel_place,stated,,I remember the people and situation but not the date.,M03_people_situation_not_date,people|situation,date,time precision,False,"User is attempting to retrieve the waterfall from our road trip; states they remember who was there, the situation; states they do not remember the date.",I found a similar photo but not the exact one.,B14_similar_not_exact,candidate_inspection,similar_uncertain,True,It feels much easier when I know an exact date or person's name.,C04_easier_with_precise_identifier,precise_identifier_contrast,RECALL|EXPRESS|RECOGNIZE,uncertainty,1.0,,,the waterfall from our road trip|M03_people_situation_not_date|B14_similar_not_exact|C04_easier_with_precise_identifier,1,False
SIM-0400,Reddit,,,"a yellow truck. I know approximately which year it was, but not the month. I searched a person's name and then browsed.",retrieval_related,,,a yellow truck,unspecified_object,judgement,physical_object,"I know approximately which year it was, but not the month.",M10_year_not_month,approximate_time,month,time precision,False,User is attempting to retrieve a yellow truck; states they remember roughly when it was taken; states they do not remember the month.,I searched a person's name and then browsed.,B09_person_then_browse,recovery_dependent,unknown,False,,,,RECALL|EXPRESS|RECOVER,strategy_switch|browsing,2.0,,,a yellow truck|M10_year_not_month|B09_person_then_browse|,1,False
SIM-0264,Apple App Store,,,"the restaurant near Tokyo station. I remember the color, setting, or people but not a useful keyword. I found a similar photo but not the exact one. I know the photo exists because I have seen it before.",retrieval_related,,,the restaurant near Tokyo station,travel_place,stated,,"I remember the color, setting, or people but not a useful keyword.",M06_color_setting_people_no_keyword,color|setting|people,searchable_keyword,search keyword,True,"User is attempting to retrieve the restaurant near Tokyo station; states they remember colours, the setting, who was there; states they do not remember a useful search keyword.",I found a similar photo but not the exact one.,B14_similar_not_exact,candidate_inspection,similar_uncertain,True,I know the photo exists because I have seen it before.,C06_knows_photo_exists,existence_certain,RECALL|EXPRESS|RECOGNIZE,uncertainty,1.0,,,the restaurant near Tokyo station|M06_color_setting_people_no_keyword|B14_similar_not_exact|C06_knows_photo_exists,1,False
SIM-0321,Reddit,,,our Kerala houseboat photos. I remember a visual detail that is hard to describe in a search box. I switched to another device or photo app. I have been using Photos for years.,retrieval_related,,,our Kerala houseboat photos,travel_place,stated,,I remember a visual detail that is hard to describe in a search box.,M11_visual_detail_hard_to_describe,visual_appearance,,,True,User is attempting to retrieve our Kerala houseboat photos; states they remember how it looked; names no specific information they lack.,I switched to another device or photo app.,B08_other_device_or_app,exit_path,external_workaround,True,I have been using Photos for years.,C03_years_of_use,long_tenure,RECALL|EXPRESS|RECOVER,strategy_switch|external_workaround,2.0,,,our Kerala houseboat photos|M11_visual_detail_hard_to_describe|B08_other_device_or_app|C03_years_of_use,1,False
SIM-0020,Google Play Store,,,"the photo of a prescription. I can recognize it if I see it, but I don't know how to narrow the results. I found a similar photo but not the exact one.",retrieval_related,,,the photo of a prescription,medical,stated,,"I can recognize it if I see it, but I don't know how to narrow the results.",M05_recognize_cannot_narrow,recognition_ability,,,True,User is attempting to retrieve the photo of a prescription; states they remember that they would recognise it on sight; names no specific information they lack.,I found a similar photo but not the exact one.,B14_similar_not_exact,candidate_inspection,similar_uncertain,True,,,,RECALL|EXPRESS|RECOGNIZE,uncertainty,1.0,,,the photo of a prescription|M05_recognize_cannot_narrow|B14_similar_not_exact|,1,False
SIM-0173,Google Play Store,,,"a photo of my grandparents' wedding album. I remember the photo exists, but not how I originally found it. I opened likely results one by one.",retrieval_related,,,a photo of my grandparents' wedding album,family_person,judgement,event_social,"I remember the photo exists, but not how I originally found it.",M09_exists_not_original_path,existence,original_retrieval_path,how it was originally found,False,User is attempting to retrieve a photo of my grandparents' wedding album; states they remember that the photo exists; states they do not remember how they originally found it.,I opened likely results one by one.,B04_open_results_one_by_one,candidate_inspection,unknown,False,,,,RECALL|RECOGNIZE,candidate_inspection,1.0,,,a photo of my grandparents' wedding album|M09_exists_not_original_path|B04_open_results_one_by_one|,1,False
SIM-0685,YouTube comments,,,"our Kerala houseboat photos. I can recognize it if I see it, but I don't know how to narrow the results. I switched between search terms and albums. I usually remember the story around the picture better than its metadata.",retrieval_related,,,our Kerala houseboat photos,travel_place,stated,,"I can recognize it if I see it, but I don't know how to narrow the results.",M05_recognize_cannot_narrow,recognition_ability,,,True,User is attempting to retrieve our Kerala houseboat photos; states they remember that they would recognise it on sight; names no specific information they lack.,I switched between search terms and albums.,B07_switch_terms_albums,recovery_dependent,unknown,False,I usually remember the story around the picture better than its metadata.,C05_story_over_metadata,story_memory,RECALL|EXPRESS|RECOGNIZE|RECOVER,strategy_switch,1.0,,,our Kerala houseboat photos|M05_recognize_cannot_narrow|B07_switch_terms_albums|C05_story_over_metadata,1,False
SIM-0313,Reddit,,,"the insurance document. I can recognize it if I see it, but I don't know how to narrow the results. I found a similar photo but not the exact one.",retrieval_related,,,the insurance document,document_screenshot,stated,,"I can recognize it if I see it, but I don't know how to narrow the results.",M05_recognize_cannot_narrow,recognition_ability,,,True,User is attempting to retrieve the insurance document; states they remember that they would recognise it on sight; names no specific information they lack.,I found a similar photo but not the exact one.,B14_similar_not_exact,candidate_inspection,similar_uncertain,True,,,,RECALL|EXPRESS|RECOGNIZE,uncertainty,1.0,,,the insurance document|M05_recognize_cannot_narrow|B14_similar_not_exact|,1,False
SIM-0391,Reddit,,,"my cousin at the concert. I remember what the object looked like, but not what it was called. I tried different wording. It feels much easier when I know an exact date or person's name.",retrieval_related,,,my cousin at the concert,family_person,judgement,event_social,"I remember what the object looked like, but not what it was called.",M02_object_look_not_name,visual_appearance|object,object_name,name,True,"User is attempting to retrieve my cousin at the concert; states they remember how it looked, the object; states they do not remember what the object is called.",I tried different wording.,B05_different_wording,recovery_dependent,unknown,False,It feels much easier when I know an exact date or person's name.,C04_easier_with_precise_identifier,precise_identifier_contrast,RECALL|EXPRESS|RECOVER,reformulation,1.0,,,my cousin at the concert|M02_object_look_not_name|B05_different_wording|C04_easier_with_precise_identifier,1,False
SIM-0784,Forums,,,"the concert selfie. I remember what the object looked like, but not what it was called. I gave up and asked someone else to send the photo. I have been using Photos for years.",retrieval_related,,,the concert selfie,event_social,stated,,"I remember what the object looked like, but not what it was called.",M02_object_look_not_name,visual_appearance|object,object_name,name,True,"User is attempting to retrieve the concert selfie; states they remember how it looked, the object; states they do not remember what the object is called.",I gave up and asked someone else to send the photo.,B10_gave_up_asked_someone,exit_path,abandoned,True,I have been using Photos for years.,C03_years_of_use,long_tenure,RECALL|EXPRESS|RECOVER,abandonment|external_workaround,2.0,,,the concert selfie|M02_object_look_not_name|B10_gave_up_asked_someone|C03_years_of_use,1,False
SIM-0013,Google Play Store,,,"the old family group photo. I remember the place generally, but not its name. I searched a few keywords and then scrolled.",retrieval_related,,,the old family group photo,family_person,stated,,"I remember the place generally, but not its name.",M04_place_general_not_name,place,place_name,name,False,User is attempting to retrieve the old family group photo; states they remember the place in general; states they do not remember the place name.,I searched a few keywords and then scrolled.,B18_keywords_then_scroll,recovery_dependent,unknown,False,,,,RECALL|EXPRESS|RECOVER,strategy_switch|browsing,2.0,,,the old family group photo|M04_place_general_not_name|B18_keywords_then_scroll|,1,False
SIM-0408,Reddit,,,"the old family group photo. I know approximately which year it was, but not the month. I found it after several attempts. I usually remember the story around the picture better than its metadata.",retrieval_related,,,the old family group photo,family_person,stated,,"I know approximately which year it was, but not the month.",M10_year_not_month,approximate_time,month,time precision,False,User is attempting to retrieve the old family group photo; states they remember roughly when it was taken; states they do not remember the month.,I found it after several attempts.,B15_found_after_several_attempts,recovery_dependent,found_with_effort,True,I usually remember the story around the picture better than its metadata.,C05_story_over_metadata,story_memory,RECALL|RECOVER,repeated_attempts,1.0,,,the old family group photo|M10_year_not_month|B15_found_after_several_attempts|C05_story_over_metadata,1,False
SIM-0409,Reddit,,,the picture I sent to my doctor. I remember the story around the photo more clearly than its metadata. I opened likely results one by one.,retrieval_related,,,the picture I sent to my doctor,medical,judgement,document_screenshot,I remember the story around the photo more clearly than its metadata.,M01_story_over_metadata,story,,,False,User is attempting to retrieve the picture I sent to my doctor; states they remember the story around it; names no specific information they lack.,I opened likely results one by one.,B04_open_results_one_by_one,candidate_inspection,unknown,False,,,,RECALL|RECOGNIZE,candidate_inspection,1.0,,,the picture I sent to my doctor|M01_story_over_metadata|B04_open_results_one_by_one|,1,False
SIM-0306,Reddit,,,"the picture from the day we moved house. I can recognize it if I see it, but I don't know how to narrow the results. I used a date range and manually compared candidates. The problem is not taking the photo; it is finding it later.",retrieval_related,,,the picture from the day we moved house,event_social,stated,,"I can recognize it if I see it, but I don't know how to narrow the results.",M05_recognize_cannot_narrow,recognition_ability,,,True,User is attempting to retrieve the picture from the day we moved house; states they remember that they would recognise it on sight; names no specific information they lack.,I used a date range and manually compared candidates.,B16_date_range_compare,candidate_inspection,unknown,False,The problem is not taking the photo; it is finding it later.,C07_finding_not_taking,framing,RECALL|EXPRESS|RECOGNIZE,candidate_inspection,1.0,,,the picture from the day we moved house|M05_recognize_cannot_narrow|B16_date_range_compare|C07_finding_not_taking,1,False
SIM-0355,Reddit,,,"the insurance document. I remember the photo exists, but not how I originally found it. I switched between search terms and albums. There are thousands of images in the account.",retrieval_related,,,the insurance document,document_screenshot,stated,,"I remember the photo exists, but not how I originally found it.",M09_exists_not_original_path,existence,original_retrieval_path,how it was originally found,False,User is attempting to retrieve the insurance document; states they remember that the photo exists; states they do not remember how they originally found it.,I switched between search terms and albums.,B07_switch_terms_albums,recovery_dependent,unknown,False,There are thousands of images in the account.,C02_thousands_of_images,large_library,RECALL|RECOVER,strategy_switch,1.0,,,the insurance document|M09_exists_not_original_path|B07_switch_terms_albums|C02_thousands_of_images,1,False
SIM-0026,Google Play Store,,,a screenshot of a product I wanted. I remember the people and situation but not the date. I found it after several attempts. The problem is not taking the photo; it is finding it later.,retrieval_related,,,a screenshot of a product I wanted,document_screenshot,judgement,physical_object,I remember the people and situation but not the date.,M03_people_situation_not_date,people|situation,date,time precision,False,"User is attempting to retrieve a screenshot of a product I wanted; states they remember who was there, the situation; states they do not remember the date.",I found it after several attempts.,B15_found_after_several_attempts,recovery_dependent,found_with_effort,True,The problem is not taking the photo; it is finding it later.,C07_finding_not_taking,framing,RECALL|RECOVER,repeated_attempts,1.0,,,a screenshot of a product I wanted|M03_people_situation_not_date|B15_found_after_several_attempts|C07_finding_not_taking,1,False
SIM-0637,Social media,,,"the recipe screenshot. I remember the photo exists, but not how I originally found it. I found a similar photo but not the exact one. I have been using Photos for years.",retrieval_related,,,the recipe screenshot,document_screenshot,stated,,"I remember the photo exists, but not how I originally found it.",M09_exists_not_original_path,existence,original_retrieval_path,how it was originally found,False,User is attempting to retrieve the recipe screenshot; states they remember that the photo exists; states they do not remember how they originally found it.,I found a similar photo but not the exact one.,B14_similar_not_exact,candidate_inspection,similar_uncertain,True,I have been using Photos for years.,C03_years_of_use,long_tenure,RECALL|RECOGNIZE,uncertainty,1.0,,,the recipe screenshot|M09_exists_not_original_path|B14_similar_not_exact|C03_years_of_use,1,False
SIM-0170,Google Play Store,,,"our Diwali family photo. I remember roughly when it happened, but not the exact day. I looked through the timeline manually. I usually remember the story around the picture better than its metadata.",retrieval_related,,,our Diwali family photo,family_person,judgement,event_social,"I remember roughly when it happened, but not the exact day.",M07_approx_time_not_day,approximate_time,exact_day,time precision,False,User is attempting to retrieve our Diwali family photo; states they remember roughly when it was taken; states they do not remember the exact day.,I looked through the timeline manually.,B11_timeline_manual,candidate_inspection,unknown,False,I usually remember the story around the picture better than its metadata.,C05_story_over_metadata,story_memory,RECALL|RECOGNIZE|RECOVER,browsing,1.0,,,our Diwali family photo|M07_approx_time_not_day|B11_timeline_manual|C05_story_over_metadata,1,False
SIM-0531,Google Photos Community,,,"the boarding pass screenshot. I remember what the object looked like, but not what it was called. I searched a person's name and then browsed.",retrieval_related,,,the boarding pass screenshot,document_screenshot,stated,,"I remember what the object looked like, but not what it was called.",M02_object_look_not_name,visual_appearance|object,object_name,name,True,"User is attempting to retrieve the boarding pass screenshot; states they remember how it looked, the object; states they do not remember what the object is called.",I searched a person's name and then browsed.,B09_person_then_browse,recovery_dependent,unknown,False,,,,RECALL|EXPRESS|RECOVER,strategy_switch|browsing,2.0,,,the boarding pass screenshot|M02_object_look_not_name|B09_person_then_browse|,1,False
SIM-0039,Google Play Store,,,the picture from our office party. I remember what was happening but not the exact words. I tried different wording. It feels much easier when I know an exact date or person's name.,retrieval_related,,,the picture from our office party,event_social,stated,,I remember what was happening but not the exact words.,M12_activity_not_exact_words,activity,exact_wording,exact wording,True,User is attempting to retrieve the picture from our office party; states they remember what was happening; states they do not remember the exact words.,I tried different wording.,B05_different_wording,recovery_dependent,unknown,False,It feels much easier when I know an exact date or person's name.,C04_easier_with_precise_identifier,precise_identifier_contrast,RECALL|EXPRESS|RECOVER,reformulation,1.0,,,the picture from our office party|M12_activity_not_exact_words|B05_different_wording|C04_easier_with_precise_identifier,1,False
SIM-0176,Google Play Store,,,the medicine box I photographed. I remember the story around the photo more clearly than its metadata. I could not find it. I usually remember the story around the picture better than its metadata.,retrieval_related,,,the medicine box I photographed,medical,judgement,physical_object,I remember the story around the photo more clearly than its metadata.,M01_story_over_metadata,story,,,False,User is attempting to retrieve the medicine box I photographed; states they remember the story around it; names no specific information they lack.,I could not find it.,B12_could_not_find,exit_path,failed,True,I usually remember the story around the picture better than its metadata.,C05_story_over_metadata,story_memory,RECALL|RECOVER,failure,1.0,,SIM-0734,the medicine box I photographed|M01_story_over_metadata|B12_could_not_find|C05_story_over_metadata,2,False
SIM-0246,Apple App Store,,,a yellow truck. I remember the people and situation but not the date. I switched to another device or photo app. I usually remember the story around the picture better than its metadata.,retrieval_related,,,a yellow truck,unspecified_object,judgement,physical_object,I remember the people and situation but not the date.,M03_people_situation_not_date,people|situation,date,time precision,False,"User is attempting to retrieve a yellow truck; states they remember who was there, the situation; states they do not remember the date.",I switched to another device or photo app.,B08_other_device_or_app,exit_path,external_workaround,True,I usually remember the story around the picture better than its metadata.,C05_story_over_metadata,story_memory,RECALL|RECOVER,strategy_switch|external_workaround,2.0,,,a yellow truck|M03_people_situation_not_date|B08_other_device_or_app|C05_story_over_metadata,1,False
SIM-0299,Reddit,,,"a picture with my college friends. I remember the photo exists, but not how I originally found it. I found it after several attempts. I usually remember the story around the picture better than its metadata.",retrieval_related,,,a picture with my college friends,family_person,stated,,"I remember the photo exists, but not how I originally found it.",M09_exists_not_original_path,existence,original_retrieval_path,how it was originally found,False,User is attempting to retrieve a picture with my college friends; states they remember that the photo exists; states they do not remember how they originally found it.,I found it after several attempts.,B15_found_after_several_attempts,recovery_dependent,found_with_effort,True,I usually remember the story around the picture better than its metadata.,C05_story_over_metadata,story_memory,RECALL|RECOVER,repeated_attempts,1.0,,,a picture with my college friends|M09_exists_not_original_path|B15_found_after_several_attempts|C05_story_over_metadata,1,False
SIM-N035,Apple App Store,,,How do I change notification settings?,not_retrieval_related,,,,,,,,,,,,,,,,,,,,,,,,,settings,SIM-N004,,0,True
SIM-0417,Reddit,,,the recipe screenshot. I remember the story around the photo more clearly than its metadata. I searched by person and place together.,retrieval_related,,,the recipe screenshot,document_screenshot,stated,,I remember the story around the photo more clearly than its metadata.,M01_story_over_metadata,story,,,False,User is attempting to retrieve the recipe screenshot; states they remember the story around it; names no specific information they lack.,I searched by person and place together.,B01_person_place_search,first_attempt,unknown,False,,,,RECALL|EXPRESS,,0.0,,,the recipe screenshot|M01_story_over_metadata|B01_person_place_search|,1,False
SIM-0573,Google Photos Community,,,the waterfall from our road trip. I remember the story around the photo more clearly than its metadata. I searched a person's name and then browsed. I know the photo exists because I have seen it before.,retrieval_related,,,the waterfall from our road trip,travel_place,stated,,I remember the story around the photo more clearly than its metadata.,M01_story_over_metadata,story,,,False,User is attempting to retrieve the waterfall from our road trip; states they remember the story around it; names no specific information they lack.,I searched a person's name and then browsed.,B09_person_then_browse,recovery_dependent,unknown,False,I know the photo exists because I have seen it before.,C06_knows_photo_exists,existence_certain,RECALL|EXPRESS|RECOVER,strategy_switch|browsing,2.0,,,the waterfall from our road trip|M01_story_over_metadata|B09_person_then_browse|C06_knows_photo_exists,1,False
SIM-0273,Apple App Store,,,"my cousin at the concert. I remember what the object looked like, but not what it was called. I searched by person and place together. There are thousands of images in the account.",retrieval_related,,,my cousin at the concert,family_person,judgement,event_social,"I remember what the object looked like, but not what it was called.",M02_object_look_not_name,visual_appearance|object,object_name,name,True,"User is attempting to retrieve my cousin at the concert; states they remember how it looked, the object; states they do not remember what the object is called.",I searched by person and place together.,B01_person_place_search,first_attempt,unknown,False,There are thousands of images in the account.,C02_thousands_of_images,large_library,RECALL|EXPRESS,,0.0,,,my cousin at the concert|M02_object_look_not_name|B01_person_place_search|C02_thousands_of_images,1,False
SIM-0474,Google Photos Community,,,"the old meme I saved. I remember the color, setting, or people but not a useful keyword. I found a similar photo but not the exact one. It feels much easier when I know an exact date or person's name.",retrieval_related,,,the old meme I saved,document_screenshot,judgement,event_social,"I remember the color, setting, or people but not a useful keyword.",M06_color_setting_people_no_keyword,color|setting|people,searchable_keyword,search keyword,True,"User is attempting to retrieve the old meme I saved; states they remember colours, the setting, who was there; states they do not remember a useful search keyword.",I found a similar photo but not the exact one.,B14_similar_not_exact,candidate_inspection,similar_uncertain,True,It feels much easier when I know an exact date or person's name.,C04_easier_with_precise_identifier,precise_identifier_contrast,RECALL|EXPRESS|RECOGNIZE,uncertainty,1.0,,,the old meme I saved|M06_color_setting_people_no_keyword|B14_similar_not_exact|C04_easier_with_precise_identifier,1,False
SIM-0641,Social media,,,"the photo of a prescription. I remember the photo exists, but not how I originally found it. I searched by person and place together.",retrieval_related,,,the photo of a prescription,medical,stated,,"I remember the photo exists, but not how I originally found it.",M09_exists_not_original_path,existence,original_retrieval_path,how it was originally found,False,User is attempting to retrieve the photo of a prescription; states they remember that the photo exists; states they do not remember how they originally found it.,I searched by person and place together.,B01_person_place_search,first_attempt,unknown,False,,,,RECALL|EXPRESS,,0.0,,,the photo of a prescription|M09_exists_not_original_path|B01_person_place_search|,1,False
SIM-0569,Google Photos Community,,,"a screenshot of a product I wanted. I remember the color, setting, or people but not a useful keyword. I gave up and asked someone else to send the photo. I know the photo exists because I have seen it before.",retrieval_related,,,a screenshot of a product I wanted,document_screenshot,judgement,physical_object,"I remember the color, setting, or people but not a useful keyword.",M06_color_setting_people_no_keyword,color|setting|people,searchable_keyword,search keyword,True,"User is attempting to retrieve a screenshot of a product I wanted; states they remember colours, the setting, who was there; states they do not remember a useful search keyword.",I gave up and asked someone else to send the photo.,B10_gave_up_asked_someone,exit_path,abandoned,True,I know the photo exists because I have seen it before.,C06_knows_photo_exists,existence_certain,RECALL|EXPRESS|RECOVER,abandonment|external_workaround,2.0,,,a screenshot of a product I wanted|M06_color_setting_people_no_keyword|B10_gave_up_asked_someone|C06_knows_photo_exists,1,False
SIM-0155,Google Play Store,,,"the sangeet. I know approximately which year it was, but not the month. I tried several related words. I can recognize the image if I see it, but getting to it is the hard part.",retrieval_related,,,the sangeet,event_social,stated,,"I know approximately which year it was, but not the month.",M10_year_not_month,approximate_time,month,time precision,False,User is attempting to retrieve the sangeet; states they remember roughly when it was taken; states they do not remember the month.,I tried several related words.,B17_several_related_words,recovery_dependent,unknown,False,"I can recognize the image if I see it, but getting to it is the hard part.",C01_recognize_but_access_hard,recognition_retained,RECALL|EXPRESS|RECOGNIZE|RECOVER,reformulation|repeated_attempts,2.0,,,the sangeet|M10_year_not_month|B17_several_related_words|C01_recognize_but_access_hard,1,False
SIM-0127,Google Play Store,,,"the birthday dinner. I remember what the object looked like, but not what it was called. I tried an object keyword. There are thousands of images in the account.",retrieval_related,,,the birthday dinner,event_social,stated,,"I remember what the object looked like, but not what it was called.",M02_object_look_not_name,visual_appearance|object,object_name,name,True,"User is attempting to retrieve the birthday dinner; states they remember how it looked, the object; states they do not remember what the object is called.",I tried an object keyword.,B06_object_keyword,first_attempt,unknown,False,There are thousands of images in the account.,C02_thousands_of_images,large_library,RECALL|EXPRESS,,0.0,,,the birthday dinner|M02_object_look_not_name|B06_object_keyword|C02_thousands_of_images,1,False
SIM-0450,Reddit,,,"the restaurant near Tokyo station. I remember the place generally, but not its name. I found a similar photo but not the exact one. I usually remember the story around the picture better than its metadata.",retrieval_related,,,the restaurant near Tokyo station,travel_place,stated,,"I remember the place generally, but not its name.",M04_place_general_not_name,place,place_name,name,False,User is attempting to retrieve the restaurant near Tokyo station; states they remember the place in general; states they do not remember the place name.,I found a similar photo but not the exact one.,B14_similar_not_exact,candidate_inspection,similar_uncertain,True,I usually remember the story around the picture better than its metadata.,C05_story_over_metadata,story_memory,RECALL|RECOGNIZE,uncertainty,1.0,,,the restaurant near Tokyo station|M04_place_general_not_name|B14_similar_not_exact|C05_story_over_metadata,1,False
SIM-0597,Google Photos Community,,,"the sangeet. I can recognize it if I see it, but I don't know how to narrow the results. I searched by person and place together. I can recognize the image if I see it, but getting to it is the hard part.",retrieval_related,,,the sangeet,event_social,stated,,"I can recognize it if I see it, but I don't know how to narrow the results.",M05_recognize_cannot_narrow,recognition_ability,,,True,User is attempting to retrieve the sangeet; states they remember that they would recognise it on sight; names no specific information they lack.,I searched by person and place together.,B01_person_place_search,first_attempt,unknown,False,"I can recognize the image if I see it, but getting to it is the hard part.",C01_recognize_but_access_hard,recognition_retained,RECALL|EXPRESS|RECOGNIZE,,0.0,,,the sangeet|M05_recognize_cannot_narrow|B01_person_place_search|C01_recognize_but_access_hard,1,False
SIM-0342,Reddit,,,"a yellow truck. I remember who was there and what we were doing, but not the album. I searched by date and got too many results. I usually remember the story around the picture better than its metadata.",retrieval_related,,,a yellow truck,unspecified_object,judgement,physical_object,"I remember who was there and what we were doing, but not the album.",M08_people_activity_not_album,people|activity,album,album / organisation,False,"User is attempting to retrieve a yellow truck; states they remember who was there, what was happening; states they do not remember which album it is in.",I searched by date and got too many results.,B03_date_search_too_many,candidate_inspection,unknown,False,I usually remember the story around the picture better than its metadata.,C05_story_over_metadata,story_memory,RECALL|EXPRESS|MATCH,large_candidate_set,1.0,,,a yellow truck|M08_people_activity_not_album|B03_date_search_too_many|C05_story_over_metadata,1,False
SIM-0431,Reddit,,,the restaurant near Tokyo station. I remember what was happening but not the exact words. I tried different wording.,retrieval_related,,,the restaurant near Tokyo station,travel_place,stated,,I remember what was happening but not the exact words.,M12_activity_not_exact_words,activity,exact_wording,exact wording,True,User is attempting to retrieve the restaurant near Tokyo station; states they remember what was happening; states they do not remember the exact words.,I tried different wording.,B05_different_wording,recovery_dependent,unknown,False,,,,RECALL|EXPRESS|RECOVER,reformulation,1.0,,,the restaurant near Tokyo station|M12_activity_not_exact_words|B05_different_wording|,1,False
SIM-0288,Apple App Store,,,"the insurance document. I remember the color, setting, or people but not a useful keyword. I searched by date and got too many results. Sometimes I get a lot of plausible results and still cannot tell which one is right.",retrieval_related,,,the insurance document,document_screenshot,stated,,"I remember the color, setting, or people but not a useful keyword.",M06_color_setting_people_no_keyword,color|setting|people,searchable_keyword,search keyword,True,"User is attempting to retrieve the insurance document; states they remember colours, the setting, who was there; states they do not remember a useful search keyword.",I searched by date and got too many results.,B03_date_search_too_many,candidate_inspection,unknown,False,Sometimes I get a lot of plausible results and still cannot tell which one is right.,C08_plausible_cannot_tell,cannot_confirm_candidate,RECALL|EXPRESS|MATCH|RECOGNIZE,large_candidate_set|uncertainty,2.0,,,the insurance document|M06_color_setting_people_no_keyword|B03_date_search_too_many|C08_plausible_cannot_tell,1,False
SIM-0114,Google Play Store,,,"the waterfall from our road trip. I remember the photo exists, but not how I originally found it. I tried an object keyword. The problem is not taking the photo; it is finding it later.",retrieval_related,,,the waterfall from our road trip,travel_place,stated,,"I remember the photo exists, but not how I originally found it.",M09_exists_not_original_path,existence,original_retrieval_path,how it was originally found,False,User is attempting to retrieve the waterfall from our road trip; states they remember that the photo exists; states they do not remember how they originally found it.,I tried an object keyword.,B06_object_keyword,first_attempt,unknown,False,The problem is not taking the photo; it is finding it later.,C07_finding_not_taking,framing,RECALL|EXPRESS,,0.0,,,the waterfall from our road trip|M09_exists_not_original_path|B06_object_keyword|C07_finding_not_taking,1,False
SIM-0710,YouTube comments,,,"the photo of a prescription. I remember who was there and what we were doing, but not the album. I tried different wording.",retrieval_related,,,the photo of a prescription,medical,stated,,"I remember who was there and what we were doing, but not the album.",M08_people_activity_not_album,people|activity,album,album / organisation,False,"User is attempting to retrieve the photo of a prescription; states they remember who was there, what was happening; states they do not remember which album it is in.",I tried different wording.,B05_different_wording,recovery_dependent,unknown,False,,,,RECALL|EXPRESS|RECOVER,reformulation,1.0,,,the photo of a prescription|M08_people_activity_not_album|B05_different_wording|,1,False
SIM-0174,Google Play Store,,,the photo of a prescription. I remember what was happening but not the exact words. I searched for text that might be in the image.,retrieval_related,,,the photo of a prescription,medical,stated,,I remember what was happening but not the exact words.,M12_activity_not_exact_words,activity,exact_wording,exact wording,True,User is attempting to retrieve the photo of a prescription; states they remember what was happening; states they do not remember the exact words.,I searched for text that might be in the image.,B02_text_in_image_search,first_attempt,unknown,False,,,,RECALL|EXPRESS,,0.0,,,the photo of a prescription|M12_activity_not_exact_words|B02_text_in_image_search|,1,False
SIM-0360,Reddit,,,"that small cafe from our Goa trip. I remember the story around the photo more clearly than its metadata. I tried an object keyword. I can recognize the image if I see it, but getting to it is the hard part.",retrieval_related,,,that small cafe from our Goa trip,travel_place,stated,,I remember the story around the photo more clearly than its metadata.,M01_story_over_metadata,story,,,False,User is attempting to retrieve that small cafe from our Goa trip; states they remember the story around it; names no specific information they lack.,I tried an object keyword.,B06_object_keyword,first_attempt,unknown,False,"I can recognize the image if I see it, but getting to it is the hard part.",C01_recognize_but_access_hard,recognition_retained,RECALL|EXPRESS|RECOGNIZE,,0.0,,,that small cafe from our Goa trip|M01_story_over_metadata|B06_object_keyword|C01_recognize_but_access_hard,1,False
SIM-0514,Google Photos Community,,,"a screenshot of a product I wanted. I remember the place generally, but not its name. I switched between search terms and albums. There are thousands of images in the account.",retrieval_related,,,a screenshot of a product I wanted,document_screenshot,judgement,physical_object,"I remember the place generally, but not its name.",M04_place_general_not_name,place,place_name,name,False,User is attempting to retrieve a screenshot of a product I wanted; states they remember the place in general; states they do not remember the place name.,I switched between search terms and albums.,B07_switch_terms_albums,recovery_dependent,unknown,False,There are thousands of images in the account.,C02_thousands_of_images,large_library,RECALL|RECOVER,strategy_switch,1.0,,,a screenshot of a product I wanted|M04_place_general_not_name|B07_switch_terms_albums|C02_thousands_of_images,1,False
SIM-0058,Google Play Store,,,"the photo from when I was sick. I remember the place generally, but not its name. I searched by person and place together.",retrieval_related,,,the photo from when I was sick,medical,judgement,event_social,"I remember the place generally, but not its name.",M04_place_general_not_name,place,place_name,name,False,User is attempting to retrieve the photo from when I was sick; states they remember the place in general; states they do not remember the place name.,I searched by person and place together.,B01_person_place_search,first_attempt,unknown,False,,,,RECALL|EXPRESS,,0.0,,,the photo from when I was sick|M04_place_general_not_name|B01_person_place_search|,1,False
SIM-0577,Google Photos Community,,,"my cousin at the concert. I remember what the object looked like, but not what it was called. I tried several related words. I usually remember the story around the picture better than its metadata.",retrieval_related,,,my cousin at the concert,family_person,judgement,event_social,"I remember what the object looked like, but not what it was called.",M02_object_look_not_name,visual_appearance|object,object_name,name,True,"User is attempting to retrieve my cousin at the concert; states they remember how it looked, the object; states they do not remember what the object is called.",I tried several related words.,B17_several_related_words,recovery_dependent,unknown,False,I usually remember the story around the picture better than its metadata.,C05_story_over_metadata,story_memory,RECALL|EXPRESS|RECOVER,reformulation|repeated_attempts,2.0,,,my cousin at the concert|M02_object_look_not_name|B17_several_related_words|C05_story_over_metadata,1,False
SIM-0223,Apple App Store,,,"the landlord WhatsApp screenshot. I remember the color, setting, or people but not a useful keyword. I looked through a very large set of thumbnails.",retrieval_related,,,the landlord WhatsApp screenshot,document_screenshot,stated,,"I remember the color, setting, or people but not a useful keyword.",M06_color_setting_people_no_keyword,color|setting|people,searchable_keyword,search keyword,True,"User is attempting to retrieve the landlord WhatsApp screenshot; states they remember colours, the setting, who was there; states they do not remember a useful search keyword.",I looked through a very large set of thumbnails.,B13_large_thumbnail_set,candidate_inspection,unknown,False,,,,RECALL|EXPRESS|RECOGNIZE,browsing|large_candidate_set,2.0,,,the landlord WhatsApp screenshot|M06_color_setting_people_no_keyword|B13_large_thumbnail_set|,1,False
SIM-0722,YouTube comments,,,"a photo of my grandfather at the wedding. I know approximately which year it was, but not the month. I switched to another device or photo app.",retrieval_related,,,a photo of my grandfather at the wedding,family_person,judgement,event_social,"I know approximately which year it was, but not the month.",M10_year_not_month,approximate_time,month,time precision,False,User is attempting to retrieve a photo of my grandfather at the wedding; states they remember roughly when it was taken; states they do not remember the month.,I switched to another device or photo app.,B08_other_device_or_app,exit_path,external_workaround,True,,,,RECALL|RECOVER,strategy_switch|external_workaround,2.0,,,a photo of my grandfather at the wedding|M10_year_not_month|B08_other_device_or_app|,1,False
SIM-0281,Apple App Store,,,"a screenshot of a product I wanted. I remember who was there and what we were doing, but not the album. I looked through the timeline manually. I can recognize the image if I see it, but getting to it is the hard part.",retrieval_related,,,a screenshot of a product I wanted,document_screenshot,judgement,physical_object,"I remember who was there and what we were doing, but not the album.",M08_people_activity_not_album,people|activity,album,album / organisation,False,"User is attempting to retrieve a screenshot of a product I wanted; states they remember who was there, what was happening; states they do not remember which album it is in.",I looked through the timeline manually.,B11_timeline_manual,candidate_inspection,unknown,False,"I can recognize the image if I see it, but getting to it is the hard part.",C01_recognize_but_access_hard,recognition_retained,RECALL|RECOGNIZE|RECOVER,browsing,1.0,,,a screenshot of a product I wanted|M08_people_activity_not_album|B11_timeline_manual|C01_recognize_but_access_hard,1,False
SIM-0018,Google Play Store,,,"the landlord WhatsApp screenshot. I remember the color, setting, or people but not a useful keyword. I searched for text that might be in the image. I can recognize the image if I see it, but getting to it is the hard part.",retrieval_related,,,the landlord WhatsApp screenshot,document_screenshot,stated,,"I remember the color, setting, or people but not a useful keyword.",M06_color_setting_people_no_keyword,color|setting|people,searchable_keyword,search keyword,True,"User is attempting to retrieve the landlord WhatsApp screenshot; states they remember colours, the setting, who was there; states they do not remember a useful search keyword.",I searched for text that might be in the image.,B02_text_in_image_search,first_attempt,unknown,False,"I can recognize the image if I see it, but getting to it is the hard part.",C01_recognize_but_access_hard,recognition_retained,RECALL|EXPRESS|RECOGNIZE,,0.0,,,the landlord WhatsApp screenshot|M06_color_setting_people_no_keyword|B02_text_in_image_search|C01_recognize_but_access_hard,1,False
SIM-0128,Google Play Store,,,"our Kerala houseboat photos. I remember the place generally, but not its name. I looked through the timeline manually.",retrieval_related,,,our Kerala houseboat photos,travel_place,stated,,"I remember the place generally, but not its name.",M04_place_general_not_name,place,place_name,name,False,User is attempting to retrieve our Kerala houseboat photos; states they remember the place in general; states they do not remember the place name.,I looked through the timeline manually.,B11_timeline_manual,candidate_inspection,unknown,False,,,,RECALL|RECOGNIZE|RECOVER,browsing,1.0,,,our Kerala houseboat photos|M04_place_general_not_name|B11_timeline_manual|,1,False
SIM-0323,Reddit,,,"the restaurant near Tokyo station. I remember who was there and what we were doing, but not the album. I searched by person and place together.",retrieval_related,,,the restaurant near Tokyo station,travel_place,stated,,"I remember who was there and what we were doing, but not the album.",M08_people_activity_not_album,people|activity,album,album / organisation,False,"User is attempting to retrieve the restaurant near Tokyo station; states they remember who was there, what was happening; states they do not remember which album it is in.",I searched by person and place together.,B01_person_place_search,first_attempt,unknown,False,,,,RECALL|EXPRESS,,0.0,,,the restaurant near Tokyo station|M08_people_activity_not_album|B01_person_place_search|,1,False
SIM-0256,Apple App Store,,,our Kerala houseboat photos. I remember the story around the photo more clearly than its metadata. I tried several related words. The problem is not taking the photo; it is finding it later.,retrieval_related,,,our Kerala houseboat photos,travel_place,stated,,I remember the story around the photo more clearly than its metadata.,M01_story_over_metadata,story,,,False,User is attempting to retrieve our Kerala houseboat photos; states they remember the story around it; names no specific information they lack.,I tried several related words.,B17_several_related_words,recovery_dependent,unknown,False,The problem is not taking the photo; it is finding it later.,C07_finding_not_taking,framing,RECALL|EXPRESS|RECOVER,reformulation|repeated_attempts,2.0,,,our Kerala houseboat photos|M01_story_over_metadata|B17_several_related_words|C07_finding_not_taking,1,False
SIM-0796,Forums,,,"the old meme I saved. I can recognize it if I see it, but I don't know how to narrow the results. I tried an object keyword.",retrieval_related,,,the old meme I saved,document_screenshot,judgement,event_social,"I can recognize it if I see it, but I don't know how to narrow the results.",M05_recognize_cannot_narrow,recognition_ability,,,True,User is attempting to retrieve the old meme I saved; states they remember that they would recognise it on sight; names no specific information they lack.,I tried an object keyword.,B06_object_keyword,first_attempt,unknown,False,,,,RECALL|EXPRESS|RECOGNIZE,,0.0,,,the old meme I saved|M05_recognize_cannot_narrow|B06_object_keyword|,1,False
SIM-N008,Social media,,,The video editor crashes when I export.,not_retrieval_related,,,,,,,,,,,,,,,,,,,,,,,,,editing_defect,,,0,True
SIM-0191,Apple App Store,,,"the landlord WhatsApp screenshot. I remember the place generally, but not its name. I searched for text that might be in the image.",retrieval_related,,,the landlord WhatsApp screenshot,document_screenshot,stated,,"I remember the place generally, but not its name.",M04_place_general_not_name,place,place_name,name,False,User is attempting to retrieve the landlord WhatsApp screenshot; states they remember the place in general; states they do not remember the place name.,I searched for text that might be in the image.,B02_text_in_image_search,first_attempt,unknown,False,,,,RECALL|EXPRESS,,0.0,,,the landlord WhatsApp screenshot|M04_place_general_not_name|B02_text_in_image_search|,1,False
SIM-0116,Google Play Store,,,the medicine box I photographed. I remember the people and situation but not the date. I switched to another device or photo app. There are thousands of images in the account.,retrieval_related,,,the medicine box I photographed,medical,judgement,physical_object,I remember the people and situation but not the date.,M03_people_situation_not_date,people|situation,date,time precision,False,"User is attempting to retrieve the medicine box I photographed; states they remember who was there, the situation; states they do not remember the date.",I switched to another device or photo app.,B08_other_device_or_app,exit_path,external_workaround,True,There are thousands of images in the account.,C02_thousands_of_images,large_library,RECALL|RECOVER,strategy_switch|external_workaround,2.0,,,the medicine box I photographed|M03_people_situation_not_date|B08_other_device_or_app|C02_thousands_of_images,1,False
SIM-0527,Google Photos Community,,,the waterfall from our road trip. I remember what was happening but not the exact words. I looked through the timeline manually.,retrieval_related,,,the waterfall from our road trip,travel_place,stated,,I remember what was happening but not the exact words.,M12_activity_not_exact_words,activity,exact_wording,exact wording,True,User is attempting to retrieve the waterfall from our road trip; states they remember what was happening; states they do not remember the exact words.,I looked through the timeline manually.,B11_timeline_manual,candidate_inspection,unknown,False,,,,RECALL|EXPRESS|RECOGNIZE|RECOVER,browsing,1.0,,,the waterfall from our road trip|M12_activity_not_exact_words|B11_timeline_manual|,1,False
SIM-0181,Apple App Store,,,the picture from our office party. I remember the people and situation but not the date. I looked through the timeline manually. There are thousands of images in the account.,retrieval_related,,,the picture from our office party,event_social,stated,,I remember the people and situation but not the date.,M03_people_situation_not_date,people|situation,date,time precision,False,"User is attempting to retrieve the picture from our office party; states they remember who was there, the situation; states they do not remember the date.",I looked through the timeline manually.,B11_timeline_manual,candidate_inspection,unknown,False,There are thousands of images in the account.,C02_thousands_of_images,large_library,RECALL|RECOGNIZE|RECOVER,browsing,1.0,,,the picture from our office party|M03_people_situation_not_date|B11_timeline_manual|C02_thousands_of_images,1,False
SIM-0302,Reddit,,,"the insurance document. I remember roughly when it happened, but not the exact day. I searched a person's name and then browsed. Sometimes I get a lot of plausible results and still cannot tell which one is right.",retrieval_related,,,the insurance document,document_screenshot,stated,,"I remember roughly when it happened, but not the exact day.",M07_approx_time_not_day,approximate_time,exact_day,time precision,False,User is attempting to retrieve the insurance document; states they remember roughly when it was taken; states they do not remember the exact day.,I searched a person's name and then browsed.,B09_person_then_browse,recovery_dependent,unknown,False,Sometimes I get a lot of plausible results and still cannot tell which one is right.,C08_plausible_cannot_tell,cannot_confirm_candidate,RECALL|EXPRESS|MATCH|RECOGNIZE|RECOVER,strategy_switch|browsing|uncertainty|large_candidate_set,4.0,,,the insurance document|M07_approx_time_not_day|B09_person_then_browse|C08_plausible_cannot_tell,1,False
SIM-0677,YouTube comments,,,"my cousin at the concert. I remember the place generally, but not its name. I tried different wording. I know the photo exists because I have seen it before.",retrieval_related,,,my cousin at the concert,family_person,judgement,event_social,"I remember the place generally, but not its name.",M04_place_general_not_name,place,place_name,name,False,User is attempting to retrieve my cousin at the concert; states they remember the place in general; states they do not remember the place name.,I tried different wording.,B05_different_wording,recovery_dependent,unknown,False,I know the photo exists because I have seen it before.,C06_knows_photo_exists,existence_certain,RECALL|EXPRESS|RECOVER,reformulation,1.0,,,my cousin at the concert|M04_place_general_not_name|B05_different_wording|C06_knows_photo_exists,1,False
SIM-0607,Social media,,,"the old meme I saved. I remember roughly when it happened, but not the exact day. I found it after several attempts. I have been using Photos for years.",retrieval_related,,,the old meme I saved,document_screenshot,judgement,event_social,"I remember roughly when it happened, but not the exact day.",M07_approx_time_not_day,approximate_time,exact_day,time precision,False,User is attempting to retrieve the old meme I saved; states they remember roughly when it was taken; states they do not remember the exact day.,I found it after several attempts.,B15_found_after_several_attempts,recovery_dependent,found_with_effort,True,I have been using Photos for years.,C03_years_of_use,long_tenure,RECALL|RECOVER,repeated_attempts,1.0,,,the old meme I saved|M07_approx_time_not_day|B15_found_after_several_attempts|C03_years_of_use,1,False
SIM-0618,Social media,,,"a picture with my college friends. I remember what the object looked like, but not what it was called. I tried an object keyword.",retrieval_related,,,a picture with my college friends,family_person,stated,,"I remember what the object looked like, but not what it was called.",M02_object_look_not_name,visual_appearance|object,object_name,name,True,"User is attempting to retrieve a picture with my college friends; states they remember how it looked, the object; states they do not remember what the object is called.",I tried an object keyword.,B06_object_keyword,first_attempt,unknown,False,,,,RECALL|EXPRESS,,0.0,,,a picture with my college friends|M02_object_look_not_name|B06_object_keyword|,1,False
SIM-0586,Google Photos Community,,,"the hotel we stayed at during a trip. I remember the photo exists, but not how I originally found it. I tried different wording. I know the photo exists because I have seen it before.",retrieval_related,,,the hotel we stayed at during a trip,travel_place,stated,,"I remember the photo exists, but not how I originally found it.",M09_exists_not_original_path,existence,original_retrieval_path,how it was originally found,False,User is attempting to retrieve the hotel we stayed at during a trip; states they remember that the photo exists; states they do not remember how they originally found it.,I tried different wording.,B05_different_wording,recovery_dependent,unknown,False,I know the photo exists because I have seen it before.,C06_knows_photo_exists,existence_certain,RECALL|EXPRESS|RECOVER,reformulation,1.0,,,the hotel we stayed at during a trip|M09_exists_not_original_path|B05_different_wording|C06_knows_photo_exists,1,False
SIM-0795,Forums,,,"a photo of my grandfather at the wedding. I remember what the object looked like, but not what it was called. I found it after several attempts.",retrieval_related,,,a photo of my grandfather at the wedding,family_person,judgement,event_social,"I remember what the object looked like, but not what it was called.",M02_object_look_not_name,visual_appearance|object,object_name,name,True,"User is attempting to retrieve a photo of my grandfather at the wedding; states they remember how it looked, the object; states they do not remember what the object is called.",I found it after several attempts.,B15_found_after_several_attempts,recovery_dependent,found_with_effort,True,,,,RECALL|EXPRESS|RECOVER,repeated_attempts,1.0,,,a photo of my grandfather at the wedding|M02_object_look_not_name|B15_found_after_several_attempts|,1,False
SIM-0518,Google Photos Community,,,my cousin at the concert. I remember the story around the photo more clearly than its metadata. I searched by person and place together. I know the photo exists because I have seen it before.,retrieval_related,,,my cousin at the concert,family_person,judgement,event_social,I remember the story around the photo more clearly than its metadata.,M01_story_over_metadata,story,,,False,User is attempting to retrieve my cousin at the concert; states they remember the story around it; names no specific information they lack.,I searched by person and place together.,B01_person_place_search,first_attempt,unknown,False,I know the photo exists because I have seen it before.,C06_knows_photo_exists,existence_certain,RECALL|EXPRESS,,0.0,,,my cousin at the concert|M01_story_over_metadata|B01_person_place_search|C06_knows_photo_exists,1,False
SIM-N026,Google Photos Community,,,The video editor crashes when I export.,not_retrieval_related,,,,,,,,,,,,,,,,,,,,,,,,,editing_defect,SIM-N008,,0,True
SIM-0046,Google Play Store,,,the medicine box I photographed. I remember the story around the photo more clearly than its metadata. I searched for text that might be in the image. I have been using Photos for years.,retrieval_related,,,the medicine box I photographed,medical,judgement,physical_object,I remember the story around the photo more clearly than its metadata.,M01_story_over_metadata,story,,,False,User is attempting to retrieve the medicine box I photographed; states they remember the story around it; names no specific information they lack.,I searched for text that might be in the image.,B02_text_in_image_search,first_attempt,unknown,False,I have been using Photos for years.,C03_years_of_use,long_tenure,RECALL|EXPRESS,,0.0,,,the medicine box I photographed|M01_story_over_metadata|B02_text_in_image_search|C03_years_of_use,1,False
SIM-0763,Forums,,,"the hotel we stayed at during a trip. I know approximately which year it was, but not the month. I switched between search terms and albums. I usually remember the story around the picture better than its metadata.",retrieval_related,,,the hotel we stayed at during a trip,travel_place,stated,,"I know approximately which year it was, but not the month.",M10_year_not_month,approximate_time,month,time precision,False,User is attempting to retrieve the hotel we stayed at during a trip; states they remember roughly when it was taken; states they do not remember the month.,I switched between search terms and albums.,B07_switch_terms_albums,recovery_dependent,unknown,False,I usually remember the story around the picture better than its metadata.,C05_story_over_metadata,story_memory,RECALL|RECOVER,strategy_switch,1.0,,,the hotel we stayed at during a trip|M10_year_not_month|B07_switch_terms_albums|C05_story_over_metadata,1,False
SIM-0158,Google Play Store,,,"the photo from when I was sick. I remember roughly when it happened, but not the exact day. I searched for text that might be in the image. The problem is not taking the photo; it is finding it later.",retrieval_related,,,the photo from when I was sick,medical,judgement,event_social,"I remember roughly when it happened, but not the exact day.",M07_approx_time_not_day,approximate_time,exact_day,time precision,False,User is attempting to retrieve the photo from when I was sick; states they remember roughly when it was taken; states they do not remember the exact day.,I searched for text that might be in the image.,B02_text_in_image_search,first_attempt,unknown,False,The problem is not taking the photo; it is finding it later.,C07_finding_not_taking,framing,RECALL|EXPRESS,,0.0,,,the photo from when I was sick|M07_approx_time_not_day|B02_text_in_image_search|C07_finding_not_taking,1,False
SIM-0661,Social media,,,"the concert selfie. I remember what the object looked like, but not what it was called. I opened likely results one by one. I can recognize the image if I see it, but getting to it is the hard part.",retrieval_related,,,the concert selfie,event_social,stated,,"I remember what the object looked like, but not what it was called.",M02_object_look_not_name,visual_appearance|object,object_name,name,True,"User is attempting to retrieve the concert selfie; states they remember how it looked, the object; states they do not remember what the object is called.",I opened likely results one by one.,B04_open_results_one_by_one,candidate_inspection,unknown,False,"I can recognize the image if I see it, but getting to it is the hard part.",C01_recognize_but_access_hard,recognition_retained,RECALL|EXPRESS|RECOGNIZE,candidate_inspection,1.0,,,the concert selfie|M02_object_look_not_name|B04_open_results_one_by_one|C01_recognize_but_access_hard,1,False
SIM-0172,Google Play Store,,,"a yellow truck. I remember the color, setting, or people but not a useful keyword. I used a date range and manually compared candidates. It feels much easier when I know an exact date or person's name.",retrieval_related,,,a yellow truck,unspecified_object,judgement,physical_object,"I remember the color, setting, or people but not a useful keyword.",M06_color_setting_people_no_keyword,color|setting|people,searchable_keyword,search keyword,True,"User is attempting to retrieve a yellow truck; states they remember colours, the setting, who was there; states they do not remember a useful search keyword.",I used a date range and manually compared candidates.,B16_date_range_compare,candidate_inspection,unknown,False,It feels much easier when I know an exact date or person's name.,C04_easier_with_precise_identifier,precise_identifier_contrast,RECALL|EXPRESS|RECOGNIZE,candidate_inspection,1.0,,,a yellow truck|M06_color_setting_people_no_keyword|B16_date_range_compare|C04_easier_with_precise_identifier,1,False
SIM-0017,Google Play Store,,,"a yellow truck. I remember who was there and what we were doing, but not the album. I searched a few keywords and then scrolled. I have been using Photos for years.",retrieval_related,,,a yellow truck,unspecified_object,judgement,physical_object,"I remember who was there and what we were doing, but not the album.",M08_people_activity_not_album,people|activity,album,album / organisation,False,"User is attempting to retrieve a yellow truck; states they remember who was there, what was happening; states they do not remember which album it is in.",I searched a few keywords and then scrolled.,B18_keywords_then_scroll,recovery_dependent,unknown,False,I have been using Photos for years.,C03_years_of_use,long_tenure,RECALL|EXPRESS|RECOVER,strategy_switch|browsing,2.0,,,a yellow truck|M08_people_activity_not_album|B18_keywords_then_scroll|C03_years_of_use,1,False
SIM-0512,Google Photos Community,,,"my cousin at the concert. I remember what the object looked like, but not what it was called. I gave up and asked someone else to send the photo. Sometimes I get a lot of plausible results and still cannot tell which one is right.",retrieval_related,,,my cousin at the concert,family_person,judgement,event_social,"I remember what the object looked like, but not what it was called.",M02_object_look_not_name,visual_appearance|object,object_name,name,True,"User is attempting to retrieve my cousin at the concert; states they remember how it looked, the object; states they do not remember what the object is called.",I gave up and asked someone else to send the photo.,B10_gave_up_asked_someone,exit_path,abandoned,True,Sometimes I get a lot of plausible results and still cannot tell which one is right.,C08_plausible_cannot_tell,cannot_confirm_candidate,RECALL|EXPRESS|MATCH|RECOGNIZE|RECOVER,abandonment|external_workaround|uncertainty|large_candidate_set,4.0,,,my cousin at the concert|M02_object_look_not_name|B10_gave_up_asked_someone|C08_plausible_cannot_tell,1,False
SIM-0049,Google Play Store,,,"the waterfall from our road trip. I can recognize it if I see it, but I don't know how to narrow the results. I tried an object keyword. The problem is not taking the photo; it is finding it later.",retrieval_related,,,the waterfall from our road trip,travel_place,stated,,"I can recognize it if I see it, but I don't know how to narrow the results.",M05_recognize_cannot_narrow,recognition_ability,,,True,User is attempting to retrieve the waterfall from our road trip; states they remember that they would recognise it on sight; names no specific information they lack.,I tried an object keyword.,B06_object_keyword,first_attempt,unknown,False,The problem is not taking the photo; it is finding it later.,C07_finding_not_taking,framing,RECALL|EXPRESS|RECOGNIZE,,0.0,,,the waterfall from our road trip|M05_recognize_cannot_narrow|B06_object_keyword|C07_finding_not_taking,1,False
SIM-N014,YouTube comments,,,How do I change the app theme?,not_retrieval_related,,,,,,,,,,,,,,,,,,,,,,,,,settings,SIM-N039,,0,True
SIM-0516,Google Photos Community,,,"my daughter wearing the red dress. I remember what the object looked like, but not what it was called. I searched for text that might be in the image. It feels much easier when I know an exact date or person's name.",retrieval_related,,,my daughter wearing the red dress,family_person,stated,,"I remember what the object looked like, but not what it was called.",M02_object_look_not_name,visual_appearance|object,object_name,name,True,"User is attempting to retrieve my daughter wearing the red dress; states they remember how it looked, the object; states they do not remember what the object is called.",I searched for text that might be in the image.,B02_text_in_image_search,first_attempt,unknown,False,It feels much easier when I know an exact date or person's name.,C04_easier_with_precise_identifier,precise_identifier_contrast,RECALL|EXPRESS,,0.0,,,my daughter wearing the red dress|M02_object_look_not_name|B02_text_in_image_search|C04_easier_with_precise_identifier,1,False
SIM-0587,Google Photos Community,,,the lamp I wanted to buy. I remember what was happening but not the exact words. I could not find it. I know the photo exists because I have seen it before.,retrieval_related,,,the lamp I wanted to buy,physical_object,judgement,document_screenshot,I remember what was happening but not the exact words.,M12_activity_not_exact_words,activity,exact_wording,exact wording,True,User is attempting to retrieve the lamp I wanted to buy; states they remember what was happening; states they do not remember the exact words.,I could not find it.,B12_could_not_find,exit_path,failed,True,I know the photo exists because I have seen it before.,C06_knows_photo_exists,existence_certain,RECALL|EXPRESS|RECOVER,failure,1.0,,,the lamp I wanted to buy|M12_activity_not_exact_words|B12_could_not_find|C06_knows_photo_exists,2,False
SIM-0481,Google Photos Community,,,"the restaurant near Tokyo station. I can recognize it if I see it, but I don't know how to narrow the results. I searched a person's name and then browsed. I usually remember the story around the picture better than its metadata.",retrieval_related,,,the restaurant near Tokyo station,travel_place,stated,,"I can recognize it if I see it, but I don't know how to narrow the results.",M05_recognize_cannot_narrow,recognition_ability,,,True,User is attempting to retrieve the restaurant near Tokyo station; states they remember that they would recognise it on sight; names no specific information they lack.,I searched a person's name and then browsed.,B09_person_then_browse,recovery_dependent,unknown,False,I usually remember the story around the picture better than its metadata.,C05_story_over_metadata,story_memory,RECALL|EXPRESS|RECOGNIZE|RECOVER,strategy_switch|browsing,2.0,,,the restaurant near Tokyo station|M05_recognize_cannot_narrow|B09_person_then_browse|C05_story_over_metadata,1,False
SIM-0284,Apple App Store,,,my daughter wearing the red dress. I remember a visual detail that is hard to describe in a search box. I gave up and asked someone else to send the photo.,retrieval_related,,,my daughter wearing the red dress,family_person,stated,,I remember a visual detail that is hard to describe in a search box.,M11_visual_detail_hard_to_describe,visual_appearance,,,True,User is attempting to retrieve my daughter wearing the red dress; states they remember how it looked; names no specific information they lack.,I gave up and asked someone else to send the photo.,B10_gave_up_asked_someone,exit_path,abandoned,True,,,,RECALL|EXPRESS|RECOVER,abandonment|external_workaround,2.0,,,my daughter wearing the red dress|M11_visual_detail_hard_to_describe|B10_gave_up_asked_someone|,1,False
SIM-N016,Forums,,,I want to print a photo book.,not_retrieval_related,,,,,,,,,,,,,,,,,,,,,,,,,printing,SIM-N036,,0,True
SIM-0226,Apple App Store,,,the old family group photo. I remember the people and situation but not the date. I could not find it.,retrieval_related,,,the old family group photo,family_person,stated,,I remember the people and situation but not the date.,M03_people_situation_not_date,people|situation,date,time precision,False,"User is attempting to retrieve the old family group photo; states they remember who was there, the situation; states they do not remember the date.",I could not find it.,B12_could_not_find,exit_path,failed,True,,,,RECALL|RECOVER,failure,1.0,,,the old family group photo|M03_people_situation_not_date|B12_could_not_find|,1,False
SIM-0027,Google Play Store,,,"my daughter wearing the red dress. I remember the place generally, but not its name. I tried several related words. I usually remember the story around the picture better than its metadata.",retrieval_related,,,my daughter wearing the red dress,family_person,stated,,"I remember the place generally, but not its name.",M04_place_general_not_name,place,place_name,name,False,User is attempting to retrieve my daughter wearing the red dress; states they remember the place in general; states they do not remember the place name.,I tried several related words.,B17_several_related_words,recovery_dependent,unknown,False,I usually remember the story around the picture better than its metadata.,C05_story_over_metadata,story_memory,RECALL|EXPRESS|RECOVER,reformulation|repeated_attempts,2.0,,,my daughter wearing the red dress|M04_place_general_not_name|B17_several_related_words|C05_story_over_metadata,1,False
SIM-N022,Google Play Store,,,I accidentally deleted a photo and need to restore it.,possibly_relevant,,,,,,,,,,,,,,,,,,,,,,,,,deleted_photo_restore,SIM-N017,,0,True
SIM-0438,Reddit,,,"the picture from the day we moved house. I remember who was there and what we were doing, but not the album. I tried an object keyword. I can recognize the image if I see it, but getting to it is the hard part.",retrieval_related,,,the picture from the day we moved house,event_social,stated,,"I remember who was there and what we were doing, but not the album.",M08_people_activity_not_album,people|activity,album,album / organisation,False,"User is attempting to retrieve the picture from the day we moved house; states they remember who was there, what was happening; states they do not remember which album it is in.",I tried an object keyword.,B06_object_keyword,first_attempt,unknown,False,"I can recognize the image if I see it, but getting to it is the hard part.",C01_recognize_but_access_hard,recognition_retained,RECALL|EXPRESS|RECOGNIZE,,0.0,,,the picture from the day we moved house|M08_people_activity_not_album|B06_object_keyword|C01_recognize_but_access_hard,1,False
SIM-0365,Reddit,,,"the hotel we stayed at during a trip. I can recognize it if I see it, but I don't know how to narrow the results. I switched between search terms and albums. There are thousands of images in the account.",retrieval_related,,,the hotel we stayed at during a trip,travel_place,stated,,"I can recognize it if I see it, but I don't know how to narrow the results.",M05_recognize_cannot_narrow,recognition_ability,,,True,User is attempting to retrieve the hotel we stayed at during a trip; states they remember that they would recognise it on sight; names no specific information they lack.,I switched between search terms and albums.,B07_switch_terms_albums,recovery_dependent,unknown,False,There are thousands of images in the account.,C02_thousands_of_images,large_library,RECALL|EXPRESS|RECOGNIZE|RECOVER,strategy_switch,1.0,,,the hotel we stayed at during a trip|M05_recognize_cannot_narrow|B07_switch_terms_albums|C02_thousands_of_images,1,False
SIM-0230,Apple App Store,,,"the recipe screenshot. I remember what the object looked like, but not what it was called. I opened likely results one by one. Sometimes I get a lot of plausible results and still cannot tell which one is right.",retrieval_related,,,the recipe screenshot,document_screenshot,stated,,"I remember what the object looked like, but not what it was called.",M02_object_look_not_name,visual_appearance|object,object_name,name,True,"User is attempting to retrieve the recipe screenshot; states they remember how it looked, the object; states they do not remember what the object is called.",I opened likely results one by one.,B04_open_results_one_by_one,candidate_inspection,unknown,False,Sometimes I get a lot of plausible results and still cannot tell which one is right.,C08_plausible_cannot_tell,cannot_confirm_candidate,RECALL|EXPRESS|MATCH|RECOGNIZE,candidate_inspection|uncertainty|large_candidate_set,3.0,,,the recipe screenshot|M02_object_look_not_name|B04_open_results_one_by_one|C08_plausible_cannot_tell,1,False
SIM-0038,Google Play Store,,,the old family group photo. I remember the story around the photo more clearly than its metadata. I looked through the timeline manually. I usually remember the story around the picture better than its metadata.,retrieval_related,,,the old family group photo,family_person,stated,,I remember the story around the photo more clearly than its metadata.,M01_story_over_metadata,story,,,False,User is attempting to retrieve the old family group photo; states they remember the story around it; names no specific information they lack.,I looked through the timeline manually.,B11_timeline_manual,candidate_inspection,unknown,False,I usually remember the story around the picture better than its metadata.,C05_story_over_metadata,story_memory,RECALL|RECOGNIZE|RECOVER,browsing,1.0,,,the old family group photo|M01_story_over_metadata|B11_timeline_manual|C05_story_over_metadata,1,False
SIM-N009,YouTube comments,,,How do I free up storage without deleting my photos?,not_retrieval_related,,,,,,,,,,,,,,,,,,,,,,,,,storage,,,0,True
SIM-0375,Reddit,,,"that small cafe from our Goa trip. I remember the place generally, but not its name. I found a similar photo but not the exact one. The problem is not taking the photo; it is finding it later.",retrieval_related,,,that small cafe from our Goa trip,travel_place,stated,,"I remember the place generally, but not its name.",M04_place_general_not_name,place,place_name,name,False,User is attempting to retrieve that small cafe from our Goa trip; states they remember the place in general; states they do not remember the place name.,I found a similar photo but not the exact one.,B14_similar_not_exact,candidate_inspection,similar_uncertain,True,The problem is not taking the photo; it is finding it later.,C07_finding_not_taking,framing,RECALL|RECOGNIZE,uncertainty,1.0,,,that small cafe from our Goa trip|M04_place_general_not_name|B14_similar_not_exact|C07_finding_not_taking,1,False
SIM-0470,Google Photos Community,,,"our Kerala houseboat photos. I remember the color, setting, or people but not a useful keyword. I searched by date and got too many results. I have been using Photos for years.",retrieval_related,,,our Kerala houseboat photos,travel_place,stated,,"I remember the color, setting, or people but not a useful keyword.",M06_color_setting_people_no_keyword,color|setting|people,searchable_keyword,search keyword,True,"User is attempting to retrieve our Kerala houseboat photos; states they remember colours, the setting, who was there; states they do not remember a useful search keyword.",I searched by date and got too many results.,B03_date_search_too_many,candidate_inspection,unknown,False,I have been using Photos for years.,C03_years_of_use,long_tenure,RECALL|EXPRESS|MATCH,large_candidate_set,1.0,,,our Kerala houseboat photos|M06_color_setting_people_no_keyword|B03_date_search_too_many|C03_years_of_use,1,False
SIM-N011,Google Photos Community,,,Face grouping stopped working after an update.,not_retrieval_related,,,,,,,,,,,,,,,,,,,,,,,,,face_grouping_defect,SIM-N025,,0,True
SIM-0716,YouTube comments,,,"the sangeet. I know approximately which year it was, but not the month. I looked through the timeline manually. It feels much easier when I know an exact date or person's name.",retrieval_related,,,the sangeet,event_social,stated,,"I know approximately which year it was, but not the month.",M10_year_not_month,approximate_time,month,time precision,False,User is attempting to retrieve the sangeet; states they remember roughly when it was taken; states they do not remember the month.,I looked through the timeline manually.,B11_timeline_manual,candidate_inspection,unknown,False,It feels much easier when I know an exact date or person's name.,C04_easier_with_precise_identifier,precise_identifier_contrast,RECALL|EXPRESS|RECOGNIZE|RECOVER,browsing,1.0,,,the sangeet|M10_year_not_month|B11_timeline_manual|C04_easier_with_precise_identifier,1,False
SIM-0726,YouTube comments,,,"the hotel we stayed at during a trip. I can recognize it if I see it, but I don't know how to narrow the results. I opened likely results one by one. I can recognize the image if I see it, but getting to it is the hard part.",retrieval_related,,,the hotel we stayed at during a trip,travel_place,stated,,"I can recognize it if I see it, but I don't know how to narrow the results.",M05_recognize_cannot_narrow,recognition_ability,,,True,User is attempting to retrieve the hotel we stayed at during a trip; states they remember that they would recognise it on sight; names no specific information they lack.,I opened likely results one by one.,B04_open_results_one_by_one,candidate_inspection,unknown,False,"I can recognize the image if I see it, but getting to it is the hard part.",C01_recognize_but_access_hard,recognition_retained,RECALL|EXPRESS|RECOGNIZE,candidate_inspection,1.0,,,the hotel we stayed at during a trip|M05_recognize_cannot_narrow|B04_open_results_one_by_one|C01_recognize_but_access_hard,1,False
SIM-0195,Apple App Store,,,"that small cafe from our Goa trip. I remember roughly when it happened, but not the exact day. I switched between search terms and albums. I have been using Photos for years.",retrieval_related,,,that small cafe from our Goa trip,travel_place,stated,,"I remember roughly when it happened, but not the exact day.",M07_approx_time_not_day,approximate_time,exact_day,time precision,False,User is attempting to retrieve that small cafe from our Goa trip; states they remember roughly when it was taken; states they do not remember the exact day.,I switched between search terms and albums.,B07_switch_terms_albums,recovery_dependent,unknown,False,I have been using Photos for years.,C03_years_of_use,long_tenure,RECALL|RECOVER,strategy_switch,1.0,,,that small cafe from our Goa trip|M07_approx_time_not_day|B07_switch_terms_albums|C03_years_of_use,1,False
SIM-0718,YouTube comments,,,"the sangeet. I remember roughly when it happened, but not the exact day. I searched a person's name and then browsed. I have been using Photos for years.",retrieval_related,,,the sangeet,event_social,stated,,"I remember roughly when it happened, but not the exact day.",M07_approx_time_not_day,approximate_time,exact_day,time precision,False,User is attempting to retrieve the sangeet; states they remember roughly when it was taken; states they do not remember the exact day.,I searched a person's name and then browsed.,B09_person_then_browse,recovery_dependent,unknown,False,I have been using Photos for years.,C03_years_of_use,long_tenure,RECALL|EXPRESS|RECOVER,strategy_switch|browsing,2.0,,,the sangeet|M07_approx_time_not_day|B09_person_then_browse|C03_years_of_use,1,False
SIM-0752,Forums,,,"the lamp I wanted to buy. I remember the story around the photo more clearly than its metadata. I gave up and asked someone else to send the photo. I can recognize the image if I see it, but getting to it is the hard part.",retrieval_related,,,the lamp I wanted to buy,physical_object,judgement,document_screenshot,I remember the story around the photo more clearly than its metadata.,M01_story_over_metadata,story,,,False,User is attempting to retrieve the lamp I wanted to buy; states they remember the story around it; names no specific information they lack.,I gave up and asked someone else to send the photo.,B10_gave_up_asked_someone,exit_path,abandoned,True,"I can recognize the image if I see it, but getting to it is the hard part.",C01_recognize_but_access_hard,recognition_retained,RECALL|RECOGNIZE|RECOVER,abandonment|external_workaround,2.0,,,the lamp I wanted to buy|M01_story_over_metadata|B10_gave_up_asked_someone|C01_recognize_but_access_hard,1,False
SIM-0504,Google Photos Community,,,the picture I sent to my doctor. I remember the story around the photo more clearly than its metadata. I switched to another device or photo app. I have been using Photos for years.,retrieval_related,,,the picture I sent to my doctor,medical,judgement,document_screenshot,I remember the story around the photo more clearly than its metadata.,M01_story_over_metadata,story,,,False,User is attempting to retrieve the picture I sent to my doctor; states they remember the story around it; names no specific information they lack.,I switched to another device or photo app.,B08_other_device_or_app,exit_path,external_workaround,True,I have been using Photos for years.,C03_years_of_use,long_tenure,RECALL|RECOVER,strategy_switch|external_workaround,2.0,,,the picture I sent to my doctor|M01_story_over_metadata|B08_other_device_or_app|C03_years_of_use,1,False
SIM-N013,Google Play Store,,,How can I create a collage?,not_retrieval_related,,,,,,,,,,,,,,,,,,,,,,,,,collage,,,0,True
SIM-0750,Forums,,,our Diwali family photo. I remember a visual detail that is hard to describe in a search box. I switched between search terms and albums. I usually remember the story around the picture better than its metadata.,retrieval_related,,,our Diwali family photo,family_person,judgement,event_social,I remember a visual detail that is hard to describe in a search box.,M11_visual_detail_hard_to_describe,visual_appearance,,,True,User is attempting to retrieve our Diwali family photo; states they remember how it looked; names no specific information they lack.,I switched between search terms and albums.,B07_switch_terms_albums,recovery_dependent,unknown,False,I usually remember the story around the picture better than its metadata.,C05_story_over_metadata,story_memory,RECALL|EXPRESS|RECOVER,strategy_switch,1.0,,,our Diwali family photo|M11_visual_detail_hard_to_describe|B07_switch_terms_albums|C05_story_over_metadata,1,False
SIM-N012,Google Play Store,,,I need help with partner sharing.,not_retrieval_related,,,,,,,,,,,,,,,,,,,,,,,,,sharing,SIM-N037,,0,True
SIM-0163,Google Play Store,,,"the restaurant near Tokyo station. I remember roughly when it happened, but not the exact day. I switched between search terms and albums. I know the photo exists because I have seen it before.",retrieval_related,,,the restaurant near Tokyo station,travel_place,stated,,"I remember roughly when it happened, but not the exact day.",M07_approx_time_not_day,approximate_time,exact_day,time precision,False,User is attempting to retrieve the restaurant near Tokyo station; states they remember roughly when it was taken; states they do not remember the exact day.,I switched between search terms and albums.,B07_switch_terms_albums,recovery_dependent,unknown,False,I know the photo exists because I have seen it before.,C06_knows_photo_exists,existence_certain,RECALL|RECOVER,strategy_switch,1.0,,,the restaurant near Tokyo station|M07_approx_time_not_day|B07_switch_terms_albums|C06_knows_photo_exists,1,False
SIM-0599,Google Photos Community,,,"a picture with my college friends. I remember the color, setting, or people but not a useful keyword. I switched between search terms and albums.",retrieval_related,,,a picture with my college friends,family_person,stated,,"I remember the color, setting, or people but not a useful keyword.",M06_color_setting_people_no_keyword,color|setting|people,searchable_keyword,search keyword,True,"User is attempting to retrieve a picture with my college friends; states they remember colours, the setting, who was there; states they do not remember a useful search keyword.",I switched between search terms and albums.,B07_switch_terms_albums,recovery_dependent,unknown,False,,,,RECALL|EXPRESS|RECOVER,strategy_switch,1.0,,,a picture with my college friends|M06_color_setting_people_no_keyword|B07_switch_terms_albums|,1,False
SIM-0153,Google Play Store,,,"my daughter wearing the red dress. I remember who was there and what we were doing, but not the album. I tried an object keyword. The problem is not taking the photo; it is finding it later.",retrieval_related,,,my daughter wearing the red dress,family_person,stated,,"I remember who was there and what we were doing, but not the album.",M08_people_activity_not_album,people|activity,album,album / organisation,False,"User is attempting to retrieve my daughter wearing the red dress; states they remember who was there, what was happening; states they do not remember which album it is in.",I tried an object keyword.,B06_object_keyword,first_attempt,unknown,False,The problem is not taking the photo; it is finding it later.,C07_finding_not_taking,framing,RECALL|EXPRESS,,0.0,,,my daughter wearing the red dress|M08_people_activity_not_album|B06_object_keyword|C07_finding_not_taking,1,False
SIM-0582,Google Photos Community,,,"the lamp I wanted to buy. I can recognize it if I see it, but I don't know how to narrow the results. I searched by date and got too many results. Sometimes I get a lot of plausible results and still cannot tell which one is right.",retrieval_related,,,the lamp I wanted to buy,physical_object,judgement,document_screenshot,"I can recognize it if I see it, but I don't know how to narrow the results.",M05_recognize_cannot_narrow,recognition_ability,,,True,User is attempting to retrieve the lamp I wanted to buy; states they remember that they would recognise it on sight; names no specific information they lack.,I searched by date and got too many results.,B03_date_search_too_many,candidate_inspection,unknown,False,Sometimes I get a lot of plausible results and still cannot tell which one is right.,C08_plausible_cannot_tell,cannot_confirm_candidate,RECALL|EXPRESS|MATCH|RECOGNIZE,large_candidate_set|uncertainty,2.0,,,the lamp I wanted to buy|M05_recognize_cannot_narrow|B03_date_search_too_many|C08_plausible_cannot_tell,1,False
SIM-0598,Google Photos Community,,,"our Diwali family photo. I remember who was there and what we were doing, but not the album. I found it after several attempts. I can recognize the image if I see it, but getting to it is the hard part.",retrieval_related,,,our Diwali family photo,family_person,judgement,event_social,"I remember who was there and what we were doing, but not the album.",M08_people_activity_not_album,people|activity,album,album / organisation,False,"User is attempting to retrieve our Diwali family photo; states they remember who was there, what was happening; states they do not remember which album it is in.",I found it after several attempts.,B15_found_after_several_attempts,recovery_dependent,found_with_effort,True,"I can recognize the image if I see it, but getting to it is the hard part.",C01_recognize_but_access_hard,recognition_retained,RECALL|RECOGNIZE|RECOVER,repeated_attempts,1.0,,,our Diwali family photo|M08_people_activity_not_album|B15_found_after_several_attempts|C01_recognize_but_access_hard,1,False
SIM-0642,Social media,,,"my daughter wearing the red dress. I remember the photo exists, but not how I originally found it. I gave up and asked someone else to send the photo.",retrieval_related,,,my daughter wearing the red dress,family_person,stated,,"I remember the photo exists, but not how I originally found it.",M09_exists_not_original_path,existence,original_retrieval_path,how it was originally found,False,User is attempting to retrieve my daughter wearing the red dress; states they remember that the photo exists; states they do not remember how they originally found it.,I gave up and asked someone else to send the photo.,B10_gave_up_asked_someone,exit_path,abandoned,True,,,,RECALL|RECOVER,abandonment|external_workaround,2.0,,,my daughter wearing the red dress|M09_exists_not_original_path|B10_gave_up_asked_someone|,1,False
SIM-0112,Google Play Store,,,the photo of a prescription. I remember what was happening but not the exact words. I switched between search terms and albums. The problem is not taking the photo; it is finding it later.,retrieval_related,,,the photo of a prescription,medical,stated,,I remember what was happening but not the exact words.,M12_activity_not_exact_words,activity,exact_wording,exact wording,True,User is attempting to retrieve the photo of a prescription; states they remember what was happening; states they do not remember the exact words.,I switched between search terms and albums.,B07_switch_terms_albums,recovery_dependent,unknown,False,The problem is not taking the photo; it is finding it later.,C07_finding_not_taking,framing,RECALL|EXPRESS|RECOVER,strategy_switch,1.0,,,the photo of a prescription|M12_activity_not_exact_words|B07_switch_terms_albums|C07_finding_not_taking,1,False
SIM-0227,Apple App Store,,,my cousin at the concert. I remember the people and situation but not the date. I opened likely results one by one.,retrieval_related,,,my cousin at the concert,family_person,judgement,event_social,I remember the people and situation but not the date.,M03_people_situation_not_date,people|situation,date,time precision,False,"User is attempting to retrieve my cousin at the concert; states they remember who was there, the situation; states they do not remember the date.",I opened likely results one by one.,B04_open_results_one_by_one,candidate_inspection,unknown,False,,,,RECALL|RECOGNIZE,candidate_inspection,1.0,,,my cousin at the concert|M03_people_situation_not_date|B04_open_results_one_by_one|,1,False
SIM-0588,Google Photos Community,,,"the restaurant near Tokyo station. I remember the photo exists, but not how I originally found it. I tried several related words.",retrieval_related,,,the restaurant near Tokyo station,travel_place,stated,,"I remember the photo exists, but not how I originally found it.",M09_exists_not_original_path,existence,original_retrieval_path,how it was originally found,False,User is attempting to retrieve the restaurant near Tokyo station; states they remember that the photo exists; states they do not remember how they originally found it.,I tried several related words.,B17_several_related_words,recovery_dependent,unknown,False,,,,RECALL|EXPRESS|RECOVER,reformulation|repeated_attempts,2.0,,,the restaurant near Tokyo station|M09_exists_not_original_path|B17_several_related_words|,1,False
SIM-0104,Google Play Store,,,"the lamp I wanted to buy. I remember what the object looked like, but not what it was called. I searched by person and place together. There are thousands of images in the account.",retrieval_related,,,the lamp I wanted to buy,physical_object,judgement,document_screenshot,"I remember what the object looked like, but not what it was called.",M02_object_look_not_name,visual_appearance|object,object_name,name,True,"User is attempting to retrieve the lamp I wanted to buy; states they remember how it looked, the object; states they do not remember what the object is called.",I searched by person and place together.,B01_person_place_search,first_attempt,unknown,False,There are thousands of images in the account.,C02_thousands_of_images,large_library,RECALL|EXPRESS,,0.0,,,the lamp I wanted to buy|M02_object_look_not_name|B01_person_place_search|C02_thousands_of_images,1,False
SIM-0422,Reddit,,,a photo of my grandfather at the wedding. I remember the people and situation but not the date. I searched a few keywords and then scrolled.,retrieval_related,,,a photo of my grandfather at the wedding,family_person,judgement,event_social,I remember the people and situation but not the date.,M03_people_situation_not_date,people|situation,date,time precision,False,"User is attempting to retrieve a photo of my grandfather at the wedding; states they remember who was there, the situation; states they do not remember the date.",I searched a few keywords and then scrolled.,B18_keywords_then_scroll,recovery_dependent,unknown,False,,,,RECALL|EXPRESS|RECOVER,strategy_switch|browsing,2.0,,,a photo of my grandfather at the wedding|M03_people_situation_not_date|B18_keywords_then_scroll|,1,False
SIM-0420,Reddit,,,"a screenshot of a product I wanted. I know approximately which year it was, but not the month. I switched between search terms and albums. I have been using Photos for years.",retrieval_related,,,a screenshot of a product I wanted,document_screenshot,judgement,physical_object,"I know approximately which year it was, but not the month.",M10_year_not_month,approximate_time,month,time precision,False,User is attempting to retrieve a screenshot of a product I wanted; states they remember roughly when it was taken; states they do not remember the month.,I switched between search terms and albums.,B07_switch_terms_albums,recovery_dependent,unknown,False,I have been using Photos for years.,C03_years_of_use,long_tenure,RECALL|RECOVER,strategy_switch,1.0,,,a screenshot of a product I wanted|M10_year_not_month|B07_switch_terms_albums|C03_years_of_use,1,False
SIM-0120,Google Play Store,,,"a screenshot of a product I wanted. I remember what the object looked like, but not what it was called. I tried several related words. It feels much easier when I know an exact date or person's name.",retrieval_related,,,a screenshot of a product I wanted,document_screenshot,judgement,physical_object,"I remember what the object looked like, but not what it was called.",M02_object_look_not_name,visual_appearance|object,object_name,name,True,"User is attempting to retrieve a screenshot of a product I wanted; states they remember how it looked, the object; states they do not remember what the object is called.",I tried several related words.,B17_several_related_words,recovery_dependent,unknown,False,It feels much easier when I know an exact date or person's name.,C04_easier_with_precise_identifier,precise_identifier_contrast,RECALL|EXPRESS|RECOVER,reformulation|repeated_attempts,2.0,,,a screenshot of a product I wanted|M02_object_look_not_name|B17_several_related_words|C04_easier_with_precise_identifier,1,False
SIM-0054,Google Play Store,,,"the medicine box I photographed. I remember what the object looked like, but not what it was called. I opened likely results one by one. I know the photo exists because I have seen it before.",retrieval_related,,,the medicine box I photographed,medical,judgement,physical_object,"I remember what the object looked like, but not what it was called.",M02_object_look_not_name,visual_appearance|object,object_name,name,True,"User is attempting to retrieve the medicine box I photographed; states they remember how it looked, the object; states they do not remember what the object is called.",I opened likely results one by one.,B04_open_results_one_by_one,candidate_inspection,unknown,False,I know the photo exists because I have seen it before.,C06_knows_photo_exists,existence_certain,RECALL|EXPRESS|RECOGNIZE,candidate_inspection,1.0,,,the medicine box I photographed|M02_object_look_not_name|B04_open_results_one_by_one|C06_knows_photo_exists,1,False
SIM-0152,Google Play Store,,,"the birthday dinner. I remember the place generally, but not its name. I looked through a very large set of thumbnails. I usually remember the story around the picture better than its metadata.",retrieval_related,,,the birthday dinner,event_social,stated,,"I remember the place generally, but not its name.",M04_place_general_not_name,place,place_name,name,False,User is attempting to retrieve the birthday dinner; states they remember the place in general; states they do not remember the place name.,I looked through a very large set of thumbnails.,B13_large_thumbnail_set,candidate_inspection,unknown,False,I usually remember the story around the picture better than its metadata.,C05_story_over_metadata,story_memory,RECALL|RECOGNIZE,browsing|large_candidate_set,2.0,,,the birthday dinner|M04_place_general_not_name|B13_large_thumbnail_set|C05_story_over_metadata,1,False
SIM-0404,Reddit,,,"a yellow truck. I know approximately which year it was, but not the month. I used a date range and manually compared candidates.",retrieval_related,,,a yellow truck,unspecified_object,judgement,physical_object,"I know approximately which year it was, but not the month.",M10_year_not_month,approximate_time,month,time precision,False,User is attempting to retrieve a yellow truck; states they remember roughly when it was taken; states they do not remember the month.,I used a date range and manually compared candidates.,B16_date_range_compare,candidate_inspection,unknown,False,,,,RECALL|EXPRESS|RECOGNIZE,candidate_inspection,1.0,,,a yellow truck|M10_year_not_month|B16_date_range_compare|,1,False
SIM-0792,Forums,,,"a photo of my grandfather at the wedding. I can recognize it if I see it, but I don't know how to narrow the results. I switched between search terms and albums. I can recognize the image if I see it, but getting to it is the hard part.",retrieval_related,,,a photo of my grandfather at the wedding,family_person,judgement,event_social,"I can recognize it if I see it, but I don't know how to narrow the results.",M05_recognize_cannot_narrow,recognition_ability,,,True,User is attempting to retrieve a photo of my grandfather at the wedding; states they remember that they would recognise it on sight; names no specific information they lack.,I switched between search terms and albums.,B07_switch_terms_albums,recovery_dependent,unknown,False,"I can recognize the image if I see it, but getting to it is the hard part.",C01_recognize_but_access_hard,recognition_retained,RECALL|EXPRESS|RECOGNIZE|RECOVER,strategy_switch,1.0,,,a photo of my grandfather at the wedding|M05_recognize_cannot_narrow|B07_switch_terms_albums|C01_recognize_but_access_hard,1,False
SIM-0208,Apple App Store,,,"the picture from our office party. I can recognize it if I see it, but I don't know how to narrow the results. I tried an object keyword. I know the photo exists because I have seen it before.",retrieval_related,,,the picture from our office party,event_social,stated,,"I can recognize it if I see it, but I don't know how to narrow the results.",M05_recognize_cannot_narrow,recognition_ability,,,True,User is attempting to retrieve the picture from our office party; states they remember that they would recognise it on sight; names no specific information they lack.,I tried an object keyword.,B06_object_keyword,first_attempt,unknown,False,I know the photo exists because I have seen it before.,C06_knows_photo_exists,existence_certain,RECALL|EXPRESS|RECOGNIZE,,0.0,,,the picture from our office party|M05_recognize_cannot_narrow|B06_object_keyword|C06_knows_photo_exists,1,False
SIM-0711,YouTube comments,,,"the medicine box I photographed. I remember roughly when it happened, but not the exact day. I could not find it. I know the photo exists because I have seen it before.",retrieval_related,,,the medicine box I photographed,medical,judgement,physical_object,"I remember roughly when it happened, but not the exact day.",M07_approx_time_not_day,approximate_time,exact_day,time precision,False,User is attempting to retrieve the medicine box I photographed; states they remember roughly when it was taken; states they do not remember the exact day.,I could not find it.,B12_could_not_find,exit_path,failed,True,I know the photo exists because I have seen it before.,C06_knows_photo_exists,existence_certain,RECALL|RECOVER,failure,1.0,,,the medicine box I photographed|M07_approx_time_not_day|B12_could_not_find|C06_knows_photo_exists,1,False
SIM-0733,YouTube comments,,,the landlord WhatsApp screenshot. I remember the people and situation but not the date. I switched to another device or photo app. I usually remember the story around the picture better than its metadata.,retrieval_related,,,the landlord WhatsApp screenshot,document_screenshot,stated,,I remember the people and situation but not the date.,M03_people_situation_not_date,people|situation,date,time precision,False,"User is attempting to retrieve the landlord WhatsApp screenshot; states they remember who was there, the situation; states they do not remember the date.",I switched to another device or photo app.,B08_other_device_or_app,exit_path,external_workaround,True,I usually remember the story around the picture better than its metadata.,C05_story_over_metadata,story_memory,RECALL|RECOVER,strategy_switch|external_workaround,2.0,,,the landlord WhatsApp screenshot|M03_people_situation_not_date|B08_other_device_or_app|C05_story_over_metadata,1,False
SIM-0009,Google Play Store,,,"the parking sign I photographed. I can recognize it if I see it, but I don't know how to narrow the results. I searched a few keywords and then scrolled. The problem is not taking the photo; it is finding it later.",retrieval_related,,,the parking sign I photographed,physical_object,stated,,"I can recognize it if I see it, but I don't know how to narrow the results.",M05_recognize_cannot_narrow,recognition_ability,,,True,User is attempting to retrieve the parking sign I photographed; states they remember that they would recognise it on sight; names no specific information they lack.,I searched a few keywords and then scrolled.,B18_keywords_then_scroll,recovery_dependent,unknown,False,The problem is not taking the photo; it is finding it later.,C07_finding_not_taking,framing,RECALL|EXPRESS|RECOGNIZE|RECOVER,strategy_switch|browsing,2.0,,,the parking sign I photographed|M05_recognize_cannot_narrow|B18_keywords_then_scroll|C07_finding_not_taking,1,False
SIM-0683,YouTube comments,,,"the birthday dinner. I can recognize it if I see it, but I don't know how to narrow the results. I tried several related words. I usually remember the story around the picture better than its metadata.",retrieval_related,,,the birthday dinner,event_social,stated,,"I can recognize it if I see it, but I don't know how to narrow the results.",M05_recognize_cannot_narrow,recognition_ability,,,True,User is attempting to retrieve the birthday dinner; states they remember that they would recognise it on sight; names no specific information they lack.,I tried several related words.,B17_several_related_words,recovery_dependent,unknown,False,I usually remember the story around the picture better than its metadata.,C05_story_over_metadata,story_memory,RECALL|EXPRESS|RECOGNIZE|RECOVER,reformulation|repeated_attempts,2.0,,,the birthday dinner|M05_recognize_cannot_narrow|B17_several_related_words|C05_story_over_metadata,1,False
SIM-0037,Google Play Store,,,"our Diwali family photo. I remember the story around the photo more clearly than its metadata. I tried different wording. I can recognize the image if I see it, but getting to it is the hard part.",retrieval_related,,,our Diwali family photo,family_person,judgement,event_social,I remember the story around the photo more clearly than its metadata.,M01_story_over_metadata,story,,,False,User is attempting to retrieve our Diwali family photo; states they remember the story around it; names no specific information they lack.,I tried different wording.,B05_different_wording,recovery_dependent,unknown,False,"I can recognize the image if I see it, but getting to it is the hard part.",C01_recognize_but_access_hard,recognition_retained,RECALL|EXPRESS|RECOGNIZE|RECOVER,reformulation,1.0,,,our Diwali family photo|M01_story_over_metadata|B05_different_wording|C01_recognize_but_access_hard,1,False
SIM-0453,Reddit,,,"the birthday dinner. I remember the photo exists, but not how I originally found it. I gave up and asked someone else to send the photo. I can recognize the image if I see it, but getting to it is the hard part.",retrieval_related,,,the birthday dinner,event_social,stated,,"I remember the photo exists, but not how I originally found it.",M09_exists_not_original_path,existence,original_retrieval_path,how it was originally found,False,User is attempting to retrieve the birthday dinner; states they remember that the photo exists; states they do not remember how they originally found it.,I gave up and asked someone else to send the photo.,B10_gave_up_asked_someone,exit_path,abandoned,True,"I can recognize the image if I see it, but getting to it is the hard part.",C01_recognize_but_access_hard,recognition_retained,RECALL|RECOGNIZE|RECOVER,abandonment|external_workaround,2.0,,,the birthday dinner|M09_exists_not_original_path|B10_gave_up_asked_someone|C01_recognize_but_access_hard,1,False
SIM-0254,Apple App Store,,,a screenshot of a product I wanted. I remember a visual detail that is hard to describe in a search box. I searched for text that might be in the image. I usually remember the story around the picture better than its metadata.,retrieval_related,,,a screenshot of a product I wanted,document_screenshot,judgement,physical_object,I remember a visual detail that is hard to describe in a search box.,M11_visual_detail_hard_to_describe,visual_appearance,,,True,User is attempting to retrieve a screenshot of a product I wanted; states they remember how it looked; names no specific information they lack.,I searched for text that might be in the image.,B02_text_in_image_search,first_attempt,unknown,False,I usually remember the story around the picture better than its metadata.,C05_story_over_metadata,story_memory,RECALL|EXPRESS,,0.0,,,a screenshot of a product I wanted|M11_visual_detail_hard_to_describe|B02_text_in_image_search|C05_story_over_metadata,1,False
SIM-0304,Reddit,,,"the parking sign I photographed. I remember the photo exists, but not how I originally found it. I could not find it. The problem is not taking the photo; it is finding it later.",retrieval_related,,,the parking sign I photographed,physical_object,stated,,"I remember the photo exists, but not how I originally found it.",M09_exists_not_original_path,existence,original_retrieval_path,how it was originally found,False,User is attempting to retrieve the parking sign I photographed; states they remember that the photo exists; states they do not remember how they originally found it.,I could not find it.,B12_could_not_find,exit_path,failed,True,The problem is not taking the photo; it is finding it later.,C07_finding_not_taking,framing,RECALL|RECOVER,failure,1.0,,,the parking sign I photographed|M09_exists_not_original_path|B12_could_not_find|C07_finding_not_taking,1,False
SIM-0634,Social media,,,the sangeet. I remember the people and situation but not the date. I switched between search terms and albums. I have been using Photos for years.,retrieval_related,,,the sangeet,event_social,stated,,I remember the people and situation but not the date.,M03_people_situation_not_date,people|situation,date,time precision,False,"User is attempting to retrieve the sangeet; states they remember who was there, the situation; states they do not remember the date.",I switched between search terms and albums.,B07_switch_terms_albums,recovery_dependent,unknown,False,I have been using Photos for years.,C03_years_of_use,long_tenure,RECALL|RECOVER,strategy_switch,1.0,,,the sangeet|M03_people_situation_not_date|B07_switch_terms_albums|C03_years_of_use,1,False
SIM-0572,Google Photos Community,,,a photo of my grandfather at the wedding. I remember the story around the photo more clearly than its metadata. I found it after several attempts. It feels much easier when I know an exact date or person's name.,retrieval_related,,,a photo of my grandfather at the wedding,family_person,judgement,event_social,I remember the story around the photo more clearly than its metadata.,M01_story_over_metadata,story,,,False,User is attempting to retrieve a photo of my grandfather at the wedding; states they remember the story around it; names no specific information they lack.,I found it after several attempts.,B15_found_after_several_attempts,recovery_dependent,found_with_effort,True,It feels much easier when I know an exact date or person's name.,C04_easier_with_precise_identifier,precise_identifier_contrast,RECALL|EXPRESS|RECOVER,repeated_attempts,1.0,,,a photo of my grandfather at the wedding|M01_story_over_metadata|B15_found_after_several_attempts|C04_easier_with_precise_identifier,1,False
SIM-0605,Social media,,,"a yellow truck. I can recognize it if I see it, but I don't know how to narrow the results. I searched by date and got too many results. I usually remember the story around the picture better than its metadata.",retrieval_related,,,a yellow truck,unspecified_object,judgement,physical_object,"I can recognize it if I see it, but I don't know how to narrow the results.",M05_recognize_cannot_narrow,recognition_ability,,,True,User is attempting to retrieve a yellow truck; states they remember that they would recognise it on sight; names no specific information they lack.,I searched by date and got too many results.,B03_date_search_too_many,candidate_inspection,unknown,False,I usually remember the story around the picture better than its metadata.,C05_story_over_metadata,story_memory,RECALL|EXPRESS|MATCH|RECOGNIZE,large_candidate_set,1.0,,,a yellow truck|M05_recognize_cannot_narrow|B03_date_search_too_many|C05_story_over_metadata,1,False
SIM-0614,Social media,,,the hotel we stayed at during a trip. I remember a visual detail that is hard to describe in a search box. I searched by date and got too many results. It feels much easier when I know an exact date or person's name.,retrieval_related,,,the hotel we stayed at during a trip,travel_place,stated,,I remember a visual detail that is hard to describe in a search box.,M11_visual_detail_hard_to_describe,visual_appearance,,,True,User is attempting to retrieve the hotel we stayed at during a trip; states they remember how it looked; names no specific information they lack.,I searched by date and got too many results.,B03_date_search_too_many,candidate_inspection,unknown,False,It feels much easier when I know an exact date or person's name.,C04_easier_with_precise_identifier,precise_identifier_contrast,RECALL|EXPRESS|MATCH,large_candidate_set,1.0,,,the hotel we stayed at during a trip|M11_visual_detail_hard_to_describe|B03_date_search_too_many|C04_easier_with_precise_identifier,1,False
SIM-0263,Apple App Store,,,the medicine box I photographed. I remember the story around the photo more clearly than its metadata. I tried several related words. I know the photo exists because I have seen it before.,retrieval_related,,,the medicine box I photographed,medical,judgement,physical_object,I remember the story around the photo more clearly than its metadata.,M01_story_over_metadata,story,,,False,User is attempting to retrieve the medicine box I photographed; states they remember the story around it; names no specific information they lack.,I tried several related words.,B17_several_related_words,recovery_dependent,unknown,False,I know the photo exists because I have seen it before.,C06_knows_photo_exists,existence_certain,RECALL|EXPRESS|RECOVER,reformulation|repeated_attempts,2.0,,,the medicine box I photographed|M01_story_over_metadata|B17_several_related_words|C06_knows_photo_exists,1,False
SIM-0298,Reddit,,,the boarding pass screenshot. I remember what was happening but not the exact words. I tried an object keyword.,retrieval_related,,,the boarding pass screenshot,document_screenshot,stated,,I remember what was happening but not the exact words.,M12_activity_not_exact_words,activity,exact_wording,exact wording,True,User is attempting to retrieve the boarding pass screenshot; states they remember what was happening; states they do not remember the exact words.,I tried an object keyword.,B06_object_keyword,first_attempt,unknown,False,,,,RECALL|EXPRESS,,0.0,,,the boarding pass screenshot|M12_activity_not_exact_words|B06_object_keyword|,1,False
SIM-0415,Reddit,,,the medicine box I photographed. I remember what was happening but not the exact words. I searched for text that might be in the image. Sometimes I get a lot of plausible results and still cannot tell which one is right.,retrieval_related,,,the medicine box I photographed,medical,judgement,physical_object,I remember what was happening but not the exact words.,M12_activity_not_exact_words,activity,exact_wording,exact wording,True,User is attempting to retrieve the medicine box I photographed; states they remember what was happening; states they do not remember the exact words.,I searched for text that might be in the image.,B02_text_in_image_search,first_attempt,unknown,False,Sometimes I get a lot of plausible results and still cannot tell which one is right.,C08_plausible_cannot_tell,cannot_confirm_candidate,RECALL|EXPRESS|MATCH|RECOGNIZE,uncertainty|large_candidate_set,2.0,,,the medicine box I photographed|M12_activity_not_exact_words|B02_text_in_image_search|C08_plausible_cannot_tell,1,False
SIM-0151,Google Play Store,,,"the lamp I wanted to buy. I remember roughly when it happened, but not the exact day. I found a similar photo but not the exact one. The problem is not taking the photo; it is finding it later.",retrieval_related,,,the lamp I wanted to buy,physical_object,judgement,document_screenshot,"I remember roughly when it happened, but not the exact day.",M07_approx_time_not_day,approximate_time,exact_day,time precision,False,User is attempting to retrieve the lamp I wanted to buy; states they remember roughly when it was taken; states they do not remember the exact day.,I found a similar photo but not the exact one.,B14_similar_not_exact,candidate_inspection,similar_uncertain,True,The problem is not taking the photo; it is finding it later.,C07_finding_not_taking,framing,RECALL|RECOGNIZE,uncertainty,1.0,,,the lamp I wanted to buy|M07_approx_time_not_day|B14_similar_not_exact|C07_finding_not_taking,1,False
SIM-0668,Social media,,,"the medicine box I photographed. I remember who was there and what we were doing, but not the album. I tried an object keyword. There are thousands of images in the account.",retrieval_related,,,the medicine box I photographed,medical,judgement,physical_object,"I remember who was there and what we were doing, but not the album.",M08_people_activity_not_album,people|activity,album,album / organisation,False,"User is attempting to retrieve the medicine box I photographed; states they remember who was there, what was happening; states they do not remember which album it is in.",I tried an object keyword.,B06_object_keyword,first_attempt,unknown,False,There are thousands of images in the account.,C02_thousands_of_images,large_library,RECALL|EXPRESS,,0.0,,,the medicine box I photographed|M08_people_activity_not_album|B06_object_keyword|C02_thousands_of_images,1,False
SIM-0746,YouTube comments,,,the landlord WhatsApp screenshot. I remember a visual detail that is hard to describe in a search box. I searched a person's name and then browsed. I have been using Photos for years.,retrieval_related,,,the landlord WhatsApp screenshot,document_screenshot,stated,,I remember a visual detail that is hard to describe in a search box.,M11_visual_detail_hard_to_describe,visual_appearance,,,True,User is attempting to retrieve the landlord WhatsApp screenshot; states they remember how it looked; names no specific information they lack.,I searched a person's name and then browsed.,B09_person_then_browse,recovery_dependent,unknown,False,I have been using Photos for years.,C03_years_of_use,long_tenure,RECALL|EXPRESS|RECOVER,strategy_switch|browsing,2.0,,,the landlord WhatsApp screenshot|M11_visual_detail_hard_to_describe|B09_person_then_browse|C03_years_of_use,1,False
SIM-0551,Google Photos Community,,,"the picture from the day we moved house. I know approximately which year it was, but not the month. I looked through the timeline manually. The problem is not taking the photo; it is finding it later.",retrieval_related,,,the picture from the day we moved house,event_social,stated,,"I know approximately which year it was, but not the month.",M10_year_not_month,approximate_time,month,time precision,False,User is attempting to retrieve the picture from the day we moved house; states they remember roughly when it was taken; states they do not remember the month.,I looked through the timeline manually.,B11_timeline_manual,candidate_inspection,unknown,False,The problem is not taking the photo; it is finding it later.,C07_finding_not_taking,framing,RECALL|RECOGNIZE|RECOVER,browsing,1.0,,,the picture from the day we moved house|M10_year_not_month|B11_timeline_manual|C07_finding_not_taking,1,False
SIM-0489,Google Photos Community,,,the picture from the day we moved house. I remember the people and situation but not the date. I gave up and asked someone else to send the photo. It feels much easier when I know an exact date or person's name.,retrieval_related,,,the picture from the day we moved house,event_social,stated,,I remember the people and situation but not the date.,M03_people_situation_not_date,people|situation,date,time precision,False,"User is attempting to retrieve the picture from the day we moved house; states they remember who was there, the situation; states they do not remember the date.",I gave up and asked someone else to send the photo.,B10_gave_up_asked_someone,exit_path,abandoned,True,It feels much easier when I know an exact date or person's name.,C04_easier_with_precise_identifier,precise_identifier_contrast,RECALL|EXPRESS|RECOVER,abandonment|external_workaround,2.0,,,the picture from the day we moved house|M03_people_situation_not_date|B10_gave_up_asked_someone|C04_easier_with_precise_identifier,1,False
SIM-0148,Google Play Store,,,a photo of my grandfather at the wedding. I remember what was happening but not the exact words. I searched by date and got too many results.,retrieval_related,,,a photo of my grandfather at the wedding,family_person,judgement,event_social,I remember what was happening but not the exact words.,M12_activity_not_exact_words,activity,exact_wording,exact wording,True,User is attempting to retrieve a photo of my grandfather at the wedding; states they remember what was happening; states they do not remember the exact words.,I searched by date and got too many results.,B03_date_search_too_many,candidate_inspection,unknown,False,,,,RECALL|EXPRESS|MATCH,large_candidate_set,1.0,,,a photo of my grandfather at the wedding|M12_activity_not_exact_words|B03_date_search_too_many|,1,False
SIM-0147,Google Play Store,,,"our Diwali family photo. I remember the place generally, but not its name. I switched to another device or photo app. I have been using Photos for years.",retrieval_related,,,our Diwali family photo,family_person,judgement,event_social,"I remember the place generally, but not its name.",M04_place_general_not_name,place,place_name,name,False,User is attempting to retrieve our Diwali family photo; states they remember the place in general; states they do not remember the place name.,I switched to another device or photo app.,B08_other_device_or_app,exit_path,external_workaround,True,I have been using Photos for years.,C03_years_of_use,long_tenure,RECALL|RECOVER,strategy_switch|external_workaround,2.0,,,our Diwali family photo|M04_place_general_not_name|B08_other_device_or_app|C03_years_of_use,1,False
SIM-N033,Forums,,,I need help with partner sharing.,not_retrieval_related,,,,,,,,,,,,,,,,,,,,,,,,,sharing,SIM-N037,,0,True
SIM-0780,Forums,,,"the recipe screenshot. I remember the photo exists, but not how I originally found it. I searched a few keywords and then scrolled.",retrieval_related,,,the recipe screenshot,document_screenshot,stated,,"I remember the photo exists, but not how I originally found it.",M09_exists_not_original_path,existence,original_retrieval_path,how it was originally found,False,User is attempting to retrieve the recipe screenshot; states they remember that the photo exists; states they do not remember how they originally found it.,I searched a few keywords and then scrolled.,B18_keywords_then_scroll,recovery_dependent,unknown,False,,,,RECALL|EXPRESS|RECOVER,strategy_switch|browsing,2.0,,,the recipe screenshot|M09_exists_not_original_path|B18_keywords_then_scroll|,1,False
SIM-0629,Social media,,,"the landlord WhatsApp screenshot. I remember roughly when it happened, but not the exact day. I searched by person and place together. I have been using Photos for years.",retrieval_related,,,the landlord WhatsApp screenshot,document_screenshot,stated,,"I remember roughly when it happened, but not the exact day.",M07_approx_time_not_day,approximate_time,exact_day,time precision,False,User is attempting to retrieve the landlord WhatsApp screenshot; states they remember roughly when it was taken; states they do not remember the exact day.,I searched by person and place together.,B01_person_place_search,first_attempt,unknown,False,I have been using Photos for years.,C03_years_of_use,long_tenure,RECALL|EXPRESS,,0.0,,,the landlord WhatsApp screenshot|M07_approx_time_not_day|B01_person_place_search|C03_years_of_use,1,False
SIM-0349,Reddit,,,"that small cafe from our Goa trip. I remember what the object looked like, but not what it was called. I searched for text that might be in the image. There are thousands of images in the account.",retrieval_related,,,that small cafe from our Goa trip,travel_place,stated,,"I remember what the object looked like, but not what it was called.",M02_object_look_not_name,visual_appearance|object,object_name,name,True,"User is attempting to retrieve that small cafe from our Goa trip; states they remember how it looked, the object; states they do not remember what the object is called.",I searched for text that might be in the image.,B02_text_in_image_search,first_attempt,unknown,False,There are thousands of images in the account.,C02_thousands_of_images,large_library,RECALL|EXPRESS,,0.0,,,that small cafe from our Goa trip|M02_object_look_not_name|B02_text_in_image_search|C02_thousands_of_images,1,False
SIM-0464,Google Photos Community,,,the old family group photo. I remember the story around the photo more clearly than its metadata. I opened likely results one by one. I have been using Photos for years.,retrieval_related,,,the old family group photo,family_person,stated,,I remember the story around the photo more clearly than its metadata.,M01_story_over_metadata,story,,,False,User is attempting to retrieve the old family group photo; states they remember the story around it; names no specific information they lack.,I opened likely results one by one.,B04_open_results_one_by_one,candidate_inspection,unknown,False,I have been using Photos for years.,C03_years_of_use,long_tenure,RECALL|RECOGNIZE,candidate_inspection,1.0,,,the old family group photo|M01_story_over_metadata|B04_open_results_one_by_one|C03_years_of_use,1,False
SIM-0326,Reddit,,,"the restaurant near Tokyo station. I know approximately which year it was, but not the month. I could not find it.",retrieval_related,,,the restaurant near Tokyo station,travel_place,stated,,"I know approximately which year it was, but not the month.",M10_year_not_month,approximate_time,month,time precision,False,User is attempting to retrieve the restaurant near Tokyo station; states they remember roughly when it was taken; states they do not remember the month.,I could not find it.,B12_could_not_find,exit_path,failed,True,,,,RECALL|RECOVER,failure,1.0,,,the restaurant near Tokyo station|M10_year_not_month|B12_could_not_find|,1,False
SIM-0187,Apple App Store,,,"my cousin at the concert. I remember who was there and what we were doing, but not the album. I looked through a very large set of thumbnails. It feels much easier when I know an exact date or person's name.",retrieval_related,,,my cousin at the concert,family_person,judgement,event_social,"I remember who was there and what we were doing, but not the album.",M08_people_activity_not_album,people|activity,album,album / organisation,False,"User is attempting to retrieve my cousin at the concert; states they remember who was there, what was happening; states they do not remember which album it is in.",I looked through a very large set of thumbnails.,B13_large_thumbnail_set,candidate_inspection,unknown,False,It feels much easier when I know an exact date or person's name.,C04_easier_with_precise_identifier,precise_identifier_contrast,RECALL|EXPRESS|RECOGNIZE,browsing|large_candidate_set,2.0,,,my cousin at the concert|M08_people_activity_not_album|B13_large_thumbnail_set|C04_easier_with_precise_identifier,1,False
SIM-0124,Google Play Store,,,"a picture with my college friends. I remember the color, setting, or people but not a useful keyword. I tried different wording. Sometimes I get a lot of plausible results and still cannot tell which one is right.",retrieval_related,,,a picture with my college friends,family_person,stated,,"I remember the color, setting, or people but not a useful keyword.",M06_color_setting_people_no_keyword,color|setting|people,searchable_keyword,search keyword,True,"User is attempting to retrieve a picture with my college friends; states they remember colours, the setting, who was there; states they do not remember a useful search keyword.",I tried different wording.,B05_different_wording,recovery_dependent,unknown,False,Sometimes I get a lot of plausible results and still cannot tell which one is right.,C08_plausible_cannot_tell,cannot_confirm_candidate,RECALL|EXPRESS|MATCH|RECOGNIZE|RECOVER,reformulation|uncertainty|large_candidate_set,3.0,,,a picture with my college friends|M06_color_setting_people_no_keyword|B05_different_wording|C08_plausible_cannot_tell,1,False
SIM-0717,YouTube comments,,,the photo of a prescription. I remember a visual detail that is hard to describe in a search box. I searched a few keywords and then scrolled.,retrieval_related,,,the photo of a prescription,medical,stated,,I remember a visual detail that is hard to describe in a search box.,M11_visual_detail_hard_to_describe,visual_appearance,,,True,User is attempting to retrieve the photo of a prescription; states they remember how it looked; names no specific information they lack.,I searched a few keywords and then scrolled.,B18_keywords_then_scroll,recovery_dependent,unknown,False,,,,RECALL|EXPRESS|RECOVER,strategy_switch|browsing,2.0,,,the photo of a prescription|M11_visual_detail_hard_to_describe|B18_keywords_then_scroll|,1,False
SIM-0609,Social media,,,"the photo from when I was sick. I remember the place generally, but not its name. I tried several related words. It feels much easier when I know an exact date or person's name.",retrieval_related,,,the photo from when I was sick,medical,judgement,event_social,"I remember the place generally, but not its name.",M04_place_general_not_name,place,place_name,name,False,User is attempting to retrieve the photo from when I was sick; states they remember the place in general; states they do not remember the place name.,I tried several related words.,B17_several_related_words,recovery_dependent,unknown,False,It feels much easier when I know an exact date or person's name.,C04_easier_with_precise_identifier,precise_identifier_contrast,RECALL|EXPRESS|RECOVER,reformulation|repeated_attempts,2.0,,,the photo from when I was sick|M04_place_general_not_name|B17_several_related_words|C04_easier_with_precise_identifier,1,False
SIM-0144,Google Play Store,,,the hotel we stayed at during a trip. I remember what was happening but not the exact words. I tried several related words. The problem is not taking the photo; it is finding it later.,retrieval_related,,,the hotel we stayed at during a trip,travel_place,stated,,I remember what was happening but not the exact words.,M12_activity_not_exact_words,activity,exact_wording,exact wording,True,User is attempting to retrieve the hotel we stayed at during a trip; states they remember what was happening; states they do not remember the exact words.,I tried several related words.,B17_several_related_words,recovery_dependent,unknown,False,The problem is not taking the photo; it is finding it later.,C07_finding_not_taking,framing,RECALL|EXPRESS|RECOVER,reformulation|repeated_attempts,2.0,,,the hotel we stayed at during a trip|M12_activity_not_exact_words|B17_several_related_words|C07_finding_not_taking,1,False
SIM-N003,Reddit,,,The new editing interface is confusing.,not_retrieval_related,,,,,,,,,,,,,,,,,,,,,,,,,editing_ui,SIM-N002,,0,True
SIM-0198,Apple App Store,,,"a photo of my grandfather at the wedding. I can recognize it if I see it, but I don't know how to narrow the results. I searched by date and got too many results. I usually remember the story around the picture better than its metadata.",retrieval_related,,,a photo of my grandfather at the wedding,family_person,judgement,event_social,"I can recognize it if I see it, but I don't know how to narrow the results.",M05_recognize_cannot_narrow,recognition_ability,,,True,User is attempting to retrieve a photo of my grandfather at the wedding; states they remember that they would recognise it on sight; names no specific information they lack.,I searched by date and got too many results.,B03_date_search_too_many,candidate_inspection,unknown,False,I usually remember the story around the picture better than its metadata.,C05_story_over_metadata,story_memory,RECALL|EXPRESS|MATCH|RECOGNIZE,large_candidate_set,1.0,,,a photo of my grandfather at the wedding|M05_recognize_cannot_narrow|B03_date_search_too_many|C05_story_over_metadata,1,False
SIM-0610,Social media,,,"the lamp I wanted to buy. I know approximately which year it was, but not the month. I searched by person and place together.",retrieval_related,,,the lamp I wanted to buy,physical_object,judgement,document_screenshot,"I know approximately which year it was, but not the month.",M10_year_not_month,approximate_time,month,time precision,False,User is attempting to retrieve the lamp I wanted to buy; states they remember roughly when it was taken; states they do not remember the month.,I searched by person and place together.,B01_person_place_search,first_attempt,unknown,False,,,,RECALL|EXPRESS,,0.0,,,the lamp I wanted to buy|M10_year_not_month|B01_person_place_search|,1,False
SIM-0280,Apple App Store,,,the boarding pass screenshot. I remember what was happening but not the exact words. I found it after several attempts.,retrieval_related,,,the boarding pass screenshot,document_screenshot,stated,,I remember what was happening but not the exact words.,M12_activity_not_exact_words,activity,exact_wording,exact wording,True,User is attempting to retrieve the boarding pass screenshot; states they remember what was happening; states they do not remember the exact words.,I found it after several attempts.,B15_found_after_several_attempts,recovery_dependent,found_with_effort,True,,,,RECALL|EXPRESS|RECOVER,repeated_attempts,1.0,,,the boarding pass screenshot|M12_activity_not_exact_words|B15_found_after_several_attempts|,1,False
SIM-0294,Apple App Store,,,the parking sign I photographed. I remember the people and situation but not the date. I searched by date and got too many results.,retrieval_related,,,the parking sign I photographed,physical_object,stated,,I remember the people and situation but not the date.,M03_people_situation_not_date,people|situation,date,time precision,False,"User is attempting to retrieve the parking sign I photographed; states they remember who was there, the situation; states they do not remember the date.",I searched by date and got too many results.,B03_date_search_too_many,candidate_inspection,unknown,False,,,,RECALL|EXPRESS|MATCH,large_candidate_set,1.0,,,the parking sign I photographed|M03_people_situation_not_date|B03_date_search_too_many|,1,False
SIM-0401,Reddit,,,"the birthday dinner. I remember the color, setting, or people but not a useful keyword. I gave up and asked someone else to send the photo. The problem is not taking the photo; it is finding it later.",retrieval_related,,,the birthday dinner,event_social,stated,,"I remember the color, setting, or people but not a useful keyword.",M06_color_setting_people_no_keyword,color|setting|people,searchable_keyword,search keyword,True,"User is attempting to retrieve the birthday dinner; states they remember colours, the setting, who was there; states they do not remember a useful search keyword.",I gave up and asked someone else to send the photo.,B10_gave_up_asked_someone,exit_path,abandoned,True,The problem is not taking the photo; it is finding it later.,C07_finding_not_taking,framing,RECALL|EXPRESS|RECOVER,abandonment|external_workaround,2.0,,,the birthday dinner|M06_color_setting_people_no_keyword|B10_gave_up_asked_someone|C07_finding_not_taking,1,False
SIM-0123,Google Play Store,,,"the old family group photo. I remember the photo exists, but not how I originally found it. I looked through a very large set of thumbnails. I usually remember the story around the picture better than its metadata.",retrieval_related,,,the old family group photo,family_person,stated,,"I remember the photo exists, but not how I originally found it.",M09_exists_not_original_path,existence,original_retrieval_path,how it was originally found,False,User is attempting to retrieve the old family group photo; states they remember that the photo exists; states they do not remember how they originally found it.,I looked through a very large set of thumbnails.,B13_large_thumbnail_set,candidate_inspection,unknown,False,I usually remember the story around the picture better than its metadata.,C05_story_over_metadata,story_memory,RECALL|RECOGNIZE,browsing|large_candidate_set,2.0,,,the old family group photo|M09_exists_not_original_path|B13_large_thumbnail_set|C05_story_over_metadata,1,False
SIM-0184,Apple App Store,,,"our Diwali family photo. I remember a visual detail that is hard to describe in a search box. I searched by person and place together. I can recognize the image if I see it, but getting to it is the hard part.",retrieval_related,,,our Diwali family photo,family_person,judgement,event_social,I remember a visual detail that is hard to describe in a search box.,M11_visual_detail_hard_to_describe,visual_appearance,,,True,User is attempting to retrieve our Diwali family photo; states they remember how it looked; names no specific information they lack.,I searched by person and place together.,B01_person_place_search,first_attempt,unknown,False,"I can recognize the image if I see it, but getting to it is the hard part.",C01_recognize_but_access_hard,recognition_retained,RECALL|EXPRESS|RECOGNIZE,,0.0,,,our Diwali family photo|M11_visual_detail_hard_to_describe|B01_person_place_search|C01_recognize_but_access_hard,1,False
SIM-0203,Apple App Store,,,the birthday dinner. I remember the story around the photo more clearly than its metadata. I searched for text that might be in the image.,retrieval_related,,,the birthday dinner,event_social,stated,,I remember the story around the photo more clearly than its metadata.,M01_story_over_metadata,story,,,False,User is attempting to retrieve the birthday dinner; states they remember the story around it; names no specific information they lack.,I searched for text that might be in the image.,B02_text_in_image_search,first_attempt,unknown,False,,,,RECALL|EXPRESS,,0.0,,,the birthday dinner|M01_story_over_metadata|B02_text_in_image_search|,1,False
SIM-0439,Reddit,,,our Kerala houseboat photos. I remember the people and situation but not the date. I switched between search terms and albums. I know the photo exists because I have seen it before.,retrieval_related,,,our Kerala houseboat photos,travel_place,stated,,I remember the people and situation but not the date.,M03_people_situation_not_date,people|situation,date,time precision,False,"User is attempting to retrieve our Kerala houseboat photos; states they remember who was there, the situation; states they do not remember the date.",I switched between search terms and albums.,B07_switch_terms_albums,recovery_dependent,unknown,False,I know the photo exists because I have seen it before.,C06_knows_photo_exists,existence_certain,RECALL|RECOVER,strategy_switch,1.0,,,our Kerala houseboat photos|M03_people_situation_not_date|B07_switch_terms_albums|C06_knows_photo_exists,1,False
SIM-0247,Apple App Store,,,the landlord WhatsApp screenshot. I remember what was happening but not the exact words. I switched to another device or photo app. I usually remember the story around the picture better than its metadata.,retrieval_related,,,the landlord WhatsApp screenshot,document_screenshot,stated,,I remember what was happening but not the exact words.,M12_activity_not_exact_words,activity,exact_wording,exact wording,True,User is attempting to retrieve the landlord WhatsApp screenshot; states they remember what was happening; states they do not remember the exact words.,I switched to another device or photo app.,B08_other_device_or_app,exit_path,external_workaround,True,I usually remember the story around the picture better than its metadata.,C05_story_over_metadata,story_memory,RECALL|EXPRESS|RECOVER,strategy_switch|external_workaround,2.0,,,the landlord WhatsApp screenshot|M12_activity_not_exact_words|B08_other_device_or_app|C05_story_over_metadata,1,False
SIM-0416,Reddit,,,"a yellow truck. I remember what the object looked like, but not what it was called. I searched a few keywords and then scrolled.",retrieval_related,,,a yellow truck,unspecified_object,judgement,physical_object,"I remember what the object looked like, but not what it was called.",M02_object_look_not_name,visual_appearance|object,object_name,name,True,"User is attempting to retrieve a yellow truck; states they remember how it looked, the object; states they do not remember what the object is called.",I searched a few keywords and then scrolled.,B18_keywords_then_scroll,recovery_dependent,unknown,False,,,,RECALL|EXPRESS|RECOVER,strategy_switch|browsing,2.0,,,a yellow truck|M02_object_look_not_name|B18_keywords_then_scroll|,1,False
SIM-0745,YouTube comments,,,"the sangeet. I remember what the object looked like, but not what it was called. I used a date range and manually compared candidates. I have been using Photos for years.",retrieval_related,,,the sangeet,event_social,stated,,"I remember what the object looked like, but not what it was called.",M02_object_look_not_name,visual_appearance|object,object_name,name,True,"User is attempting to retrieve the sangeet; states they remember how it looked, the object; states they do not remember what the object is called.",I used a date range and manually compared candidates.,B16_date_range_compare,candidate_inspection,unknown,False,I have been using Photos for years.,C03_years_of_use,long_tenure,RECALL|EXPRESS|RECOGNIZE,candidate_inspection,1.0,,,the sangeet|M02_object_look_not_name|B16_date_range_compare|C03_years_of_use,1,False
SIM-0130,Google Play Store,,,"the medicine box I photographed. I remember what the object looked like, but not what it was called. I tried different wording. I have been using Photos for years.",retrieval_related,,,the medicine box I photographed,medical,judgement,physical_object,"I remember what the object looked like, but not what it was called.",M02_object_look_not_name,visual_appearance|object,object_name,name,True,"User is attempting to retrieve the medicine box I photographed; states they remember how it looked, the object; states they do not remember what the object is called.",I tried different wording.,B05_different_wording,recovery_dependent,unknown,False,I have been using Photos for years.,C03_years_of_use,long_tenure,RECALL|EXPRESS|RECOVER,reformulation,1.0,,,the medicine box I photographed|M02_object_look_not_name|B05_different_wording|C03_years_of_use,1,False
SIM-0403,Reddit,,,"the birthday dinner. I remember roughly when it happened, but not the exact day. I gave up and asked someone else to send the photo. Sometimes I get a lot of plausible results and still cannot tell which one is right.",retrieval_related,,,the birthday dinner,event_social,stated,,"I remember roughly when it happened, but not the exact day.",M07_approx_time_not_day,approximate_time,exact_day,time precision,False,User is attempting to retrieve the birthday dinner; states they remember roughly when it was taken; states they do not remember the exact day.,I gave up and asked someone else to send the photo.,B10_gave_up_asked_someone,exit_path,abandoned,True,Sometimes I get a lot of plausible results and still cannot tell which one is right.,C08_plausible_cannot_tell,cannot_confirm_candidate,RECALL|MATCH|RECOGNIZE|RECOVER,abandonment|external_workaround|uncertainty|large_candidate_set,4.0,,,the birthday dinner|M07_approx_time_not_day|B10_gave_up_asked_someone|C08_plausible_cannot_tell,1,False
SIM-N024,Google Photos Community,,,The app keeps asking me to upgrade storage.,not_retrieval_related,,,,,,,,,,,,,,,,,,,,,,,,,storage,,,0,True
SIM-0653,Social media,,,a screenshot of a product I wanted. I remember the story around the photo more clearly than its metadata. I switched to another device or photo app. The problem is not taking the photo; it is finding it later.,retrieval_related,,,a screenshot of a product I wanted,document_screenshot,judgement,physical_object,I remember the story around the photo more clearly than its metadata.,M01_story_over_metadata,story,,,False,User is attempting to retrieve a screenshot of a product I wanted; states they remember the story around it; names no specific information they lack.,I switched to another device or photo app.,B08_other_device_or_app,exit_path,external_workaround,True,The problem is not taking the photo; it is finding it later.,C07_finding_not_taking,framing,RECALL|RECOVER,strategy_switch|external_workaround,2.0,,,a screenshot of a product I wanted|M01_story_over_metadata|B08_other_device_or_app|C07_finding_not_taking,1,False
SIM-0765,Forums,,,"a screenshot of a product I wanted. I remember what the object looked like, but not what it was called. I used a date range and manually compared candidates.",retrieval_related,,,a screenshot of a product I wanted,document_screenshot,judgement,physical_object,"I remember what the object looked like, but not what it was called.",M02_object_look_not_name,visual_appearance|object,object_name,name,True,"User is attempting to retrieve a screenshot of a product I wanted; states they remember how it looked, the object; states they do not remember what the object is called.",I used a date range and manually compared candidates.,B16_date_range_compare,candidate_inspection,unknown,False,,,,RECALL|EXPRESS|RECOGNIZE,candidate_inspection,1.0,,,a screenshot of a product I wanted|M02_object_look_not_name|B16_date_range_compare|,1,False
SIM-0220,Apple App Store,,,"the restaurant near Tokyo station. I remember the color, setting, or people but not a useful keyword. I found a similar photo but not the exact one. I can recognize the image if I see it, but getting to it is the hard part.",retrieval_related,,,the restaurant near Tokyo station,travel_place,stated,,"I remember the color, setting, or people but not a useful keyword.",M06_color_setting_people_no_keyword,color|setting|people,searchable_keyword,search keyword,True,"User is attempting to retrieve the restaurant near Tokyo station; states they remember colours, the setting, who was there; states they do not remember a useful search keyword.",I found a similar photo but not the exact one.,B14_similar_not_exact,candidate_inspection,similar_uncertain,True,"I can recognize the image if I see it, but getting to it is the hard part.",C01_recognize_but_access_hard,recognition_retained,RECALL|EXPRESS|RECOGNIZE,uncertainty,1.0,,,the restaurant near Tokyo station|M06_color_setting_people_no_keyword|B14_similar_not_exact|C01_recognize_but_access_hard,1,False
SIM-0767,Forums,,,"the parking sign I photographed. I remember the place generally, but not its name. I searched for text that might be in the image. I have been using Photos for years.",retrieval_related,,,the parking sign I photographed,physical_object,stated,,"I remember the place generally, but not its name.",M04_place_general_not_name,place,place_name,name,False,User is attempting to retrieve the parking sign I photographed; states they remember the place in general; states they do not remember the place name.,I searched for text that might be in the image.,B02_text_in_image_search,first_attempt,unknown,False,I have been using Photos for years.,C03_years_of_use,long_tenure,RECALL|EXPRESS,,0.0,,,the parking sign I photographed|M04_place_general_not_name|B02_text_in_image_search|C03_years_of_use,1,False
SIM-0639,Social media,,,"the landlord WhatsApp screenshot. I remember who was there and what we were doing, but not the album. I tried different wording. Sometimes I get a lot of plausible results and still cannot tell which one is right.",retrieval_related,,,the landlord WhatsApp screenshot,document_screenshot,stated,,"I remember who was there and what we were doing, but not the album.",M08_people_activity_not_album,people|activity,album,album / organisation,False,"User is attempting to retrieve the landlord WhatsApp screenshot; states they remember who was there, what was happening; states they do not remember which album it is in.",I tried different wording.,B05_different_wording,recovery_dependent,unknown,False,Sometimes I get a lot of plausible results and still cannot tell which one is right.,C08_plausible_cannot_tell,cannot_confirm_candidate,RECALL|EXPRESS|MATCH|RECOGNIZE|RECOVER,reformulation|uncertainty|large_candidate_set,3.0,,,the landlord WhatsApp screenshot|M08_people_activity_not_album|B05_different_wording|C08_plausible_cannot_tell,1,False
SIM-N020,Google Photos Community,,,My photos are taking too much storage.,not_retrieval_related,,,,,,,,,,,,,,,,,,,,,,,,,storage,SIM-N007,,0,True
SIM-0625,Social media,,,"the waterfall from our road trip. I remember the color, setting, or people but not a useful keyword. I tried different wording. It feels much easier when I know an exact date or person's name.",retrieval_related,,,the waterfall from our road trip,travel_place,stated,,"I remember the color, setting, or people but not a useful keyword.",M06_color_setting_people_no_keyword,color|setting|people,searchable_keyword,search keyword,True,"User is attempting to retrieve the waterfall from our road trip; states they remember colours, the setting, who was there; states they do not remember a useful search keyword.",I tried different wording.,B05_different_wording,recovery_dependent,unknown,False,It feels much easier when I know an exact date or person's name.,C04_easier_with_precise_identifier,precise_identifier_contrast,RECALL|EXPRESS|RECOVER,reformulation,1.0,,,the waterfall from our road trip|M06_color_setting_people_no_keyword|B05_different_wording|C04_easier_with_precise_identifier,1,False
SIM-0708,YouTube comments,,,"the old family group photo. I remember the color, setting, or people but not a useful keyword. I gave up and asked someone else to send the photo. I have been using Photos for years.",retrieval_related,,,the old family group photo,family_person,stated,,"I remember the color, setting, or people but not a useful keyword.",M06_color_setting_people_no_keyword,color|setting|people,searchable_keyword,search keyword,True,"User is attempting to retrieve the old family group photo; states they remember colours, the setting, who was there; states they do not remember a useful search keyword.",I gave up and asked someone else to send the photo.,B10_gave_up_asked_someone,exit_path,abandoned,True,I have been using Photos for years.,C03_years_of_use,long_tenure,RECALL|EXPRESS|RECOVER,abandonment|external_workaround,2.0,,,the old family group photo|M06_color_setting_people_no_keyword|B10_gave_up_asked_someone|C03_years_of_use,1,False
SIM-0790,Forums,,,"the landlord WhatsApp screenshot. I remember a visual detail that is hard to describe in a search box. I searched by person and place together. I can recognize the image if I see it, but getting to it is the hard part.",retrieval_related,,,the landlord WhatsApp screenshot,document_screenshot,stated,,I remember a visual detail that is hard to describe in a search box.,M11_visual_detail_hard_to_describe,visual_appearance,,,True,User is attempting to retrieve the landlord WhatsApp screenshot; states they remember how it looked; names no specific information they lack.,I searched by person and place together.,B01_person_place_search,first_attempt,unknown,False,"I can recognize the image if I see it, but getting to it is the hard part.",C01_recognize_but_access_hard,recognition_retained,RECALL|EXPRESS|RECOGNIZE,,0.0,,,the landlord WhatsApp screenshot|M11_visual_detail_hard_to_describe|B01_person_place_search|C01_recognize_but_access_hard,1,False
SIM-0387,Reddit,,,the medicine box I photographed. I remember what was happening but not the exact words. I tried several related words. Sometimes I get a lot of plausible results and still cannot tell which one is right.,retrieval_related,,,the medicine box I photographed,medical,judgement,physical_object,I remember what was happening but not the exact words.,M12_activity_not_exact_words,activity,exact_wording,exact wording,True,User is attempting to retrieve the medicine box I photographed; states they remember what was happening; states they do not remember the exact words.,I tried several related words.,B17_several_related_words,recovery_dependent,unknown,False,Sometimes I get a lot of plausible results and still cannot tell which one is right.,C08_plausible_cannot_tell,cannot_confirm_candidate,RECALL|EXPRESS|MATCH|RECOGNIZE|RECOVER,reformulation|repeated_attempts|uncertainty|large_candidate_set,4.0,,,the medicine box I photographed|M12_activity_not_exact_words|B17_several_related_words|C08_plausible_cannot_tell,1,False
SIM-N015,Social media,,,Backup is taking forever on my phone.,not_retrieval_related,,,,,,,,,,,,,,,,,,,,,,,,,backup,SIM-N030,,0,True
SIM-0510,Google Photos Community,,,"a screenshot of a product I wanted. I remember what the object looked like, but not what it was called. I searched a person's name and then browsed. The problem is not taking the photo; it is finding it later.",retrieval_related,,,a screenshot of a product I wanted,document_screenshot,judgement,physical_object,"I remember what the object looked like, but not what it was called.",M02_object_look_not_name,visual_appearance|object,object_name,name,True,"User is attempting to retrieve a screenshot of a product I wanted; states they remember how it looked, the object; states they do not remember what the object is called.",I searched a person's name and then browsed.,B09_person_then_browse,recovery_dependent,unknown,False,The problem is not taking the photo; it is finding it later.,C07_finding_not_taking,framing,RECALL|EXPRESS|RECOVER,strategy_switch|browsing,2.0,,,a screenshot of a product I wanted|M02_object_look_not_name|B09_person_then_browse|C07_finding_not_taking,1,False
SIM-0268,Apple App Store,,,"my daughter wearing the red dress. I remember the photo exists, but not how I originally found it. I switched between search terms and albums. I have been using Photos for years.",retrieval_related,,,my daughter wearing the red dress,family_person,stated,,"I remember the photo exists, but not how I originally found it.",M09_exists_not_original_path,existence,original_retrieval_path,how it was originally found,False,User is attempting to retrieve my daughter wearing the red dress; states they remember that the photo exists; states they do not remember how they originally found it.,I switched between search terms and albums.,B07_switch_terms_albums,recovery_dependent,unknown,False,I have been using Photos for years.,C03_years_of_use,long_tenure,RECALL|RECOVER,strategy_switch,1.0,,,my daughter wearing the red dress|M09_exists_not_original_path|B07_switch_terms_albums|C03_years_of_use,1,False
SIM-0693,YouTube comments,,,"our Diwali family photo. I remember the people and situation but not the date. I switched to another device or photo app. I can recognize the image if I see it, but getting to it is the hard part.",retrieval_related,,,our Diwali family photo,family_person,judgement,event_social,I remember the people and situation but not the date.,M03_people_situation_not_date,people|situation,date,time precision,False,"User is attempting to retrieve our Diwali family photo; states they remember who was there, the situation; states they do not remember the date.",I switched to another device or photo app.,B08_other_device_or_app,exit_path,external_workaround,True,"I can recognize the image if I see it, but getting to it is the hard part.",C01_recognize_but_access_hard,recognition_retained,RECALL|RECOGNIZE|RECOVER,strategy_switch|external_workaround,2.0,,,our Diwali family photo|M03_people_situation_not_date|B08_other_device_or_app|C01_recognize_but_access_hard,1,False
SIM-0442,Reddit,,,"the concert selfie. I remember the color, setting, or people but not a useful keyword. I looked through a very large set of thumbnails. I have been using Photos for years.",retrieval_related,,,the concert selfie,event_social,stated,,"I remember the color, setting, or people but not a useful keyword.",M06_color_setting_people_no_keyword,color|setting|people,searchable_keyword,search keyword,True,"User is attempting to retrieve the concert selfie; states they remember colours, the setting, who was there; states they do not remember a useful search keyword.",I looked through a very large set of thumbnails.,B13_large_thumbnail_set,candidate_inspection,unknown,False,I have been using Photos for years.,C03_years_of_use,long_tenure,RECALL|EXPRESS|RECOGNIZE,browsing|large_candidate_set,2.0,,,the concert selfie|M06_color_setting_people_no_keyword|B13_large_thumbnail_set|C03_years_of_use,1,False
SIM-0497,Google Photos Community,,,a screenshot of a product I wanted. I remember what was happening but not the exact words. I opened likely results one by one. Sometimes I get a lot of plausible results and still cannot tell which one is right.,retrieval_related,,,a screenshot of a product I wanted,document_screenshot,judgement,physical_object,I remember what was happening but not the exact words.,M12_activity_not_exact_words,activity,exact_wording,exact wording,True,User is attempting to retrieve a screenshot of a product I wanted; states they remember what was happening; states they do not remember the exact words.,I opened likely results one by one.,B04_open_results_one_by_one,candidate_inspection,unknown,False,Sometimes I get a lot of plausible results and still cannot tell which one is right.,C08_plausible_cannot_tell,cannot_confirm_candidate,RECALL|EXPRESS|MATCH|RECOGNIZE,candidate_inspection|uncertainty|large_candidate_set,3.0,,,a screenshot of a product I wanted|M12_activity_not_exact_words|B04_open_results_one_by_one|C08_plausible_cannot_tell,1,False
SIM-0113,Google Play Store,,,"that small cafe from our Goa trip. I can recognize it if I see it, but I don't know how to narrow the results. I searched by date and got too many results.",retrieval_related,,,that small cafe from our Goa trip,travel_place,stated,,"I can recognize it if I see it, but I don't know how to narrow the results.",M05_recognize_cannot_narrow,recognition_ability,,,True,User is attempting to retrieve that small cafe from our Goa trip; states they remember that they would recognise it on sight; names no specific information they lack.,I searched by date and got too many results.,B03_date_search_too_many,candidate_inspection,unknown,False,,,,RECALL|EXPRESS|MATCH|RECOGNIZE,large_candidate_set,1.0,,,that small cafe from our Goa trip|M05_recognize_cannot_narrow|B03_date_search_too_many|,1,False
SIM-0233,Apple App Store,,,the landlord WhatsApp screenshot. I remember the story around the photo more clearly than its metadata. I used a date range and manually compared candidates. I have been using Photos for years.,retrieval_related,,,the landlord WhatsApp screenshot,document_screenshot,stated,,I remember the story around the photo more clearly than its metadata.,M01_story_over_metadata,story,,,False,User is attempting to retrieve the landlord WhatsApp screenshot; states they remember the story around it; names no specific information they lack.,I used a date range and manually compared candidates.,B16_date_range_compare,candidate_inspection,unknown,False,I have been using Photos for years.,C03_years_of_use,long_tenure,RECALL|EXPRESS|RECOGNIZE,candidate_inspection,1.0,,,the landlord WhatsApp screenshot|M01_story_over_metadata|B16_date_range_compare|C03_years_of_use,1,False
SIM-0732,YouTube comments,,,a picture with my college friends. I remember the people and situation but not the date. I tried several related words. It feels much easier when I know an exact date or person's name.,retrieval_related,,,a picture with my college friends,family_person,stated,,I remember the people and situation but not the date.,M03_people_situation_not_date,people|situation,date,time precision,False,"User is attempting to retrieve a picture with my college friends; states they remember who was there, the situation; states they do not remember the date.",I tried several related words.,B17_several_related_words,recovery_dependent,unknown,False,It feels much easier when I know an exact date or person's name.,C04_easier_with_precise_identifier,precise_identifier_contrast,RECALL|EXPRESS|RECOVER,reformulation|repeated_attempts,2.0,,,a picture with my college friends|M03_people_situation_not_date|B17_several_related_words|C04_easier_with_precise_identifier,1,False
SIM-0608,Social media,,,the picture from our office party. I remember a visual detail that is hard to describe in a search box. I looked through the timeline manually. There are thousands of images in the account.,retrieval_related,,,the picture from our office party,event_social,stated,,I remember a visual detail that is hard to describe in a search box.,M11_visual_detail_hard_to_describe,visual_appearance,,,True,User is attempting to retrieve the picture from our office party; states they remember how it looked; names no specific information they lack.,I looked through the timeline manually.,B11_timeline_manual,candidate_inspection,unknown,False,There are thousands of images in the account.,C02_thousands_of_images,large_library,RECALL|EXPRESS|RECOGNIZE|RECOVER,browsing,1.0,,,the picture from our office party|M11_visual_detail_hard_to_describe|B11_timeline_manual|C02_thousands_of_images,1,False
SIM-0374,Reddit,,,"the picture I sent to my doctor. I remember what the object looked like, but not what it was called. I searched by person and place together. I know the photo exists because I have seen it before.",retrieval_related,,,the picture I sent to my doctor,medical,judgement,document_screenshot,"I remember what the object looked like, but not what it was called.",M02_object_look_not_name,visual_appearance|object,object_name,name,True,"User is attempting to retrieve the picture I sent to my doctor; states they remember how it looked, the object; states they do not remember what the object is called.",I searched by person and place together.,B01_person_place_search,first_attempt,unknown,False,I know the photo exists because I have seen it before.,C06_knows_photo_exists,existence_certain,RECALL|EXPRESS,,0.0,,,the picture I sent to my doctor|M02_object_look_not_name|B01_person_place_search|C06_knows_photo_exists,1,False
SIM-0234,Apple App Store,,,"the concert selfie. I remember the photo exists, but not how I originally found it. I used a date range and manually compared candidates. There are thousands of images in the account.",retrieval_related,,,the concert selfie,event_social,stated,,"I remember the photo exists, but not how I originally found it.",M09_exists_not_original_path,existence,original_retrieval_path,how it was originally found,False,User is attempting to retrieve the concert selfie; states they remember that the photo exists; states they do not remember how they originally found it.,I used a date range and manually compared candidates.,B16_date_range_compare,candidate_inspection,unknown,False,There are thousands of images in the account.,C02_thousands_of_images,large_library,RECALL|EXPRESS|RECOGNIZE,candidate_inspection,1.0,,,the concert selfie|M09_exists_not_original_path|B16_date_range_compare|C02_thousands_of_images,1,False
SIM-0665,Social media,,,a picture with my college friends. I remember what was happening but not the exact words. I searched for text that might be in the image. The problem is not taking the photo; it is finding it later.,retrieval_related,,,a picture with my college friends,family_person,stated,,I remember what was happening but not the exact words.,M12_activity_not_exact_words,activity,exact_wording,exact wording,True,User is attempting to retrieve a picture with my college friends; states they remember what was happening; states they do not remember the exact words.,I searched for text that might be in the image.,B02_text_in_image_search,first_attempt,unknown,False,The problem is not taking the photo; it is finding it later.,C07_finding_not_taking,framing,RECALL|EXPRESS,,0.0,,,a picture with my college friends|M12_activity_not_exact_words|B02_text_in_image_search|C07_finding_not_taking,1,False
SIM-0318,Reddit,,,"a photo of my grandfather at the wedding. I remember the place generally, but not its name. I opened likely results one by one. It feels much easier when I know an exact date or person's name.",retrieval_related,,,a photo of my grandfather at the wedding,family_person,judgement,event_social,"I remember the place generally, but not its name.",M04_place_general_not_name,place,place_name,name,False,User is attempting to retrieve a photo of my grandfather at the wedding; states they remember the place in general; states they do not remember the place name.,I opened likely results one by one.,B04_open_results_one_by_one,candidate_inspection,unknown,False,It feels much easier when I know an exact date or person's name.,C04_easier_with_precise_identifier,precise_identifier_contrast,RECALL|EXPRESS|RECOGNIZE,candidate_inspection,1.0,,,a photo of my grandfather at the wedding|M04_place_general_not_name|B04_open_results_one_by_one|C04_easier_with_precise_identifier,1,False
SIM-0649,Social media,,,a yellow truck. I remember what was happening but not the exact words. I looked through the timeline manually. I know the photo exists because I have seen it before.,retrieval_related,,,a yellow truck,unspecified_object,judgement,physical_object,I remember what was happening but not the exact words.,M12_activity_not_exact_words,activity,exact_wording,exact wording,True,User is attempting to retrieve a yellow truck; states they remember what was happening; states they do not remember the exact words.,I looked through the timeline manually.,B11_timeline_manual,candidate_inspection,unknown,False,I know the photo exists because I have seen it before.,C06_knows_photo_exists,existence_certain,RECALL|EXPRESS|RECOGNIZE|RECOVER,browsing,1.0,,,a yellow truck|M12_activity_not_exact_words|B11_timeline_manual|C06_knows_photo_exists,1,False
SIM-0411,Reddit,,,"the restaurant near Tokyo station. I can recognize it if I see it, but I don't know how to narrow the results. I searched a person's name and then browsed. It feels much easier when I know an exact date or person's name.",retrieval_related,,,the restaurant near Tokyo station,travel_place,stated,,"I can recognize it if I see it, but I don't know how to narrow the results.",M05_recognize_cannot_narrow,recognition_ability,,,True,User is attempting to retrieve the restaurant near Tokyo station; states they remember that they would recognise it on sight; names no specific information they lack.,I searched a person's name and then browsed.,B09_person_then_browse,recovery_dependent,unknown,False,It feels much easier when I know an exact date or person's name.,C04_easier_with_precise_identifier,precise_identifier_contrast,RECALL|EXPRESS|RECOGNIZE|RECOVER,strategy_switch|browsing,2.0,,,the restaurant near Tokyo station|M05_recognize_cannot_narrow|B09_person_then_browse|C04_easier_with_precise_identifier,1,False
SIM-0754,Forums,,,the old meme I saved. I remember the people and situation but not the date. I searched by date and got too many results. Sometimes I get a lot of plausible results and still cannot tell which one is right.,retrieval_related,,,the old meme I saved,document_screenshot,judgement,event_social,I remember the people and situation but not the date.,M03_people_situation_not_date,people|situation,date,time precision,False,"User is attempting to retrieve the old meme I saved; states they remember who was there, the situation; states they do not remember the date.",I searched by date and got too many results.,B03_date_search_too_many,candidate_inspection,unknown,False,Sometimes I get a lot of plausible results and still cannot tell which one is right.,C08_plausible_cannot_tell,cannot_confirm_candidate,RECALL|EXPRESS|MATCH|RECOGNIZE,large_candidate_set|uncertainty,2.0,,,the old meme I saved|M03_people_situation_not_date|B03_date_search_too_many|C08_plausible_cannot_tell,1,False
SIM-0359,Reddit,,,"our Kerala houseboat photos. I remember the photo exists, but not how I originally found it. I searched by date and got too many results.",retrieval_related,,,our Kerala houseboat photos,travel_place,stated,,"I remember the photo exists, but not how I originally found it.",M09_exists_not_original_path,existence,original_retrieval_path,how it was originally found,False,User is attempting to retrieve our Kerala houseboat photos; states they remember that the photo exists; states they do not remember how they originally found it.,I searched by date and got too many results.,B03_date_search_too_many,candidate_inspection,unknown,False,,,,RECALL|EXPRESS|MATCH,large_candidate_set,1.0,,,our Kerala houseboat photos|M09_exists_not_original_path|B03_date_search_too_many|,1,False
SIM-0259,Apple App Store,,,"the hotel we stayed at during a trip. I remember roughly when it happened, but not the exact day. I tried different wording.",retrieval_related,,,the hotel we stayed at during a trip,travel_place,stated,,"I remember roughly when it happened, but not the exact day.",M07_approx_time_not_day,approximate_time,exact_day,time precision,False,User is attempting to retrieve the hotel we stayed at during a trip; states they remember roughly when it was taken; states they do not remember the exact day.,I tried different wording.,B05_different_wording,recovery_dependent,unknown,False,,,,RECALL|EXPRESS|RECOVER,reformulation,1.0,,,the hotel we stayed at during a trip|M07_approx_time_not_day|B05_different_wording|,1,False
SIM-0628,Social media,,,"the parking sign I photographed. I remember who was there and what we were doing, but not the album. I found it after several attempts. I can recognize the image if I see it, but getting to it is the hard part.",retrieval_related,,,the parking sign I photographed,physical_object,stated,,"I remember who was there and what we were doing, but not the album.",M08_people_activity_not_album,people|activity,album,album / organisation,False,"User is attempting to retrieve the parking sign I photographed; states they remember who was there, what was happening; states they do not remember which album it is in.",I found it after several attempts.,B15_found_after_several_attempts,recovery_dependent,found_with_effort,True,"I can recognize the image if I see it, but getting to it is the hard part.",C01_recognize_but_access_hard,recognition_retained,RECALL|RECOGNIZE|RECOVER,repeated_attempts,1.0,,,the parking sign I photographed|M08_people_activity_not_album|B15_found_after_several_attempts|C01_recognize_but_access_hard,1,False
SIM-0633,Social media,,,"the insurance document. I remember the place generally, but not its name. I tried several related words. I have been using Photos for years.",retrieval_related,,,the insurance document,document_screenshot,stated,,"I remember the place generally, but not its name.",M04_place_general_not_name,place,place_name,name,False,User is attempting to retrieve the insurance document; states they remember the place in general; states they do not remember the place name.,I tried several related words.,B17_several_related_words,recovery_dependent,unknown,False,I have been using Photos for years.,C03_years_of_use,long_tenure,RECALL|EXPRESS|RECOVER,reformulation|repeated_attempts,2.0,,,the insurance document|M04_place_general_not_name|B17_several_related_words|C03_years_of_use,1,False
SIM-0283,Apple App Store,,,"the birthday dinner. I remember what the object looked like, but not what it was called. I looked through a very large set of thumbnails. I know the photo exists because I have seen it before.",retrieval_related,,,the birthday dinner,event_social,stated,,"I remember what the object looked like, but not what it was called.",M02_object_look_not_name,visual_appearance|object,object_name,name,True,"User is attempting to retrieve the birthday dinner; states they remember how it looked, the object; states they do not remember what the object is called.",I looked through a very large set of thumbnails.,B13_large_thumbnail_set,candidate_inspection,unknown,False,I know the photo exists because I have seen it before.,C06_knows_photo_exists,existence_certain,RECALL|EXPRESS|RECOGNIZE,browsing|large_candidate_set,2.0,,,the birthday dinner|M02_object_look_not_name|B13_large_thumbnail_set|C06_knows_photo_exists,1,False
SIM-0377,Reddit,,,"the insurance document. I remember the place generally, but not its name. I tried an object keyword.",retrieval_related,,,the insurance document,document_screenshot,stated,,"I remember the place generally, but not its name.",M04_place_general_not_name,place,place_name,name,False,User is attempting to retrieve the insurance document; states they remember the place in general; states they do not remember the place name.,I tried an object keyword.,B06_object_keyword,first_attempt,unknown,False,,,,RECALL|EXPRESS,,0.0,,,the insurance document|M04_place_general_not_name|B06_object_keyword|,1,False
SIM-0385,Reddit,,,the sangeet. I remember the story around the photo more clearly than its metadata. I tried an object keyword. There are thousands of images in the account.,retrieval_related,,,the sangeet,event_social,stated,,I remember the story around the photo more clearly than its metadata.,M01_story_over_metadata,story,,,False,User is attempting to retrieve the sangeet; states they remember the story around it; names no specific information they lack.,I tried an object keyword.,B06_object_keyword,first_attempt,unknown,False,There are thousands of images in the account.,C02_thousands_of_images,large_library,RECALL|EXPRESS,,0.0,,,the sangeet|M01_story_over_metadata|B06_object_keyword|C02_thousands_of_images,1,False
SIM-0225,Apple App Store,,,"the photo of a prescription. I remember who was there and what we were doing, but not the album. I searched by date and got too many results.",retrieval_related,,,the photo of a prescription,medical,stated,,"I remember who was there and what we were doing, but not the album.",M08_people_activity_not_album,people|activity,album,album / organisation,False,"User is attempting to retrieve the photo of a prescription; states they remember who was there, what was happening; states they do not remember which album it is in.",I searched by date and got too many results.,B03_date_search_too_many,candidate_inspection,unknown,False,,,,RECALL|EXPRESS|MATCH,large_candidate_set,1.0,,,the photo of a prescription|M08_people_activity_not_album|B03_date_search_too_many|,1,False
SIM-0798,Forums,,,the recipe screenshot. I remember the people and situation but not the date. I looked through a very large set of thumbnails. I usually remember the story around the picture better than its metadata.,retrieval_related,,,the recipe screenshot,document_screenshot,stated,,I remember the people and situation but not the date.,M03_people_situation_not_date,people|situation,date,time precision,False,"User is attempting to retrieve the recipe screenshot; states they remember who was there, the situation; states they do not remember the date.",I looked through a very large set of thumbnails.,B13_large_thumbnail_set,candidate_inspection,unknown,False,I usually remember the story around the picture better than its metadata.,C05_story_over_metadata,story_memory,RECALL|RECOGNIZE,browsing|large_candidate_set,2.0,,,the recipe screenshot|M03_people_situation_not_date|B13_large_thumbnail_set|C05_story_over_metadata,1,False
SIM-0689,YouTube comments,,,"a screenshot of a product I wanted. I remember the place generally, but not its name. I looked through a very large set of thumbnails. It feels much easier when I know an exact date or person's name.",retrieval_related,,,a screenshot of a product I wanted,document_screenshot,judgement,physical_object,"I remember the place generally, but not its name.",M04_place_general_not_name,place,place_name,name,False,User is attempting to retrieve a screenshot of a product I wanted; states they remember the place in general; states they do not remember the place name.,I looked through a very large set of thumbnails.,B13_large_thumbnail_set,candidate_inspection,unknown,False,It feels much easier when I know an exact date or person's name.,C04_easier_with_precise_identifier,precise_identifier_contrast,RECALL|EXPRESS|RECOGNIZE,browsing|large_candidate_set,2.0,,,a screenshot of a product I wanted|M04_place_general_not_name|B13_large_thumbnail_set|C04_easier_with_precise_identifier,1,False
SIM-0473,Google Photos Community,,,"the lamp I wanted to buy. I remember what the object looked like, but not what it was called. I looked through a very large set of thumbnails.",retrieval_related,,,the lamp I wanted to buy,physical_object,judgement,document_screenshot,"I remember what the object looked like, but not what it was called.",M02_object_look_not_name,visual_appearance|object,object_name,name,True,"User is attempting to retrieve the lamp I wanted to buy; states they remember how it looked, the object; states they do not remember what the object is called.",I looked through a very large set of thumbnails.,B13_large_thumbnail_set,candidate_inspection,unknown,False,,,,RECALL|EXPRESS|RECOGNIZE,browsing|large_candidate_set,2.0,,,the lamp I wanted to buy|M02_object_look_not_name|B13_large_thumbnail_set|,1,False
SIM-0348,Reddit,,,"the picture from our office party. I remember roughly when it happened, but not the exact day. I looked through the timeline manually. There are thousands of images in the account.",retrieval_related,,,the picture from our office party,event_social,stated,,"I remember roughly when it happened, but not the exact day.",M07_approx_time_not_day,approximate_time,exact_day,time precision,False,User is attempting to retrieve the picture from our office party; states they remember roughly when it was taken; states they do not remember the exact day.,I looked through the timeline manually.,B11_timeline_manual,candidate_inspection,unknown,False,There are thousands of images in the account.,C02_thousands_of_images,large_library,RECALL|RECOGNIZE|RECOVER,browsing,1.0,,,the picture from our office party|M07_approx_time_not_day|B11_timeline_manual|C02_thousands_of_images,1,False
SIM-0506,Google Photos Community,,,"a screenshot of a product I wanted. I remember what the object looked like, but not what it was called. I found a similar photo but not the exact one.",retrieval_related,,,a screenshot of a product I wanted,document_screenshot,judgement,physical_object,"I remember what the object looked like, but not what it was called.",M02_object_look_not_name,visual_appearance|object,object_name,name,True,"User is attempting to retrieve a screenshot of a product I wanted; states they remember how it looked, the object; states they do not remember what the object is called.",I found a similar photo but not the exact one.,B14_similar_not_exact,candidate_inspection,similar_uncertain,True,,,,RECALL|EXPRESS|RECOGNIZE,uncertainty,1.0,,,a screenshot of a product I wanted|M02_object_look_not_name|B14_similar_not_exact|,1,False
SIM-0640,Social media,,,"my cousin at the concert. I can recognize it if I see it, but I don't know how to narrow the results. I searched a person's name and then browsed. Sometimes I get a lot of plausible results and still cannot tell which one is right.",retrieval_related,,,my cousin at the concert,family_person,judgement,event_social,"I can recognize it if I see it, but I don't know how to narrow the results.",M05_recognize_cannot_narrow,recognition_ability,,,True,User is attempting to retrieve my cousin at the concert; states they remember that they would recognise it on sight; names no specific information they lack.,I searched a person's name and then browsed.,B09_person_then_browse,recovery_dependent,unknown,False,Sometimes I get a lot of plausible results and still cannot tell which one is right.,C08_plausible_cannot_tell,cannot_confirm_candidate,RECALL|EXPRESS|MATCH|RECOGNIZE|RECOVER,strategy_switch|browsing|uncertainty|large_candidate_set,4.0,,,my cousin at the concert|M05_recognize_cannot_narrow|B09_person_then_browse|C08_plausible_cannot_tell,1,False
SIM-N029,Reddit,,,How do I free up storage without deleting my photos?,not_retrieval_related,,,,,,,,,,,,,,,,,,,,,,,,,storage,SIM-N009,,0,True
SIM-0778,Forums,,,a yellow truck. I remember a visual detail that is hard to describe in a search box. I searched by date and got too many results. I usually remember the story around the picture better than its metadata.,retrieval_related,,,a yellow truck,unspecified_object,judgement,physical_object,I remember a visual detail that is hard to describe in a search box.,M11_visual_detail_hard_to_describe,visual_appearance,,,True,User is attempting to retrieve a yellow truck; states they remember how it looked; names no specific information they lack.,I searched by date and got too many results.,B03_date_search_too_many,candidate_inspection,unknown,False,I usually remember the story around the picture better than its metadata.,C05_story_over_metadata,story_memory,RECALL|EXPRESS|MATCH,large_candidate_set,1.0,,,a yellow truck|M11_visual_detail_hard_to_describe|B03_date_search_too_many|C05_story_over_metadata,1,False
SIM-0759,Forums,,,"the old meme I saved. I can recognize it if I see it, but I don't know how to narrow the results. I tried different wording. There are thousands of images in the account.",retrieval_related,,,the old meme I saved,document_screenshot,judgement,event_social,"I can recognize it if I see it, but I don't know how to narrow the results.",M05_recognize_cannot_narrow,recognition_ability,,,True,User is attempting to retrieve the old meme I saved; states they remember that they would recognise it on sight; names no specific information they lack.,I tried different wording.,B05_different_wording,recovery_dependent,unknown,False,There are thousands of images in the account.,C02_thousands_of_images,large_library,RECALL|EXPRESS|RECOGNIZE|RECOVER,reformulation,1.0,,,the old meme I saved|M05_recognize_cannot_narrow|B05_different_wording|C02_thousands_of_images,1,False
SIM-0620,Social media,,,"the birthday dinner. I remember the place generally, but not its name. I opened likely results one by one.",retrieval_related,,,the birthday dinner,event_social,stated,,"I remember the place generally, but not its name.",M04_place_general_not_name,place,place_name,name,False,User is attempting to retrieve the birthday dinner; states they remember the place in general; states they do not remember the place name.,I opened likely results one by one.,B04_open_results_one_by_one,candidate_inspection,unknown,False,,,,RECALL|RECOGNIZE,candidate_inspection,1.0,,,the birthday dinner|M04_place_general_not_name|B04_open_results_one_by_one|,1,False
SIM-0719,YouTube comments,,,"the photo of a prescription. I remember what the object looked like, but not what it was called. I looked through the timeline manually. I have been using Photos for years.",retrieval_related,,,the photo of a prescription,medical,stated,,"I remember what the object looked like, but not what it was called.",M02_object_look_not_name,visual_appearance|object,object_name,name,True,"User is attempting to retrieve the photo of a prescription; states they remember how it looked, the object; states they do not remember what the object is called.",I looked through the timeline manually.,B11_timeline_manual,candidate_inspection,unknown,False,I have been using Photos for years.,C03_years_of_use,long_tenure,RECALL|EXPRESS|RECOGNIZE|RECOVER,browsing,1.0,,,the photo of a prescription|M02_object_look_not_name|B11_timeline_manual|C03_years_of_use,1,False
SIM-0646,Social media,,,"the picture from the day we moved house. I remember the color, setting, or people but not a useful keyword. I switched between search terms and albums. It feels much easier when I know an exact date or person's name.",retrieval_related,,,the picture from the day we moved house,event_social,stated,,"I remember the color, setting, or people but not a useful keyword.",M06_color_setting_people_no_keyword,color|setting|people,searchable_keyword,search keyword,True,"User is attempting to retrieve the picture from the day we moved house; states they remember colours, the setting, who was there; states they do not remember a useful search keyword.",I switched between search terms and albums.,B07_switch_terms_albums,recovery_dependent,unknown,False,It feels much easier when I know an exact date or person's name.,C04_easier_with_precise_identifier,precise_identifier_contrast,RECALL|EXPRESS|RECOVER,strategy_switch,1.0,,,the picture from the day we moved house|M06_color_setting_people_no_keyword|B07_switch_terms_albums|C04_easier_with_precise_identifier,1,False
SIM-0712,YouTube comments,,,the picture from our office party. I remember the people and situation but not the date. I searched a few keywords and then scrolled. I have been using Photos for years.,retrieval_related,,,the picture from our office party,event_social,stated,,I remember the people and situation but not the date.,M03_people_situation_not_date,people|situation,date,time precision,False,"User is attempting to retrieve the picture from our office party; states they remember who was there, the situation; states they do not remember the date.",I searched a few keywords and then scrolled.,B18_keywords_then_scroll,recovery_dependent,unknown,False,I have been using Photos for years.,C03_years_of_use,long_tenure,RECALL|EXPRESS|RECOVER,strategy_switch|browsing,2.0,,,the picture from our office party|M03_people_situation_not_date|B18_keywords_then_scroll|C03_years_of_use,1,False
SIM-0557,Google Photos Community,,,"the old meme I saved. I remember the photo exists, but not how I originally found it. I could not find it. I can recognize the image if I see it, but getting to it is the hard part.",retrieval_related,,,the old meme I saved,document_screenshot,judgement,event_social,"I remember the photo exists, but not how I originally found it.",M09_exists_not_original_path,existence,original_retrieval_path,how it was originally found,False,User is attempting to retrieve the old meme I saved; states they remember that the photo exists; states they do not remember how they originally found it.,I could not find it.,B12_could_not_find,exit_path,failed,True,"I can recognize the image if I see it, but getting to it is the hard part.",C01_recognize_but_access_hard,recognition_retained,RECALL|RECOGNIZE|RECOVER,failure,1.0,,,the old meme I saved|M09_exists_not_original_path|B12_could_not_find|C01_recognize_but_access_hard,1,False
SIM-0578,Google Photos Community,,,"the photo of a prescription. I remember the place generally, but not its name. I searched for text that might be in the image. There are thousands of images in the account.",retrieval_related,,,the photo of a prescription,medical,stated,,"I remember the place generally, but not its name.",M04_place_general_not_name,place,place_name,name,False,User is attempting to retrieve the photo of a prescription; states they remember the place in general; states they do not remember the place name.,I searched for text that might be in the image.,B02_text_in_image_search,first_attempt,unknown,False,There are thousands of images in the account.,C02_thousands_of_images,large_library,RECALL|EXPRESS,,0.0,,,the photo of a prescription|M04_place_general_not_name|B02_text_in_image_search|C02_thousands_of_images,1,False
SIM-0086,Google Play Store,,,"the lamp I wanted to buy. I remember a visual detail that is hard to describe in a search box. I looked through the timeline manually. I can recognize the image if I see it, but getting to it is the hard part.",retrieval_related,,,the lamp I wanted to buy,physical_object,judgement,document_screenshot,I remember a visual detail that is hard to describe in a search box.,M11_visual_detail_hard_to_describe,visual_appearance,,,True,User is attempting to retrieve the lamp I wanted to buy; states they remember how it looked; names no specific information they lack.,I looked through the timeline manually.,B11_timeline_manual,candidate_inspection,unknown,False,"I can recognize the image if I see it, but getting to it is the hard part.",C01_recognize_but_access_hard,recognition_retained,RECALL|EXPRESS|RECOGNIZE|RECOVER,browsing,1.0,,,the lamp I wanted to buy|M11_visual_detail_hard_to_describe|B11_timeline_manual|C01_recognize_but_access_hard,1,False
SIM-0243,Apple App Store,,,"the photo from when I was sick. I remember the place generally, but not its name. I searched a person's name and then browsed. Sometimes I get a lot of plausible results and still cannot tell which one is right.",retrieval_related,,,the photo from when I was sick,medical,judgement,event_social,"I remember the place generally, but not its name.",M04_place_general_not_name,place,place_name,name,False,User is attempting to retrieve the photo from when I was sick; states they remember the place in general; states they do not remember the place name.,I searched a person's name and then browsed.,B09_person_then_browse,recovery_dependent,unknown,False,Sometimes I get a lot of plausible results and still cannot tell which one is right.,C08_plausible_cannot_tell,cannot_confirm_candidate,RECALL|EXPRESS|MATCH|RECOGNIZE|RECOVER,strategy_switch|browsing|uncertainty|large_candidate_set,4.0,,,the photo from when I was sick|M04_place_general_not_name|B09_person_then_browse|C08_plausible_cannot_tell,1,False
SIM-0160,Google Play Store,,,"the birthday dinner. I remember the photo exists, but not how I originally found it. I tried different wording. There are thousands of images in the account.",retrieval_related,,,the birthday dinner,event_social,stated,,"I remember the photo exists, but not how I originally found it.",M09_exists_not_original_path,existence,original_retrieval_path,how it was originally found,False,User is attempting to retrieve the birthday dinner; states they remember that the photo exists; states they do not remember how they originally found it.,I tried different wording.,B05_different_wording,recovery_dependent,unknown,False,There are thousands of images in the account.,C02_thousands_of_images,large_library,RECALL|EXPRESS|RECOVER,reformulation,1.0,,,the birthday dinner|M09_exists_not_original_path|B05_different_wording|C02_thousands_of_images,1,False
SIM-0525,Google Photos Community,,,"my cousin at the concert. I remember what the object looked like, but not what it was called. I found a similar photo but not the exact one. I know the photo exists because I have seen it before.",retrieval_related,,,my cousin at the concert,family_person,judgement,event_social,"I remember what the object looked like, but not what it was called.",M02_object_look_not_name,visual_appearance|object,object_name,name,True,"User is attempting to retrieve my cousin at the concert; states they remember how it looked, the object; states they do not remember what the object is called.",I found a similar photo but not the exact one.,B14_similar_not_exact,candidate_inspection,similar_uncertain,True,I know the photo exists because I have seen it before.,C06_knows_photo_exists,existence_certain,RECALL|EXPRESS|RECOGNIZE,uncertainty,1.0,,,my cousin at the concert|M02_object_look_not_name|B14_similar_not_exact|C06_knows_photo_exists,1,False
SIM-0036,Google Play Store,,,"a picture with my college friends. I know approximately which year it was, but not the month. I found a similar photo but not the exact one.",retrieval_related,,,a picture with my college friends,family_person,stated,,"I know approximately which year it was, but not the month.",M10_year_not_month,approximate_time,month,time precision,False,User is attempting to retrieve a picture with my college friends; states they remember roughly when it was taken; states they do not remember the month.,I found a similar photo but not the exact one.,B14_similar_not_exact,candidate_inspection,similar_uncertain,True,,,,RECALL|RECOGNIZE,uncertainty,1.0,,,a picture with my college friends|M10_year_not_month|B14_similar_not_exact|,1,False
SIM-0541,Google Photos Community,,,"the old family group photo. I remember the color, setting, or people but not a useful keyword. I searched by person and place together. The problem is not taking the photo; it is finding it later.",retrieval_related,,,the old family group photo,family_person,stated,,"I remember the color, setting, or people but not a useful keyword.",M06_color_setting_people_no_keyword,color|setting|people,searchable_keyword,search keyword,True,"User is attempting to retrieve the old family group photo; states they remember colours, the setting, who was there; states they do not remember a useful search keyword.",I searched by person and place together.,B01_person_place_search,first_attempt,unknown,False,The problem is not taking the photo; it is finding it later.,C07_finding_not_taking,framing,RECALL|EXPRESS,,0.0,,,the old family group photo|M06_color_setting_people_no_keyword|B01_person_place_search|C07_finding_not_taking,1,False
SIM-0171,Google Play Store,,,"the old family group photo. I can recognize it if I see it, but I don't know how to narrow the results. I gave up and asked someone else to send the photo.",retrieval_related,,,the old family group photo,family_person,stated,,"I can recognize it if I see it, but I don't know how to narrow the results.",M05_recognize_cannot_narrow,recognition_ability,,,True,User is attempting to retrieve the old family group photo; states they remember that they would recognise it on sight; names no specific information they lack.,I gave up and asked someone else to send the photo.,B10_gave_up_asked_someone,exit_path,abandoned,True,,,,RECALL|EXPRESS|RECOGNIZE|RECOVER,abandonment|external_workaround,2.0,,,the old family group photo|M05_recognize_cannot_narrow|B10_gave_up_asked_someone|,1,False
SIM-0655,Social media,,,our Kerala houseboat photos. I remember the people and situation but not the date. I searched for text that might be in the image. It feels much easier when I know an exact date or person's name.,retrieval_related,,,our Kerala houseboat photos,travel_place,stated,,I remember the people and situation but not the date.,M03_people_situation_not_date,people|situation,date,time precision,False,"User is attempting to retrieve our Kerala houseboat photos; states they remember who was there, the situation; states they do not remember the date.",I searched for text that might be in the image.,B02_text_in_image_search,first_attempt,unknown,False,It feels much easier when I know an exact date or person's name.,C04_easier_with_precise_identifier,precise_identifier_contrast,RECALL|EXPRESS,,0.0,,,our Kerala houseboat photos|M03_people_situation_not_date|B02_text_in_image_search|C04_easier_with_precise_identifier,1,False
SIM-0721,YouTube comments,,,the lamp I wanted to buy. I remember the story around the photo more clearly than its metadata. I searched for text that might be in the image.,retrieval_related,,,the lamp I wanted to buy,physical_object,judgement,document_screenshot,I remember the story around the photo more clearly than its metadata.,M01_story_over_metadata,story,,,False,User is attempting to retrieve the lamp I wanted to buy; states they remember the story around it; names no specific information they lack.,I searched for text that might be in the image.,B02_text_in_image_search,first_attempt,unknown,False,,,,RECALL|EXPRESS,,0.0,,,the lamp I wanted to buy|M01_story_over_metadata|B02_text_in_image_search|,1,False
SIM-0713,YouTube comments,,,"the medicine box I photographed. I remember the place generally, but not its name. I switched between search terms and albums. I usually remember the story around the picture better than its metadata.",retrieval_related,,,the medicine box I photographed,medical,judgement,physical_object,"I remember the place generally, but not its name.",M04_place_general_not_name,place,place_name,name,False,User is attempting to retrieve the medicine box I photographed; states they remember the place in general; states they do not remember the place name.,I switched between search terms and albums.,B07_switch_terms_albums,recovery_dependent,unknown,False,I usually remember the story around the picture better than its metadata.,C05_story_over_metadata,story_memory,RECALL|RECOVER,strategy_switch,1.0,,,the medicine box I photographed|M04_place_general_not_name|B07_switch_terms_albums|C05_story_over_metadata,1,False
SIM-0791,Forums,,,the old meme I saved. I remember a visual detail that is hard to describe in a search box. I opened likely results one by one. I usually remember the story around the picture better than its metadata.,retrieval_related,,,the old meme I saved,document_screenshot,judgement,event_social,I remember a visual detail that is hard to describe in a search box.,M11_visual_detail_hard_to_describe,visual_appearance,,,True,User is attempting to retrieve the old meme I saved; states they remember how it looked; names no specific information they lack.,I opened likely results one by one.,B04_open_results_one_by_one,candidate_inspection,unknown,False,I usually remember the story around the picture better than its metadata.,C05_story_over_metadata,story_memory,RECALL|EXPRESS|RECOGNIZE,candidate_inspection,1.0,,,the old meme I saved|M11_visual_detail_hard_to_describe|B04_open_results_one_by_one|C05_story_over_metadata,1,False
SIM-0096,Google Play Store,,,"a photo of my grandfather at the wedding. I remember the place generally, but not its name. I looked through the timeline manually. It feels much easier when I know an exact date or person's name.",retrieval_related,,,a photo of my grandfather at the wedding,family_person,judgement,event_social,"I remember the place generally, but not its name.",M04_place_general_not_name,place,place_name,name,False,User is attempting to retrieve a photo of my grandfather at the wedding; states they remember the place in general; states they do not remember the place name.,I looked through the timeline manually.,B11_timeline_manual,candidate_inspection,unknown,False,It feels much easier when I know an exact date or person's name.,C04_easier_with_precise_identifier,precise_identifier_contrast,RECALL|EXPRESS|RECOGNIZE|RECOVER,browsing,1.0,,,a photo of my grandfather at the wedding|M04_place_general_not_name|B11_timeline_manual|C04_easier_with_precise_identifier,1,False
SIM-0564,Google Photos Community,,,"the picture I sent to my doctor. I remember who was there and what we were doing, but not the album. I searched by date and got too many results. I usually remember the story around the picture better than its metadata.",retrieval_related,,,the picture I sent to my doctor,medical,judgement,document_screenshot,"I remember who was there and what we were doing, but not the album.",M08_people_activity_not_album,people|activity,album,album / organisation,False,"User is attempting to retrieve the picture I sent to my doctor; states they remember who was there, what was happening; states they do not remember which album it is in.",I searched by date and got too many results.,B03_date_search_too_many,candidate_inspection,unknown,False,I usually remember the story around the picture better than its metadata.,C05_story_over_metadata,story_memory,RECALL|EXPRESS|MATCH,large_candidate_set,1.0,,,the picture I sent to my doctor|M08_people_activity_not_album|B03_date_search_too_many|C05_story_over_metadata,1,False
SIM-0241,Apple App Store,,,"the hotel we stayed at during a trip. I can recognize it if I see it, but I don't know how to narrow the results. I switched to another device or photo app. There are thousands of images in the account.",retrieval_related,,,the hotel we stayed at during a trip,travel_place,stated,,"I can recognize it if I see it, but I don't know how to narrow the results.",M05_recognize_cannot_narrow,recognition_ability,,,True,User is attempting to retrieve the hotel we stayed at during a trip; states they remember that they would recognise it on sight; names no specific information they lack.,I switched to another device or photo app.,B08_other_device_or_app,exit_path,external_workaround,True,There are thousands of images in the account.,C02_thousands_of_images,large_library,RECALL|EXPRESS|RECOGNIZE|RECOVER,strategy_switch|external_workaround,2.0,,,the hotel we stayed at during a trip|M05_recognize_cannot_narrow|B08_other_device_or_app|C02_thousands_of_images,1,False
SIM-0575,Google Photos Community,,,"the lamp I wanted to buy. I remember the place generally, but not its name. I searched a person's name and then browsed. I have been using Photos for years.",retrieval_related,,,the lamp I wanted to buy,physical_object,judgement,document_screenshot,"I remember the place generally, but not its name.",M04_place_general_not_name,place,place_name,name,False,User is attempting to retrieve the lamp I wanted to buy; states they remember the place in general; states they do not remember the place name.,I searched a person's name and then browsed.,B09_person_then_browse,recovery_dependent,unknown,False,I have been using Photos for years.,C03_years_of_use,long_tenure,RECALL|EXPRESS|RECOVER,strategy_switch|browsing,2.0,,,the lamp I wanted to buy|M04_place_general_not_name|B09_person_then_browse|C03_years_of_use,1,False
SIM-0691,YouTube comments,,,the parking sign I photographed. I remember the people and situation but not the date. I opened likely results one by one.,retrieval_related,,,the parking sign I photographed,physical_object,stated,,I remember the people and situation but not the date.,M03_people_situation_not_date,people|situation,date,time precision,False,"User is attempting to retrieve the parking sign I photographed; states they remember who was there, the situation; states they do not remember the date.",I opened likely results one by one.,B04_open_results_one_by_one,candidate_inspection,unknown,False,,,,RECALL|RECOGNIZE,candidate_inspection,1.0,,,the parking sign I photographed|M03_people_situation_not_date|B04_open_results_one_by_one|,1,False
SIM-0461,Google Photos Community,,,"our Kerala houseboat photos. I know approximately which year it was, but not the month. I used a date range and manually compared candidates. There are thousands of images in the account.",retrieval_related,,,our Kerala houseboat photos,travel_place,stated,,"I know approximately which year it was, but not the month.",M10_year_not_month,approximate_time,month,time precision,False,User is attempting to retrieve our Kerala houseboat photos; states they remember roughly when it was taken; states they do not remember the month.,I used a date range and manually compared candidates.,B16_date_range_compare,candidate_inspection,unknown,False,There are thousands of images in the account.,C02_thousands_of_images,large_library,RECALL|EXPRESS|RECOGNIZE,candidate_inspection,1.0,,,our Kerala houseboat photos|M10_year_not_month|B16_date_range_compare|C02_thousands_of_images,1,False
SIM-0554,Google Photos Community,,,"a picture with my college friends. I remember who was there and what we were doing, but not the album. I searched a few keywords and then scrolled.",retrieval_related,,,a picture with my college friends,family_person,stated,,"I remember who was there and what we were doing, but not the album.",M08_people_activity_not_album,people|activity,album,album / organisation,False,"User is attempting to retrieve a picture with my college friends; states they remember who was there, what was happening; states they do not remember which album it is in.",I searched a few keywords and then scrolled.,B18_keywords_then_scroll,recovery_dependent,unknown,False,,,,RECALL|EXPRESS|RECOVER,strategy_switch|browsing,2.0,,,a picture with my college friends|M08_people_activity_not_album|B18_keywords_then_scroll|,1,False
SIM-0738,YouTube comments,,,"the picture from the day we moved house. I know approximately which year it was, but not the month. I tried several related words. I have been using Photos for years.",retrieval_related,,,the picture from the day we moved house,event_social,stated,,"I know approximately which year it was, but not the month.",M10_year_not_month,approximate_time,month,time precision,False,User is attempting to retrieve the picture from the day we moved house; states they remember roughly when it was taken; states they do not remember the month.,I tried several related words.,B17_several_related_words,recovery_dependent,unknown,False,I have been using Photos for years.,C03_years_of_use,long_tenure,RECALL|EXPRESS|RECOVER,reformulation|repeated_attempts,2.0,,,the picture from the day we moved house|M10_year_not_month|B17_several_related_words|C03_years_of_use,1,False
SIM-0207,Apple App Store,,,"the picture I sent to my doctor. I remember the color, setting, or people but not a useful keyword. I found it after several attempts.",retrieval_related,,,the picture I sent to my doctor,medical,judgement,document_screenshot,"I remember the color, setting, or people but not a useful keyword.",M06_color_setting_people_no_keyword,color|setting|people,searchable_keyword,search keyword,True,"User is attempting to retrieve the picture I sent to my doctor; states they remember colours, the setting, who was there; states they do not remember a useful search keyword.",I found it after several attempts.,B15_found_after_several_attempts,recovery_dependent,found_with_effort,True,,,,RECALL|EXPRESS|RECOVER,repeated_attempts,1.0,,,the picture I sent to my doctor|M06_color_setting_people_no_keyword|B15_found_after_several_attempts|,1,False
SIM-0393,Reddit,,,"the picture from the day we moved house. I remember the story around the photo more clearly than its metadata. I searched by person and place together. I can recognize the image if I see it, but getting to it is the hard part.",retrieval_related,,,the picture from the day we moved house,event_social,stated,,I remember the story around the photo more clearly than its metadata.,M01_story_over_metadata,story,,,False,User is attempting to retrieve the picture from the day we moved house; states they remember the story around it; names no specific information they lack.,I searched by person and place together.,B01_person_place_search,first_attempt,unknown,False,"I can recognize the image if I see it, but getting to it is the hard part.",C01_recognize_but_access_hard,recognition_retained,RECALL|EXPRESS|RECOGNIZE,,0.0,,,the picture from the day we moved house|M01_story_over_metadata|B01_person_place_search|C01_recognize_but_access_hard,1,False
SIM-0398,Reddit,,,"the landlord WhatsApp screenshot. I remember the place generally, but not its name. I found it after several attempts.",retrieval_related,,,the landlord WhatsApp screenshot,document_screenshot,stated,,"I remember the place generally, but not its name.",M04_place_general_not_name,place,place_name,name,False,User is attempting to retrieve the landlord WhatsApp screenshot; states they remember the place in general; states they do not remember the place name.,I found it after several attempts.,B15_found_after_several_attempts,recovery_dependent,found_with_effort,True,,,,RECALL|RECOVER,repeated_attempts,1.0,,,the landlord WhatsApp screenshot|M04_place_general_not_name|B15_found_after_several_attempts|,1,False
SIM-0714,YouTube comments,,,"the recipe screenshot. I remember who was there and what we were doing, but not the album. I tried an object keyword. The problem is not taking the photo; it is finding it later.",retrieval_related,,,the recipe screenshot,document_screenshot,stated,,"I remember who was there and what we were doing, but not the album.",M08_people_activity_not_album,people|activity,album,album / organisation,False,"User is attempting to retrieve the recipe screenshot; states they remember who was there, what was happening; states they do not remember which album it is in.",I tried an object keyword.,B06_object_keyword,first_attempt,unknown,False,The problem is not taking the photo; it is finding it later.,C07_finding_not_taking,framing,RECALL|EXPRESS,,0.0,,,the recipe screenshot|M08_people_activity_not_album|B06_object_keyword|C07_finding_not_taking,1,False
SIM-0218,Apple App Store,,,the picture from our office party. I remember the story around the photo more clearly than its metadata. I looked through a very large set of thumbnails.,retrieval_related,,,the picture from our office party,event_social,stated,,I remember the story around the photo more clearly than its metadata.,M01_story_over_metadata,story,,,False,User is attempting to retrieve the picture from our office party; states they remember the story around it; names no specific information they lack.,I looked through a very large set of thumbnails.,B13_large_thumbnail_set,candidate_inspection,unknown,False,,,,RECALL|RECOGNIZE,browsing|large_candidate_set,2.0,,,the picture from our office party|M01_story_over_metadata|B13_large_thumbnail_set|,1,False
SIM-0005,Google Play Store,,,a picture with my college friends. I remember the people and situation but not the date. I looked through the timeline manually. There are thousands of images in the account.,retrieval_related,,,a picture with my college friends,family_person,stated,,I remember the people and situation but not the date.,M03_people_situation_not_date,people|situation,date,time precision,False,"User is attempting to retrieve a picture with my college friends; states they remember who was there, the situation; states they do not remember the date.",I looked through the timeline manually.,B11_timeline_manual,candidate_inspection,unknown,False,There are thousands of images in the account.,C02_thousands_of_images,large_library,RECALL|RECOGNIZE|RECOVER,browsing,1.0,,,a picture with my college friends|M03_people_situation_not_date|B11_timeline_manual|C02_thousands_of_images,1,False
SIM-0643,Social media,,,"my cousin at the concert. I remember the place generally, but not its name. I looked through a very large set of thumbnails. There are thousands of images in the account.",retrieval_related,,,my cousin at the concert,family_person,judgement,event_social,"I remember the place generally, but not its name.",M04_place_general_not_name,place,place_name,name,False,User is attempting to retrieve my cousin at the concert; states they remember the place in general; states they do not remember the place name.,I looked through a very large set of thumbnails.,B13_large_thumbnail_set,candidate_inspection,unknown,False,There are thousands of images in the account.,C02_thousands_of_images,large_library,RECALL|RECOGNIZE,browsing|large_candidate_set,2.0,,,my cousin at the concert|M04_place_general_not_name|B13_large_thumbnail_set|C02_thousands_of_images,1,False
SIM-0753,Forums,,,"the picture from our office party. I remember the color, setting, or people but not a useful keyword. I searched a person's name and then browsed.",retrieval_related,,,the picture from our office party,event_social,stated,,"I remember the color, setting, or people but not a useful keyword.",M06_color_setting_people_no_keyword,color|setting|people,searchable_keyword,search keyword,True,"User is attempting to retrieve the picture from our office party; states they remember colours, the setting, who was there; states they do not remember a useful search keyword.",I searched a person's name and then browsed.,B09_person_then_browse,recovery_dependent,unknown,False,,,,RECALL|EXPRESS|RECOVER,strategy_switch|browsing,2.0,,,the picture from our office party|M06_color_setting_people_no_keyword|B09_person_then_browse|,1,False
SIM-0613,Social media,,,"the lamp I wanted to buy. I remember the color, setting, or people but not a useful keyword. I looked through the timeline manually. I know the photo exists because I have seen it before.",retrieval_related,,,the lamp I wanted to buy,physical_object,judgement,document_screenshot,"I remember the color, setting, or people but not a useful keyword.",M06_color_setting_people_no_keyword,color|setting|people,searchable_keyword,search keyword,True,"User is attempting to retrieve the lamp I wanted to buy; states they remember colours, the setting, who was there; states they do not remember a useful search keyword.",I looked through the timeline manually.,B11_timeline_manual,candidate_inspection,unknown,False,I know the photo exists because I have seen it before.,C06_knows_photo_exists,existence_certain,RECALL|EXPRESS|RECOGNIZE|RECOVER,browsing,1.0,,,the lamp I wanted to buy|M06_color_setting_people_no_keyword|B11_timeline_manual|C06_knows_photo_exists,1,False
SIM-0547,Google Photos Community,,,"that small cafe from our Goa trip. I remember who was there and what we were doing, but not the album. I gave up and asked someone else to send the photo. Sometimes I get a lot of plausible results and still cannot tell which one is right.",retrieval_related,,,that small cafe from our Goa trip,travel_place,stated,,"I remember who was there and what we were doing, but not the album.",M08_people_activity_not_album,people|activity,album,album / organisation,False,"User is attempting to retrieve that small cafe from our Goa trip; states they remember who was there, what was happening; states they do not remember which album it is in.",I gave up and asked someone else to send the photo.,B10_gave_up_asked_someone,exit_path,abandoned,True,Sometimes I get a lot of plausible results and still cannot tell which one is right.,C08_plausible_cannot_tell,cannot_confirm_candidate,RECALL|MATCH|RECOGNIZE|RECOVER,abandonment|external_workaround|uncertainty|large_candidate_set,4.0,,,that small cafe from our Goa trip|M08_people_activity_not_album|B10_gave_up_asked_someone|C08_plausible_cannot_tell,1,False
SIM-0684,YouTube comments,,,"a yellow truck. I remember roughly when it happened, but not the exact day. I gave up and asked someone else to send the photo. I have been using Photos for years.",retrieval_related,,,a yellow truck,unspecified_object,judgement,physical_object,"I remember roughly when it happened, but not the exact day.",M07_approx_time_not_day,approximate_time,exact_day,time precision,False,User is attempting to retrieve a yellow truck; states they remember roughly when it was taken; states they do not remember the exact day.,I gave up and asked someone else to send the photo.,B10_gave_up_asked_someone,exit_path,abandoned,True,I have been using Photos for years.,C03_years_of_use,long_tenure,RECALL|RECOVER,abandonment|external_workaround,2.0,,,a yellow truck|M07_approx_time_not_day|B10_gave_up_asked_someone|C03_years_of_use,1,False
SIM-0099,Google Play Store,,,"a photo of my grandfather at the wedding. I remember who was there and what we were doing, but not the album. I tried several related words.",retrieval_related,,,a photo of my grandfather at the wedding,family_person,judgement,event_social,"I remember who was there and what we were doing, but not the album.",M08_people_activity_not_album,people|activity,album,album / organisation,False,"User is attempting to retrieve a photo of my grandfather at the wedding; states they remember who was there, what was happening; states they do not remember which album it is in.",I tried several related words.,B17_several_related_words,recovery_dependent,unknown,False,,,,RECALL|EXPRESS|RECOVER,reformulation|repeated_attempts,2.0,,,a photo of my grandfather at the wedding|M08_people_activity_not_album|B17_several_related_words|,1,False
SIM-0574,Google Photos Community,,,the insurance document. I remember a visual detail that is hard to describe in a search box. I could not find it. There are thousands of images in the account.,retrieval_related,,,the insurance document,document_screenshot,stated,,I remember a visual detail that is hard to describe in a search box.,M11_visual_detail_hard_to_describe,visual_appearance,,,True,User is attempting to retrieve the insurance document; states they remember how it looked; names no specific information they lack.,I could not find it.,B12_could_not_find,exit_path,failed,True,There are thousands of images in the account.,C02_thousands_of_images,large_library,RECALL|EXPRESS|RECOVER,failure,1.0,,,the insurance document|M11_visual_detail_hard_to_describe|B12_could_not_find|C02_thousands_of_images,1,False
SIM-0407,Reddit,,,"the photo of a prescription. I remember what the object looked like, but not what it was called. I tried different wording. The problem is not taking the photo; it is finding it later.",retrieval_related,,,the photo of a prescription,medical,stated,,"I remember what the object looked like, but not what it was called.",M02_object_look_not_name,visual_appearance|object,object_name,name,True,"User is attempting to retrieve the photo of a prescription; states they remember how it looked, the object; states they do not remember what the object is called.",I tried different wording.,B05_different_wording,recovery_dependent,unknown,False,The problem is not taking the photo; it is finding it later.,C07_finding_not_taking,framing,RECALL|EXPRESS|RECOVER,reformulation,1.0,,,the photo of a prescription|M02_object_look_not_name|B05_different_wording|C07_finding_not_taking,1,False
SIM-0503,Google Photos Community,,,a yellow truck. I remember what was happening but not the exact words. I searched by date and got too many results. The problem is not taking the photo; it is finding it later.,retrieval_related,,,a yellow truck,unspecified_object,judgement,physical_object,I remember what was happening but not the exact words.,M12_activity_not_exact_words,activity,exact_wording,exact wording,True,User is attempting to retrieve a yellow truck; states they remember what was happening; states they do not remember the exact words.,I searched by date and got too many results.,B03_date_search_too_many,candidate_inspection,unknown,False,The problem is not taking the photo; it is finding it later.,C07_finding_not_taking,framing,RECALL|EXPRESS|MATCH,large_candidate_set,1.0,,,a yellow truck|M12_activity_not_exact_words|B03_date_search_too_many|C07_finding_not_taking,1,False
SIM-0048,Google Play Store,,,"the lamp I wanted to buy. I can recognize it if I see it, but I don't know how to narrow the results. I searched by date and got too many results. I can recognize the image if I see it, but getting to it is the hard part.",retrieval_related,,,the lamp I wanted to buy,physical_object,judgement,document_screenshot,"I can recognize it if I see it, but I don't know how to narrow the results.",M05_recognize_cannot_narrow,recognition_ability,,,True,User is attempting to retrieve the lamp I wanted to buy; states they remember that they would recognise it on sight; names no specific information they lack.,I searched by date and got too many results.,B03_date_search_too_many,candidate_inspection,unknown,False,"I can recognize the image if I see it, but getting to it is the hard part.",C01_recognize_but_access_hard,recognition_retained,RECALL|EXPRESS|MATCH|RECOGNIZE,large_candidate_set,1.0,,,the lamp I wanted to buy|M05_recognize_cannot_narrow|B03_date_search_too_many|C01_recognize_but_access_hard,1,False
SIM-0033,Google Play Store,,,"the old family group photo. I remember roughly when it happened, but not the exact day. I looked through the timeline manually. Sometimes I get a lot of plausible results and still cannot tell which one is right.",retrieval_related,,,the old family group photo,family_person,stated,,"I remember roughly when it happened, but not the exact day.",M07_approx_time_not_day,approximate_time,exact_day,time precision,False,User is attempting to retrieve the old family group photo; states they remember roughly when it was taken; states they do not remember the exact day.,I looked through the timeline manually.,B11_timeline_manual,candidate_inspection,unknown,False,Sometimes I get a lot of plausible results and still cannot tell which one is right.,C08_plausible_cannot_tell,cannot_confirm_candidate,RECALL|MATCH|RECOGNIZE|RECOVER,browsing|uncertainty|large_candidate_set,3.0,,,the old family group photo|M07_approx_time_not_day|B11_timeline_manual|C08_plausible_cannot_tell,1,False
SIM-0201,Apple App Store,,,"a picture with my college friends. I remember the color, setting, or people but not a useful keyword. I opened likely results one by one.",retrieval_related,,,a picture with my college friends,family_person,stated,,"I remember the color, setting, or people but not a useful keyword.",M06_color_setting_people_no_keyword,color|setting|people,searchable_keyword,search keyword,True,"User is attempting to retrieve a picture with my college friends; states they remember colours, the setting, who was there; states they do not remember a useful search keyword.",I opened likely results one by one.,B04_open_results_one_by_one,candidate_inspection,unknown,False,,,,RECALL|EXPRESS|RECOGNIZE,candidate_inspection,1.0,,,a picture with my college friends|M06_color_setting_people_no_keyword|B04_open_results_one_by_one|,1,False
SIM-0135,Google Play Store,,,"the old meme I saved. I remember what the object looked like, but not what it was called. I found it after several attempts. I can recognize the image if I see it, but getting to it is the hard part.",retrieval_related,,,the old meme I saved,document_screenshot,judgement,event_social,"I remember what the object looked like, but not what it was called.",M02_object_look_not_name,visual_appearance|object,object_name,name,True,"User is attempting to retrieve the old meme I saved; states they remember how it looked, the object; states they do not remember what the object is called.",I found it after several attempts.,B15_found_after_several_attempts,recovery_dependent,found_with_effort,True,"I can recognize the image if I see it, but getting to it is the hard part.",C01_recognize_but_access_hard,recognition_retained,RECALL|EXPRESS|RECOGNIZE|RECOVER,repeated_attempts,1.0,,,the old meme I saved|M02_object_look_not_name|B15_found_after_several_attempts|C01_recognize_but_access_hard,1,False
SIM-0028,Google Play Store,,,"the lamp I wanted to buy. I remember the photo exists, but not how I originally found it. I searched a person's name and then browsed. The problem is not taking the photo; it is finding it later.",retrieval_related,,,the lamp I wanted to buy,physical_object,judgement,document_screenshot,"I remember the photo exists, but not how I originally found it.",M09_exists_not_original_path,existence,original_retrieval_path,how it was originally found,False,User is attempting to retrieve the lamp I wanted to buy; states they remember that the photo exists; states they do not remember how they originally found it.,I searched a person's name and then browsed.,B09_person_then_browse,recovery_dependent,unknown,False,The problem is not taking the photo; it is finding it later.,C07_finding_not_taking,framing,RECALL|EXPRESS|RECOVER,strategy_switch|browsing,2.0,,,the lamp I wanted to buy|M09_exists_not_original_path|B09_person_then_browse|C07_finding_not_taking,1,False
SIM-0740,YouTube comments,,,"the concert selfie. I remember what the object looked like, but not what it was called. I searched by person and place together.",retrieval_related,,,the concert selfie,event_social,stated,,"I remember what the object looked like, but not what it was called.",M02_object_look_not_name,visual_appearance|object,object_name,name,True,"User is attempting to retrieve the concert selfie; states they remember how it looked, the object; states they do not remember what the object is called.",I searched by person and place together.,B01_person_place_search,first_attempt,unknown,False,,,,RECALL|EXPRESS,,0.0,,,the concert selfie|M02_object_look_not_name|B01_person_place_search|,1,False
SIM-0231,Apple App Store,,,the concert selfie. I remember the story around the photo more clearly than its metadata. I searched by date and got too many results. I have been using Photos for years.,retrieval_related,,,the concert selfie,event_social,stated,,I remember the story around the photo more clearly than its metadata.,M01_story_over_metadata,story,,,False,User is attempting to retrieve the concert selfie; states they remember the story around it; names no specific information they lack.,I searched by date and got too many results.,B03_date_search_too_many,candidate_inspection,unknown,False,I have been using Photos for years.,C03_years_of_use,long_tenure,RECALL|EXPRESS|MATCH,large_candidate_set,1.0,,,the concert selfie|M01_story_over_metadata|B03_date_search_too_many|C03_years_of_use,1,False
SIM-0490,Google Photos Community,,,"the sangeet. I remember the place generally, but not its name. I searched a person's name and then browsed. I have been using Photos for years.",retrieval_related,,,the sangeet,event_social,stated,,"I remember the place generally, but not its name.",M04_place_general_not_name,place,place_name,name,False,User is attempting to retrieve the sangeet; states they remember the place in general; states they do not remember the place name.,I searched a person's name and then browsed.,B09_person_then_browse,recovery_dependent,unknown,False,I have been using Photos for years.,C03_years_of_use,long_tenure,RECALL|EXPRESS|RECOVER,strategy_switch|browsing,2.0,,,the sangeet|M04_place_general_not_name|B09_person_then_browse|C03_years_of_use,1,False
SIM-0379,Reddit,,,"a photo of my grandfather at the wedding. I know approximately which year it was, but not the month. I searched by date and got too many results.",retrieval_related,,,a photo of my grandfather at the wedding,family_person,judgement,event_social,"I know approximately which year it was, but not the month.",M10_year_not_month,approximate_time,month,time precision,False,User is attempting to retrieve a photo of my grandfather at the wedding; states they remember roughly when it was taken; states they do not remember the month.,I searched by date and got too many results.,B03_date_search_too_many,candidate_inspection,unknown,False,,,,RECALL|EXPRESS|MATCH,large_candidate_set,1.0,,,a photo of my grandfather at the wedding|M10_year_not_month|B03_date_search_too_many|,1,False
SIM-0289,Apple App Store,,,"the concert selfie. I can recognize it if I see it, but I don't know how to narrow the results. I tried an object keyword. It feels much easier when I know an exact date or person's name.",retrieval_related,,,the concert selfie,event_social,stated,,"I can recognize it if I see it, but I don't know how to narrow the results.",M05_recognize_cannot_narrow,recognition_ability,,,True,User is attempting to retrieve the concert selfie; states they remember that they would recognise it on sight; names no specific information they lack.,I tried an object keyword.,B06_object_keyword,first_attempt,unknown,False,It feels much easier when I know an exact date or person's name.,C04_easier_with_precise_identifier,precise_identifier_contrast,RECALL|EXPRESS|RECOGNIZE,,0.0,,,the concert selfie|M05_recognize_cannot_narrow|B06_object_keyword|C04_easier_with_precise_identifier,1,False
SIM-0419,Reddit,,,the concert selfie. I remember the people and situation but not the date. I searched by person and place together. Sometimes I get a lot of plausible results and still cannot tell which one is right.,retrieval_related,,,the concert selfie,event_social,stated,,I remember the people and situation but not the date.,M03_people_situation_not_date,people|situation,date,time precision,False,"User is attempting to retrieve the concert selfie; states they remember who was there, the situation; states they do not remember the date.",I searched by person and place together.,B01_person_place_search,first_attempt,unknown,False,Sometimes I get a lot of plausible results and still cannot tell which one is right.,C08_plausible_cannot_tell,cannot_confirm_candidate,RECALL|EXPRESS|MATCH|RECOGNIZE,uncertainty|large_candidate_set,2.0,,,the concert selfie|M03_people_situation_not_date|B01_person_place_search|C08_plausible_cannot_tell,1,False
SIM-0675,Social media,,,"a picture with my college friends. I remember the photo exists, but not how I originally found it. I tried an object keyword.",retrieval_related,,,a picture with my college friends,family_person,stated,,"I remember the photo exists, but not how I originally found it.",M09_exists_not_original_path,existence,original_retrieval_path,how it was originally found,False,User is attempting to retrieve a picture with my college friends; states they remember that the photo exists; states they do not remember how they originally found it.,I tried an object keyword.,B06_object_keyword,first_attempt,unknown,False,,,,RECALL|EXPRESS,,0.0,,,a picture with my college friends|M09_exists_not_original_path|B06_object_keyword|,1,False
SIM-0392,Reddit,,,"the parking sign I photographed. I remember who was there and what we were doing, but not the album. I opened likely results one by one. There are thousands of images in the account.",retrieval_related,,,the parking sign I photographed,physical_object,stated,,"I remember who was there and what we were doing, but not the album.",M08_people_activity_not_album,people|activity,album,album / organisation,False,"User is attempting to retrieve the parking sign I photographed; states they remember who was there, what was happening; states they do not remember which album it is in.",I opened likely results one by one.,B04_open_results_one_by_one,candidate_inspection,unknown,False,There are thousands of images in the account.,C02_thousands_of_images,large_library,RECALL|RECOGNIZE,candidate_inspection,1.0,,,the parking sign I photographed|M08_people_activity_not_album|B04_open_results_one_by_one|C02_thousands_of_images,1,False
SIM-0593,Google Photos Community,,,the medicine box I photographed. I remember the story around the photo more clearly than its metadata. I looked through a very large set of thumbnails. Sometimes I get a lot of plausible results and still cannot tell which one is right.,retrieval_related,,,the medicine box I photographed,medical,judgement,physical_object,I remember the story around the photo more clearly than its metadata.,M01_story_over_metadata,story,,,False,User is attempting to retrieve the medicine box I photographed; states they remember the story around it; names no specific information they lack.,I looked through a very large set of thumbnails.,B13_large_thumbnail_set,candidate_inspection,unknown,False,Sometimes I get a lot of plausible results and still cannot tell which one is right.,C08_plausible_cannot_tell,cannot_confirm_candidate,RECALL|MATCH|RECOGNIZE,browsing|large_candidate_set|uncertainty,3.0,,,the medicine box I photographed|M01_story_over_metadata|B13_large_thumbnail_set|C08_plausible_cannot_tell,1,False
SIM-0499,Google Photos Community,,,the boarding pass screenshot. I remember the people and situation but not the date. I found a similar photo but not the exact one. I have been using Photos for years.,retrieval_related,,,the boarding pass screenshot,document_screenshot,stated,,I remember the people and situation but not the date.,M03_people_situation_not_date,people|situation,date,time precision,False,"User is attempting to retrieve the boarding pass screenshot; states they remember who was there, the situation; states they do not remember the date.",I found a similar photo but not the exact one.,B14_similar_not_exact,candidate_inspection,similar_uncertain,True,I have been using Photos for years.,C03_years_of_use,long_tenure,RECALL|RECOGNIZE,uncertainty,1.0,,,the boarding pass screenshot|M03_people_situation_not_date|B14_similar_not_exact|C03_years_of_use,1,False
SIM-0139,Google Play Store,,,"the birthday dinner. I remember roughly when it happened, but not the exact day. I tried different wording. Sometimes I get a lot of plausible results and still cannot tell which one is right.",retrieval_related,,,the birthday dinner,event_social,stated,,"I remember roughly when it happened, but not the exact day.",M07_approx_time_not_day,approximate_time,exact_day,time precision,False,User is attempting to retrieve the birthday dinner; states they remember roughly when it was taken; states they do not remember the exact day.,I tried different wording.,B05_different_wording,recovery_dependent,unknown,False,Sometimes I get a lot of plausible results and still cannot tell which one is right.,C08_plausible_cannot_tell,cannot_confirm_candidate,RECALL|EXPRESS|MATCH|RECOGNIZE|RECOVER,reformulation|uncertainty|large_candidate_set,3.0,,,the birthday dinner|M07_approx_time_not_day|B05_different_wording|C08_plausible_cannot_tell,1,False
SIM-0063,Google Play Store,,,a photo of my grandparents' wedding album. I remember a visual detail that is hard to describe in a search box. I found a similar photo but not the exact one. The problem is not taking the photo; it is finding it later.,retrieval_related,,,a photo of my grandparents' wedding album,family_person,judgement,event_social,I remember a visual detail that is hard to describe in a search box.,M11_visual_detail_hard_to_describe,visual_appearance,,,True,User is attempting to retrieve a photo of my grandparents' wedding album; states they remember how it looked; names no specific information they lack.,I found a similar photo but not the exact one.,B14_similar_not_exact,candidate_inspection,similar_uncertain,True,The problem is not taking the photo; it is finding it later.,C07_finding_not_taking,framing,RECALL|EXPRESS|RECOGNIZE,uncertainty,1.0,,,a photo of my grandparents' wedding album|M11_visual_detail_hard_to_describe|B14_similar_not_exact|C07_finding_not_taking,1,False
SIM-0472,Google Photos Community,,,"the insurance document. I remember the photo exists, but not how I originally found it. I searched by person and place together. Sometimes I get a lot of plausible results and still cannot tell which one is right.",retrieval_related,,,the insurance document,document_screenshot,stated,,"I remember the photo exists, but not how I originally found it.",M09_exists_not_original_path,existence,original_retrieval_path,how it was originally found,False,User is attempting to retrieve the insurance document; states they remember that the photo exists; states they do not remember how they originally found it.,I searched by person and place together.,B01_person_place_search,first_attempt,unknown,False,Sometimes I get a lot of plausible results and still cannot tell which one is right.,C08_plausible_cannot_tell,cannot_confirm_candidate,RECALL|EXPRESS|MATCH|RECOGNIZE,uncertainty|large_candidate_set,2.0,,,the insurance document|M09_exists_not_original_path|B01_person_place_search|C08_plausible_cannot_tell,1,False
SIM-0648,Social media,,,"the picture from the day we moved house. I can recognize it if I see it, but I don't know how to narrow the results. I tried different wording. I can recognize the image if I see it, but getting to it is the hard part.",retrieval_related,,,the picture from the day we moved house,event_social,stated,,"I can recognize it if I see it, but I don't know how to narrow the results.",M05_recognize_cannot_narrow,recognition_ability,,,True,User is attempting to retrieve the picture from the day we moved house; states they remember that they would recognise it on sight; names no specific information they lack.,I tried different wording.,B05_different_wording,recovery_dependent,unknown,False,"I can recognize the image if I see it, but getting to it is the hard part.",C01_recognize_but_access_hard,recognition_retained,RECALL|EXPRESS|RECOGNIZE|RECOVER,reformulation,1.0,,,the picture from the day we moved house|M05_recognize_cannot_narrow|B05_different_wording|C01_recognize_but_access_hard,1,False
SIM-0129,Google Play Store,,,"my cousin at the concert. I remember what the object looked like, but not what it was called. I looked through a very large set of thumbnails. It feels much easier when I know an exact date or person's name.",retrieval_related,,,my cousin at the concert,family_person,judgement,event_social,"I remember what the object looked like, but not what it was called.",M02_object_look_not_name,visual_appearance|object,object_name,name,True,"User is attempting to retrieve my cousin at the concert; states they remember how it looked, the object; states they do not remember what the object is called.",I looked through a very large set of thumbnails.,B13_large_thumbnail_set,candidate_inspection,unknown,False,It feels much easier when I know an exact date or person's name.,C04_easier_with_precise_identifier,precise_identifier_contrast,RECALL|EXPRESS|RECOGNIZE,browsing|large_candidate_set,2.0,,,my cousin at the concert|M02_object_look_not_name|B13_large_thumbnail_set|C04_easier_with_precise_identifier,1,False
SIM-N019,Reddit,,,Backup is taking forever on my phone.,not_retrieval_related,,,,,,,,,,,,,,,,,,,,,,,,,backup,SIM-N030,,0,True
SIM-0521,Google Photos Community,,,"the medicine box I photographed. I remember who was there and what we were doing, but not the album. I searched for text that might be in the image.",retrieval_related,,,the medicine box I photographed,medical,judgement,physical_object,"I remember who was there and what we were doing, but not the album.",M08_people_activity_not_album,people|activity,album,album / organisation,False,"User is attempting to retrieve the medicine box I photographed; states they remember who was there, what was happening; states they do not remember which album it is in.",I searched for text that might be in the image.,B02_text_in_image_search,first_attempt,unknown,False,,,,RECALL|EXPRESS,,0.0,,,the medicine box I photographed|M08_people_activity_not_album|B02_text_in_image_search|,1,False
SIM-0065,Google Play Store,,,"our Kerala houseboat photos. I remember the place generally, but not its name. I tried an object keyword. I can recognize the image if I see it, but getting to it is the hard part.",retrieval_related,,,our Kerala houseboat photos,travel_place,stated,,"I remember the place generally, but not its name.",M04_place_general_not_name,place,place_name,name,False,User is attempting to retrieve our Kerala houseboat photos; states they remember the place in general; states they do not remember the place name.,I tried an object keyword.,B06_object_keyword,first_attempt,unknown,False,"I can recognize the image if I see it, but getting to it is the hard part.",C01_recognize_but_access_hard,recognition_retained,RECALL|EXPRESS|RECOGNIZE,,0.0,,,our Kerala houseboat photos|M04_place_general_not_name|B06_object_keyword|C01_recognize_but_access_hard,1,False
SIM-0015,Google Play Store,,,"the picture from the day we moved house. I remember the photo exists, but not how I originally found it. I searched by date and got too many results. There are thousands of images in the account.",retrieval_related,,,the picture from the day we moved house,event_social,stated,,"I remember the photo exists, but not how I originally found it.",M09_exists_not_original_path,existence,original_retrieval_path,how it was originally found,False,User is attempting to retrieve the picture from the day we moved house; states they remember that the photo exists; states they do not remember how they originally found it.,I searched by date and got too many results.,B03_date_search_too_many,candidate_inspection,unknown,False,There are thousands of images in the account.,C02_thousands_of_images,large_library,RECALL|EXPRESS|MATCH,large_candidate_set,1.0,,,the picture from the day we moved house|M09_exists_not_original_path|B03_date_search_too_many|C02_thousands_of_images,1,False
SIM-0157,Google Play Store,,,"the photo from when I was sick. I remember the color, setting, or people but not a useful keyword. I searched a person's name and then browsed. I have been using Photos for years.",retrieval_related,,,the photo from when I was sick,medical,judgement,event_social,"I remember the color, setting, or people but not a useful keyword.",M06_color_setting_people_no_keyword,color|setting|people,searchable_keyword,search keyword,True,"User is attempting to retrieve the photo from when I was sick; states they remember colours, the setting, who was there; states they do not remember a useful search keyword.",I searched a person's name and then browsed.,B09_person_then_browse,recovery_dependent,unknown,False,I have been using Photos for years.,C03_years_of_use,long_tenure,RECALL|EXPRESS|RECOVER,strategy_switch|browsing,2.0,,,the photo from when I was sick|M06_color_setting_people_no_keyword|B09_person_then_browse|C03_years_of_use,1,False
SIM-0041,Google Play Store,,,"the landlord WhatsApp screenshot. I remember the color, setting, or people but not a useful keyword. I found it after several attempts. I have been using Photos for years.",retrieval_related,,,the landlord WhatsApp screenshot,document_screenshot,stated,,"I remember the color, setting, or people but not a useful keyword.",M06_color_setting_people_no_keyword,color|setting|people,searchable_keyword,search keyword,True,"User is attempting to retrieve the landlord WhatsApp screenshot; states they remember colours, the setting, who was there; states they do not remember a useful search keyword.",I found it after several attempts.,B15_found_after_several_attempts,recovery_dependent,found_with_effort,True,I have been using Photos for years.,C03_years_of_use,long_tenure,RECALL|EXPRESS|RECOVER,repeated_attempts,1.0,,,the landlord WhatsApp screenshot|M06_color_setting_people_no_keyword|B15_found_after_several_attempts|C03_years_of_use,1,False
SIM-0493,Google Photos Community,,,"a yellow truck. I remember who was there and what we were doing, but not the album. I could not find it. There are thousands of images in the account.",retrieval_related,,,a yellow truck,unspecified_object,judgement,physical_object,"I remember who was there and what we were doing, but not the album.",M08_people_activity_not_album,people|activity,album,album / organisation,False,"User is attempting to retrieve a yellow truck; states they remember who was there, what was happening; states they do not remember which album it is in.",I could not find it.,B12_could_not_find,exit_path,failed,True,There are thousands of images in the account.,C02_thousands_of_images,large_library,RECALL|RECOVER,failure,1.0,,,a yellow truck|M08_people_activity_not_album|B12_could_not_find|C02_thousands_of_images,1,False
SIM-0380,Reddit,,,"the photo of a prescription. I know approximately which year it was, but not the month. I used a date range and manually compared candidates. I have been using Photos for years.",retrieval_related,,,the photo of a prescription,medical,stated,,"I know approximately which year it was, but not the month.",M10_year_not_month,approximate_time,month,time precision,False,User is attempting to retrieve the photo of a prescription; states they remember roughly when it was taken; states they do not remember the month.,I used a date range and manually compared candidates.,B16_date_range_compare,candidate_inspection,unknown,False,I have been using Photos for years.,C03_years_of_use,long_tenure,RECALL|EXPRESS|RECOGNIZE,candidate_inspection,1.0,,,the photo of a prescription|M10_year_not_month|B16_date_range_compare|C03_years_of_use,1,False
SIM-0188,Apple App Store,,,my daughter wearing the red dress. I remember what was happening but not the exact words. I tried an object keyword. I usually remember the story around the picture better than its metadata.,retrieval_related,,,my daughter wearing the red dress,family_person,stated,,I remember what was happening but not the exact words.,M12_activity_not_exact_words,activity,exact_wording,exact wording,True,User is attempting to retrieve my daughter wearing the red dress; states they remember what was happening; states they do not remember the exact words.,I tried an object keyword.,B06_object_keyword,first_attempt,unknown,False,I usually remember the story around the picture better than its metadata.,C05_story_over_metadata,story_memory,RECALL|EXPRESS,,0.0,,,my daughter wearing the red dress|M12_activity_not_exact_words|B06_object_keyword|C05_story_over_metadata,1,False
SIM-0217,Apple App Store,,,"the restaurant near Tokyo station. I can recognize it if I see it, but I don't know how to narrow the results. I switched to another device or photo app. I have been using Photos for years.",retrieval_related,,,the restaurant near Tokyo station,travel_place,stated,,"I can recognize it if I see it, but I don't know how to narrow the results.",M05_recognize_cannot_narrow,recognition_ability,,,True,User is attempting to retrieve the restaurant near Tokyo station; states they remember that they would recognise it on sight; names no specific information they lack.,I switched to another device or photo app.,B08_other_device_or_app,exit_path,external_workaround,True,I have been using Photos for years.,C03_years_of_use,long_tenure,RECALL|EXPRESS|RECOGNIZE|RECOVER,strategy_switch|external_workaround,2.0,,,the restaurant near Tokyo station|M05_recognize_cannot_narrow|B08_other_device_or_app|C03_years_of_use,1,False
SIM-0053,Google Play Store,,,"the old meme I saved. I remember the place generally, but not its name. I looked through the timeline manually. I can recognize the image if I see it, but getting to it is the hard part.",retrieval_related,,,the old meme I saved,document_screenshot,judgement,event_social,"I remember the place generally, but not its name.",M04_place_general_not_name,place,place_name,name,False,User is attempting to retrieve the old meme I saved; states they remember the place in general; states they do not remember the place name.,I looked through the timeline manually.,B11_timeline_manual,candidate_inspection,unknown,False,"I can recognize the image if I see it, but getting to it is the hard part.",C01_recognize_but_access_hard,recognition_retained,RECALL|RECOGNIZE|RECOVER,browsing,1.0,,,the old meme I saved|M04_place_general_not_name|B11_timeline_manual|C01_recognize_but_access_hard,1,False
SIM-0338,Reddit,,,"the picture from the day we moved house. I remember who was there and what we were doing, but not the album. I looked through the timeline manually. I can recognize the image if I see it, but getting to it is the hard part.",retrieval_related,,,the picture from the day we moved house,event_social,stated,,"I remember who was there and what we were doing, but not the album.",M08_people_activity_not_album,people|activity,album,album / organisation,False,"User is attempting to retrieve the picture from the day we moved house; states they remember who was there, what was happening; states they do not remember which album it is in.",I looked through the timeline manually.,B11_timeline_manual,candidate_inspection,unknown,False,"I can recognize the image if I see it, but getting to it is the hard part.",C01_recognize_but_access_hard,recognition_retained,RECALL|RECOGNIZE|RECOVER,browsing,1.0,,,the picture from the day we moved house|M08_people_activity_not_album|B11_timeline_manual|C01_recognize_but_access_hard,1,False
SIM-0720,YouTube comments,,,"the picture from the day we moved house. I remember the photo exists, but not how I originally found it. I searched by person and place together. The problem is not taking the photo; it is finding it later.",retrieval_related,,,the picture from the day we moved house,event_social,stated,,"I remember the photo exists, but not how I originally found it.",M09_exists_not_original_path,existence,original_retrieval_path,how it was originally found,False,User is attempting to retrieve the picture from the day we moved house; states they remember that the photo exists; states they do not remember how they originally found it.,I searched by person and place together.,B01_person_place_search,first_attempt,unknown,False,The problem is not taking the photo; it is finding it later.,C07_finding_not_taking,framing,RECALL|EXPRESS,,0.0,,,the picture from the day we moved house|M09_exists_not_original_path|B01_person_place_search|C07_finding_not_taking,1,False
SIM-0725,YouTube comments,,,"a picture with my college friends. I can recognize it if I see it, but I don't know how to narrow the results. I tried different wording. I can recognize the image if I see it, but getting to it is the hard part.",retrieval_related,,,a picture with my college friends,family_person,stated,,"I can recognize it if I see it, but I don't know how to narrow the results.",M05_recognize_cannot_narrow,recognition_ability,,,True,User is attempting to retrieve a picture with my college friends; states they remember that they would recognise it on sight; names no specific information they lack.,I tried different wording.,B05_different_wording,recovery_dependent,unknown,False,"I can recognize the image if I see it, but getting to it is the hard part.",C01_recognize_but_access_hard,recognition_retained,RECALL|EXPRESS|RECOGNIZE|RECOVER,reformulation,1.0,,,a picture with my college friends|M05_recognize_cannot_narrow|B05_different_wording|C01_recognize_but_access_hard,1,False
SIM-0296,Reddit,,,"a photo of my grandfather at the wedding. I know approximately which year it was, but not the month. I used a date range and manually compared candidates. It feels much easier when I know an exact date or person's name.",retrieval_related,,,a photo of my grandfather at the wedding,family_person,judgement,event_social,"I know approximately which year it was, but not the month.",M10_year_not_month,approximate_time,month,time precision,False,User is attempting to retrieve a photo of my grandfather at the wedding; states they remember roughly when it was taken; states they do not remember the month.,I used a date range and manually compared candidates.,B16_date_range_compare,candidate_inspection,unknown,False,It feels much easier when I know an exact date or person's name.,C04_easier_with_precise_identifier,precise_identifier_contrast,RECALL|EXPRESS|RECOGNIZE,candidate_inspection,1.0,,,a photo of my grandfather at the wedding|M10_year_not_month|B16_date_range_compare|C04_easier_with_precise_identifier,1,False
SIM-0702,YouTube comments,,,"the picture from our office party. I know approximately which year it was, but not the month. I looked through a very large set of thumbnails.",retrieval_related,,,the picture from our office party,event_social,stated,,"I know approximately which year it was, but not the month.",M10_year_not_month,approximate_time,month,time precision,False,User is attempting to retrieve the picture from our office party; states they remember roughly when it was taken; states they do not remember the month.,I looked through a very large set of thumbnails.,B13_large_thumbnail_set,candidate_inspection,unknown,False,,,,RECALL|RECOGNIZE,browsing|large_candidate_set,2.0,,,the picture from our office party|M10_year_not_month|B13_large_thumbnail_set|,1,False
SIM-0252,Apple App Store,,,"the old meme I saved. I remember the color, setting, or people but not a useful keyword. I searched by date and got too many results. The problem is not taking the photo; it is finding it later.",retrieval_related,,,the old meme I saved,document_screenshot,judgement,event_social,"I remember the color, setting, or people but not a useful keyword.",M06_color_setting_people_no_keyword,color|setting|people,searchable_keyword,search keyword,True,"User is attempting to retrieve the old meme I saved; states they remember colours, the setting, who was there; states they do not remember a useful search keyword.",I searched by date and got too many results.,B03_date_search_too_many,candidate_inspection,unknown,False,The problem is not taking the photo; it is finding it later.,C07_finding_not_taking,framing,RECALL|EXPRESS|MATCH,large_candidate_set,1.0,,,the old meme I saved|M06_color_setting_people_no_keyword|B03_date_search_too_many|C07_finding_not_taking,1,False
SIM-0727,YouTube comments,,,"the old family group photo. I remember who was there and what we were doing, but not the album. I searched by person and place together. I usually remember the story around the picture better than its metadata.",retrieval_related,,,the old family group photo,family_person,stated,,"I remember who was there and what we were doing, but not the album.",M08_people_activity_not_album,people|activity,album,album / organisation,False,"User is attempting to retrieve the old family group photo; states they remember who was there, what was happening; states they do not remember which album it is in.",I searched by person and place together.,B01_person_place_search,first_attempt,unknown,False,I usually remember the story around the picture better than its metadata.,C05_story_over_metadata,story_memory,RECALL|EXPRESS,,0.0,,,the old family group photo|M08_people_activity_not_album|B01_person_place_search|C05_story_over_metadata,1,False
SIM-0462,Google Photos Community,,,"the concert selfie. I remember the photo exists, but not how I originally found it. I searched a person's name and then browsed. The problem is not taking the photo; it is finding it later.",retrieval_related,,,the concert selfie,event_social,stated,,"I remember the photo exists, but not how I originally found it.",M09_exists_not_original_path,existence,original_retrieval_path,how it was originally found,False,User is attempting to retrieve the concert selfie; states they remember that the photo exists; states they do not remember how they originally found it.,I searched a person's name and then browsed.,B09_person_then_browse,recovery_dependent,unknown,False,The problem is not taking the photo; it is finding it later.,C07_finding_not_taking,framing,RECALL|EXPRESS|RECOVER,strategy_switch|browsing,2.0,,,the concert selfie|M09_exists_not_original_path|B09_person_then_browse|C07_finding_not_taking,1,False
SIM-0456,Reddit,,,the waterfall from our road trip. I remember what was happening but not the exact words. I searched by date and got too many results. Sometimes I get a lot of plausible results and still cannot tell which one is right.,retrieval_related,,,the waterfall from our road trip,travel_place,stated,,I remember what was happening but not the exact words.,M12_activity_not_exact_words,activity,exact_wording,exact wording,True,User is attempting to retrieve the waterfall from our road trip; states they remember what was happening; states they do not remember the exact words.,I searched by date and got too many results.,B03_date_search_too_many,candidate_inspection,unknown,False,Sometimes I get a lot of plausible results and still cannot tell which one is right.,C08_plausible_cannot_tell,cannot_confirm_candidate,RECALL|EXPRESS|MATCH|RECOGNIZE,large_candidate_set|uncertainty,2.0,,,the waterfall from our road trip|M12_activity_not_exact_words|B03_date_search_too_many|C08_plausible_cannot_tell,1,False
SIM-N038,Social media,,,My photos are taking too much storage.,not_retrieval_related,,,,,,,,,,,,,,,,,,,,,,,,,storage,SIM-N007,,0,True
SIM-0270,Apple App Store,,,"a yellow truck. I can recognize it if I see it, but I don't know how to narrow the results. I searched by person and place together. I usually remember the story around the picture better than its metadata.",retrieval_related,,,a yellow truck,unspecified_object,judgement,physical_object,"I can recognize it if I see it, but I don't know how to narrow the results.",M05_recognize_cannot_narrow,recognition_ability,,,True,User is attempting to retrieve a yellow truck; states they remember that they would recognise it on sight; names no specific information they lack.,I searched by person and place together.,B01_person_place_search,first_attempt,unknown,False,I usually remember the story around the picture better than its metadata.,C05_story_over_metadata,story_memory,RECALL|EXPRESS|RECOGNIZE,,0.0,,,a yellow truck|M05_recognize_cannot_narrow|B01_person_place_search|C05_story_over_metadata,1,False
SIM-0202,Apple App Store,,,a photo of my grandparents' wedding album. I remember what was happening but not the exact words. I searched by date and got too many results. Sometimes I get a lot of plausible results and still cannot tell which one is right.,retrieval_related,,,a photo of my grandparents' wedding album,family_person,judgement,event_social,I remember what was happening but not the exact words.,M12_activity_not_exact_words,activity,exact_wording,exact wording,True,User is attempting to retrieve a photo of my grandparents' wedding album; states they remember what was happening; states they do not remember the exact words.,I searched by date and got too many results.,B03_date_search_too_many,candidate_inspection,unknown,False,Sometimes I get a lot of plausible results and still cannot tell which one is right.,C08_plausible_cannot_tell,cannot_confirm_candidate,RECALL|EXPRESS|MATCH|RECOGNIZE,large_candidate_set|uncertainty,2.0,,,a photo of my grandparents' wedding album|M12_activity_not_exact_words|B03_date_search_too_many|C08_plausible_cannot_tell,1,False
SIM-0162,Google Play Store,,,"a picture with my college friends. I remember the color, setting, or people but not a useful keyword. I opened likely results one by one. There are thousands of images in the account.",retrieval_related,,,a picture with my college friends,family_person,stated,,"I remember the color, setting, or people but not a useful keyword.",M06_color_setting_people_no_keyword,color|setting|people,searchable_keyword,search keyword,True,"User is attempting to retrieve a picture with my college friends; states they remember colours, the setting, who was there; states they do not remember a useful search keyword.",I opened likely results one by one.,B04_open_results_one_by_one,candidate_inspection,unknown,False,There are thousands of images in the account.,C02_thousands_of_images,large_library,RECALL|EXPRESS|RECOGNIZE,candidate_inspection,1.0,,,a picture with my college friends|M06_color_setting_people_no_keyword|B04_open_results_one_by_one|C02_thousands_of_images,1,False
SIM-0556,Google Photos Community,,,"the waterfall from our road trip. I remember roughly when it happened, but not the exact day. I searched by date and got too many results. I know the photo exists because I have seen it before.",retrieval_related,,,the waterfall from our road trip,travel_place,stated,,"I remember roughly when it happened, but not the exact day.",M07_approx_time_not_day,approximate_time,exact_day,time precision,False,User is attempting to retrieve the waterfall from our road trip; states they remember roughly when it was taken; states they do not remember the exact day.,I searched by date and got too many results.,B03_date_search_too_many,candidate_inspection,unknown,False,I know the photo exists because I have seen it before.,C06_knows_photo_exists,existence_certain,RECALL|EXPRESS|MATCH,large_candidate_set,1.0,,,the waterfall from our road trip|M07_approx_time_not_day|B03_date_search_too_many|C06_knows_photo_exists,1,False
SIM-0730,YouTube comments,,,the boarding pass screenshot. I remember the story around the photo more clearly than its metadata. I searched by person and place together. It feels much easier when I know an exact date or person's name.,retrieval_related,,,the boarding pass screenshot,document_screenshot,stated,,I remember the story around the photo more clearly than its metadata.,M01_story_over_metadata,story,,,False,User is attempting to retrieve the boarding pass screenshot; states they remember the story around it; names no specific information they lack.,I searched by person and place together.,B01_person_place_search,first_attempt,unknown,False,It feels much easier when I know an exact date or person's name.,C04_easier_with_precise_identifier,precise_identifier_contrast,RECALL|EXPRESS,,0.0,,,the boarding pass screenshot|M01_story_over_metadata|B01_person_place_search|C04_easier_with_precise_identifier,1,False
SIM-0402,Reddit,,,"the photo from when I was sick. I know approximately which year it was, but not the month. I gave up and asked someone else to send the photo.",retrieval_related,,,the photo from when I was sick,medical,judgement,event_social,"I know approximately which year it was, but not the month.",M10_year_not_month,approximate_time,month,time precision,False,User is attempting to retrieve the photo from when I was sick; states they remember roughly when it was taken; states they do not remember the month.,I gave up and asked someone else to send the photo.,B10_gave_up_asked_someone,exit_path,abandoned,True,,,,RECALL|RECOVER,abandonment|external_workaround,2.0,,,the photo from when I was sick|M10_year_not_month|B10_gave_up_asked_someone|,1,False
SIM-0703,YouTube comments,,,"a picture with my college friends. I remember the place generally, but not its name. I searched for text that might be in the image.",retrieval_related,,,a picture with my college friends,family_person,stated,,"I remember the place generally, but not its name.",M04_place_general_not_name,place,place_name,name,False,User is attempting to retrieve a picture with my college friends; states they remember the place in general; states they do not remember the place name.,I searched for text that might be in the image.,B02_text_in_image_search,first_attempt,unknown,False,,,,RECALL|EXPRESS,,0.0,,,a picture with my college friends|M04_place_general_not_name|B02_text_in_image_search|,1,False
SIM-0477,Google Photos Community,,,"the medicine box I photographed. I remember who was there and what we were doing, but not the album. I searched a person's name and then browsed.",retrieval_related,,,the medicine box I photographed,medical,judgement,physical_object,"I remember who was there and what we were doing, but not the album.",M08_people_activity_not_album,people|activity,album,album / organisation,False,"User is attempting to retrieve the medicine box I photographed; states they remember who was there, what was happening; states they do not remember which album it is in.",I searched a person's name and then browsed.,B09_person_then_browse,recovery_dependent,unknown,False,,,,RECALL|EXPRESS|RECOVER,strategy_switch|browsing,2.0,,,the medicine box I photographed|M08_people_activity_not_album|B09_person_then_browse|,1,False
SIM-0106,Google Play Store,,,"the medicine box I photographed. I remember what the object looked like, but not what it was called. I used a date range and manually compared candidates.",retrieval_related,,,the medicine box I photographed,medical,judgement,physical_object,"I remember what the object looked like, but not what it was called.",M02_object_look_not_name,visual_appearance|object,object_name,name,True,"User is attempting to retrieve the medicine box I photographed; states they remember how it looked, the object; states they do not remember what the object is called.",I used a date range and manually compared candidates.,B16_date_range_compare,candidate_inspection,unknown,False,,,,RECALL|EXPRESS|RECOGNIZE,candidate_inspection,1.0,,,the medicine box I photographed|M02_object_look_not_name|B16_date_range_compare|,1,False
SIM-0566,Google Photos Community,,,"the old family group photo. I remember what the object looked like, but not what it was called. I opened likely results one by one. I can recognize the image if I see it, but getting to it is the hard part.",retrieval_related,,,the old family group photo,family_person,stated,,"I remember what the object looked like, but not what it was called.",M02_object_look_not_name,visual_appearance|object,object_name,name,True,"User is attempting to retrieve the old family group photo; states they remember how it looked, the object; states they do not remember what the object is called.",I opened likely results one by one.,B04_open_results_one_by_one,candidate_inspection,unknown,False,"I can recognize the image if I see it, but getting to it is the hard part.",C01_recognize_but_access_hard,recognition_retained,RECALL|EXPRESS|RECOGNIZE,candidate_inspection,1.0,,,the old family group photo|M02_object_look_not_name|B04_open_results_one_by_one|C01_recognize_but_access_hard,1,False
SIM-0390,Reddit,,,"the restaurant near Tokyo station. I remember the photo exists, but not how I originally found it. I opened likely results one by one. I usually remember the story around the picture better than its metadata.",retrieval_related,,,the restaurant near Tokyo station,travel_place,stated,,"I remember the photo exists, but not how I originally found it.",M09_exists_not_original_path,existence,original_retrieval_path,how it was originally found,False,User is attempting to retrieve the restaurant near Tokyo station; states they remember that the photo exists; states they do not remember how they originally found it.,I opened likely results one by one.,B04_open_results_one_by_one,candidate_inspection,unknown,False,I usually remember the story around the picture better than its metadata.,C05_story_over_metadata,story_memory,RECALL|RECOGNIZE,candidate_inspection,1.0,,,the restaurant near Tokyo station|M09_exists_not_original_path|B04_open_results_one_by_one|C05_story_over_metadata,1,False
SIM-0002,Google Play Store,,,"the recipe screenshot. I remember the photo exists, but not how I originally found it. I searched a few keywords and then scrolled. The problem is not taking the photo; it is finding it later.",retrieval_related,,,the recipe screenshot,document_screenshot,stated,,"I remember the photo exists, but not how I originally found it.",M09_exists_not_original_path,existence,original_retrieval_path,how it was originally found,False,User is attempting to retrieve the recipe screenshot; states they remember that the photo exists; states they do not remember how they originally found it.,I searched a few keywords and then scrolled.,B18_keywords_then_scroll,recovery_dependent,unknown,False,The problem is not taking the photo; it is finding it later.,C07_finding_not_taking,framing,RECALL|EXPRESS|RECOVER,strategy_switch|browsing,2.0,,,the recipe screenshot|M09_exists_not_original_path|B18_keywords_then_scroll|C07_finding_not_taking,1,False
SIM-0786,Forums,,,"the parking sign I photographed. I remember roughly when it happened, but not the exact day. I found it after several attempts. I have been using Photos for years.",retrieval_related,,,the parking sign I photographed,physical_object,stated,,"I remember roughly when it happened, but not the exact day.",M07_approx_time_not_day,approximate_time,exact_day,time precision,False,User is attempting to retrieve the parking sign I photographed; states they remember roughly when it was taken; states they do not remember the exact day.,I found it after several attempts.,B15_found_after_several_attempts,recovery_dependent,found_with_effort,True,I have been using Photos for years.,C03_years_of_use,long_tenure,RECALL|RECOVER,repeated_attempts,1.0,,,the parking sign I photographed|M07_approx_time_not_day|B15_found_after_several_attempts|C03_years_of_use,1,False
SIM-0562,Google Photos Community,,,"a screenshot of a product I wanted. I remember a visual detail that is hard to describe in a search box. I gave up and asked someone else to send the photo. I can recognize the image if I see it, but getting to it is the hard part.",retrieval_related,,,a screenshot of a product I wanted,document_screenshot,judgement,physical_object,I remember a visual detail that is hard to describe in a search box.,M11_visual_detail_hard_to_describe,visual_appearance,,,True,User is attempting to retrieve a screenshot of a product I wanted; states they remember how it looked; names no specific information they lack.,I gave up and asked someone else to send the photo.,B10_gave_up_asked_someone,exit_path,abandoned,True,"I can recognize the image if I see it, but getting to it is the hard part.",C01_recognize_but_access_hard,recognition_retained,RECALL|EXPRESS|RECOGNIZE|RECOVER,abandonment|external_workaround,2.0,,,a screenshot of a product I wanted|M11_visual_detail_hard_to_describe|B10_gave_up_asked_someone|C01_recognize_but_access_hard,1,False
SIM-0081,Google Play Store,,,a photo of my grandfather at the wedding. I remember the story around the photo more clearly than its metadata. I looked through the timeline manually. I usually remember the story around the picture better than its metadata.,retrieval_related,,,a photo of my grandfather at the wedding,family_person,judgement,event_social,I remember the story around the photo more clearly than its metadata.,M01_story_over_metadata,story,,,False,User is attempting to retrieve a photo of my grandfather at the wedding; states they remember the story around it; names no specific information they lack.,I looked through the timeline manually.,B11_timeline_manual,candidate_inspection,unknown,False,I usually remember the story around the picture better than its metadata.,C05_story_over_metadata,story_memory,RECALL|RECOGNIZE|RECOVER,browsing,1.0,,,a photo of my grandfather at the wedding|M01_story_over_metadata|B11_timeline_manual|C05_story_over_metadata,1,False
SIM-0206,Apple App Store,,,"the parking sign I photographed. I remember the place generally, but not its name. I opened likely results one by one. Sometimes I get a lot of plausible results and still cannot tell which one is right.",retrieval_related,,,the parking sign I photographed,physical_object,stated,,"I remember the place generally, but not its name.",M04_place_general_not_name,place,place_name,name,False,User is attempting to retrieve the parking sign I photographed; states they remember the place in general; states they do not remember the place name.,I opened likely results one by one.,B04_open_results_one_by_one,candidate_inspection,unknown,False,Sometimes I get a lot of plausible results and still cannot tell which one is right.,C08_plausible_cannot_tell,cannot_confirm_candidate,RECALL|MATCH|RECOGNIZE,candidate_inspection|uncertainty|large_candidate_set,3.0,,,the parking sign I photographed|M04_place_general_not_name|B04_open_results_one_by_one|C08_plausible_cannot_tell,1,False
SIM-0035,Google Play Store,,,"the parking sign I photographed. I know approximately which year it was, but not the month. I looked through a very large set of thumbnails. I can recognize the image if I see it, but getting to it is the hard part.",retrieval_related,,,the parking sign I photographed,physical_object,stated,,"I know approximately which year it was, but not the month.",M10_year_not_month,approximate_time,month,time precision,False,User is attempting to retrieve the parking sign I photographed; states they remember roughly when it was taken; states they do not remember the month.,I looked through a very large set of thumbnails.,B13_large_thumbnail_set,candidate_inspection,unknown,False,"I can recognize the image if I see it, but getting to it is the hard part.",C01_recognize_but_access_hard,recognition_retained,RECALL|RECOGNIZE,browsing|large_candidate_set,2.0,,,the parking sign I photographed|M10_year_not_month|B13_large_thumbnail_set|C01_recognize_but_access_hard,1,False
SIM-0509,Google Photos Community,,,the photo from when I was sick. I remember the people and situation but not the date. I looked through the timeline manually.,retrieval_related,,,the photo from when I was sick,medical,judgement,event_social,I remember the people and situation but not the date.,M03_people_situation_not_date,people|situation,date,time precision,False,"User is attempting to retrieve the photo from when I was sick; states they remember who was there, the situation; states they do not remember the date.",I looked through the timeline manually.,B11_timeline_manual,candidate_inspection,unknown,False,,,,RECALL|RECOGNIZE|RECOVER,browsing,1.0,,,the photo from when I was sick|M03_people_situation_not_date|B11_timeline_manual|,1,False
SIM-0428,Reddit,,,"the photo from when I was sick. I remember roughly when it happened, but not the exact day. I could not find it.",retrieval_related,,,the photo from when I was sick,medical,judgement,event_social,"I remember roughly when it happened, but not the exact day.",M07_approx_time_not_day,approximate_time,exact_day,time precision,False,User is attempting to retrieve the photo from when I was sick; states they remember roughly when it was taken; states they do not remember the exact day.,I could not find it.,B12_could_not_find,exit_path,failed,True,,,,RECALL|RECOVER,failure,1.0,,SIM-0010,the photo from when I was sick|M07_approx_time_not_day|B12_could_not_find|,2,False
SIM-0455,Reddit,,,the insurance document. I remember the people and situation but not the date. I gave up and asked someone else to send the photo. The problem is not taking the photo; it is finding it later.,retrieval_related,,,the insurance document,document_screenshot,stated,,I remember the people and situation but not the date.,M03_people_situation_not_date,people|situation,date,time precision,False,"User is attempting to retrieve the insurance document; states they remember who was there, the situation; states they do not remember the date.",I gave up and asked someone else to send the photo.,B10_gave_up_asked_someone,exit_path,abandoned,True,The problem is not taking the photo; it is finding it later.,C07_finding_not_taking,framing,RECALL|RECOVER,abandonment|external_workaround,2.0,,,the insurance document|M03_people_situation_not_date|B10_gave_up_asked_someone|C07_finding_not_taking,1,False
SIM-0367,Reddit,,,"the photo of a prescription. I remember the place generally, but not its name. I found a similar photo but not the exact one. I have been using Photos for years.",retrieval_related,,,the photo of a prescription,medical,stated,,"I remember the place generally, but not its name.",M04_place_general_not_name,place,place_name,name,False,User is attempting to retrieve the photo of a prescription; states they remember the place in general; states they do not remember the place name.,I found a similar photo but not the exact one.,B14_similar_not_exact,candidate_inspection,similar_uncertain,True,I have been using Photos for years.,C03_years_of_use,long_tenure,RECALL|RECOGNIZE,uncertainty,1.0,,,the photo of a prescription|M04_place_general_not_name|B14_similar_not_exact|C03_years_of_use,1,False
SIM-0092,Google Play Store,,,"my daughter wearing the red dress. I remember roughly when it happened, but not the exact day. I tried an object keyword. I know the photo exists because I have seen it before.",retrieval_related,,,my daughter wearing the red dress,family_person,stated,,"I remember roughly when it happened, but not the exact day.",M07_approx_time_not_day,approximate_time,exact_day,time precision,False,User is attempting to retrieve my daughter wearing the red dress; states they remember roughly when it was taken; states they do not remember the exact day.,I tried an object keyword.,B06_object_keyword,first_attempt,unknown,False,I know the photo exists because I have seen it before.,C06_knows_photo_exists,existence_certain,RECALL|EXPRESS,,0.0,,,my daughter wearing the red dress|M07_approx_time_not_day|B06_object_keyword|C06_knows_photo_exists,1,False
SIM-0340,Reddit,,,my daughter wearing the red dress. I remember the people and situation but not the date. I switched to another device or photo app. There are thousands of images in the account.,retrieval_related,,,my daughter wearing the red dress,family_person,stated,,I remember the people and situation but not the date.,M03_people_situation_not_date,people|situation,date,time precision,False,"User is attempting to retrieve my daughter wearing the red dress; states they remember who was there, the situation; states they do not remember the date.",I switched to another device or photo app.,B08_other_device_or_app,exit_path,external_workaround,True,There are thousands of images in the account.,C02_thousands_of_images,large_library,RECALL|RECOVER,strategy_switch|external_workaround,2.0,,,my daughter wearing the red dress|M03_people_situation_not_date|B08_other_device_or_app|C02_thousands_of_images,1,False
SIM-0565,Google Photos Community,,,the photo of a prescription. I remember the people and situation but not the date. I opened likely results one by one. I know the photo exists because I have seen it before.,retrieval_related,,,the photo of a prescription,medical,stated,,I remember the people and situation but not the date.,M03_people_situation_not_date,people|situation,date,time precision,False,"User is attempting to retrieve the photo of a prescription; states they remember who was there, the situation; states they do not remember the date.",I opened likely results one by one.,B04_open_results_one_by_one,candidate_inspection,unknown,False,I know the photo exists because I have seen it before.,C06_knows_photo_exists,existence_certain,RECALL|RECOGNIZE,candidate_inspection,1.0,,,the photo of a prescription|M03_people_situation_not_date|B04_open_results_one_by_one|C06_knows_photo_exists,1,False
SIM-0346,Reddit,,,"our Kerala houseboat photos. I remember who was there and what we were doing, but not the album. I searched by person and place together. I have been using Photos for years.",retrieval_related,,,our Kerala houseboat photos,travel_place,stated,,"I remember who was there and what we were doing, but not the album.",M08_people_activity_not_album,people|activity,album,album / organisation,False,"User is attempting to retrieve our Kerala houseboat photos; states they remember who was there, what was happening; states they do not remember which album it is in.",I searched by person and place together.,B01_person_place_search,first_attempt,unknown,False,I have been using Photos for years.,C03_years_of_use,long_tenure,RECALL|EXPRESS,,0.0,,,our Kerala houseboat photos|M08_people_activity_not_album|B01_person_place_search|C03_years_of_use,1,False
SIM-0777,Forums,,,"that small cafe from our Goa trip. I remember who was there and what we were doing, but not the album. I found it after several attempts. Sometimes I get a lot of plausible results and still cannot tell which one is right.",retrieval_related,,,that small cafe from our Goa trip,travel_place,stated,,"I remember who was there and what we were doing, but not the album.",M08_people_activity_not_album,people|activity,album,album / organisation,False,"User is attempting to retrieve that small cafe from our Goa trip; states they remember who was there, what was happening; states they do not remember which album it is in.",I found it after several attempts.,B15_found_after_several_attempts,recovery_dependent,found_with_effort,True,Sometimes I get a lot of plausible results and still cannot tell which one is right.,C08_plausible_cannot_tell,cannot_confirm_candidate,RECALL|MATCH|RECOGNIZE|RECOVER,repeated_attempts|uncertainty|large_candidate_set,3.0,,,that small cafe from our Goa trip|M08_people_activity_not_album|B15_found_after_several_attempts|C08_plausible_cannot_tell,1,False
SIM-0242,Apple App Store,,,"the restaurant near Tokyo station. I remember who was there and what we were doing, but not the album. I tried different wording.",retrieval_related,,,the restaurant near Tokyo station,travel_place,stated,,"I remember who was there and what we were doing, but not the album.",M08_people_activity_not_album,people|activity,album,album / organisation,False,"User is attempting to retrieve the restaurant near Tokyo station; states they remember who was there, what was happening; states they do not remember which album it is in.",I tried different wording.,B05_different_wording,recovery_dependent,unknown,False,,,,RECALL|EXPRESS|RECOVER,reformulation,1.0,,,the restaurant near Tokyo station|M08_people_activity_not_album|B05_different_wording|,1,False
SIM-0014,Google Play Store,,,"the restaurant near Tokyo station. I remember who was there and what we were doing, but not the album. I used a date range and manually compared candidates. Sometimes I get a lot of plausible results and still cannot tell which one is right.",retrieval_related,,,the restaurant near Tokyo station,travel_place,stated,,"I remember who was there and what we were doing, but not the album.",M08_people_activity_not_album,people|activity,album,album / organisation,False,"User is attempting to retrieve the restaurant near Tokyo station; states they remember who was there, what was happening; states they do not remember which album it is in.",I used a date range and manually compared candidates.,B16_date_range_compare,candidate_inspection,unknown,False,Sometimes I get a lot of plausible results and still cannot tell which one is right.,C08_plausible_cannot_tell,cannot_confirm_candidate,RECALL|EXPRESS|MATCH|RECOGNIZE,candidate_inspection|uncertainty|large_candidate_set,3.0,,,the restaurant near Tokyo station|M08_people_activity_not_album|B16_date_range_compare|C08_plausible_cannot_tell,1,False
SIM-0316,Reddit,,,"the old family group photo. I remember the place generally, but not its name. I tried different wording. I know the photo exists because I have seen it before.",retrieval_related,,,the old family group photo,family_person,stated,,"I remember the place generally, but not its name.",M04_place_general_not_name,place,place_name,name,False,User is attempting to retrieve the old family group photo; states they remember the place in general; states they do not remember the place name.,I tried different wording.,B05_different_wording,recovery_dependent,unknown,False,I know the photo exists because I have seen it before.,C06_knows_photo_exists,existence_certain,RECALL|EXPRESS|RECOVER,reformulation,1.0,,,the old family group photo|M04_place_general_not_name|B05_different_wording|C06_knows_photo_exists,1,False
SIM-0601,Social media,,,"the picture I sent to my doctor. I remember the photo exists, but not how I originally found it. I looked through the timeline manually. I have been using Photos for years.",retrieval_related,,,the picture I sent to my doctor,medical,judgement,document_screenshot,"I remember the photo exists, but not how I originally found it.",M09_exists_not_original_path,existence,original_retrieval_path,how it was originally found,False,User is attempting to retrieve the picture I sent to my doctor; states they remember that the photo exists; states they do not remember how they originally found it.,I looked through the timeline manually.,B11_timeline_manual,candidate_inspection,unknown,False,I have been using Photos for years.,C03_years_of_use,long_tenure,RECALL|RECOGNIZE|RECOVER,browsing,1.0,,,the picture I sent to my doctor|M09_exists_not_original_path|B11_timeline_manual|C03_years_of_use,1,False
SIM-0388,Reddit,,,the birthday dinner. I remember the people and situation but not the date. I searched a few keywords and then scrolled. I know the photo exists because I have seen it before.,retrieval_related,,,the birthday dinner,event_social,stated,,I remember the people and situation but not the date.,M03_people_situation_not_date,people|situation,date,time precision,False,"User is attempting to retrieve the birthday dinner; states they remember who was there, the situation; states they do not remember the date.",I searched a few keywords and then scrolled.,B18_keywords_then_scroll,recovery_dependent,unknown,False,I know the photo exists because I have seen it before.,C06_knows_photo_exists,existence_certain,RECALL|EXPRESS|RECOVER,strategy_switch|browsing,2.0,,,the birthday dinner|M03_people_situation_not_date|B18_keywords_then_scroll|C06_knows_photo_exists,1,False
SIM-0274,Apple App Store,,,"a photo of my grandparents' wedding album. I know approximately which year it was, but not the month. I tried different wording. It feels much easier when I know an exact date or person's name.",retrieval_related,,,a photo of my grandparents' wedding album,family_person,judgement,event_social,"I know approximately which year it was, but not the month.",M10_year_not_month,approximate_time,month,time precision,False,User is attempting to retrieve a photo of my grandparents' wedding album; states they remember roughly when it was taken; states they do not remember the month.,I tried different wording.,B05_different_wording,recovery_dependent,unknown,False,It feels much easier when I know an exact date or person's name.,C04_easier_with_precise_identifier,precise_identifier_contrast,RECALL|EXPRESS|RECOVER,reformulation,1.0,,,a photo of my grandparents' wedding album|M10_year_not_month|B05_different_wording|C04_easier_with_precise_identifier,1,False
SIM-0167,Google Play Store,,,"the concert selfie. I remember the place generally, but not its name. I tried an object keyword. I have been using Photos for years.",retrieval_related,,,the concert selfie,event_social,stated,,"I remember the place generally, but not its name.",M04_place_general_not_name,place,place_name,name,False,User is attempting to retrieve the concert selfie; states they remember the place in general; states they do not remember the place name.,I tried an object keyword.,B06_object_keyword,first_attempt,unknown,False,I have been using Photos for years.,C03_years_of_use,long_tenure,RECALL|EXPRESS,,0.0,,,the concert selfie|M04_place_general_not_name|B06_object_keyword|C03_years_of_use,1,False
SIM-N034,Reddit,,,How can I create a collage?,not_retrieval_related,,,,,,,,,,,,,,,,,,,,,,,,,collage,SIM-N013,,0,True
SIM-0647,Social media,,,"the landlord WhatsApp screenshot. I remember the color, setting, or people but not a useful keyword. I opened likely results one by one. It feels much easier when I know an exact date or person's name.",retrieval_related,,,the landlord WhatsApp screenshot,document_screenshot,stated,,"I remember the color, setting, or people but not a useful keyword.",M06_color_setting_people_no_keyword,color|setting|people,searchable_keyword,search keyword,True,"User is attempting to retrieve the landlord WhatsApp screenshot; states they remember colours, the setting, who was there; states they do not remember a useful search keyword.",I opened likely results one by one.,B04_open_results_one_by_one,candidate_inspection,unknown,False,It feels much easier when I know an exact date or person's name.,C04_easier_with_precise_identifier,precise_identifier_contrast,RECALL|EXPRESS|RECOGNIZE,candidate_inspection,1.0,,,the landlord WhatsApp screenshot|M06_color_setting_people_no_keyword|B04_open_results_one_by_one|C04_easier_with_precise_identifier,1,False
SIM-0485,Google Photos Community,,,"a picture with my college friends. I remember roughly when it happened, but not the exact day. I searched a few keywords and then scrolled. I can recognize the image if I see it, but getting to it is the hard part.",retrieval_related,,,a picture with my college friends,family_person,stated,,"I remember roughly when it happened, but not the exact day.",M07_approx_time_not_day,approximate_time,exact_day,time precision,False,User is attempting to retrieve a picture with my college friends; states they remember roughly when it was taken; states they do not remember the exact day.,I searched a few keywords and then scrolled.,B18_keywords_then_scroll,recovery_dependent,unknown,False,"I can recognize the image if I see it, but getting to it is the hard part.",C01_recognize_but_access_hard,recognition_retained,RECALL|EXPRESS|RECOGNIZE|RECOVER,strategy_switch|browsing,2.0,,,a picture with my college friends|M07_approx_time_not_day|B18_keywords_then_scroll|C01_recognize_but_access_hard,1,False
SIM-N023,YouTube comments,,,I accidentally deleted a photo and need to restore it.,possibly_relevant,,,,,,,,,,,,,,,,,,,,,,,,,deleted_photo_restore,SIM-N017,,0,True
SIM-0505,Google Photos Community,,,"the picture from our office party. I know approximately which year it was, but not the month. I tried an object keyword. I have been using Photos for years.",retrieval_related,,,the picture from our office party,event_social,stated,,"I know approximately which year it was, but not the month.",M10_year_not_month,approximate_time,month,time precision,False,User is attempting to retrieve the picture from our office party; states they remember roughly when it was taken; states they do not remember the month.,I tried an object keyword.,B06_object_keyword,first_attempt,unknown,False,I have been using Photos for years.,C03_years_of_use,long_tenure,RECALL|EXPRESS,,0.0,,,the picture from our office party|M10_year_not_month|B06_object_keyword|C03_years_of_use,1,False
SIM-0244,Apple App Store,,,"the old family group photo. I remember the place generally, but not its name. I could not find it.",retrieval_related,,,the old family group photo,family_person,stated,,"I remember the place generally, but not its name.",M04_place_general_not_name,place,place_name,name,False,User is attempting to retrieve the old family group photo; states they remember the place in general; states they do not remember the place name.,I could not find it.,B12_could_not_find,exit_path,failed,True,,,,RECALL|RECOVER,failure,1.0,,,the old family group photo|M04_place_general_not_name|B12_could_not_find|,1,False
SIM-0567,Google Photos Community,,,a photo of my grandfather at the wedding. I remember the people and situation but not the date. I switched to another device or photo app.,retrieval_related,,,a photo of my grandfather at the wedding,family_person,judgement,event_social,I remember the people and situation but not the date.,M03_people_situation_not_date,people|situation,date,time precision,False,"User is attempting to retrieve a photo of my grandfather at the wedding; states they remember who was there, the situation; states they do not remember the date.",I switched to another device or photo app.,B08_other_device_or_app,exit_path,external_workaround,True,,,,RECALL|RECOVER,strategy_switch|external_workaround,2.0,,,a photo of my grandfather at the wedding|M03_people_situation_not_date|B08_other_device_or_app|,1,False
SIM-0563,Google Photos Community,,,the concert selfie. I remember the people and situation but not the date. I opened likely results one by one.,retrieval_related,,,the concert selfie,event_social,stated,,I remember the people and situation but not the date.,M03_people_situation_not_date,people|situation,date,time precision,False,"User is attempting to retrieve the concert selfie; states they remember who was there, the situation; states they do not remember the date.",I opened likely results one by one.,B04_open_results_one_by_one,candidate_inspection,unknown,False,,,,RECALL|RECOGNIZE,candidate_inspection,1.0,,,the concert selfie|M03_people_situation_not_date|B04_open_results_one_by_one|,1,False
SIM-0687,YouTube comments,,,the photo of a prescription. I remember the story around the photo more clearly than its metadata. I gave up and asked someone else to send the photo. I have been using Photos for years.,retrieval_related,,,the photo of a prescription,medical,stated,,I remember the story around the photo more clearly than its metadata.,M01_story_over_metadata,story,,,False,User is attempting to retrieve the photo of a prescription; states they remember the story around it; names no specific information they lack.,I gave up and asked someone else to send the photo.,B10_gave_up_asked_someone,exit_path,abandoned,True,I have been using Photos for years.,C03_years_of_use,long_tenure,RECALL|RECOVER,abandonment|external_workaround,2.0,,,the photo of a prescription|M01_story_over_metadata|B10_gave_up_asked_someone|C03_years_of_use,1,False
SIM-0190,Apple App Store,,,the photo from when I was sick. I remember the people and situation but not the date. I searched for text that might be in the image. The problem is not taking the photo; it is finding it later.,retrieval_related,,,the photo from when I was sick,medical,judgement,event_social,I remember the people and situation but not the date.,M03_people_situation_not_date,people|situation,date,time precision,False,"User is attempting to retrieve the photo from when I was sick; states they remember who was there, the situation; states they do not remember the date.",I searched for text that might be in the image.,B02_text_in_image_search,first_attempt,unknown,False,The problem is not taking the photo; it is finding it later.,C07_finding_not_taking,framing,RECALL|EXPRESS,,0.0,,,the photo from when I was sick|M03_people_situation_not_date|B02_text_in_image_search|C07_finding_not_taking,1,False
SIM-0783,Forums,,,"our Kerala houseboat photos. I remember what the object looked like, but not what it was called. I tried several related words.",retrieval_related,,,our Kerala houseboat photos,travel_place,stated,,"I remember what the object looked like, but not what it was called.",M02_object_look_not_name,visual_appearance|object,object_name,name,True,"User is attempting to retrieve our Kerala houseboat photos; states they remember how it looked, the object; states they do not remember what the object is called.",I tried several related words.,B17_several_related_words,recovery_dependent,unknown,False,,,,RECALL|EXPRESS|RECOVER,reformulation|repeated_attempts,2.0,,,our Kerala houseboat photos|M02_object_look_not_name|B17_several_related_words|,1,False
SIM-0700,YouTube comments,,,"the boarding pass screenshot. I know approximately which year it was, but not the month. I searched by date and got too many results. The problem is not taking the photo; it is finding it later.",retrieval_related,,,the boarding pass screenshot,document_screenshot,stated,,"I know approximately which year it was, but not the month.",M10_year_not_month,approximate_time,month,time precision,False,User is attempting to retrieve the boarding pass screenshot; states they remember roughly when it was taken; states they do not remember the month.,I searched by date and got too many results.,B03_date_search_too_many,candidate_inspection,unknown,False,The problem is not taking the photo; it is finding it later.,C07_finding_not_taking,framing,RECALL|EXPRESS|MATCH,large_candidate_set,1.0,,,the boarding pass screenshot|M10_year_not_month|B03_date_search_too_many|C07_finding_not_taking,1,False
SIM-0476,Google Photos Community,,,that small cafe from our Goa trip. I remember the story around the photo more clearly than its metadata. I searched by date and got too many results.,retrieval_related,,,that small cafe from our Goa trip,travel_place,stated,,I remember the story around the photo more clearly than its metadata.,M01_story_over_metadata,story,,,False,User is attempting to retrieve that small cafe from our Goa trip; states they remember the story around it; names no specific information they lack.,I searched by date and got too many results.,B03_date_search_too_many,candidate_inspection,unknown,False,,,,RECALL|EXPRESS|MATCH,large_candidate_set,1.0,,,that small cafe from our Goa trip|M01_story_over_metadata|B03_date_search_too_many|,1,False
SIM-0682,YouTube comments,,,"the waterfall from our road trip. I remember roughly when it happened, but not the exact day. I found it after several attempts. I have been using Photos for years.",retrieval_related,,,the waterfall from our road trip,travel_place,stated,,"I remember roughly when it happened, but not the exact day.",M07_approx_time_not_day,approximate_time,exact_day,time precision,False,User is attempting to retrieve the waterfall from our road trip; states they remember roughly when it was taken; states they do not remember the exact day.,I found it after several attempts.,B15_found_after_several_attempts,recovery_dependent,found_with_effort,True,I have been using Photos for years.,C03_years_of_use,long_tenure,RECALL|RECOVER,repeated_attempts,1.0,,,the waterfall from our road trip|M07_approx_time_not_day|B15_found_after_several_attempts|C03_years_of_use,1,False
SIM-0511,Google Photos Community,,,the lamp I wanted to buy. I remember what was happening but not the exact words. I could not find it. I know the photo exists because I have seen it before.,retrieval_related,,,the lamp I wanted to buy,physical_object,judgement,document_screenshot,I remember what was happening but not the exact words.,M12_activity_not_exact_words,activity,exact_wording,exact wording,True,User is attempting to retrieve the lamp I wanted to buy; states they remember what was happening; states they do not remember the exact words.,I could not find it.,B12_could_not_find,exit_path,failed,True,I know the photo exists because I have seen it before.,C06_knows_photo_exists,existence_certain,RECALL|EXPRESS|RECOVER,failure,1.0,,SIM-0587,the lamp I wanted to buy|M12_activity_not_exact_words|B12_could_not_find|C06_knows_photo_exists,2,False
SIM-0059,Google Play Store,,,"the picture from the day we moved house. I remember the photo exists, but not how I originally found it. I looked through the timeline manually. I know the photo exists because I have seen it before.",retrieval_related,,,the picture from the day we moved house,event_social,stated,,"I remember the photo exists, but not how I originally found it.",M09_exists_not_original_path,existence,original_retrieval_path,how it was originally found,False,User is attempting to retrieve the picture from the day we moved house; states they remember that the photo exists; states they do not remember how they originally found it.,I looked through the timeline manually.,B11_timeline_manual,candidate_inspection,unknown,False,I know the photo exists because I have seen it before.,C06_knows_photo_exists,existence_certain,RECALL|RECOGNIZE|RECOVER,browsing,1.0,,,the picture from the day we moved house|M09_exists_not_original_path|B11_timeline_manual|C06_knows_photo_exists,1,False
SIM-0475,Google Photos Community,,,my daughter wearing the red dress. I remember the story around the photo more clearly than its metadata. I searched by person and place together.,retrieval_related,,,my daughter wearing the red dress,family_person,stated,,I remember the story around the photo more clearly than its metadata.,M01_story_over_metadata,story,,,False,User is attempting to retrieve my daughter wearing the red dress; states they remember the story around it; names no specific information they lack.,I searched by person and place together.,B01_person_place_search,first_attempt,unknown,False,,,,RECALL|EXPRESS,,0.0,,,my daughter wearing the red dress|M01_story_over_metadata|B01_person_place_search|,1,False
SIM-0561,Google Photos Community,,,our Diwali family photo. I remember the people and situation but not the date. I used a date range and manually compared candidates.,retrieval_related,,,our Diwali family photo,family_person,judgement,event_social,I remember the people and situation but not the date.,M03_people_situation_not_date,people|situation,date,time precision,False,"User is attempting to retrieve our Diwali family photo; states they remember who was there, the situation; states they do not remember the date.",I used a date range and manually compared candidates.,B16_date_range_compare,candidate_inspection,unknown,False,,,,RECALL|EXPRESS|RECOGNIZE,candidate_inspection,1.0,,,our Diwali family photo|M03_people_situation_not_date|B16_date_range_compare|,1,False
SIM-0748,Forums,,,"the birthday dinner. I remember the place generally, but not its name. I used a date range and manually compared candidates. I can recognize the image if I see it, but getting to it is the hard part.",retrieval_related,,,the birthday dinner,event_social,stated,,"I remember the place generally, but not its name.",M04_place_general_not_name,place,place_name,name,False,User is attempting to retrieve the birthday dinner; states they remember the place in general; states they do not remember the place name.,I used a date range and manually compared candidates.,B16_date_range_compare,candidate_inspection,unknown,False,"I can recognize the image if I see it, but getting to it is the hard part.",C01_recognize_but_access_hard,recognition_retained,RECALL|EXPRESS|RECOGNIZE,candidate_inspection,1.0,,,the birthday dinner|M04_place_general_not_name|B16_date_range_compare|C01_recognize_but_access_hard,1,False
SIM-0253,Apple App Store,,,"the picture from the day we moved house. I remember roughly when it happened, but not the exact day. I searched by date and got too many results. I can recognize the image if I see it, but getting to it is the hard part.",retrieval_related,,,the picture from the day we moved house,event_social,stated,,"I remember roughly when it happened, but not the exact day.",M07_approx_time_not_day,approximate_time,exact_day,time precision,False,User is attempting to retrieve the picture from the day we moved house; states they remember roughly when it was taken; states they do not remember the exact day.,I searched by date and got too many results.,B03_date_search_too_many,candidate_inspection,unknown,False,"I can recognize the image if I see it, but getting to it is the hard part.",C01_recognize_but_access_hard,recognition_retained,RECALL|EXPRESS|MATCH|RECOGNIZE,large_candidate_set,1.0,,,the picture from the day we moved house|M07_approx_time_not_day|B03_date_search_too_many|C01_recognize_but_access_hard,1,False
SIM-0022,Google Play Store,,,"our Kerala houseboat photos. I remember the color, setting, or people but not a useful keyword. I switched between search terms and albums.",retrieval_related,,,our Kerala houseboat photos,travel_place,stated,,"I remember the color, setting, or people but not a useful keyword.",M06_color_setting_people_no_keyword,color|setting|people,searchable_keyword,search keyword,True,"User is attempting to retrieve our Kerala houseboat photos; states they remember colours, the setting, who was there; states they do not remember a useful search keyword.",I switched between search terms and albums.,B07_switch_terms_albums,recovery_dependent,unknown,False,,,,RECALL|EXPRESS|RECOVER,strategy_switch,1.0,,,our Kerala houseboat photos|M06_color_setting_people_no_keyword|B07_switch_terms_albums|,1,False
SIM-0314,Reddit,,,"the insurance document. I remember the color, setting, or people but not a useful keyword. I tried an object keyword. It feels much easier when I know an exact date or person's name.",retrieval_related,,,the insurance document,document_screenshot,stated,,"I remember the color, setting, or people but not a useful keyword.",M06_color_setting_people_no_keyword,color|setting|people,searchable_keyword,search keyword,True,"User is attempting to retrieve the insurance document; states they remember colours, the setting, who was there; states they do not remember a useful search keyword.",I tried an object keyword.,B06_object_keyword,first_attempt,unknown,False,It feels much easier when I know an exact date or person's name.,C04_easier_with_precise_identifier,precise_identifier_contrast,RECALL|EXPRESS,,0.0,,,the insurance document|M06_color_setting_people_no_keyword|B06_object_keyword|C04_easier_with_precise_identifier,1,False
SIM-0460,Google Photos Community,,,"the lamp I wanted to buy. I remember the color, setting, or people but not a useful keyword. I looked through a very large set of thumbnails.",retrieval_related,,,the lamp I wanted to buy,physical_object,judgement,document_screenshot,"I remember the color, setting, or people but not a useful keyword.",M06_color_setting_people_no_keyword,color|setting|people,searchable_keyword,search keyword,True,"User is attempting to retrieve the lamp I wanted to buy; states they remember colours, the setting, who was there; states they do not remember a useful search keyword.",I looked through a very large set of thumbnails.,B13_large_thumbnail_set,candidate_inspection,unknown,False,,,,RECALL|EXPRESS|RECOGNIZE,browsing|large_candidate_set,2.0,,,the lamp I wanted to buy|M06_color_setting_people_no_keyword|B13_large_thumbnail_set|,1,False
SIM-0161,Google Play Store,,,"the picture I sent to my doctor. I remember roughly when it happened, but not the exact day. I found a similar photo but not the exact one. I usually remember the story around the picture better than its metadata.",retrieval_related,,,the picture I sent to my doctor,medical,judgement,document_screenshot,"I remember roughly when it happened, but not the exact day.",M07_approx_time_not_day,approximate_time,exact_day,time precision,False,User is attempting to retrieve the picture I sent to my doctor; states they remember roughly when it was taken; states they do not remember the exact day.,I found a similar photo but not the exact one.,B14_similar_not_exact,candidate_inspection,similar_uncertain,True,I usually remember the story around the picture better than its metadata.,C05_story_over_metadata,story_memory,RECALL|RECOGNIZE,uncertainty,1.0,,,the picture I sent to my doctor|M07_approx_time_not_day|B14_similar_not_exact|C05_story_over_metadata,1,False
SIM-0277,Apple App Store,,,a photo of my grandfather at the wedding. I remember a visual detail that is hard to describe in a search box. I switched to another device or photo app. There are thousands of images in the account.,retrieval_related,,,a photo of my grandfather at the wedding,family_person,judgement,event_social,I remember a visual detail that is hard to describe in a search box.,M11_visual_detail_hard_to_describe,visual_appearance,,,True,User is attempting to retrieve a photo of my grandfather at the wedding; states they remember how it looked; names no specific information they lack.,I switched to another device or photo app.,B08_other_device_or_app,exit_path,external_workaround,True,There are thousands of images in the account.,C02_thousands_of_images,large_library,RECALL|EXPRESS|RECOVER,strategy_switch|external_workaround,2.0,,,a photo of my grandfather at the wedding|M11_visual_detail_hard_to_describe|B08_other_device_or_app|C02_thousands_of_images,1,False
SIM-0192,Apple App Store,,,"the parking sign I photographed. I can recognize it if I see it, but I don't know how to narrow the results. I looked through a very large set of thumbnails.",retrieval_related,,,the parking sign I photographed,physical_object,stated,,"I can recognize it if I see it, but I don't know how to narrow the results.",M05_recognize_cannot_narrow,recognition_ability,,,True,User is attempting to retrieve the parking sign I photographed; states they remember that they would recognise it on sight; names no specific information they lack.,I looked through a very large set of thumbnails.,B13_large_thumbnail_set,candidate_inspection,unknown,False,,,,RECALL|EXPRESS|RECOGNIZE,browsing|large_candidate_set,2.0,,,the parking sign I photographed|M05_recognize_cannot_narrow|B13_large_thumbnail_set|,1,False
SIM-0386,Reddit,,,that small cafe from our Goa trip. I remember the people and situation but not the date. I could not find it. There are thousands of images in the account.,retrieval_related,,,that small cafe from our Goa trip,travel_place,stated,,I remember the people and situation but not the date.,M03_people_situation_not_date,people|situation,date,time precision,False,"User is attempting to retrieve that small cafe from our Goa trip; states they remember who was there, the situation; states they do not remember the date.",I could not find it.,B12_could_not_find,exit_path,failed,True,There are thousands of images in the account.,C02_thousands_of_images,large_library,RECALL|RECOVER,failure,1.0,,,that small cafe from our Goa trip|M03_people_situation_not_date|B12_could_not_find|C02_thousands_of_images,1,False
SIM-N006,Forums,,,The new editing interface is confusing.,not_retrieval_related,,,,,,,,,,,,,,,,,,,,,,,,,editing_ui,SIM-N002,,0,True
SIM-0414,Reddit,,,"that small cafe from our Goa trip. I know approximately which year it was, but not the month. I searched for text that might be in the image. I usually remember the story around the picture better than its metadata.",retrieval_related,,,that small cafe from our Goa trip,travel_place,stated,,"I know approximately which year it was, but not the month.",M10_year_not_month,approximate_time,month,time precision,False,User is attempting to retrieve that small cafe from our Goa trip; states they remember roughly when it was taken; states they do not remember the month.,I searched for text that might be in the image.,B02_text_in_image_search,first_attempt,unknown,False,I usually remember the story around the picture better than its metadata.,C05_story_over_metadata,story_memory,RECALL|EXPRESS,,0.0,,,that small cafe from our Goa trip|M10_year_not_month|B02_text_in_image_search|C05_story_over_metadata,1,False
SIM-0492,Google Photos Community,,,"a picture with my college friends. I remember roughly when it happened, but not the exact day. I searched for text that might be in the image. I know the photo exists because I have seen it before.",retrieval_related,,,a picture with my college friends,family_person,stated,,"I remember roughly when it happened, but not the exact day.",M07_approx_time_not_day,approximate_time,exact_day,time precision,False,User is attempting to retrieve a picture with my college friends; states they remember roughly when it was taken; states they do not remember the exact day.,I searched for text that might be in the image.,B02_text_in_image_search,first_attempt,unknown,False,I know the photo exists because I have seen it before.,C06_knows_photo_exists,existence_certain,RECALL|EXPRESS,,0.0,,,a picture with my college friends|M07_approx_time_not_day|B02_text_in_image_search|C06_knows_photo_exists,1,False
SIM-0344,Reddit,,,"the picture from our office party. I remember roughly when it happened, but not the exact day. I gave up and asked someone else to send the photo. It feels much easier when I know an exact date or person's name.",retrieval_related,,,the picture from our office party,event_social,stated,,"I remember roughly when it happened, but not the exact day.",M07_approx_time_not_day,approximate_time,exact_day,time precision,False,User is attempting to retrieve the picture from our office party; states they remember roughly when it was taken; states they do not remember the exact day.,I gave up and asked someone else to send the photo.,B10_gave_up_asked_someone,exit_path,abandoned,True,It feels much easier when I know an exact date or person's name.,C04_easier_with_precise_identifier,precise_identifier_contrast,RECALL|EXPRESS|RECOVER,abandonment|external_workaround,2.0,,,the picture from our office party|M07_approx_time_not_day|B10_gave_up_asked_someone|C04_easier_with_precise_identifier,1,False
SIM-0770,Forums,,,"a photo of my grandparents' wedding album. I remember the photo exists, but not how I originally found it. I searched for text that might be in the image. It feels much easier when I know an exact date or person's name.",retrieval_related,,,a photo of my grandparents' wedding album,family_person,judgement,event_social,"I remember the photo exists, but not how I originally found it.",M09_exists_not_original_path,existence,original_retrieval_path,how it was originally found,False,User is attempting to retrieve a photo of my grandparents' wedding album; states they remember that the photo exists; states they do not remember how they originally found it.,I searched for text that might be in the image.,B02_text_in_image_search,first_attempt,unknown,False,It feels much easier when I know an exact date or person's name.,C04_easier_with_precise_identifier,precise_identifier_contrast,RECALL|EXPRESS,,0.0,,,a photo of my grandparents' wedding album|M09_exists_not_original_path|B02_text_in_image_search|C04_easier_with_precise_identifier,1,False
SIM-0309,Reddit,,,the recipe screenshot. I remember the story around the photo more clearly than its metadata. I switched between search terms and albums. There are thousands of images in the account.,retrieval_related,,,the recipe screenshot,document_screenshot,stated,,I remember the story around the photo more clearly than its metadata.,M01_story_over_metadata,story,,,False,User is attempting to retrieve the recipe screenshot; states they remember the story around it; names no specific information they lack.,I switched between search terms and albums.,B07_switch_terms_albums,recovery_dependent,unknown,False,There are thousands of images in the account.,C02_thousands_of_images,large_library,RECALL|RECOVER,strategy_switch,1.0,,,the recipe screenshot|M01_story_over_metadata|B07_switch_terms_albums|C02_thousands_of_images,1,False
SIM-0662,Social media,,,"the concert selfie. I remember the place generally, but not its name. I tried different wording. Sometimes I get a lot of plausible results and still cannot tell which one is right.",retrieval_related,,,the concert selfie,event_social,stated,,"I remember the place generally, but not its name.",M04_place_general_not_name,place,place_name,name,False,User is attempting to retrieve the concert selfie; states they remember the place in general; states they do not remember the place name.,I tried different wording.,B05_different_wording,recovery_dependent,unknown,False,Sometimes I get a lot of plausible results and still cannot tell which one is right.,C08_plausible_cannot_tell,cannot_confirm_candidate,RECALL|EXPRESS|MATCH|RECOGNIZE|RECOVER,reformulation|uncertainty|large_candidate_set,3.0,,,the concert selfie|M04_place_general_not_name|B05_different_wording|C08_plausible_cannot_tell,1,False
SIM-0131,Google Play Store,,,the old meme I saved. I remember the story around the photo more clearly than its metadata. I searched by date and got too many results. The problem is not taking the photo; it is finding it later.,retrieval_related,,,the old meme I saved,document_screenshot,judgement,event_social,I remember the story around the photo more clearly than its metadata.,M01_story_over_metadata,story,,,False,User is attempting to retrieve the old meme I saved; states they remember the story around it; names no specific information they lack.,I searched by date and got too many results.,B03_date_search_too_many,candidate_inspection,unknown,False,The problem is not taking the photo; it is finding it later.,C07_finding_not_taking,framing,RECALL|EXPRESS|MATCH,large_candidate_set,1.0,,,the old meme I saved|M01_story_over_metadata|B03_date_search_too_many|C07_finding_not_taking,1,False
SIM-0664,Social media,,,"the parking sign I photographed. I remember who was there and what we were doing, but not the album. I could not find it. Sometimes I get a lot of plausible results and still cannot tell which one is right.",retrieval_related,,,the parking sign I photographed,physical_object,stated,,"I remember who was there and what we were doing, but not the album.",M08_people_activity_not_album,people|activity,album,album / organisation,False,"User is attempting to retrieve the parking sign I photographed; states they remember who was there, what was happening; states they do not remember which album it is in.",I could not find it.,B12_could_not_find,exit_path,failed,True,Sometimes I get a lot of plausible results and still cannot tell which one is right.,C08_plausible_cannot_tell,cannot_confirm_candidate,RECALL|MATCH|RECOGNIZE|RECOVER,failure|uncertainty|large_candidate_set,3.0,,,the parking sign I photographed|M08_people_activity_not_album|B12_could_not_find|C08_plausible_cannot_tell,1,False
SIM-0100,Google Play Store,,,"a photo of my grandparents' wedding album. I remember the photo exists, but not how I originally found it. I searched a person's name and then browsed. I usually remember the story around the picture better than its metadata.",retrieval_related,,,a photo of my grandparents' wedding album,family_person,judgement,event_social,"I remember the photo exists, but not how I originally found it.",M09_exists_not_original_path,existence,original_retrieval_path,how it was originally found,False,User is attempting to retrieve a photo of my grandparents' wedding album; states they remember that the photo exists; states they do not remember how they originally found it.,I searched a person's name and then browsed.,B09_person_then_browse,recovery_dependent,unknown,False,I usually remember the story around the picture better than its metadata.,C05_story_over_metadata,story_memory,RECALL|EXPRESS|RECOVER,strategy_switch|browsing,2.0,,,a photo of my grandparents' wedding album|M09_exists_not_original_path|B09_person_then_browse|C05_story_over_metadata,1,False
SIM-0373,Reddit,,,a screenshot of a product I wanted. I remember what was happening but not the exact words. I tried different wording.,retrieval_related,,,a screenshot of a product I wanted,document_screenshot,judgement,physical_object,I remember what was happening but not the exact words.,M12_activity_not_exact_words,activity,exact_wording,exact wording,True,User is attempting to retrieve a screenshot of a product I wanted; states they remember what was happening; states they do not remember the exact words.,I tried different wording.,B05_different_wording,recovery_dependent,unknown,False,,,,RECALL|EXPRESS|RECOVER,reformulation,1.0,,,a screenshot of a product I wanted|M12_activity_not_exact_words|B05_different_wording|,1,False
SIM-0088,Google Play Store,,,the waterfall from our road trip. I remember the people and situation but not the date. I looked through a very large set of thumbnails. Sometimes I get a lot of plausible results and still cannot tell which one is right.,retrieval_related,,,the waterfall from our road trip,travel_place,stated,,I remember the people and situation but not the date.,M03_people_situation_not_date,people|situation,date,time precision,False,"User is attempting to retrieve the waterfall from our road trip; states they remember who was there, the situation; states they do not remember the date.",I looked through a very large set of thumbnails.,B13_large_thumbnail_set,candidate_inspection,unknown,False,Sometimes I get a lot of plausible results and still cannot tell which one is right.,C08_plausible_cannot_tell,cannot_confirm_candidate,RECALL|MATCH|RECOGNIZE,browsing|large_candidate_set|uncertainty,3.0,,,the waterfall from our road trip|M03_people_situation_not_date|B13_large_thumbnail_set|C08_plausible_cannot_tell,1,False
SIM-0459,Google Photos Community,,,"the old meme I saved. I remember the color, setting, or people but not a useful keyword. I searched by person and place together.",retrieval_related,,,the old meme I saved,document_screenshot,judgement,event_social,"I remember the color, setting, or people but not a useful keyword.",M06_color_setting_people_no_keyword,color|setting|people,searchable_keyword,search keyword,True,"User is attempting to retrieve the old meme I saved; states they remember colours, the setting, who was there; states they do not remember a useful search keyword.",I searched by person and place together.,B01_person_place_search,first_attempt,unknown,False,,,,RECALL|EXPRESS,,0.0,,,the old meme I saved|M06_color_setting_people_no_keyword|B01_person_place_search|,1,False
SIM-0331,Reddit,,,"the old meme I saved. I know approximately which year it was, but not the month. I searched by person and place together. I can recognize the image if I see it, but getting to it is the hard part.",retrieval_related,,,the old meme I saved,document_screenshot,judgement,event_social,"I know approximately which year it was, but not the month.",M10_year_not_month,approximate_time,month,time precision,False,User is attempting to retrieve the old meme I saved; states they remember roughly when it was taken; states they do not remember the month.,I searched by person and place together.,B01_person_place_search,first_attempt,unknown,False,"I can recognize the image if I see it, but getting to it is the hard part.",C01_recognize_but_access_hard,recognition_retained,RECALL|EXPRESS|RECOGNIZE,,0.0,,,the old meme I saved|M10_year_not_month|B01_person_place_search|C01_recognize_but_access_hard,1,False
SIM-0215,Apple App Store,,,the insurance document. I remember a visual detail that is hard to describe in a search box. I searched for text that might be in the image. I usually remember the story around the picture better than its metadata.,retrieval_related,,,the insurance document,document_screenshot,stated,,I remember a visual detail that is hard to describe in a search box.,M11_visual_detail_hard_to_describe,visual_appearance,,,True,User is attempting to retrieve the insurance document; states they remember how it looked; names no specific information they lack.,I searched for text that might be in the image.,B02_text_in_image_search,first_attempt,unknown,False,I usually remember the story around the picture better than its metadata.,C05_story_over_metadata,story_memory,RECALL|EXPRESS,,0.0,,,the insurance document|M11_visual_detail_hard_to_describe|B02_text_in_image_search|C05_story_over_metadata,1,False
SIM-0467,Google Photos Community,,,a photo of my grandparents' wedding album. I remember what was happening but not the exact words. I searched a few keywords and then scrolled. It feels much easier when I know an exact date or person's name.,retrieval_related,,,a photo of my grandparents' wedding album,family_person,judgement,event_social,I remember what was happening but not the exact words.,M12_activity_not_exact_words,activity,exact_wording,exact wording,True,User is attempting to retrieve a photo of my grandparents' wedding album; states they remember what was happening; states they do not remember the exact words.,I searched a few keywords and then scrolled.,B18_keywords_then_scroll,recovery_dependent,unknown,False,It feels much easier when I know an exact date or person's name.,C04_easier_with_precise_identifier,precise_identifier_contrast,RECALL|EXPRESS|RECOVER,strategy_switch|browsing,2.0,,,a photo of my grandparents' wedding album|M12_activity_not_exact_words|B18_keywords_then_scroll|C04_easier_with_precise_identifier,1,False
SIM-0122,Google Play Store,,,"the lamp I wanted to buy. I can recognize it if I see it, but I don't know how to narrow the results. I found it after several attempts. It feels much easier when I know an exact date or person's name.",retrieval_related,,,the lamp I wanted to buy,physical_object,judgement,document_screenshot,"I can recognize it if I see it, but I don't know how to narrow the results.",M05_recognize_cannot_narrow,recognition_ability,,,True,User is attempting to retrieve the lamp I wanted to buy; states they remember that they would recognise it on sight; names no specific information they lack.,I found it after several attempts.,B15_found_after_several_attempts,recovery_dependent,found_with_effort,True,It feels much easier when I know an exact date or person's name.,C04_easier_with_precise_identifier,precise_identifier_contrast,RECALL|EXPRESS|RECOGNIZE|RECOVER,repeated_attempts,1.0,,,the lamp I wanted to buy|M05_recognize_cannot_narrow|B15_found_after_several_attempts|C04_easier_with_precise_identifier,1,False
SIM-0615,Social media,,,"the concert selfie. I remember the color, setting, or people but not a useful keyword. I looked through a very large set of thumbnails. I usually remember the story around the picture better than its metadata.",retrieval_related,,,the concert selfie,event_social,stated,,"I remember the color, setting, or people but not a useful keyword.",M06_color_setting_people_no_keyword,color|setting|people,searchable_keyword,search keyword,True,"User is attempting to retrieve the concert selfie; states they remember colours, the setting, who was there; states they do not remember a useful search keyword.",I looked through a very large set of thumbnails.,B13_large_thumbnail_set,candidate_inspection,unknown,False,I usually remember the story around the picture better than its metadata.,C05_story_over_metadata,story_memory,RECALL|EXPRESS|RECOGNIZE,browsing|large_candidate_set,2.0,,,the concert selfie|M06_color_setting_people_no_keyword|B13_large_thumbnail_set|C05_story_over_metadata,1,False
SIM-0021,Google Play Store,,,"the photo from when I was sick. I remember the photo exists, but not how I originally found it. I switched between search terms and albums. I can recognize the image if I see it, but getting to it is the hard part.",retrieval_related,,,the photo from when I was sick,medical,judgement,event_social,"I remember the photo exists, but not how I originally found it.",M09_exists_not_original_path,existence,original_retrieval_path,how it was originally found,False,User is attempting to retrieve the photo from when I was sick; states they remember that the photo exists; states they do not remember how they originally found it.,I switched between search terms and albums.,B07_switch_terms_albums,recovery_dependent,unknown,False,"I can recognize the image if I see it, but getting to it is the hard part.",C01_recognize_but_access_hard,recognition_retained,RECALL|RECOGNIZE|RECOVER,strategy_switch,1.0,,,the photo from when I was sick|M09_exists_not_original_path|B07_switch_terms_albums|C01_recognize_but_access_hard,1,False
SIM-0701,YouTube comments,,,"the birthday dinner. I can recognize it if I see it, but I don't know how to narrow the results. I looked through a very large set of thumbnails. I usually remember the story around the picture better than its metadata.",retrieval_related,,,the birthday dinner,event_social,stated,,"I can recognize it if I see it, but I don't know how to narrow the results.",M05_recognize_cannot_narrow,recognition_ability,,,True,User is attempting to retrieve the birthday dinner; states they remember that they would recognise it on sight; names no specific information they lack.,I looked through a very large set of thumbnails.,B13_large_thumbnail_set,candidate_inspection,unknown,False,I usually remember the story around the picture better than its metadata.,C05_story_over_metadata,story_memory,RECALL|EXPRESS|RECOGNIZE,browsing|large_candidate_set,2.0,,,the birthday dinner|M05_recognize_cannot_narrow|B13_large_thumbnail_set|C05_story_over_metadata,1,False
SIM-0072,Google Play Store,,,"the parking sign I photographed. I remember who was there and what we were doing, but not the album. I searched by person and place together. I have been using Photos for years.",retrieval_related,,,the parking sign I photographed,physical_object,stated,,"I remember who was there and what we were doing, but not the album.",M08_people_activity_not_album,people|activity,album,album / organisation,False,"User is attempting to retrieve the parking sign I photographed; states they remember who was there, what was happening; states they do not remember which album it is in.",I searched by person and place together.,B01_person_place_search,first_attempt,unknown,False,I have been using Photos for years.,C03_years_of_use,long_tenure,RECALL|EXPRESS,,0.0,,,the parking sign I photographed|M08_people_activity_not_album|B01_person_place_search|C03_years_of_use,1,False
SIM-0107,Google Play Store,,,the insurance document. I remember a visual detail that is hard to describe in a search box. I tried several related words. It feels much easier when I know an exact date or person's name.,retrieval_related,,,the insurance document,document_screenshot,stated,,I remember a visual detail that is hard to describe in a search box.,M11_visual_detail_hard_to_describe,visual_appearance,,,True,User is attempting to retrieve the insurance document; states they remember how it looked; names no specific information they lack.,I tried several related words.,B17_several_related_words,recovery_dependent,unknown,False,It feels much easier when I know an exact date or person's name.,C04_easier_with_precise_identifier,precise_identifier_contrast,RECALL|EXPRESS|RECOVER,reformulation|repeated_attempts,2.0,,,the insurance document|M11_visual_detail_hard_to_describe|B17_several_related_words|C04_easier_with_precise_identifier,1,False
SIM-0271,Apple App Store,,,the photo from when I was sick. I remember the story around the photo more clearly than its metadata. I searched for text that might be in the image.,retrieval_related,,,the photo from when I was sick,medical,judgement,event_social,I remember the story around the photo more clearly than its metadata.,M01_story_over_metadata,story,,,False,User is attempting to retrieve the photo from when I was sick; states they remember the story around it; names no specific information they lack.,I searched for text that might be in the image.,B02_text_in_image_search,first_attempt,unknown,False,,,,RECALL|EXPRESS,,0.0,,,the photo from when I was sick|M01_story_over_metadata|B02_text_in_image_search|,1,False
SIM-0436,Reddit,,,the waterfall from our road trip. I remember the story around the photo more clearly than its metadata. I switched between search terms and albums.,retrieval_related,,,the waterfall from our road trip,travel_place,stated,,I remember the story around the photo more clearly than its metadata.,M01_story_over_metadata,story,,,False,User is attempting to retrieve the waterfall from our road trip; states they remember the story around it; names no specific information they lack.,I switched between search terms and albums.,B07_switch_terms_albums,recovery_dependent,unknown,False,,,,RECALL|RECOVER,strategy_switch,1.0,,,the waterfall from our road trip|M01_story_over_metadata|B07_switch_terms_albums|,1,False
SIM-0103,Google Play Store,,,"that small cafe from our Goa trip. I remember the color, setting, or people but not a useful keyword. I looked through the timeline manually.",retrieval_related,,,that small cafe from our Goa trip,travel_place,stated,,"I remember the color, setting, or people but not a useful keyword.",M06_color_setting_people_no_keyword,color|setting|people,searchable_keyword,search keyword,True,"User is attempting to retrieve that small cafe from our Goa trip; states they remember colours, the setting, who was there; states they do not remember a useful search keyword.",I looked through the timeline manually.,B11_timeline_manual,candidate_inspection,unknown,False,,,,RECALL|EXPRESS|RECOGNIZE|RECOVER,browsing,1.0,,,that small cafe from our Goa trip|M06_color_setting_people_no_keyword|B11_timeline_manual|,1,False
