evidence_key,record_id
need:N6,REC-0001
need:N6,REC-0004
need:N6,REC-0007
need:N6,REC-0017
need:N6,REC-0018
need:N6,REC-0020
need:N6,REC-0036
need:N6,REC-0045
need:N6,REC-0056
need:N6,REC-0062
need:N6,REC-0063
need:N6,REC-0064
need:N6,REC-0067
need:N6,REC-0068
need:N6,REC-0086
need:N6,REC-0089
need:N6,REC-0090
need:N6,REC-0101
need:N6,REC-0131
need:N6,REC-0132
need:N6,REC-0134
need:N6,REC-0138
need:N6,REC-0141
need:N6,REC-0142
need:N6,REC-0151
need:N6,REC-0152
need:N6,REC-0155
need:N6,REC-0160
need:N6,REC-0161
need:N6,REC-0165
need:N6,REC-0168
need:N6,REC-0169
need:N6,REC-0173
need:N6,REC-0184
need:N6,REC-0193
need:N6,REC-0208
need:N6,REC-0220
need:N6,REC-0251
need:N6,REC-0253
need:N6,REC-0257
need:N6,REC-0261
need:N6,REC-0264
need:N6,REC-0268
need:N6,REC-0271
need:N6,REC-0272
need:N6,REC-0278
need:N6,REC-0281
need:N6,REC-0291
need:N6,REC-0312
need:N6,REC-0313
need:N6,REC-0317
need:N6,REC-0318
need:N6,REC-0324
need:N6,REC-0332
need:N6,REC-0333
need:N6,REC-0338
need:N6,REC-0341
need:N6,REC-0347
need:N6,REC-0357
need:N6,REC-0358
need:N6,REC-0367
need:N6,REC-0371
need:N6,REC-0375
need:N6,REC-0379
need:N6,REC-0395
need:N6,REC-0397
need:N6,REC-0404
need:N6,REC-0421
need:N6,REC-0423
need:N6,REC-0439
need:N6,REC-0444
need:N6,REC-0445
need:N6,REC-0446
need:N6,REC-0450
need:N6,REC-0474
need:N6,REC-0475
need:N6,REC-0476
need:N6,REC-0479
need:N6,REC-0490
need:N6,REC-0494
need:N6,REC-0499
need:N6,REC-0506
need:N6,REC-0507
need:N6,REC-0513
need:N6,REC-0516
need:N6,REC-0525
need:N6,REC-0530
need:N6,REC-0546
need:N6,REC-0556
need:N6,REC-0558
need:N6,REC-0563
need:N6,REC-0564
need:N6,REC-0571
need:N6,REC-0575
need:N6,REC-0578
need:N6,REC-0583
need:N6,REC-0589
need:N6,REC-0611
need:N6,REC-0613
need:N6,REC-0619
need:N6,REC-0622
need:N6,REC-0623
need:N6,REC-0632
need:N6,REC-0637
need:N6,REC-0662
need:N6,REC-0679
need:N6,REC-0694
need:N6,REC-0696
need:N6,REC-0699
need:N6,REC-0706
need:N6,REC-0719
need:N6,REC-0742
need:N6,REC-0748
need:N6,REC-0761
need:N6,REC-0772
need:N6,REC-0782
need:N6,REC-0785
need:N6,REC-0787
need:N6,REC-0788
need:N6,REC-0799
need:N8,REC-0002
need:N8,REC-0003
need:N8,REC-0005
need:N8,REC-0006
need:N8,REC-0008
need:N8,REC-0009
need:N8,REC-0010
need:N8,REC-0011
need:N8,REC-0012
need:N8,REC-0013
need:N8,REC-0014
need:N8,REC-0015
need:N8,REC-0016
need:N8,REC-0019
need:N8,REC-0021
need:N8,REC-0022
need:N8,REC-0023
need:N8,REC-0024
need:N8,REC-0026
need:N8,REC-0027
need:N8,REC-0028
need:N8,REC-0030
need:N8,REC-0031
need:N8,REC-0032
need:N8,REC-0033
need:N8,REC-0034
need:N8,REC-0035
need:N8,REC-0037
need:N8,REC-0038
need:N8,REC-0039
need:N8,REC-0041
need:N8,REC-0043
need:N8,REC-0044
need:N8,REC-0046
need:N8,REC-0048
need:N8,REC-0050
need:N8,REC-0051
need:N8,REC-0053
need:N8,REC-0054
need:N8,REC-0055
need:N8,REC-0057
need:N8,REC-0058
need:N8,REC-0059
need:N8,REC-0060
need:N8,REC-0061
need:N8,REC-0065
need:N8,REC-0066
need:N8,REC-0069
need:N8,REC-0070
need:N8,REC-0071
need:N8,REC-0073
need:N8,REC-0074
need:N8,REC-0075
need:N8,REC-0076
need:N8,REC-0077
need:N8,REC-0078
need:N8,REC-0079
need:N8,REC-0080
need:N8,REC-0081
need:N8,REC-0082
need:N8,REC-0083
need:N8,REC-0084
need:N8,REC-0085
need:N8,REC-0087
need:N8,REC-0088
need:N8,REC-0091
need:N8,REC-0092
need:N8,REC-0093
need:N8,REC-0094
need:N8,REC-0095
need:N8,REC-0096
need:N8,REC-0097
need:N8,REC-0098
need:N8,REC-0099
need:N8,REC-0100
need:N8,REC-0102
need:N8,REC-0103
need:N8,REC-0104
need:N8,REC-0105
need:N8,REC-0106
need:N8,REC-0107
need:N8,REC-0108
need:N8,REC-0109
need:N8,REC-0110
need:N8,REC-0111
need:N8,REC-0112
need:N8,REC-0113
need:N8,REC-0114
need:N8,REC-0115
need:N8,REC-0116
need:N8,REC-0117
need:N8,REC-0118
need:N8,REC-0119
need:N8,REC-0120
need:N8,REC-0121
need:N8,REC-0122
need:N8,REC-0123
need:N8,REC-0124
need:N8,REC-0125
need:N8,REC-0126
need:N8,REC-0127
need:N8,REC-0128
need:N8,REC-0129
need:N8,REC-0130
need:N8,REC-0133
need:N8,REC-0135
need:N8,REC-0136
need:N8,REC-0137
need:N8,REC-0139
need:N8,REC-0140
need:N8,REC-0143
need:N8,REC-0144
need:N8,REC-0145
need:N8,REC-0146
need:N8,REC-0147
need:N8,REC-0148
need:N8,REC-0149
need:N8,REC-0150
need:N8,REC-0153
need:N8,REC-0157
need:N8,REC-0158
need:N8,REC-0159
need:N8,REC-0162
need:N8,REC-0163
need:N8,REC-0164
need:N8,REC-0166
need:N8,REC-0170
need:N8,REC-0171
need:N8,REC-0172
need:N8,REC-0174
need:N8,REC-0175
need:N8,REC-0176
need:N8,REC-0177
need:N8,REC-0178
need:N8,REC-0179
need:N8,REC-0180
need:N8,REC-0181
need:N8,REC-0182
need:N8,REC-0183
need:N8,REC-0185
need:N8,REC-0186
need:N8,REC-0187
need:N8,REC-0189
need:N8,REC-0192
need:N8,REC-0194
need:N8,REC-0195
need:N8,REC-0196
need:N8,REC-0197
need:N8,REC-0198
need:N8,REC-0199
need:N8,REC-0200
need:N8,REC-0201
need:N8,REC-0202
need:N8,REC-0203
need:N8,REC-0205
need:N8,REC-0206
need:N8,REC-0207
need:N8,REC-0209
need:N8,REC-0210
need:N8,REC-0211
need:N8,REC-0212
need:N8,REC-0213
need:N8,REC-0214
need:N8,REC-0215
need:N8,REC-0216
need:N8,REC-0217
need:N8,REC-0218
need:N8,REC-0219
need:N8,REC-0221
need:N8,REC-0223
need:N8,REC-0224
need:N8,REC-0225
need:N8,REC-0226
need:N8,REC-0227
need:N8,REC-0228
need:N8,REC-0229
need:N8,REC-0230
need:N8,REC-0231
need:N8,REC-0232
need:N8,REC-0233
need:N8,REC-0234
need:N8,REC-0235
need:N8,REC-0236
need:N8,REC-0237
need:N8,REC-0238
need:N8,REC-0239
need:N8,REC-0240
need:N8,REC-0241
need:N8,REC-0242
need:N8,REC-0243
need:N8,REC-0244
need:N8,REC-0245
need:N8,REC-0246
need:N8,REC-0247
need:N8,REC-0248
need:N8,REC-0249
need:N8,REC-0250
need:N8,REC-0252
need:N8,REC-0254
need:N8,REC-0255
need:N8,REC-0256
need:N8,REC-0259
need:N8,REC-0260
need:N8,REC-0262
need:N8,REC-0263
need:N8,REC-0266
need:N8,REC-0267
need:N8,REC-0269
need:N8,REC-0274
need:N8,REC-0275
need:N8,REC-0276
need:N8,REC-0277
need:N8,REC-0279
need:N8,REC-0280
need:N8,REC-0282
need:N8,REC-0283
need:N8,REC-0284
need:N8,REC-0285
need:N8,REC-0286
need:N8,REC-0287
need:N8,REC-0288
need:N8,REC-0292
need:N8,REC-0293
need:N8,REC-0294
need:N8,REC-0295
need:N8,REC-0296
need:N8,REC-0297
need:N8,REC-0298
need:N8,REC-0299
need:N8,REC-0300
need:N8,REC-0301
need:N8,REC-0302
need:N8,REC-0303
need:N8,REC-0304
need:N8,REC-0305
need:N8,REC-0306
need:N8,REC-0307
need:N8,REC-0308
need:N8,REC-0309
need:N8,REC-0310
need:N8,REC-0311
need:N8,REC-0315
need:N8,REC-0316
need:N8,REC-0319
need:N8,REC-0321
need:N8,REC-0322
need:N8,REC-0323
need:N8,REC-0325
need:N8,REC-0326
need:N8,REC-0327
need:N8,REC-0328
need:N8,REC-0329
need:N8,REC-0330
need:N8,REC-0334
need:N8,REC-0336
need:N8,REC-0337
need:N8,REC-0339
need:N8,REC-0340
need:N8,REC-0342
need:N8,REC-0343
need:N8,REC-0344
need:N8,REC-0345
need:N8,REC-0346
need:N8,REC-0348
need:N8,REC-0349
need:N8,REC-0350
need:N8,REC-0351
need:N8,REC-0352
need:N8,REC-0353
need:N8,REC-0354
need:N8,REC-0355
need:N8,REC-0356
need:N8,REC-0359
need:N8,REC-0361
need:N8,REC-0362
need:N8,REC-0363
need:N8,REC-0364
need:N8,REC-0365
need:N8,REC-0366
need:N8,REC-0368
need:N8,REC-0369
need:N8,REC-0370
need:N8,REC-0373
need:N8,REC-0376
need:N8,REC-0377
need:N8,REC-0378
need:N8,REC-0380
need:N8,REC-0381
need:N8,REC-0382
need:N8,REC-0383
need:N8,REC-0384
need:N8,REC-0385
need:N8,REC-0386
need:N8,REC-0387
need:N8,REC-0388
need:N8,REC-0389
need:N8,REC-0390
need:N8,REC-0391
need:N8,REC-0392
need:N8,REC-0393
need:N8,REC-0394
need:N8,REC-0396
need:N8,REC-0398
need:N8,REC-0399
need:N8,REC-0400
need:N8,REC-0401
need:N8,REC-0402
need:N8,REC-0403
need:N8,REC-0405
need:N8,REC-0406
need:N8,REC-0407
need:N8,REC-0408
need:N8,REC-0409
need:N8,REC-0410
need:N8,REC-0411
need:N8,REC-0412
need:N8,REC-0413
need:N8,REC-0414
need:N8,REC-0415
need:N8,REC-0416
need:N8,REC-0417
need:N8,REC-0418
need:N8,REC-0420
need:N8,REC-0422
need:N8,REC-0424
need:N8,REC-0425
need:N8,REC-0427
need:N8,REC-0428
need:N8,REC-0429
need:N8,REC-0430
need:N8,REC-0431
need:N8,REC-0432
need:N8,REC-0433
need:N8,REC-0434
need:N8,REC-0435
need:N8,REC-0436
need:N8,REC-0437
need:N8,REC-0440
need:N8,REC-0441
need:N8,REC-0442
need:N8,REC-0443
need:N8,REC-0447
need:N8,REC-0448
need:N8,REC-0449
need:N8,REC-0451
need:N8,REC-0452
need:N8,REC-0453
need:N8,REC-0454
need:N8,REC-0455
need:N8,REC-0456
need:N8,REC-0458
need:N8,REC-0459
need:N8,REC-0460
need:N8,REC-0461
need:N8,REC-0462
need:N8,REC-0463
need:N8,REC-0464
need:N8,REC-0465
need:N8,REC-0466
need:N8,REC-0467
need:N8,REC-0468
need:N8,REC-0469
need:N8,REC-0470
need:N8,REC-0471
need:N8,REC-0473
need:N8,REC-0477
need:N8,REC-0480
need:N8,REC-0481
need:N8,REC-0482
need:N8,REC-0483
need:N8,REC-0484
need:N8,REC-0485
need:N8,REC-0486
need:N8,REC-0487
need:N8,REC-0488
need:N8,REC-0489
need:N8,REC-0491
need:N8,REC-0493
need:N8,REC-0495
need:N8,REC-0496
need:N8,REC-0497
need:N8,REC-0498
need:N8,REC-0500
need:N8,REC-0501
need:N8,REC-0502
need:N8,REC-0503
need:N8,REC-0504
need:N8,REC-0505
need:N8,REC-0508
need:N8,REC-0509
need:N8,REC-0510
need:N8,REC-0511
need:N8,REC-0512
need:N8,REC-0514
need:N8,REC-0515
need:N8,REC-0517
need:N8,REC-0518
need:N8,REC-0519
need:N8,REC-0520
need:N8,REC-0521
need:N8,REC-0522
need:N8,REC-0523
need:N8,REC-0524
need:N8,REC-0526
need:N8,REC-0527
need:N8,REC-0528
need:N8,REC-0531
need:N8,REC-0532
need:N8,REC-0533
need:N8,REC-0534
need:N8,REC-0535
need:N8,REC-0536
need:N8,REC-0537
need:N8,REC-0538
need:N8,REC-0539
need:N8,REC-0540
need:N8,REC-0542
need:N8,REC-0543
need:N8,REC-0544
need:N8,REC-0545
need:N8,REC-0547
need:N8,REC-0548
need:N8,REC-0549
need:N8,REC-0550
need:N8,REC-0551
need:N8,REC-0552
need:N8,REC-0553
need:N8,REC-0554
need:N8,REC-0555
need:N8,REC-0557
need:N8,REC-0559
need:N8,REC-0560
need:N8,REC-0561
need:N8,REC-0562
need:N8,REC-0565
need:N8,REC-0566
need:N8,REC-0567
need:N8,REC-0568
need:N8,REC-0569
need:N8,REC-0572
need:N8,REC-0573
need:N8,REC-0574
need:N8,REC-0576
need:N8,REC-0577
need:N8,REC-0579
need:N8,REC-0580
need:N8,REC-0581
need:N8,REC-0582
need:N8,REC-0584
need:N8,REC-0585
need:N8,REC-0586
need:N8,REC-0587
need:N8,REC-0588
need:N8,REC-0590
need:N8,REC-0591
need:N8,REC-0592
need:N8,REC-0593
need:N8,REC-0594
need:N8,REC-0595
need:N8,REC-0597
need:N8,REC-0598
need:N8,REC-0599
need:N8,REC-0600
need:N8,REC-0601
need:N8,REC-0602
need:N8,REC-0603
need:N8,REC-0604
need:N8,REC-0605
need:N8,REC-0606
need:N8,REC-0607
need:N8,REC-0608
need:N8,REC-0609
need:N8,REC-0610
need:N8,REC-0612
need:N8,REC-0614
need:N8,REC-0615
need:N8,REC-0616
need:N8,REC-0617
need:N8,REC-0620
need:N8,REC-0621
need:N8,REC-0624
need:N8,REC-0625
need:N8,REC-0626
need:N8,REC-0627
need:N8,REC-0628
need:N8,REC-0630
need:N8,REC-0631
need:N8,REC-0633
need:N8,REC-0634
need:N8,REC-0635
need:N8,REC-0636
need:N8,REC-0638
need:N8,REC-0639
need:N8,REC-0640
need:N8,REC-0641
need:N8,REC-0642
need:N8,REC-0643
need:N8,REC-0644
need:N8,REC-0645
need:N8,REC-0646
need:N8,REC-0647
need:N8,REC-0648
need:N8,REC-0649
need:N8,REC-0650
need:N8,REC-0651
need:N8,REC-0652
need:N8,REC-0653
need:N8,REC-0654
need:N8,REC-0655
need:N8,REC-0656
need:N8,REC-0657
need:N8,REC-0658
need:N8,REC-0659
need:N8,REC-0660
need:N8,REC-0661
need:N8,REC-0663
need:N8,REC-0664
need:N8,REC-0666
need:N8,REC-0669
need:N8,REC-0670
need:N8,REC-0671
need:N8,REC-0672
need:N8,REC-0673
need:N8,REC-0674
need:N8,REC-0676
need:N8,REC-0677
need:N8,REC-0678
need:N8,REC-0680
need:N8,REC-0681
need:N8,REC-0682
need:N8,REC-0683
need:N8,REC-0684
need:N8,REC-0685
need:N8,REC-0686
need:N8,REC-0687
need:N8,REC-0688
need:N8,REC-0689
need:N8,REC-0690
need:N8,REC-0691
need:N8,REC-0692
need:N8,REC-0693
need:N8,REC-0695
need:N8,REC-0697
need:N8,REC-0698
need:N8,REC-0700
need:N8,REC-0701
need:N8,REC-0702
need:N8,REC-0703
need:N8,REC-0704
need:N8,REC-0705
need:N8,REC-0707
need:N8,REC-0708
need:N8,REC-0710
need:N8,REC-0711
need:N8,REC-0712
need:N8,REC-0713
need:N8,REC-0715
need:N8,REC-0716
need:N8,REC-0717
need:N8,REC-0718
need:N8,REC-0722
need:N8,REC-0723
need:N8,REC-0724
need:N8,REC-0725
need:N8,REC-0726
need:N8,REC-0727
need:N8,REC-0728
need:N8,REC-0729
need:N8,REC-0730
need:N8,REC-0731
need:N8,REC-0732
need:N8,REC-0733
need:N8,REC-0734
need:N8,REC-0735
need:N8,REC-0736
need:N8,REC-0737
need:N8,REC-0738
need:N8,REC-0741
need:N8,REC-0744
need:N8,REC-0745
need:N8,REC-0746
need:N8,REC-0747
need:N8,REC-0749
need:N8,REC-0750
need:N8,REC-0751
need:N8,REC-0752
need:N8,REC-0753
need:N8,REC-0754
need:N8,REC-0755
need:N8,REC-0756
need:N8,REC-0757
need:N8,REC-0758
need:N8,REC-0759
need:N8,REC-0760
need:N8,REC-0762
need:N8,REC-0763
need:N8,REC-0765
need:N8,REC-0766
need:N8,REC-0767
need:N8,REC-0768
need:N8,REC-0769
need:N8,REC-0770
need:N8,REC-0771
need:N8,REC-0773
need:N8,REC-0774
need:N8,REC-0775
need:N8,REC-0777
need:N8,REC-0778
need:N8,REC-0779
need:N8,REC-0780
need:N8,REC-0781
need:N8,REC-0783
need:N8,REC-0784
need:N8,REC-0786
need:N8,REC-0789
need:N8,REC-0790
need:N8,REC-0791
need:N8,REC-0792
need:N8,REC-0793
need:N8,REC-0794
need:N8,REC-0795
need:N8,REC-0796
need:N8,REC-0797
need:N8,REC-0798
need:N8,REC-0800
need:N9,REC-0002
need:N9,REC-0004
need:N9,REC-0008
need:N9,REC-0012
need:N9,REC-0016
need:N9,REC-0018
need:N9,REC-0020
need:N9,REC-0023
need:N9,REC-0024
need:N9,REC-0026
need:N9,REC-0032
need:N9,REC-0034
need:N9,REC-0041
need:N9,REC-0042
need:N9,REC-0046
need:N9,REC-0047
need:N9,REC-0051
need:N9,REC-0053
need:N9,REC-0054
need:N9,REC-0062
need:N9,REC-0066
need:N9,REC-0068
need:N9,REC-0070
need:N9,REC-0079
need:N9,REC-0080
need:N9,REC-0083
need:N9,REC-0089
need:N9,REC-0093
need:N9,REC-0098
need:N9,REC-0101
need:N9,REC-0102
need:N9,REC-0106
need:N9,REC-0107
need:N9,REC-0111
need:N9,REC-0112
need:N9,REC-0115
need:N9,REC-0116
need:N9,REC-0117
need:N9,REC-0120
need:N9,REC-0121
need:N9,REC-0130
need:N9,REC-0131
need:N9,REC-0132
need:N9,REC-0135
need:N9,REC-0136
need:N9,REC-0143
need:N9,REC-0145
need:N9,REC-0149
need:N9,REC-0150
need:N9,REC-0156
need:N9,REC-0161
need:N9,REC-0166
need:N9,REC-0168
need:N9,REC-0169
need:N9,REC-0174
need:N9,REC-0175
need:N9,REC-0176
need:N9,REC-0178
need:N9,REC-0182
need:N9,REC-0185
need:N9,REC-0191
need:N9,REC-0194
need:N9,REC-0204
need:N9,REC-0207
need:N9,REC-0212
need:N9,REC-0215
need:N9,REC-0216
need:N9,REC-0219
need:N9,REC-0223
need:N9,REC-0224
need:N9,REC-0225
need:N9,REC-0228
need:N9,REC-0230
need:N9,REC-0233
need:N9,REC-0235
need:N9,REC-0245
need:N9,REC-0247
need:N9,REC-0249
need:N9,REC-0251
need:N9,REC-0252
need:N9,REC-0254
need:N9,REC-0255
need:N9,REC-0257
need:N9,REC-0258
need:N9,REC-0260
need:N9,REC-0263
need:N9,REC-0266
need:N9,REC-0279
need:N9,REC-0280
need:N9,REC-0281
need:N9,REC-0288
need:N9,REC-0292
need:N9,REC-0295
need:N9,REC-0297
need:N9,REC-0298
need:N9,REC-0301
need:N9,REC-0302
need:N9,REC-0303
need:N9,REC-0307
need:N9,REC-0309
need:N9,REC-0313
need:N9,REC-0314
need:N9,REC-0324
need:N9,REC-0325
need:N9,REC-0329
need:N9,REC-0331
need:N9,REC-0343
need:N9,REC-0345
need:N9,REC-0353
need:N9,REC-0355
need:N9,REC-0357
need:N9,REC-0358
need:N9,REC-0362
need:N9,REC-0363
need:N9,REC-0367
need:N9,REC-0368
need:N9,REC-0369
need:N9,REC-0371
need:N9,REC-0373
need:N9,REC-0374
need:N9,REC-0376
need:N9,REC-0377
need:N9,REC-0378
need:N9,REC-0380
need:N9,REC-0383
need:N9,REC-0384
need:N9,REC-0387
need:N9,REC-0394
need:N9,REC-0396
need:N9,REC-0398
need:N9,REC-0405
need:N9,REC-0406
need:N9,REC-0407
need:N9,REC-0409
need:N9,REC-0415
need:N9,REC-0417
need:N9,REC-0418
need:N9,REC-0420
need:N9,REC-0423
need:N9,REC-0424
need:N9,REC-0425
need:N9,REC-0429
need:N9,REC-0455
need:N9,REC-0457
need:N9,REC-0459
need:N9,REC-0465
need:N9,REC-0466
need:N9,REC-0472
need:N9,REC-0474
need:N9,REC-0477
need:N9,REC-0483
need:N9,REC-0488
need:N9,REC-0491
need:N9,REC-0497
need:N9,REC-0498
need:N9,REC-0499
need:N9,REC-0500
need:N9,REC-0504
need:N9,REC-0506
need:N9,REC-0510
need:N9,REC-0513
need:N9,REC-0514
need:N9,REC-0515
need:N9,REC-0520
need:N9,REC-0521
need:N9,REC-0530
need:N9,REC-0531
need:N9,REC-0533
need:N9,REC-0535
need:N9,REC-0537
need:N9,REC-0544
need:N9,REC-0545
need:N9,REC-0549
need:N9,REC-0555
need:N9,REC-0557
need:N9,REC-0562
need:N9,REC-0564
need:N9,REC-0565
need:N9,REC-0569
need:N9,REC-0574
need:N9,REC-0578
need:N9,REC-0579
need:N9,REC-0581
need:N9,REC-0583
need:N9,REC-0585
need:N9,REC-0593
need:N9,REC-0595
need:N9,REC-0601
need:N9,REC-0602
need:N9,REC-0603
need:N9,REC-0606
need:N9,REC-0607
need:N9,REC-0616
need:N9,REC-0624
need:N9,REC-0629
need:N9,REC-0631
need:N9,REC-0633
need:N9,REC-0636
need:N9,REC-0637
need:N9,REC-0639
need:N9,REC-0641
need:N9,REC-0647
need:N9,REC-0650
need:N9,REC-0653
need:N9,REC-0654
need:N9,REC-0659
need:N9,REC-0663
need:N9,REC-0666
need:N9,REC-0667
need:N9,REC-0668
need:N9,REC-0669
need:N9,REC-0672
need:N9,REC-0673
need:N9,REC-0674
need:N9,REC-0678
need:N9,REC-0681
need:N9,REC-0686
need:N9,REC-0687
need:N9,REC-0689
need:N9,REC-0690
need:N9,REC-0692
need:N9,REC-0697
need:N9,REC-0699
need:N9,REC-0700
need:N9,REC-0707
need:N9,REC-0709
need:N9,REC-0710
need:N9,REC-0711
need:N9,REC-0713
need:N9,REC-0714
need:N9,REC-0717
need:N9,REC-0719
need:N9,REC-0723
need:N9,REC-0724
need:N9,REC-0730
need:N9,REC-0733
need:N9,REC-0734
need:N9,REC-0746
need:N9,REC-0747
need:N9,REC-0749
need:N9,REC-0751
need:N9,REC-0754
need:N9,REC-0759
need:N9,REC-0765
need:N9,REC-0768
need:N9,REC-0774
need:N9,REC-0775
need:N9,REC-0780
need:N9,REC-0782
need:N9,REC-0785
need:N9,REC-0788
need:N9,REC-0790
need:N9,REC-0791
need:N9,REC-0796
need:N9,REC-0798
need:N9,REC-0799
need:N9,REC-0800
seg:SEG-1,REC-0002
seg:SEG-1,REC-0003
seg:SEG-1,REC-0010
seg:SEG-1,REC-0011
seg:SEG-1,REC-0012
seg:SEG-1,REC-0015
seg:SEG-1,REC-0022
seg:SEG-1,REC-0024
seg:SEG-1,REC-0028
seg:SEG-1,REC-0030
seg:SEG-1,REC-0035
seg:SEG-1,REC-0037
seg:SEG-1,REC-0046
seg:SEG-1,REC-0048
seg:SEG-1,REC-0051
seg:SEG-1,REC-0054
seg:SEG-1,REC-0055
seg:SEG-1,REC-0060
seg:SEG-1,REC-0065
seg:SEG-1,REC-0069
seg:SEG-1,REC-0071
seg:SEG-1,REC-0073
seg:SEG-1,REC-0074
seg:SEG-1,REC-0075
seg:SEG-1,REC-0076
seg:SEG-1,REC-0079
seg:SEG-1,REC-0082
seg:SEG-1,REC-0083
seg:SEG-1,REC-0084
seg:SEG-1,REC-0087
seg:SEG-1,REC-0097
seg:SEG-1,REC-0098
seg:SEG-1,REC-0099
seg:SEG-1,REC-0104
seg:SEG-1,REC-0105
seg:SEG-1,REC-0107
seg:SEG-1,REC-0108
seg:SEG-1,REC-0109
seg:SEG-1,REC-0110
seg:SEG-1,REC-0112
seg:SEG-1,REC-0116
seg:SEG-1,REC-0117
seg:SEG-1,REC-0118
seg:SEG-1,REC-0119
seg:SEG-1,REC-0120
seg:SEG-1,REC-0125
seg:SEG-1,REC-0126
seg:SEG-1,REC-0129
seg:SEG-1,REC-0130
seg:SEG-1,REC-0133
seg:SEG-1,REC-0136
seg:SEG-1,REC-0139
seg:SEG-1,REC-0143
seg:SEG-1,REC-0145
seg:SEG-1,REC-0146
seg:SEG-1,REC-0147
seg:SEG-1,REC-0150
seg:SEG-1,REC-0153
seg:SEG-1,REC-0157
seg:SEG-1,REC-0158
seg:SEG-1,REC-0159
seg:SEG-1,REC-0163
seg:SEG-1,REC-0164
seg:SEG-1,REC-0170
seg:SEG-1,REC-0171
seg:SEG-1,REC-0174
seg:SEG-1,REC-0176
seg:SEG-1,REC-0178
seg:SEG-1,REC-0185
seg:SEG-1,REC-0186
seg:SEG-1,REC-0189
seg:SEG-1,REC-0201
seg:SEG-1,REC-0202
seg:SEG-1,REC-0205
seg:SEG-1,REC-0206
seg:SEG-1,REC-0209
seg:SEG-1,REC-0210
seg:SEG-1,REC-0211
seg:SEG-1,REC-0214
seg:SEG-1,REC-0216
seg:SEG-1,REC-0217
seg:SEG-1,REC-0219
seg:SEG-1,REC-0221
seg:SEG-1,REC-0224
seg:SEG-1,REC-0226
seg:SEG-1,REC-0227
seg:SEG-1,REC-0234
seg:SEG-1,REC-0237
seg:SEG-1,REC-0239
seg:SEG-1,REC-0240
seg:SEG-1,REC-0241
seg:SEG-1,REC-0244
seg:SEG-1,REC-0245
seg:SEG-1,REC-0246
seg:SEG-1,REC-0247
seg:SEG-1,REC-0250
seg:SEG-1,REC-0255
seg:SEG-1,REC-0256
seg:SEG-1,REC-0259
seg:SEG-1,REC-0262
seg:SEG-1,REC-0266
seg:SEG-1,REC-0267
seg:SEG-1,REC-0274
seg:SEG-1,REC-0275
seg:SEG-1,REC-0277
seg:SEG-1,REC-0282
seg:SEG-1,REC-0284
seg:SEG-1,REC-0285
seg:SEG-1,REC-0286
seg:SEG-1,REC-0287
seg:SEG-1,REC-0292
seg:SEG-1,REC-0293
seg:SEG-1,REC-0295
seg:SEG-1,REC-0300
seg:SEG-1,REC-0302
seg:SEG-1,REC-0303
seg:SEG-1,REC-0304
seg:SEG-1,REC-0305
seg:SEG-1,REC-0307
seg:SEG-1,REC-0308
seg:SEG-1,REC-0309
seg:SEG-1,REC-0310
seg:SEG-1,REC-0315
seg:SEG-1,REC-0319
seg:SEG-1,REC-0321
seg:SEG-1,REC-0325
seg:SEG-1,REC-0326
seg:SEG-1,REC-0327
seg:SEG-1,REC-0328
seg:SEG-1,REC-0330
seg:SEG-1,REC-0336
seg:SEG-1,REC-0340
seg:SEG-1,REC-0343
seg:SEG-1,REC-0344
seg:SEG-1,REC-0349
seg:SEG-1,REC-0350
seg:SEG-1,REC-0352
seg:SEG-1,REC-0356
seg:SEG-1,REC-0359
seg:SEG-1,REC-0361
seg:SEG-1,REC-0363
seg:SEG-1,REC-0366
seg:SEG-1,REC-0369
seg:SEG-1,REC-0370
seg:SEG-1,REC-0376
seg:SEG-1,REC-0380
seg:SEG-1,REC-0383
seg:SEG-1,REC-0384
seg:SEG-1,REC-0385
seg:SEG-1,REC-0386
seg:SEG-1,REC-0388
seg:SEG-1,REC-0389
seg:SEG-1,REC-0390
seg:SEG-1,REC-0393
seg:SEG-1,REC-0394
seg:SEG-1,REC-0396
seg:SEG-1,REC-0399
seg:SEG-1,REC-0400
seg:SEG-1,REC-0401
seg:SEG-1,REC-0402
seg:SEG-1,REC-0403
seg:SEG-1,REC-0405
seg:SEG-1,REC-0406
seg:SEG-1,REC-0409
seg:SEG-1,REC-0410
seg:SEG-1,REC-0412
seg:SEG-1,REC-0413
seg:SEG-1,REC-0414
seg:SEG-1,REC-0415
seg:SEG-1,REC-0416
seg:SEG-1,REC-0417
seg:SEG-1,REC-0424
seg:SEG-1,REC-0425
seg:SEG-1,REC-0427
seg:SEG-1,REC-0428
seg:SEG-1,REC-0431
seg:SEG-1,REC-0432
seg:SEG-1,REC-0433
seg:SEG-1,REC-0434
seg:SEG-1,REC-0437
seg:SEG-1,REC-0441
seg:SEG-1,REC-0448
seg:SEG-1,REC-0449
seg:SEG-1,REC-0451
seg:SEG-1,REC-0452
seg:SEG-1,REC-0453
seg:SEG-1,REC-0454
seg:SEG-1,REC-0455
seg:SEG-1,REC-0458
seg:SEG-1,REC-0461
seg:SEG-1,REC-0465
seg:SEG-1,REC-0466
seg:SEG-1,REC-0471
seg:SEG-1,REC-0473
seg:SEG-1,REC-0477
seg:SEG-1,REC-0480
seg:SEG-1,REC-0482
seg:SEG-1,REC-0483
seg:SEG-1,REC-0484
seg:SEG-1,REC-0485
seg:SEG-1,REC-0487
seg:SEG-1,REC-0488
seg:SEG-1,REC-0489
seg:SEG-1,REC-0491
seg:SEG-1,REC-0493
seg:SEG-1,REC-0495
seg:SEG-1,REC-0500
seg:SEG-1,REC-0501
seg:SEG-1,REC-0504
seg:SEG-1,REC-0509
seg:SEG-1,REC-0511
seg:SEG-1,REC-0512
seg:SEG-1,REC-0514
seg:SEG-1,REC-0517
seg:SEG-1,REC-0520
seg:SEG-1,REC-0523
seg:SEG-1,REC-0524
seg:SEG-1,REC-0526
seg:SEG-1,REC-0528
seg:SEG-1,REC-0531
seg:SEG-1,REC-0533
seg:SEG-1,REC-0534
seg:SEG-1,REC-0537
seg:SEG-1,REC-0538
seg:SEG-1,REC-0545
seg:SEG-1,REC-0547
seg:SEG-1,REC-0548
seg:SEG-1,REC-0549
seg:SEG-1,REC-0550
seg:SEG-1,REC-0551
seg:SEG-1,REC-0552
seg:SEG-1,REC-0553
seg:SEG-1,REC-0555
seg:SEG-1,REC-0557
seg:SEG-1,REC-0559
seg:SEG-1,REC-0562
seg:SEG-1,REC-0565
seg:SEG-1,REC-0567
seg:SEG-1,REC-0569
seg:SEG-1,REC-0573
seg:SEG-1,REC-0574
seg:SEG-1,REC-0579
seg:SEG-1,REC-0580
seg:SEG-1,REC-0581
seg:SEG-1,REC-0584
seg:SEG-1,REC-0587
seg:SEG-1,REC-0591
seg:SEG-1,REC-0597
seg:SEG-1,REC-0599
seg:SEG-1,REC-0600
seg:SEG-1,REC-0601
seg:SEG-1,REC-0602
seg:SEG-1,REC-0603
seg:SEG-1,REC-0604
seg:SEG-1,REC-0606
seg:SEG-1,REC-0609
seg:SEG-1,REC-0612
seg:SEG-1,REC-0615
seg:SEG-1,REC-0616
seg:SEG-1,REC-0620
seg:SEG-1,REC-0624
seg:SEG-1,REC-0626
seg:SEG-1,REC-0627
seg:SEG-1,REC-0631
seg:SEG-1,REC-0633
seg:SEG-1,REC-0634
seg:SEG-1,REC-0638
seg:SEG-1,REC-0642
seg:SEG-1,REC-0643
seg:SEG-1,REC-0645
seg:SEG-1,REC-0651
seg:SEG-1,REC-0653
seg:SEG-1,REC-0654
seg:SEG-1,REC-0655
seg:SEG-1,REC-0657
seg:SEG-1,REC-0659
seg:SEG-1,REC-0663
seg:SEG-1,REC-0664
seg:SEG-1,REC-0669
seg:SEG-1,REC-0670
seg:SEG-1,REC-0671
seg:SEG-1,REC-0673
seg:SEG-1,REC-0674
seg:SEG-1,REC-0676
seg:SEG-1,REC-0677
seg:SEG-1,REC-0678
seg:SEG-1,REC-0680
seg:SEG-1,REC-0681
seg:SEG-1,REC-0684
seg:SEG-1,REC-0686
seg:SEG-1,REC-0687
seg:SEG-1,REC-0692
seg:SEG-1,REC-0693
seg:SEG-1,REC-0700
seg:SEG-1,REC-0701
seg:SEG-1,REC-0702
seg:SEG-1,REC-0703
seg:SEG-1,REC-0705
seg:SEG-1,REC-0708
seg:SEG-1,REC-0711
seg:SEG-1,REC-0712
seg:SEG-1,REC-0713
seg:SEG-1,REC-0715
seg:SEG-1,REC-0717
seg:SEG-1,REC-0718
seg:SEG-1,REC-0722
seg:SEG-1,REC-0723
seg:SEG-1,REC-0725
seg:SEG-1,REC-0727
seg:SEG-1,REC-0729
seg:SEG-1,REC-0731
seg:SEG-1,REC-0733
seg:SEG-1,REC-0734
seg:SEG-1,REC-0735
seg:SEG-1,REC-0736
seg:SEG-1,REC-0737
seg:SEG-1,REC-0741
seg:SEG-1,REC-0744
seg:SEG-1,REC-0745
seg:SEG-1,REC-0746
seg:SEG-1,REC-0752
seg:SEG-1,REC-0755
seg:SEG-1,REC-0756
seg:SEG-1,REC-0759
seg:SEG-1,REC-0763
seg:SEG-1,REC-0766
seg:SEG-1,REC-0767
seg:SEG-1,REC-0770
seg:SEG-1,REC-0771
seg:SEG-1,REC-0774
seg:SEG-1,REC-0775
seg:SEG-1,REC-0780
seg:SEG-1,REC-0783
seg:SEG-1,REC-0784
seg:SEG-1,REC-0789
seg:SEG-1,REC-0790
seg:SEG-1,REC-0792
seg:SEG-1,REC-0794
seg:SEG-1,REC-0796
seg:SEG-1,REC-0798
seg:SEG-1,REC-0800
seg:SEG-2,REC-0005
seg:SEG-2,REC-0006
seg:SEG-2,REC-0008
seg:SEG-2,REC-0009
seg:SEG-2,REC-0013
seg:SEG-2,REC-0014
seg:SEG-2,REC-0016
seg:SEG-2,REC-0019
seg:SEG-2,REC-0021
seg:SEG-2,REC-0023
seg:SEG-2,REC-0026
seg:SEG-2,REC-0027
seg:SEG-2,REC-0031
seg:SEG-2,REC-0032
seg:SEG-2,REC-0033
seg:SEG-2,REC-0034
seg:SEG-2,REC-0038
seg:SEG-2,REC-0039
seg:SEG-2,REC-0041
seg:SEG-2,REC-0043
seg:SEG-2,REC-0044
seg:SEG-2,REC-0050
seg:SEG-2,REC-0053
seg:SEG-2,REC-0057
seg:SEG-2,REC-0058
seg:SEG-2,REC-0059
seg:SEG-2,REC-0061
seg:SEG-2,REC-0066
seg:SEG-2,REC-0070
seg:SEG-2,REC-0077
seg:SEG-2,REC-0078
seg:SEG-2,REC-0080
seg:SEG-2,REC-0081
seg:SEG-2,REC-0085
seg:SEG-2,REC-0088
seg:SEG-2,REC-0091
seg:SEG-2,REC-0092
seg:SEG-2,REC-0093
seg:SEG-2,REC-0094
seg:SEG-2,REC-0095
seg:SEG-2,REC-0096
seg:SEG-2,REC-0100
seg:SEG-2,REC-0102
seg:SEG-2,REC-0103
seg:SEG-2,REC-0106
seg:SEG-2,REC-0111
seg:SEG-2,REC-0113
seg:SEG-2,REC-0114
seg:SEG-2,REC-0115
seg:SEG-2,REC-0121
seg:SEG-2,REC-0122
seg:SEG-2,REC-0123
seg:SEG-2,REC-0124
seg:SEG-2,REC-0127
seg:SEG-2,REC-0128
seg:SEG-2,REC-0135
seg:SEG-2,REC-0137
seg:SEG-2,REC-0140
seg:SEG-2,REC-0144
seg:SEG-2,REC-0148
seg:SEG-2,REC-0149
seg:SEG-2,REC-0162
seg:SEG-2,REC-0166
seg:SEG-2,REC-0172
seg:SEG-2,REC-0175
seg:SEG-2,REC-0177
seg:SEG-2,REC-0179
seg:SEG-2,REC-0180
seg:SEG-2,REC-0181
seg:SEG-2,REC-0182
seg:SEG-2,REC-0183
seg:SEG-2,REC-0187
seg:SEG-2,REC-0192
seg:SEG-2,REC-0194
seg:SEG-2,REC-0195
seg:SEG-2,REC-0196
seg:SEG-2,REC-0197
seg:SEG-2,REC-0198
seg:SEG-2,REC-0199
seg:SEG-2,REC-0200
seg:SEG-2,REC-0203
seg:SEG-2,REC-0207
seg:SEG-2,REC-0212
seg:SEG-2,REC-0213
seg:SEG-2,REC-0215
seg:SEG-2,REC-0218
seg:SEG-2,REC-0223
seg:SEG-2,REC-0225
seg:SEG-2,REC-0228
seg:SEG-2,REC-0229
seg:SEG-2,REC-0230
seg:SEG-2,REC-0231
seg:SEG-2,REC-0232
seg:SEG-2,REC-0233
seg:SEG-2,REC-0235
seg:SEG-2,REC-0236
seg:SEG-2,REC-0238
seg:SEG-2,REC-0242
seg:SEG-2,REC-0243
seg:SEG-2,REC-0248
seg:SEG-2,REC-0249
seg:SEG-2,REC-0252
seg:SEG-2,REC-0254
seg:SEG-2,REC-0260
seg:SEG-2,REC-0263
seg:SEG-2,REC-0269
seg:SEG-2,REC-0276
seg:SEG-2,REC-0279
seg:SEG-2,REC-0280
seg:SEG-2,REC-0283
seg:SEG-2,REC-0288
seg:SEG-2,REC-0294
seg:SEG-2,REC-0296
seg:SEG-2,REC-0297
seg:SEG-2,REC-0298
seg:SEG-2,REC-0299
seg:SEG-2,REC-0301
seg:SEG-2,REC-0306
seg:SEG-2,REC-0311
seg:SEG-2,REC-0316
seg:SEG-2,REC-0322
seg:SEG-2,REC-0323
seg:SEG-2,REC-0329
seg:SEG-2,REC-0334
seg:SEG-2,REC-0337
seg:SEG-2,REC-0339
seg:SEG-2,REC-0342
seg:SEG-2,REC-0345
seg:SEG-2,REC-0346
seg:SEG-2,REC-0348
seg:SEG-2,REC-0351
seg:SEG-2,REC-0353
seg:SEG-2,REC-0354
seg:SEG-2,REC-0355
seg:SEG-2,REC-0362
seg:SEG-2,REC-0364
seg:SEG-2,REC-0365
seg:SEG-2,REC-0368
seg:SEG-2,REC-0373
seg:SEG-2,REC-0377
seg:SEG-2,REC-0378
seg:SEG-2,REC-0381
seg:SEG-2,REC-0382
seg:SEG-2,REC-0387
seg:SEG-2,REC-0391
seg:SEG-2,REC-0392
seg:SEG-2,REC-0398
seg:SEG-2,REC-0407
seg:SEG-2,REC-0408
seg:SEG-2,REC-0411
seg:SEG-2,REC-0418
seg:SEG-2,REC-0420
seg:SEG-2,REC-0422
seg:SEG-2,REC-0429
seg:SEG-2,REC-0430
seg:SEG-2,REC-0435
seg:SEG-2,REC-0436
seg:SEG-2,REC-0440
seg:SEG-2,REC-0442
seg:SEG-2,REC-0443
seg:SEG-2,REC-0447
seg:SEG-2,REC-0456
seg:SEG-2,REC-0459
seg:SEG-2,REC-0460
seg:SEG-2,REC-0462
seg:SEG-2,REC-0463
seg:SEG-2,REC-0464
seg:SEG-2,REC-0467
seg:SEG-2,REC-0468
seg:SEG-2,REC-0469
seg:SEG-2,REC-0470
seg:SEG-2,REC-0481
seg:SEG-2,REC-0486
seg:SEG-2,REC-0496
seg:SEG-2,REC-0497
seg:SEG-2,REC-0498
seg:SEG-2,REC-0502
seg:SEG-2,REC-0503
seg:SEG-2,REC-0505
seg:SEG-2,REC-0508
seg:SEG-2,REC-0510
seg:SEG-2,REC-0515
seg:SEG-2,REC-0518
seg:SEG-2,REC-0519
seg:SEG-2,REC-0521
seg:SEG-2,REC-0522
seg:SEG-2,REC-0527
seg:SEG-2,REC-0532
seg:SEG-2,REC-0535
seg:SEG-2,REC-0536
seg:SEG-2,REC-0539
seg:SEG-2,REC-0540
seg:SEG-2,REC-0542
seg:SEG-2,REC-0543
seg:SEG-2,REC-0544
seg:SEG-2,REC-0554
seg:SEG-2,REC-0560
seg:SEG-2,REC-0561
seg:SEG-2,REC-0566
seg:SEG-2,REC-0568
seg:SEG-2,REC-0572
seg:SEG-2,REC-0576
seg:SEG-2,REC-0577
seg:SEG-2,REC-0582
seg:SEG-2,REC-0585
seg:SEG-2,REC-0586
seg:SEG-2,REC-0588
seg:SEG-2,REC-0590
seg:SEG-2,REC-0592
seg:SEG-2,REC-0593
seg:SEG-2,REC-0594
seg:SEG-2,REC-0595
seg:SEG-2,REC-0598
seg:SEG-2,REC-0605
seg:SEG-2,REC-0607
seg:SEG-2,REC-0608
seg:SEG-2,REC-0610
seg:SEG-2,REC-0614
seg:SEG-2,REC-0617
seg:SEG-2,REC-0621
seg:SEG-2,REC-0625
seg:SEG-2,REC-0628
seg:SEG-2,REC-0630
seg:SEG-2,REC-0635
seg:SEG-2,REC-0636
seg:SEG-2,REC-0639
seg:SEG-2,REC-0640
seg:SEG-2,REC-0641
seg:SEG-2,REC-0644
seg:SEG-2,REC-0646
seg:SEG-2,REC-0647
seg:SEG-2,REC-0648
seg:SEG-2,REC-0649
seg:SEG-2,REC-0650
seg:SEG-2,REC-0652
seg:SEG-2,REC-0656
seg:SEG-2,REC-0658
seg:SEG-2,REC-0660
seg:SEG-2,REC-0661
seg:SEG-2,REC-0666
seg:SEG-2,REC-0672
seg:SEG-2,REC-0682
seg:SEG-2,REC-0683
seg:SEG-2,REC-0685
seg:SEG-2,REC-0688
seg:SEG-2,REC-0689
seg:SEG-2,REC-0690
seg:SEG-2,REC-0691
seg:SEG-2,REC-0695
seg:SEG-2,REC-0697
seg:SEG-2,REC-0698
seg:SEG-2,REC-0704
seg:SEG-2,REC-0707
seg:SEG-2,REC-0710
seg:SEG-2,REC-0716
seg:SEG-2,REC-0724
seg:SEG-2,REC-0726
seg:SEG-2,REC-0728
seg:SEG-2,REC-0730
seg:SEG-2,REC-0732
seg:SEG-2,REC-0738
seg:SEG-2,REC-0747
seg:SEG-2,REC-0749
seg:SEG-2,REC-0750
seg:SEG-2,REC-0751
seg:SEG-2,REC-0753
seg:SEG-2,REC-0754
seg:SEG-2,REC-0757
seg:SEG-2,REC-0758
seg:SEG-2,REC-0760
seg:SEG-2,REC-0762
seg:SEG-2,REC-0765
seg:SEG-2,REC-0768
seg:SEG-2,REC-0769
seg:SEG-2,REC-0773
seg:SEG-2,REC-0777
seg:SEG-2,REC-0778
seg:SEG-2,REC-0779
seg:SEG-2,REC-0781
seg:SEG-2,REC-0786
seg:SEG-2,REC-0791
seg:SEG-2,REC-0793
seg:SEG-2,REC-0795
seg:SEG-2,REC-0797
seg:SEG-3,REC-0001
seg:SEG-3,REC-0004
seg:SEG-3,REC-0007
seg:SEG-3,REC-0017
seg:SEG-3,REC-0018
seg:SEG-3,REC-0020
seg:SEG-3,REC-0036
seg:SEG-3,REC-0045
seg:SEG-3,REC-0056
seg:SEG-3,REC-0062
seg:SEG-3,REC-0063
seg:SEG-3,REC-0064
seg:SEG-3,REC-0067
seg:SEG-3,REC-0068
seg:SEG-3,REC-0086
seg:SEG-3,REC-0089
seg:SEG-3,REC-0090
seg:SEG-3,REC-0101
seg:SEG-3,REC-0131
seg:SEG-3,REC-0132
seg:SEG-3,REC-0134
seg:SEG-3,REC-0138
seg:SEG-3,REC-0141
seg:SEG-3,REC-0142
seg:SEG-3,REC-0151
seg:SEG-3,REC-0152
seg:SEG-3,REC-0155
seg:SEG-3,REC-0160
seg:SEG-3,REC-0161
seg:SEG-3,REC-0165
seg:SEG-3,REC-0168
seg:SEG-3,REC-0169
seg:SEG-3,REC-0173
seg:SEG-3,REC-0184
seg:SEG-3,REC-0193
seg:SEG-3,REC-0208
seg:SEG-3,REC-0220
seg:SEG-3,REC-0251
seg:SEG-3,REC-0253
seg:SEG-3,REC-0257
seg:SEG-3,REC-0261
seg:SEG-3,REC-0264
seg:SEG-3,REC-0268
seg:SEG-3,REC-0271
seg:SEG-3,REC-0272
seg:SEG-3,REC-0278
seg:SEG-3,REC-0281
seg:SEG-3,REC-0291
seg:SEG-3,REC-0312
seg:SEG-3,REC-0313
seg:SEG-3,REC-0317
seg:SEG-3,REC-0318
seg:SEG-3,REC-0324
seg:SEG-3,REC-0332
seg:SEG-3,REC-0333
seg:SEG-3,REC-0338
seg:SEG-3,REC-0341
seg:SEG-3,REC-0347
seg:SEG-3,REC-0357
seg:SEG-3,REC-0358
seg:SEG-3,REC-0367
seg:SEG-3,REC-0371
seg:SEG-3,REC-0375
seg:SEG-3,REC-0379
seg:SEG-3,REC-0395
seg:SEG-3,REC-0397
seg:SEG-3,REC-0404
seg:SEG-3,REC-0421
seg:SEG-3,REC-0423
seg:SEG-3,REC-0439
seg:SEG-3,REC-0444
seg:SEG-3,REC-0445
seg:SEG-3,REC-0446
seg:SEG-3,REC-0450
seg:SEG-3,REC-0474
seg:SEG-3,REC-0475
seg:SEG-3,REC-0476
seg:SEG-3,REC-0479
seg:SEG-3,REC-0490
seg:SEG-3,REC-0494
seg:SEG-3,REC-0499
seg:SEG-3,REC-0506
seg:SEG-3,REC-0507
seg:SEG-3,REC-0513
seg:SEG-3,REC-0516
seg:SEG-3,REC-0525
seg:SEG-3,REC-0530
seg:SEG-3,REC-0546
seg:SEG-3,REC-0556
seg:SEG-3,REC-0558
seg:SEG-3,REC-0563
seg:SEG-3,REC-0564
seg:SEG-3,REC-0571
seg:SEG-3,REC-0575
seg:SEG-3,REC-0578
seg:SEG-3,REC-0583
seg:SEG-3,REC-0589
seg:SEG-3,REC-0611
seg:SEG-3,REC-0613
seg:SEG-3,REC-0619
seg:SEG-3,REC-0622
seg:SEG-3,REC-0623
seg:SEG-3,REC-0632
seg:SEG-3,REC-0637
seg:SEG-3,REC-0662
seg:SEG-3,REC-0679
seg:SEG-3,REC-0694
seg:SEG-3,REC-0696
seg:SEG-3,REC-0699
seg:SEG-3,REC-0706
seg:SEG-3,REC-0719
seg:SEG-3,REC-0742
seg:SEG-3,REC-0748
seg:SEG-3,REC-0761
seg:SEG-3,REC-0772
seg:SEG-3,REC-0782
seg:SEG-3,REC-0785
seg:SEG-3,REC-0787
seg:SEG-3,REC-0788
seg:SEG-3,REC-0799
seg:SEG-4,REC-0025
seg:SEG-4,REC-0029
seg:SEG-4,REC-0040
seg:SEG-4,REC-0042
seg:SEG-4,REC-0047
seg:SEG-4,REC-0049
seg:SEG-4,REC-0052
seg:SEG-4,REC-0072
seg:SEG-4,REC-0154
seg:SEG-4,REC-0156
seg:SEG-4,REC-0167
seg:SEG-4,REC-0188
seg:SEG-4,REC-0190
seg:SEG-4,REC-0191
seg:SEG-4,REC-0204
seg:SEG-4,REC-0222
seg:SEG-4,REC-0258
seg:SEG-4,REC-0265
seg:SEG-4,REC-0270
seg:SEG-4,REC-0273
seg:SEG-4,REC-0289
seg:SEG-4,REC-0290
seg:SEG-4,REC-0314
seg:SEG-4,REC-0320
seg:SEG-4,REC-0331
seg:SEG-4,REC-0335
seg:SEG-4,REC-0360
seg:SEG-4,REC-0372
seg:SEG-4,REC-0374
seg:SEG-4,REC-0419
seg:SEG-4,REC-0426
seg:SEG-4,REC-0438
seg:SEG-4,REC-0457
seg:SEG-4,REC-0472
seg:SEG-4,REC-0478
seg:SEG-4,REC-0492
seg:SEG-4,REC-0529
seg:SEG-4,REC-0541
seg:SEG-4,REC-0570
seg:SEG-4,REC-0596
seg:SEG-4,REC-0618
seg:SEG-4,REC-0629
seg:SEG-4,REC-0665
seg:SEG-4,REC-0667
seg:SEG-4,REC-0668
seg:SEG-4,REC-0675
seg:SEG-4,REC-0709
seg:SEG-4,REC-0714
seg:SEG-4,REC-0720
seg:SEG-4,REC-0721
seg:SEG-4,REC-0739
seg:SEG-4,REC-0740
seg:SEG-4,REC-0743
seg:SEG-4,REC-0764
seg:SEG-4,REC-0776
seg:SEG-T,REC-0001
seg:SEG-T,REC-0004
seg:SEG-T,REC-0005
seg:SEG-T,REC-0006
seg:SEG-T,REC-0007
seg:SEG-T,REC-0008
seg:SEG-T,REC-0009
seg:SEG-T,REC-0013
seg:SEG-T,REC-0014
seg:SEG-T,REC-0016
seg:SEG-T,REC-0017
seg:SEG-T,REC-0018
seg:SEG-T,REC-0019
seg:SEG-T,REC-0020
seg:SEG-T,REC-0021
seg:SEG-T,REC-0023
seg:SEG-T,REC-0026
seg:SEG-T,REC-0027
seg:SEG-T,REC-0031
seg:SEG-T,REC-0032
seg:SEG-T,REC-0033
seg:SEG-T,REC-0034
seg:SEG-T,REC-0036
seg:SEG-T,REC-0038
seg:SEG-T,REC-0039
seg:SEG-T,REC-0041
seg:SEG-T,REC-0043
seg:SEG-T,REC-0044
seg:SEG-T,REC-0045
seg:SEG-T,REC-0050
seg:SEG-T,REC-0053
seg:SEG-T,REC-0056
seg:SEG-T,REC-0057
seg:SEG-T,REC-0058
seg:SEG-T,REC-0059
seg:SEG-T,REC-0061
seg:SEG-T,REC-0062
seg:SEG-T,REC-0063
seg:SEG-T,REC-0064
seg:SEG-T,REC-0066
seg:SEG-T,REC-0067
seg:SEG-T,REC-0068
seg:SEG-T,REC-0070
seg:SEG-T,REC-0077
seg:SEG-T,REC-0078
seg:SEG-T,REC-0080
seg:SEG-T,REC-0081
seg:SEG-T,REC-0085
seg:SEG-T,REC-0086
seg:SEG-T,REC-0088
seg:SEG-T,REC-0089
seg:SEG-T,REC-0090
seg:SEG-T,REC-0091
seg:SEG-T,REC-0092
seg:SEG-T,REC-0093
seg:SEG-T,REC-0094
seg:SEG-T,REC-0095
seg:SEG-T,REC-0096
seg:SEG-T,REC-0100
seg:SEG-T,REC-0101
seg:SEG-T,REC-0102
seg:SEG-T,REC-0103
seg:SEG-T,REC-0106
seg:SEG-T,REC-0111
seg:SEG-T,REC-0113
seg:SEG-T,REC-0114
seg:SEG-T,REC-0115
seg:SEG-T,REC-0121
seg:SEG-T,REC-0122
seg:SEG-T,REC-0123
seg:SEG-T,REC-0124
seg:SEG-T,REC-0127
seg:SEG-T,REC-0128
seg:SEG-T,REC-0131
seg:SEG-T,REC-0132
seg:SEG-T,REC-0134
seg:SEG-T,REC-0135
seg:SEG-T,REC-0137
seg:SEG-T,REC-0138
seg:SEG-T,REC-0140
seg:SEG-T,REC-0141
seg:SEG-T,REC-0142
seg:SEG-T,REC-0144
seg:SEG-T,REC-0148
seg:SEG-T,REC-0149
seg:SEG-T,REC-0151
seg:SEG-T,REC-0152
seg:SEG-T,REC-0155
seg:SEG-T,REC-0160
seg:SEG-T,REC-0161
seg:SEG-T,REC-0162
seg:SEG-T,REC-0165
seg:SEG-T,REC-0166
seg:SEG-T,REC-0168
seg:SEG-T,REC-0169
seg:SEG-T,REC-0172
seg:SEG-T,REC-0173
seg:SEG-T,REC-0175
seg:SEG-T,REC-0177
seg:SEG-T,REC-0179
seg:SEG-T,REC-0180
seg:SEG-T,REC-0181
seg:SEG-T,REC-0182
seg:SEG-T,REC-0183
seg:SEG-T,REC-0184
seg:SEG-T,REC-0187
seg:SEG-T,REC-0192
seg:SEG-T,REC-0193
seg:SEG-T,REC-0194
seg:SEG-T,REC-0195
seg:SEG-T,REC-0196
seg:SEG-T,REC-0197
seg:SEG-T,REC-0198
seg:SEG-T,REC-0199
seg:SEG-T,REC-0200
seg:SEG-T,REC-0203
seg:SEG-T,REC-0207
seg:SEG-T,REC-0208
seg:SEG-T,REC-0212
seg:SEG-T,REC-0213
seg:SEG-T,REC-0215
seg:SEG-T,REC-0218
seg:SEG-T,REC-0220
seg:SEG-T,REC-0223
seg:SEG-T,REC-0225
seg:SEG-T,REC-0228
seg:SEG-T,REC-0229
seg:SEG-T,REC-0230
seg:SEG-T,REC-0231
seg:SEG-T,REC-0232
seg:SEG-T,REC-0233
seg:SEG-T,REC-0235
seg:SEG-T,REC-0236
seg:SEG-T,REC-0238
seg:SEG-T,REC-0242
seg:SEG-T,REC-0243
seg:SEG-T,REC-0248
seg:SEG-T,REC-0249
seg:SEG-T,REC-0251
seg:SEG-T,REC-0252
seg:SEG-T,REC-0253
seg:SEG-T,REC-0254
seg:SEG-T,REC-0257
seg:SEG-T,REC-0260
seg:SEG-T,REC-0261
seg:SEG-T,REC-0263
seg:SEG-T,REC-0264
seg:SEG-T,REC-0268
seg:SEG-T,REC-0269
seg:SEG-T,REC-0271
seg:SEG-T,REC-0272
seg:SEG-T,REC-0276
seg:SEG-T,REC-0278
seg:SEG-T,REC-0279
seg:SEG-T,REC-0280
seg:SEG-T,REC-0281
seg:SEG-T,REC-0283
seg:SEG-T,REC-0288
seg:SEG-T,REC-0291
seg:SEG-T,REC-0294
seg:SEG-T,REC-0296
seg:SEG-T,REC-0297
seg:SEG-T,REC-0298
seg:SEG-T,REC-0299
seg:SEG-T,REC-0301
seg:SEG-T,REC-0306
seg:SEG-T,REC-0311
seg:SEG-T,REC-0312
seg:SEG-T,REC-0313
seg:SEG-T,REC-0316
seg:SEG-T,REC-0317
seg:SEG-T,REC-0318
seg:SEG-T,REC-0322
seg:SEG-T,REC-0323
seg:SEG-T,REC-0324
seg:SEG-T,REC-0329
seg:SEG-T,REC-0332
seg:SEG-T,REC-0333
seg:SEG-T,REC-0334
seg:SEG-T,REC-0337
seg:SEG-T,REC-0338
seg:SEG-T,REC-0339
seg:SEG-T,REC-0341
seg:SEG-T,REC-0342
seg:SEG-T,REC-0345
seg:SEG-T,REC-0346
seg:SEG-T,REC-0347
seg:SEG-T,REC-0348
seg:SEG-T,REC-0351
seg:SEG-T,REC-0353
seg:SEG-T,REC-0354
seg:SEG-T,REC-0355
seg:SEG-T,REC-0357
seg:SEG-T,REC-0358
seg:SEG-T,REC-0362
seg:SEG-T,REC-0364
seg:SEG-T,REC-0365
seg:SEG-T,REC-0367
seg:SEG-T,REC-0368
seg:SEG-T,REC-0371
seg:SEG-T,REC-0373
seg:SEG-T,REC-0375
seg:SEG-T,REC-0377
seg:SEG-T,REC-0378
seg:SEG-T,REC-0379
seg:SEG-T,REC-0381
seg:SEG-T,REC-0382
seg:SEG-T,REC-0387
seg:SEG-T,REC-0391
seg:SEG-T,REC-0392
seg:SEG-T,REC-0395
seg:SEG-T,REC-0397
seg:SEG-T,REC-0398
seg:SEG-T,REC-0404
seg:SEG-T,REC-0407
seg:SEG-T,REC-0408
seg:SEG-T,REC-0411
seg:SEG-T,REC-0418
seg:SEG-T,REC-0420
seg:SEG-T,REC-0421
seg:SEG-T,REC-0422
seg:SEG-T,REC-0423
seg:SEG-T,REC-0429
seg:SEG-T,REC-0430
seg:SEG-T,REC-0435
seg:SEG-T,REC-0436
seg:SEG-T,REC-0439
seg:SEG-T,REC-0440
seg:SEG-T,REC-0442
seg:SEG-T,REC-0443
seg:SEG-T,REC-0444
seg:SEG-T,REC-0445
seg:SEG-T,REC-0446
seg:SEG-T,REC-0447
seg:SEG-T,REC-0450
seg:SEG-T,REC-0456
seg:SEG-T,REC-0459
seg:SEG-T,REC-0460
seg:SEG-T,REC-0462
seg:SEG-T,REC-0463
seg:SEG-T,REC-0464
seg:SEG-T,REC-0467
seg:SEG-T,REC-0468
seg:SEG-T,REC-0469
seg:SEG-T,REC-0470
seg:SEG-T,REC-0474
seg:SEG-T,REC-0475
seg:SEG-T,REC-0476
seg:SEG-T,REC-0479
seg:SEG-T,REC-0481
seg:SEG-T,REC-0486
seg:SEG-T,REC-0490
seg:SEG-T,REC-0494
seg:SEG-T,REC-0496
seg:SEG-T,REC-0497
seg:SEG-T,REC-0498
seg:SEG-T,REC-0499
seg:SEG-T,REC-0502
seg:SEG-T,REC-0503
seg:SEG-T,REC-0505
seg:SEG-T,REC-0506
seg:SEG-T,REC-0507
seg:SEG-T,REC-0508
seg:SEG-T,REC-0510
seg:SEG-T,REC-0513
seg:SEG-T,REC-0515
seg:SEG-T,REC-0516
seg:SEG-T,REC-0518
seg:SEG-T,REC-0519
seg:SEG-T,REC-0521
seg:SEG-T,REC-0522
seg:SEG-T,REC-0525
seg:SEG-T,REC-0527
seg:SEG-T,REC-0530
seg:SEG-T,REC-0532
seg:SEG-T,REC-0535
seg:SEG-T,REC-0536
seg:SEG-T,REC-0539
seg:SEG-T,REC-0540
seg:SEG-T,REC-0542
seg:SEG-T,REC-0543
seg:SEG-T,REC-0544
seg:SEG-T,REC-0546
seg:SEG-T,REC-0554
seg:SEG-T,REC-0556
seg:SEG-T,REC-0558
seg:SEG-T,REC-0560
seg:SEG-T,REC-0561
seg:SEG-T,REC-0563
seg:SEG-T,REC-0564
seg:SEG-T,REC-0566
seg:SEG-T,REC-0568
seg:SEG-T,REC-0571
seg:SEG-T,REC-0572
seg:SEG-T,REC-0575
seg:SEG-T,REC-0576
seg:SEG-T,REC-0577
seg:SEG-T,REC-0578
seg:SEG-T,REC-0582
seg:SEG-T,REC-0583
seg:SEG-T,REC-0585
seg:SEG-T,REC-0586
seg:SEG-T,REC-0588
seg:SEG-T,REC-0589
seg:SEG-T,REC-0590
seg:SEG-T,REC-0592
seg:SEG-T,REC-0593
seg:SEG-T,REC-0594
seg:SEG-T,REC-0595
seg:SEG-T,REC-0598
seg:SEG-T,REC-0605
seg:SEG-T,REC-0607
seg:SEG-T,REC-0608
seg:SEG-T,REC-0610
seg:SEG-T,REC-0611
seg:SEG-T,REC-0613
seg:SEG-T,REC-0614
seg:SEG-T,REC-0617
seg:SEG-T,REC-0619
seg:SEG-T,REC-0621
seg:SEG-T,REC-0622
seg:SEG-T,REC-0623
seg:SEG-T,REC-0625
seg:SEG-T,REC-0628
seg:SEG-T,REC-0630
seg:SEG-T,REC-0632
seg:SEG-T,REC-0635
seg:SEG-T,REC-0636
seg:SEG-T,REC-0637
seg:SEG-T,REC-0639
seg:SEG-T,REC-0640
seg:SEG-T,REC-0641
seg:SEG-T,REC-0644
seg:SEG-T,REC-0646
seg:SEG-T,REC-0647
seg:SEG-T,REC-0648
seg:SEG-T,REC-0649
seg:SEG-T,REC-0650
seg:SEG-T,REC-0652
seg:SEG-T,REC-0656
seg:SEG-T,REC-0658
seg:SEG-T,REC-0660
seg:SEG-T,REC-0661
seg:SEG-T,REC-0662
seg:SEG-T,REC-0666
seg:SEG-T,REC-0672
seg:SEG-T,REC-0679
seg:SEG-T,REC-0682
seg:SEG-T,REC-0683
seg:SEG-T,REC-0685
seg:SEG-T,REC-0688
seg:SEG-T,REC-0689
seg:SEG-T,REC-0690
seg:SEG-T,REC-0691
seg:SEG-T,REC-0694
seg:SEG-T,REC-0695
seg:SEG-T,REC-0696
seg:SEG-T,REC-0697
seg:SEG-T,REC-0698
seg:SEG-T,REC-0699
seg:SEG-T,REC-0704
seg:SEG-T,REC-0706
seg:SEG-T,REC-0707
seg:SEG-T,REC-0710
seg:SEG-T,REC-0716
seg:SEG-T,REC-0719
seg:SEG-T,REC-0724
seg:SEG-T,REC-0726
seg:SEG-T,REC-0728
seg:SEG-T,REC-0730
seg:SEG-T,REC-0732
seg:SEG-T,REC-0738
seg:SEG-T,REC-0742
seg:SEG-T,REC-0747
seg:SEG-T,REC-0748
seg:SEG-T,REC-0749
seg:SEG-T,REC-0750
seg:SEG-T,REC-0751
seg:SEG-T,REC-0753
seg:SEG-T,REC-0754
seg:SEG-T,REC-0757
seg:SEG-T,REC-0758
seg:SEG-T,REC-0760
seg:SEG-T,REC-0761
seg:SEG-T,REC-0762
seg:SEG-T,REC-0765
seg:SEG-T,REC-0768
seg:SEG-T,REC-0769
seg:SEG-T,REC-0772
seg:SEG-T,REC-0773
seg:SEG-T,REC-0777
seg:SEG-T,REC-0778
seg:SEG-T,REC-0779
seg:SEG-T,REC-0781
seg:SEG-T,REC-0782
seg:SEG-T,REC-0785
seg:SEG-T,REC-0786
seg:SEG-T,REC-0787
seg:SEG-T,REC-0788
seg:SEG-T,REC-0791
seg:SEG-T,REC-0793
seg:SEG-T,REC-0795
seg:SEG-T,REC-0797
seg:SEG-T,REC-0799
opp:O1,REC-0006
opp:O1,REC-0008
opp:O1,REC-0009
opp:O1,REC-0012
opp:O1,REC-0018
opp:O1,REC-0019
opp:O1,REC-0020
opp:O1,REC-0022
opp:O1,REC-0025
opp:O1,REC-0031
opp:O1,REC-0032
opp:O1,REC-0034
opp:O1,REC-0039
opp:O1,REC-0041
opp:O1,REC-0043
opp:O1,REC-0044
opp:O1,REC-0048
opp:O1,REC-0049
opp:O1,REC-0054
opp:O1,REC-0055
opp:O1,REC-0056
opp:O1,REC-0057
opp:O1,REC-0061
opp:O1,REC-0063
opp:O1,REC-0066
opp:O1,REC-0068
opp:O1,REC-0069
opp:O1,REC-0070
opp:O1,REC-0071
opp:O1,REC-0073
opp:O1,REC-0086
opp:O1,REC-0091
opp:O1,REC-0093
opp:O1,REC-0095
opp:O1,REC-0098
opp:O1,REC-0103
opp:O1,REC-0104
opp:O1,REC-0106
opp:O1,REC-0107
opp:O1,REC-0109
opp:O1,REC-0110
opp:O1,REC-0111
opp:O1,REC-0112
opp:O1,REC-0113
opp:O1,REC-0117
opp:O1,REC-0119
opp:O1,REC-0120
opp:O1,REC-0121
opp:O1,REC-0122
opp:O1,REC-0124
opp:O1,REC-0127
opp:O1,REC-0129
opp:O1,REC-0130
opp:O1,REC-0134
opp:O1,REC-0135
opp:O1,REC-0144
opp:O1,REC-0146
opp:O1,REC-0148
opp:O1,REC-0149
opp:O1,REC-0150
opp:O1,REC-0156
opp:O1,REC-0157
opp:O1,REC-0162
opp:O1,REC-0164
opp:O1,REC-0168
opp:O1,REC-0171
opp:O1,REC-0172
opp:O1,REC-0174
opp:O1,REC-0175
opp:O1,REC-0179
opp:O1,REC-0180
opp:O1,REC-0183
opp:O1,REC-0184
opp:O1,REC-0186
opp:O1,REC-0188
opp:O1,REC-0192
opp:O1,REC-0193
opp:O1,REC-0196
opp:O1,REC-0198
opp:O1,REC-0199
opp:O1,REC-0200
opp:O1,REC-0201
opp:O1,REC-0202
opp:O1,REC-0207
opp:O1,REC-0208
opp:O1,REC-0209
opp:O1,REC-0210
opp:O1,REC-0212
opp:O1,REC-0215
opp:O1,REC-0216
opp:O1,REC-0217
opp:O1,REC-0220
opp:O1,REC-0221
opp:O1,REC-0223
opp:O1,REC-0224
opp:O1,REC-0229
opp:O1,REC-0230
opp:O1,REC-0232
opp:O1,REC-0236
opp:O1,REC-0237
opp:O1,REC-0238
opp:O1,REC-0239
opp:O1,REC-0240
opp:O1,REC-0241
opp:O1,REC-0245
opp:O1,REC-0247
opp:O1,REC-0251
opp:O1,REC-0252
opp:O1,REC-0254
opp:O1,REC-0258
opp:O1,REC-0264
opp:O1,REC-0265
opp:O1,REC-0267
opp:O1,REC-0269
opp:O1,REC-0270
opp:O1,REC-0273
opp:O1,REC-0277
opp:O1,REC-0278
opp:O1,REC-0280
opp:O1,REC-0283
opp:O1,REC-0284
opp:O1,REC-0285
opp:O1,REC-0287
opp:O1,REC-0288
opp:O1,REC-0289
opp:O1,REC-0298
opp:O1,REC-0300
opp:O1,REC-0301
opp:O1,REC-0305
opp:O1,REC-0306
opp:O1,REC-0308
opp:O1,REC-0310
opp:O1,REC-0311
opp:O1,REC-0312
opp:O1,REC-0313
opp:O1,REC-0314
opp:O1,REC-0315
opp:O1,REC-0319
opp:O1,REC-0321
opp:O1,REC-0322
opp:O1,REC-0324
opp:O1,REC-0325
opp:O1,REC-0327
opp:O1,REC-0328
opp:O1,REC-0336
opp:O1,REC-0339
opp:O1,REC-0341
opp:O1,REC-0343
opp:O1,REC-0349
opp:O1,REC-0350
opp:O1,REC-0352
opp:O1,REC-0353
opp:O1,REC-0354
opp:O1,REC-0357
opp:O1,REC-0358
opp:O1,REC-0361
opp:O1,REC-0362
opp:O1,REC-0364
opp:O1,REC-0365
opp:O1,REC-0366
opp:O1,REC-0373
opp:O1,REC-0374
opp:O1,REC-0378
opp:O1,REC-0381
opp:O1,REC-0383
opp:O1,REC-0387
opp:O1,REC-0391
opp:O1,REC-0399
opp:O1,REC-0401
opp:O1,REC-0406
opp:O1,REC-0407
opp:O1,REC-0410
opp:O1,REC-0411
opp:O1,REC-0412
opp:O1,REC-0415
opp:O1,REC-0416
opp:O1,REC-0424
opp:O1,REC-0425
opp:O1,REC-0430
opp:O1,REC-0431
opp:O1,REC-0433
opp:O1,REC-0442
opp:O1,REC-0443
opp:O1,REC-0445
opp:O1,REC-0451
opp:O1,REC-0456
opp:O1,REC-0459
opp:O1,REC-0460
opp:O1,REC-0465
opp:O1,REC-0467
opp:O1,REC-0470
opp:O1,REC-0471
opp:O1,REC-0473
opp:O1,REC-0474
opp:O1,REC-0481
opp:O1,REC-0484
opp:O1,REC-0486
opp:O1,REC-0488
opp:O1,REC-0497
opp:O1,REC-0498
opp:O1,REC-0502
opp:O1,REC-0503
opp:O1,REC-0506
opp:O1,REC-0510
opp:O1,REC-0511
opp:O1,REC-0512
opp:O1,REC-0516
opp:O1,REC-0522
opp:O1,REC-0523
opp:O1,REC-0524
opp:O1,REC-0525
opp:O1,REC-0526
opp:O1,REC-0527
opp:O1,REC-0528
opp:O1,REC-0530
opp:O1,REC-0531
opp:O1,REC-0533
opp:O1,REC-0534
opp:O1,REC-0540
opp:O1,REC-0541
opp:O1,REC-0542
opp:O1,REC-0544
opp:O1,REC-0546
opp:O1,REC-0550
opp:O1,REC-0555
opp:O1,REC-0559
opp:O1,REC-0560
opp:O1,REC-0562
opp:O1,REC-0566
opp:O1,REC-0569
opp:O1,REC-0574
opp:O1,REC-0576
opp:O1,REC-0577
opp:O1,REC-0581
opp:O1,REC-0582
opp:O1,REC-0587
opp:O1,REC-0592
opp:O1,REC-0595
opp:O1,REC-0597
opp:O1,REC-0599
opp:O1,REC-0605
opp:O1,REC-0606
opp:O1,REC-0608
opp:O1,REC-0613
opp:O1,REC-0614
opp:O1,REC-0615
opp:O1,REC-0618
opp:O1,REC-0622
opp:O1,REC-0623
opp:O1,REC-0625
opp:O1,REC-0627
opp:O1,REC-0630
opp:O1,REC-0632
opp:O1,REC-0638
opp:O1,REC-0640
opp:O1,REC-0644
opp:O1,REC-0646
opp:O1,REC-0647
opp:O1,REC-0648
opp:O1,REC-0649
opp:O1,REC-0650
opp:O1,REC-0654
opp:O1,REC-0656
opp:O1,REC-0658
opp:O1,REC-0660
opp:O1,REC-0661
opp:O1,REC-0665
opp:O1,REC-0672
opp:O1,REC-0673
opp:O1,REC-0676
opp:O1,REC-0683
opp:O1,REC-0685
opp:O1,REC-0688
opp:O1,REC-0692
opp:O1,REC-0694
opp:O1,REC-0696
opp:O1,REC-0697
opp:O1,REC-0699
opp:O1,REC-0701
opp:O1,REC-0705
opp:O1,REC-0707
opp:O1,REC-0708
opp:O1,REC-0715
opp:O1,REC-0717
opp:O1,REC-0719
opp:O1,REC-0725
opp:O1,REC-0726
opp:O1,REC-0728
opp:O1,REC-0729
opp:O1,REC-0735
opp:O1,REC-0737
opp:O1,REC-0740
opp:O1,REC-0742
opp:O1,REC-0745
opp:O1,REC-0746
opp:O1,REC-0749
opp:O1,REC-0750
opp:O1,REC-0751
opp:O1,REC-0753
opp:O1,REC-0759
opp:O1,REC-0764
opp:O1,REC-0765
opp:O1,REC-0769
opp:O1,REC-0771
opp:O1,REC-0772
opp:O1,REC-0773
opp:O1,REC-0775
opp:O1,REC-0778
opp:O1,REC-0779
opp:O1,REC-0781
opp:O1,REC-0782
opp:O1,REC-0783
opp:O1,REC-0784
opp:O1,REC-0788
opp:O1,REC-0789
opp:O1,REC-0790
opp:O1,REC-0791
opp:O1,REC-0792
opp:O1,REC-0795
opp:O1,REC-0796
opp:O1,REC-0797
opp:O1,REC-0799
node:D1:condition,REC-0001
node:D1:condition,REC-0002
node:D1:condition,REC-0003
node:D1:condition,REC-0004
node:D1:condition,REC-0005
node:D1:condition,REC-0006
node:D1:condition,REC-0007
node:D1:condition,REC-0008
node:D1:condition,REC-0010
node:D1:condition,REC-0011
node:D1:condition,REC-0012
node:D1:condition,REC-0013
node:D1:condition,REC-0014
node:D1:condition,REC-0015
node:D1:condition,REC-0016
node:D1:condition,REC-0017
node:D1:condition,REC-0018
node:D1:condition,REC-0019
node:D1:condition,REC-0021
node:D1:condition,REC-0022
node:D1:condition,REC-0023
node:D1:condition,REC-0024
node:D1:condition,REC-0026
node:D1:condition,REC-0027
node:D1:condition,REC-0028
node:D1:condition,REC-0029
node:D1:condition,REC-0030
node:D1:condition,REC-0032
node:D1:condition,REC-0033
node:D1:condition,REC-0035
node:D1:condition,REC-0036
node:D1:condition,REC-0039
node:D1:condition,REC-0040
node:D1:condition,REC-0041
node:D1:condition,REC-0043
node:D1:condition,REC-0045
node:D1:condition,REC-0047
node:D1:condition,REC-0050
node:D1:condition,REC-0051
node:D1:condition,REC-0052
node:D1:condition,REC-0053
node:D1:condition,REC-0054
node:D1:condition,REC-0056
node:D1:condition,REC-0057
node:D1:condition,REC-0058
node:D1:condition,REC-0059
node:D1:condition,REC-0060
node:D1:condition,REC-0061
node:D1:condition,REC-0062
node:D1:condition,REC-0064
node:D1:condition,REC-0065
node:D1:condition,REC-0066
node:D1:condition,REC-0067
node:D1:condition,REC-0068
node:D1:condition,REC-0069
node:D1:condition,REC-0070
node:D1:condition,REC-0072
node:D1:condition,REC-0073
node:D1:condition,REC-0074
node:D1:condition,REC-0075
node:D1:condition,REC-0076
node:D1:condition,REC-0077
node:D1:condition,REC-0078
node:D1:condition,REC-0079
node:D1:condition,REC-0080
node:D1:condition,REC-0083
node:D1:condition,REC-0084
node:D1:condition,REC-0085
node:D1:condition,REC-0087
node:D1:condition,REC-0088
node:D1:condition,REC-0089
node:D1:condition,REC-0090
node:D1:condition,REC-0091
node:D1:condition,REC-0092
node:D1:condition,REC-0094
node:D1:condition,REC-0095
node:D1:condition,REC-0096
node:D1:condition,REC-0097
node:D1:condition,REC-0098
node:D1:condition,REC-0099
node:D1:condition,REC-0100
node:D1:condition,REC-0101
node:D1:condition,REC-0102
node:D1:condition,REC-0103
node:D1:condition,REC-0104
node:D1:condition,REC-0106
node:D1:condition,REC-0108
node:D1:condition,REC-0112
node:D1:condition,REC-0114
node:D1:condition,REC-0115
node:D1:condition,REC-0116
node:D1:condition,REC-0117
node:D1:condition,REC-0118
node:D1:condition,REC-0120
node:D1:condition,REC-0121
node:D1:condition,REC-0123
node:D1:condition,REC-0124
node:D1:condition,REC-0126
node:D1:condition,REC-0127
node:D1:condition,REC-0128
node:D1:condition,REC-0129
node:D1:condition,REC-0130
node:D1:condition,REC-0132
node:D1:condition,REC-0133
node:D1:condition,REC-0135
node:D1:condition,REC-0136
node:D1:condition,REC-0139
node:D1:condition,REC-0140
node:D1:condition,REC-0141
node:D1:condition,REC-0142
node:D1:condition,REC-0143
node:D1:condition,REC-0144
node:D1:condition,REC-0146
node:D1:condition,REC-0147
node:D1:condition,REC-0148
node:D1:condition,REC-0149
node:D1:condition,REC-0150
node:D1:condition,REC-0151
node:D1:condition,REC-0152
node:D1:condition,REC-0153
node:D1:condition,REC-0154
node:D1:condition,REC-0155
node:D1:condition,REC-0156
node:D1:condition,REC-0157
node:D1:condition,REC-0158
node:D1:condition,REC-0159
node:D1:condition,REC-0160
node:D1:condition,REC-0161
node:D1:condition,REC-0162
node:D1:condition,REC-0163
node:D1:condition,REC-0164
node:D1:condition,REC-0167
node:D1:condition,REC-0168
node:D1:condition,REC-0169
node:D1:condition,REC-0170
node:D1:condition,REC-0172
node:D1:condition,REC-0173
node:D1:condition,REC-0174
node:D1:condition,REC-0177
node:D1:condition,REC-0178
node:D1:condition,REC-0179
node:D1:condition,REC-0181
node:D1:condition,REC-0182
node:D1:condition,REC-0183
node:D1:condition,REC-0185
node:D1:condition,REC-0186
node:D1:condition,REC-0187
node:D1:condition,REC-0188
node:D1:condition,REC-0189
node:D1:condition,REC-0190
node:D1:condition,REC-0191
node:D1:condition,REC-0193
node:D1:condition,REC-0194
node:D1:condition,REC-0195
node:D1:condition,REC-0196
node:D1:condition,REC-0197
node:D1:condition,REC-0199
node:D1:condition,REC-0200
node:D1:condition,REC-0201
node:D1:condition,REC-0202
node:D1:condition,REC-0204
node:D1:condition,REC-0205
node:D1:condition,REC-0206
node:D1:condition,REC-0207
node:D1:condition,REC-0209
node:D1:condition,REC-0211
node:D1:condition,REC-0213
node:D1:condition,REC-0214
node:D1:condition,REC-0216
node:D1:condition,REC-0219
node:D1:condition,REC-0220
node:D1:condition,REC-0221
node:D1:condition,REC-0222
node:D1:condition,REC-0223
node:D1:condition,REC-0224
node:D1:condition,REC-0225
node:D1:condition,REC-0226
node:D1:condition,REC-0227
node:D1:condition,REC-0228
node:D1:condition,REC-0230
node:D1:condition,REC-0234
node:D1:condition,REC-0236
node:D1:condition,REC-0238
node:D1:condition,REC-0239
node:D1:condition,REC-0242
node:D1:condition,REC-0243
node:D1:condition,REC-0244
node:D1:condition,REC-0245
node:D1:condition,REC-0246
node:D1:condition,REC-0247
node:D1:condition,REC-0248
node:D1:condition,REC-0249
node:D1:condition,REC-0250
node:D1:condition,REC-0251
node:D1:condition,REC-0252
node:D1:condition,REC-0253
node:D1:condition,REC-0255
node:D1:condition,REC-0257
node:D1:condition,REC-0258
node:D1:condition,REC-0259
node:D1:condition,REC-0260
node:D1:condition,REC-0264
node:D1:condition,REC-0265
node:D1:condition,REC-0266
node:D1:condition,REC-0268
node:D1:condition,REC-0269
node:D1:condition,REC-0272
node:D1:condition,REC-0273
node:D1:condition,REC-0274
node:D1:condition,REC-0275
node:D1:condition,REC-0276
node:D1:condition,REC-0278
node:D1:condition,REC-0280
node:D1:condition,REC-0281
node:D1:condition,REC-0282
node:D1:condition,REC-0283
node:D1:condition,REC-0285
node:D1:condition,REC-0286
node:D1:condition,REC-0287
node:D1:condition,REC-0288
node:D1:condition,REC-0290
node:D1:condition,REC-0291
node:D1:condition,REC-0292
node:D1:condition,REC-0294
node:D1:condition,REC-0295
node:D1:condition,REC-0296
node:D1:condition,REC-0297
node:D1:condition,REC-0298
node:D1:condition,REC-0299
node:D1:condition,REC-0301
node:D1:condition,REC-0302
node:D1:condition,REC-0303
node:D1:condition,REC-0304
node:D1:condition,REC-0305
node:D1:condition,REC-0307
node:D1:condition,REC-0310
node:D1:condition,REC-0314
node:D1:condition,REC-0315
node:D1:condition,REC-0316
node:D1:condition,REC-0317
node:D1:condition,REC-0318
node:D1:condition,REC-0319
node:D1:condition,REC-0320
node:D1:condition,REC-0323
node:D1:condition,REC-0325
node:D1:condition,REC-0326
node:D1:condition,REC-0327
node:D1:condition,REC-0328
node:D1:condition,REC-0329
node:D1:condition,REC-0330
node:D1:condition,REC-0331
node:D1:condition,REC-0332
node:D1:condition,REC-0333
node:D1:condition,REC-0334
node:D1:condition,REC-0335
node:D1:condition,REC-0336
node:D1:condition,REC-0337
node:D1:condition,REC-0338
node:D1:condition,REC-0339
node:D1:condition,REC-0340
node:D1:condition,REC-0342
node:D1:condition,REC-0343
node:D1:condition,REC-0344
node:D1:condition,REC-0346
node:D1:condition,REC-0347
node:D1:condition,REC-0348
node:D1:condition,REC-0349
node:D1:condition,REC-0350
node:D1:condition,REC-0351
node:D1:condition,REC-0353
node:D1:condition,REC-0354
node:D1:condition,REC-0355
node:D1:condition,REC-0356
node:D1:condition,REC-0357
node:D1:condition,REC-0358
node:D1:condition,REC-0359
node:D1:condition,REC-0362
node:D1:condition,REC-0363
node:D1:condition,REC-0364
node:D1:condition,REC-0366
node:D1:condition,REC-0367
node:D1:condition,REC-0369
node:D1:condition,REC-0370
node:D1:condition,REC-0371
node:D1:condition,REC-0372
node:D1:condition,REC-0373
node:D1:condition,REC-0374
node:D1:condition,REC-0375
node:D1:condition,REC-0376
node:D1:condition,REC-0377
node:D1:condition,REC-0379
node:D1:condition,REC-0380
node:D1:condition,REC-0382
node:D1:condition,REC-0384
node:D1:condition,REC-0386
node:D1:condition,REC-0387
node:D1:condition,REC-0388
node:D1:condition,REC-0389
node:D1:condition,REC-0390
node:D1:condition,REC-0391
node:D1:condition,REC-0392
node:D1:condition,REC-0394
node:D1:condition,REC-0395
node:D1:condition,REC-0396
node:D1:condition,REC-0397
node:D1:condition,REC-0398
node:D1:condition,REC-0399
node:D1:condition,REC-0400
node:D1:condition,REC-0401
node:D1:condition,REC-0402
node:D1:condition,REC-0403
node:D1:condition,REC-0404
node:D1:condition,REC-0406
node:D1:condition,REC-0407
node:D1:condition,REC-0408
node:D1:condition,REC-0412
node:D1:condition,REC-0413
node:D1:condition,REC-0414
node:D1:condition,REC-0415
node:D1:condition,REC-0416
node:D1:condition,REC-0418
node:D1:condition,REC-0419
node:D1:condition,REC-0420
node:D1:condition,REC-0422
node:D1:condition,REC-0423
node:D1:condition,REC-0424
node:D1:condition,REC-0425
node:D1:condition,REC-0426
node:D1:condition,REC-0427
node:D1:condition,REC-0428
node:D1:condition,REC-0429
node:D1:condition,REC-0431
node:D1:condition,REC-0433
node:D1:condition,REC-0434
node:D1:condition,REC-0435
node:D1:condition,REC-0437
node:D1:condition,REC-0438
node:D1:condition,REC-0439
node:D1:condition,REC-0442
node:D1:condition,REC-0443
node:D1:condition,REC-0444
node:D1:condition,REC-0445
node:D1:condition,REC-0446
node:D1:condition,REC-0447
node:D1:condition,REC-0449
node:D1:condition,REC-0450
node:D1:condition,REC-0453
node:D1:condition,REC-0455
node:D1:condition,REC-0456
node:D1:condition,REC-0457
node:D1:condition,REC-0458
node:D1:condition,REC-0459
node:D1:condition,REC-0460
node:D1:condition,REC-0461
node:D1:condition,REC-0462
node:D1:condition,REC-0463
node:D1:condition,REC-0466
node:D1:condition,REC-0467
node:D1:condition,REC-0469
node:D1:condition,REC-0470
node:D1:condition,REC-0471
node:D1:condition,REC-0472
node:D1:condition,REC-0473
node:D1:condition,REC-0474
node:D1:condition,REC-0477
node:D1:condition,REC-0479
node:D1:condition,REC-0480
node:D1:condition,REC-0482
node:D1:condition,REC-0483
node:D1:condition,REC-0485
node:D1:condition,REC-0487
node:D1:condition,REC-0488
node:D1:condition,REC-0489
node:D1:condition,REC-0490
node:D1:condition,REC-0492
node:D1:condition,REC-0493
node:D1:condition,REC-0494
node:D1:condition,REC-0495
node:D1:condition,REC-0496
node:D1:condition,REC-0497
node:D1:condition,REC-0499
node:D1:condition,REC-0502
node:D1:condition,REC-0503
node:D1:condition,REC-0505
node:D1:condition,REC-0506
node:D1:condition,REC-0507
node:D1:condition,REC-0508
node:D1:condition,REC-0509
node:D1:condition,REC-0510
node:D1:condition,REC-0511
node:D1:condition,REC-0512
node:D1:condition,REC-0513
node:D1:condition,REC-0514
node:D1:condition,REC-0515
node:D1:condition,REC-0516
node:D1:condition,REC-0517
node:D1:condition,REC-0519
node:D1:condition,REC-0520
node:D1:condition,REC-0521
node:D1:condition,REC-0524
node:D1:condition,REC-0525
node:D1:condition,REC-0527
node:D1:condition,REC-0531
node:D1:condition,REC-0532
node:D1:condition,REC-0533
node:D1:condition,REC-0534
node:D1:condition,REC-0535
node:D1:condition,REC-0538
node:D1:condition,REC-0540
node:D1:condition,REC-0541
node:D1:condition,REC-0542
node:D1:condition,REC-0544
node:D1:condition,REC-0545
node:D1:condition,REC-0546
node:D1:condition,REC-0547
node:D1:condition,REC-0548
node:D1:condition,REC-0549
node:D1:condition,REC-0550
node:D1:condition,REC-0551
node:D1:condition,REC-0552
node:D1:condition,REC-0553
node:D1:condition,REC-0554
node:D1:condition,REC-0556
node:D1:condition,REC-0557
node:D1:condition,REC-0558
node:D1:condition,REC-0561
node:D1:condition,REC-0563
node:D1:condition,REC-0564
node:D1:condition,REC-0565
node:D1:condition,REC-0566
node:D1:condition,REC-0567
node:D1:condition,REC-0569
node:D1:condition,REC-0570
node:D1:condition,REC-0575
node:D1:condition,REC-0577
node:D1:condition,REC-0578
node:D1:condition,REC-0579
node:D1:condition,REC-0580
node:D1:condition,REC-0583
node:D1:condition,REC-0584
node:D1:condition,REC-0586
node:D1:condition,REC-0587
node:D1:condition,REC-0588
node:D1:condition,REC-0589
node:D1:condition,REC-0590
node:D1:condition,REC-0591
node:D1:condition,REC-0594
node:D1:condition,REC-0596
node:D1:condition,REC-0598
node:D1:condition,REC-0599
node:D1:condition,REC-0600
node:D1:condition,REC-0601
node:D1:condition,REC-0602
node:D1:condition,REC-0607
node:D1:condition,REC-0609
node:D1:condition,REC-0610
node:D1:condition,REC-0611
node:D1:condition,REC-0612
node:D1:condition,REC-0613
node:D1:condition,REC-0615
node:D1:condition,REC-0616
node:D1:condition,REC-0617
node:D1:condition,REC-0618
node:D1:condition,REC-0620
node:D1:condition,REC-0621
node:D1:condition,REC-0622
node:D1:condition,REC-0624
node:D1:condition,REC-0625
node:D1:condition,REC-0626
node:D1:condition,REC-0628
node:D1:condition,REC-0629
node:D1:condition,REC-0630
node:D1:condition,REC-0631
node:D1:condition,REC-0633
node:D1:condition,REC-0634
node:D1:condition,REC-0635
node:D1:condition,REC-0637
node:D1:condition,REC-0638
node:D1:condition,REC-0639
node:D1:condition,REC-0641
node:D1:condition,REC-0642
node:D1:condition,REC-0643
node:D1:condition,REC-0645
node:D1:condition,REC-0646
node:D1:condition,REC-0647
node:D1:condition,REC-0649
node:D1:condition,REC-0651
node:D1:condition,REC-0652
node:D1:condition,REC-0654
node:D1:condition,REC-0655
node:D1:condition,REC-0657
node:D1:condition,REC-0660
node:D1:condition,REC-0661
node:D1:condition,REC-0662
node:D1:condition,REC-0663
node:D1:condition,REC-0664
node:D1:condition,REC-0665
node:D1:condition,REC-0666
node:D1:condition,REC-0667
node:D1:condition,REC-0668
node:D1:condition,REC-0669
node:D1:condition,REC-0670
node:D1:condition,REC-0673
node:D1:condition,REC-0674
node:D1:condition,REC-0675
node:D1:condition,REC-0676
node:D1:condition,REC-0677
node:D1:condition,REC-0678
node:D1:condition,REC-0679
node:D1:condition,REC-0681
node:D1:condition,REC-0682
node:D1:condition,REC-0684
node:D1:condition,REC-0686
node:D1:condition,REC-0688
node:D1:condition,REC-0689
node:D1:condition,REC-0690
node:D1:condition,REC-0691
node:D1:condition,REC-0692
node:D1:condition,REC-0693
node:D1:condition,REC-0694
node:D1:condition,REC-0695
node:D1:condition,REC-0696
node:D1:condition,REC-0698
node:D1:condition,REC-0700
node:D1:condition,REC-0702
node:D1:condition,REC-0703
node:D1:condition,REC-0704
node:D1:condition,REC-0705
node:D1:condition,REC-0706
node:D1:condition,REC-0707
node:D1:condition,REC-0708
node:D1:condition,REC-0709
node:D1:condition,REC-0710
node:D1:condition,REC-0711
node:D1:condition,REC-0712
node:D1:condition,REC-0713
node:D1:condition,REC-0714
node:D1:condition,REC-0716
node:D1:condition,REC-0718
node:D1:condition,REC-0719
node:D1:condition,REC-0720
node:D1:condition,REC-0722
node:D1:condition,REC-0723
node:D1:condition,REC-0724
node:D1:condition,REC-0727
node:D1:condition,REC-0728
node:D1:condition,REC-0729
node:D1:condition,REC-0732
node:D1:condition,REC-0733
node:D1:condition,REC-0735
node:D1:condition,REC-0736
node:D1:condition,REC-0737
node:D1:condition,REC-0738
node:D1:condition,REC-0739
node:D1:condition,REC-0740
node:D1:condition,REC-0741
node:D1:condition,REC-0743
node:D1:condition,REC-0744
node:D1:condition,REC-0745
node:D1:condition,REC-0748
node:D1:condition,REC-0753
node:D1:condition,REC-0754
node:D1:condition,REC-0755
node:D1:condition,REC-0757
node:D1:condition,REC-0758
node:D1:condition,REC-0760
node:D1:condition,REC-0761
node:D1:condition,REC-0763
node:D1:condition,REC-0764
node:D1:condition,REC-0765
node:D1:condition,REC-0766
node:D1:condition,REC-0767
node:D1:condition,REC-0768
node:D1:condition,REC-0769
node:D1:condition,REC-0770
node:D1:condition,REC-0771
node:D1:condition,REC-0774
node:D1:condition,REC-0775
node:D1:condition,REC-0776
node:D1:condition,REC-0777
node:D1:condition,REC-0779
node:D1:condition,REC-0780
node:D1:condition,REC-0783
node:D1:condition,REC-0784
node:D1:condition,REC-0785
node:D1:condition,REC-0786
node:D1:condition,REC-0787
node:D1:condition,REC-0788
node:D1:condition,REC-0793
node:D1:condition,REC-0794
node:D1:condition,REC-0795
node:D1:condition,REC-0797
node:D1:condition,REC-0798
node:D1:condition,REC-0800
node:D2:breakdown,REC-0006
node:D2:breakdown,REC-0008
node:D2:breakdown,REC-0009
node:D2:breakdown,REC-0012
node:D2:breakdown,REC-0018
node:D2:breakdown,REC-0019
node:D2:breakdown,REC-0020
node:D2:breakdown,REC-0022
node:D2:breakdown,REC-0025
node:D2:breakdown,REC-0031
node:D2:breakdown,REC-0032
node:D2:breakdown,REC-0034
node:D2:breakdown,REC-0039
node:D2:breakdown,REC-0041
node:D2:breakdown,REC-0043
node:D2:breakdown,REC-0044
node:D2:breakdown,REC-0048
node:D2:breakdown,REC-0049
node:D2:breakdown,REC-0054
node:D2:breakdown,REC-0055
node:D2:breakdown,REC-0056
node:D2:breakdown,REC-0057
node:D2:breakdown,REC-0061
node:D2:breakdown,REC-0063
node:D2:breakdown,REC-0066
node:D2:breakdown,REC-0068
node:D2:breakdown,REC-0069
node:D2:breakdown,REC-0070
node:D2:breakdown,REC-0071
node:D2:breakdown,REC-0073
node:D2:breakdown,REC-0086
node:D2:breakdown,REC-0091
node:D2:breakdown,REC-0093
node:D2:breakdown,REC-0095
node:D2:breakdown,REC-0098
node:D2:breakdown,REC-0103
node:D2:breakdown,REC-0104
node:D2:breakdown,REC-0106
node:D2:breakdown,REC-0107
node:D2:breakdown,REC-0109
node:D2:breakdown,REC-0110
node:D2:breakdown,REC-0111
node:D2:breakdown,REC-0112
node:D2:breakdown,REC-0113
node:D2:breakdown,REC-0117
node:D2:breakdown,REC-0119
node:D2:breakdown,REC-0120
node:D2:breakdown,REC-0121
node:D2:breakdown,REC-0122
node:D2:breakdown,REC-0124
node:D2:breakdown,REC-0127
node:D2:breakdown,REC-0129
node:D2:breakdown,REC-0130
node:D2:breakdown,REC-0134
node:D2:breakdown,REC-0135
node:D2:breakdown,REC-0144
node:D2:breakdown,REC-0146
node:D2:breakdown,REC-0148
node:D2:breakdown,REC-0149
node:D2:breakdown,REC-0150
node:D2:breakdown,REC-0156
node:D2:breakdown,REC-0157
node:D2:breakdown,REC-0162
node:D2:breakdown,REC-0164
node:D2:breakdown,REC-0168
node:D2:breakdown,REC-0171
node:D2:breakdown,REC-0172
node:D2:breakdown,REC-0174
node:D2:breakdown,REC-0175
node:D2:breakdown,REC-0179
node:D2:breakdown,REC-0180
node:D2:breakdown,REC-0183
node:D2:breakdown,REC-0184
node:D2:breakdown,REC-0186
node:D2:breakdown,REC-0188
node:D2:breakdown,REC-0192
node:D2:breakdown,REC-0193
node:D2:breakdown,REC-0196
node:D2:breakdown,REC-0198
node:D2:breakdown,REC-0199
node:D2:breakdown,REC-0200
node:D2:breakdown,REC-0201
node:D2:breakdown,REC-0202
node:D2:breakdown,REC-0207
node:D2:breakdown,REC-0208
node:D2:breakdown,REC-0209
node:D2:breakdown,REC-0210
node:D2:breakdown,REC-0212
node:D2:breakdown,REC-0215
node:D2:breakdown,REC-0216
node:D2:breakdown,REC-0217
node:D2:breakdown,REC-0220
node:D2:breakdown,REC-0221
node:D2:breakdown,REC-0223
node:D2:breakdown,REC-0224
node:D2:breakdown,REC-0229
node:D2:breakdown,REC-0230
node:D2:breakdown,REC-0232
node:D2:breakdown,REC-0236
node:D2:breakdown,REC-0237
node:D2:breakdown,REC-0238
node:D2:breakdown,REC-0239
node:D2:breakdown,REC-0240
node:D2:breakdown,REC-0241
node:D2:breakdown,REC-0245
node:D2:breakdown,REC-0247
node:D2:breakdown,REC-0251
node:D2:breakdown,REC-0252
node:D2:breakdown,REC-0254
node:D2:breakdown,REC-0258
node:D2:breakdown,REC-0264
node:D2:breakdown,REC-0265
node:D2:breakdown,REC-0267
node:D2:breakdown,REC-0269
node:D2:breakdown,REC-0270
node:D2:breakdown,REC-0273
node:D2:breakdown,REC-0277
node:D2:breakdown,REC-0278
node:D2:breakdown,REC-0280
node:D2:breakdown,REC-0283
node:D2:breakdown,REC-0284
node:D2:breakdown,REC-0285
node:D2:breakdown,REC-0287
node:D2:breakdown,REC-0288
node:D2:breakdown,REC-0289
node:D2:breakdown,REC-0298
node:D2:breakdown,REC-0300
node:D2:breakdown,REC-0301
node:D2:breakdown,REC-0305
node:D2:breakdown,REC-0306
node:D2:breakdown,REC-0308
node:D2:breakdown,REC-0310
node:D2:breakdown,REC-0311
node:D2:breakdown,REC-0312
node:D2:breakdown,REC-0313
node:D2:breakdown,REC-0314
node:D2:breakdown,REC-0315
node:D2:breakdown,REC-0319
node:D2:breakdown,REC-0321
node:D2:breakdown,REC-0322
node:D2:breakdown,REC-0324
node:D2:breakdown,REC-0325
node:D2:breakdown,REC-0327
node:D2:breakdown,REC-0328
node:D2:breakdown,REC-0336
node:D2:breakdown,REC-0339
node:D2:breakdown,REC-0341
node:D2:breakdown,REC-0343
node:D2:breakdown,REC-0349
node:D2:breakdown,REC-0350
node:D2:breakdown,REC-0352
node:D2:breakdown,REC-0353
node:D2:breakdown,REC-0354
node:D2:breakdown,REC-0357
node:D2:breakdown,REC-0358
node:D2:breakdown,REC-0361
node:D2:breakdown,REC-0362
node:D2:breakdown,REC-0364
node:D2:breakdown,REC-0365
node:D2:breakdown,REC-0366
node:D2:breakdown,REC-0373
node:D2:breakdown,REC-0374
node:D2:breakdown,REC-0378
node:D2:breakdown,REC-0381
node:D2:breakdown,REC-0383
node:D2:breakdown,REC-0387
node:D2:breakdown,REC-0391
node:D2:breakdown,REC-0399
node:D2:breakdown,REC-0401
node:D2:breakdown,REC-0406
node:D2:breakdown,REC-0407
node:D2:breakdown,REC-0410
node:D2:breakdown,REC-0411
node:D2:breakdown,REC-0412
node:D2:breakdown,REC-0415
node:D2:breakdown,REC-0416
node:D2:breakdown,REC-0424
node:D2:breakdown,REC-0425
node:D2:breakdown,REC-0430
node:D2:breakdown,REC-0431
node:D2:breakdown,REC-0433
node:D2:breakdown,REC-0442
node:D2:breakdown,REC-0443
node:D2:breakdown,REC-0445
node:D2:breakdown,REC-0451
node:D2:breakdown,REC-0456
node:D2:breakdown,REC-0459
node:D2:breakdown,REC-0460
node:D2:breakdown,REC-0465
node:D2:breakdown,REC-0467
node:D2:breakdown,REC-0470
node:D2:breakdown,REC-0471
node:D2:breakdown,REC-0473
node:D2:breakdown,REC-0474
node:D2:breakdown,REC-0481
node:D2:breakdown,REC-0484
node:D2:breakdown,REC-0486
node:D2:breakdown,REC-0488
node:D2:breakdown,REC-0497
node:D2:breakdown,REC-0498
node:D2:breakdown,REC-0502
node:D2:breakdown,REC-0503
node:D2:breakdown,REC-0506
node:D2:breakdown,REC-0510
node:D2:breakdown,REC-0511
node:D2:breakdown,REC-0512
node:D2:breakdown,REC-0516
node:D2:breakdown,REC-0522
node:D2:breakdown,REC-0523
node:D2:breakdown,REC-0524
node:D2:breakdown,REC-0525
node:D2:breakdown,REC-0526
node:D2:breakdown,REC-0527
node:D2:breakdown,REC-0528
node:D2:breakdown,REC-0530
node:D2:breakdown,REC-0531
node:D2:breakdown,REC-0533
node:D2:breakdown,REC-0534
node:D2:breakdown,REC-0540
node:D2:breakdown,REC-0541
node:D2:breakdown,REC-0542
node:D2:breakdown,REC-0544
node:D2:breakdown,REC-0546
node:D2:breakdown,REC-0550
node:D2:breakdown,REC-0555
node:D2:breakdown,REC-0559
node:D2:breakdown,REC-0560
node:D2:breakdown,REC-0562
node:D2:breakdown,REC-0566
node:D2:breakdown,REC-0569
node:D2:breakdown,REC-0574
node:D2:breakdown,REC-0576
node:D2:breakdown,REC-0577
node:D2:breakdown,REC-0581
node:D2:breakdown,REC-0582
node:D2:breakdown,REC-0587
node:D2:breakdown,REC-0592
node:D2:breakdown,REC-0595
node:D2:breakdown,REC-0597
node:D2:breakdown,REC-0599
node:D2:breakdown,REC-0605
node:D2:breakdown,REC-0606
node:D2:breakdown,REC-0608
node:D2:breakdown,REC-0613
node:D2:breakdown,REC-0614
node:D2:breakdown,REC-0615
node:D2:breakdown,REC-0618
node:D2:breakdown,REC-0622
node:D2:breakdown,REC-0623
node:D2:breakdown,REC-0625
node:D2:breakdown,REC-0627
node:D2:breakdown,REC-0630
node:D2:breakdown,REC-0632
node:D2:breakdown,REC-0638
node:D2:breakdown,REC-0640
node:D2:breakdown,REC-0644
node:D2:breakdown,REC-0646
node:D2:breakdown,REC-0647
node:D2:breakdown,REC-0648
node:D2:breakdown,REC-0649
node:D2:breakdown,REC-0650
node:D2:breakdown,REC-0654
node:D2:breakdown,REC-0656
node:D2:breakdown,REC-0658
node:D2:breakdown,REC-0660
node:D2:breakdown,REC-0661
node:D2:breakdown,REC-0665
node:D2:breakdown,REC-0672
node:D2:breakdown,REC-0673
node:D2:breakdown,REC-0676
node:D2:breakdown,REC-0683
node:D2:breakdown,REC-0685
node:D2:breakdown,REC-0688
node:D2:breakdown,REC-0692
node:D2:breakdown,REC-0694
node:D2:breakdown,REC-0696
node:D2:breakdown,REC-0697
node:D2:breakdown,REC-0699
node:D2:breakdown,REC-0701
node:D2:breakdown,REC-0705
node:D2:breakdown,REC-0707
node:D2:breakdown,REC-0708
node:D2:breakdown,REC-0715
node:D2:breakdown,REC-0717
node:D2:breakdown,REC-0719
node:D2:breakdown,REC-0725
node:D2:breakdown,REC-0726
node:D2:breakdown,REC-0728
node:D2:breakdown,REC-0729
node:D2:breakdown,REC-0735
node:D2:breakdown,REC-0737
node:D2:breakdown,REC-0740
node:D2:breakdown,REC-0742
node:D2:breakdown,REC-0745
node:D2:breakdown,REC-0746
node:D2:breakdown,REC-0749
node:D2:breakdown,REC-0750
node:D2:breakdown,REC-0751
node:D2:breakdown,REC-0753
node:D2:breakdown,REC-0759
node:D2:breakdown,REC-0764
node:D2:breakdown,REC-0765
node:D2:breakdown,REC-0769
node:D2:breakdown,REC-0771
node:D2:breakdown,REC-0772
node:D2:breakdown,REC-0773
node:D2:breakdown,REC-0775
node:D2:breakdown,REC-0778
node:D2:breakdown,REC-0779
node:D2:breakdown,REC-0781
node:D2:breakdown,REC-0782
node:D2:breakdown,REC-0783
node:D2:breakdown,REC-0784
node:D2:breakdown,REC-0788
node:D2:breakdown,REC-0789
node:D2:breakdown,REC-0790
node:D2:breakdown,REC-0791
node:D2:breakdown,REC-0792
node:D2:breakdown,REC-0795
node:D2:breakdown,REC-0796
node:D2:breakdown,REC-0797
node:D2:breakdown,REC-0799
claim:K01,REC-0001
claim:K01,REC-0002
claim:K01,REC-0003
claim:K01,REC-0004
claim:K01,REC-0005
claim:K01,REC-0006
claim:K01,REC-0007
claim:K01,REC-0008
claim:K01,REC-0009
claim:K01,REC-0010
claim:K01,REC-0011
claim:K01,REC-0012
claim:K01,REC-0013
claim:K01,REC-0014
claim:K01,REC-0015
claim:K01,REC-0016
claim:K01,REC-0017
claim:K01,REC-0018
claim:K01,REC-0019
claim:K01,REC-0020
claim:K01,REC-0021
claim:K01,REC-0022
claim:K01,REC-0023
claim:K01,REC-0024
claim:K01,REC-0025
claim:K01,REC-0026
claim:K01,REC-0027
claim:K01,REC-0028
claim:K01,REC-0029
claim:K01,REC-0030
claim:K01,REC-0031
claim:K01,REC-0032
claim:K01,REC-0033
claim:K01,REC-0034
claim:K01,REC-0035
claim:K01,REC-0036
claim:K01,REC-0037
claim:K01,REC-0038
claim:K01,REC-0039
claim:K01,REC-0040
claim:K01,REC-0041
claim:K01,REC-0042
claim:K01,REC-0043
claim:K01,REC-0044
claim:K01,REC-0045
claim:K01,REC-0046
claim:K01,REC-0047
claim:K01,REC-0048
claim:K01,REC-0049
claim:K01,REC-0050
claim:K01,REC-0051
claim:K01,REC-0052
claim:K01,REC-0053
claim:K01,REC-0054
claim:K01,REC-0055
claim:K01,REC-0056
claim:K01,REC-0057
claim:K01,REC-0058
claim:K01,REC-0059
claim:K01,REC-0060
claim:K01,REC-0061
claim:K01,REC-0062
claim:K01,REC-0063
claim:K01,REC-0064
claim:K01,REC-0065
claim:K01,REC-0066
claim:K01,REC-0067
claim:K01,REC-0068
claim:K01,REC-0069
claim:K01,REC-0070
claim:K01,REC-0071
claim:K01,REC-0072
claim:K01,REC-0073
claim:K01,REC-0074
claim:K01,REC-0075
claim:K01,REC-0076
claim:K01,REC-0077
claim:K01,REC-0078
claim:K01,REC-0079
claim:K01,REC-0080
claim:K01,REC-0081
claim:K01,REC-0082
claim:K01,REC-0083
claim:K01,REC-0084
claim:K01,REC-0085
claim:K01,REC-0086
claim:K01,REC-0087
claim:K01,REC-0088
claim:K01,REC-0089
claim:K01,REC-0090
claim:K01,REC-0091
claim:K01,REC-0092
claim:K01,REC-0093
claim:K01,REC-0094
claim:K01,REC-0095
claim:K01,REC-0096
claim:K01,REC-0097
claim:K01,REC-0098
claim:K01,REC-0099
claim:K01,REC-0100
claim:K01,REC-0101
claim:K01,REC-0102
claim:K01,REC-0103
claim:K01,REC-0104
claim:K01,REC-0105
claim:K01,REC-0106
claim:K01,REC-0107
claim:K01,REC-0108
claim:K01,REC-0109
claim:K01,REC-0110
claim:K01,REC-0111
claim:K01,REC-0112
claim:K01,REC-0113
claim:K01,REC-0114
claim:K01,REC-0115
claim:K01,REC-0116
claim:K01,REC-0117
claim:K01,REC-0118
claim:K01,REC-0119
claim:K01,REC-0120
claim:K01,REC-0121
claim:K01,REC-0122
claim:K01,REC-0123
claim:K01,REC-0124
claim:K01,REC-0125
claim:K01,REC-0126
claim:K01,REC-0127
claim:K01,REC-0128
claim:K01,REC-0129
claim:K01,REC-0130
claim:K01,REC-0131
claim:K01,REC-0132
claim:K01,REC-0133
claim:K01,REC-0134
claim:K01,REC-0135
claim:K01,REC-0136
claim:K01,REC-0137
claim:K01,REC-0138
claim:K01,REC-0139
claim:K01,REC-0140
claim:K01,REC-0141
claim:K01,REC-0142
claim:K01,REC-0143
claim:K01,REC-0144
claim:K01,REC-0145
claim:K01,REC-0146
claim:K01,REC-0147
claim:K01,REC-0148
claim:K01,REC-0149
claim:K01,REC-0150
claim:K01,REC-0151
claim:K01,REC-0152
claim:K01,REC-0153
claim:K01,REC-0154
claim:K01,REC-0155
claim:K01,REC-0156
claim:K01,REC-0157
claim:K01,REC-0158
claim:K01,REC-0159
claim:K01,REC-0160
claim:K01,REC-0161
claim:K01,REC-0162
claim:K01,REC-0163
claim:K01,REC-0164
claim:K01,REC-0165
claim:K01,REC-0166
claim:K01,REC-0167
claim:K01,REC-0168
claim:K01,REC-0169
claim:K01,REC-0170
claim:K01,REC-0171
claim:K01,REC-0172
claim:K01,REC-0173
claim:K01,REC-0174
claim:K01,REC-0175
claim:K01,REC-0176
claim:K01,REC-0177
claim:K01,REC-0178
claim:K01,REC-0179
claim:K01,REC-0180
claim:K01,REC-0181
claim:K01,REC-0182
claim:K01,REC-0183
claim:K01,REC-0184
claim:K01,REC-0185
claim:K01,REC-0186
claim:K01,REC-0187
claim:K01,REC-0188
claim:K01,REC-0189
claim:K01,REC-0190
claim:K01,REC-0191
claim:K01,REC-0192
claim:K01,REC-0193
claim:K01,REC-0194
claim:K01,REC-0195
claim:K01,REC-0196
claim:K01,REC-0197
claim:K01,REC-0198
claim:K01,REC-0199
claim:K01,REC-0200
claim:K01,REC-0201
claim:K01,REC-0202
claim:K01,REC-0203
claim:K01,REC-0204
claim:K01,REC-0205
claim:K01,REC-0206
claim:K01,REC-0207
claim:K01,REC-0208
claim:K01,REC-0209
claim:K01,REC-0210
claim:K01,REC-0211
claim:K01,REC-0212
claim:K01,REC-0213
claim:K01,REC-0214
claim:K01,REC-0215
claim:K01,REC-0216
claim:K01,REC-0217
claim:K01,REC-0218
claim:K01,REC-0219
claim:K01,REC-0220
claim:K01,REC-0221
claim:K01,REC-0222
claim:K01,REC-0223
claim:K01,REC-0224
claim:K01,REC-0225
claim:K01,REC-0226
claim:K01,REC-0227
claim:K01,REC-0228
claim:K01,REC-0229
claim:K01,REC-0230
claim:K01,REC-0231
claim:K01,REC-0232
claim:K01,REC-0233
claim:K01,REC-0234
claim:K01,REC-0235
claim:K01,REC-0236
claim:K01,REC-0237
claim:K01,REC-0238
claim:K01,REC-0239
claim:K01,REC-0240
claim:K01,REC-0241
claim:K01,REC-0242
claim:K01,REC-0243
claim:K01,REC-0244
claim:K01,REC-0245
claim:K01,REC-0246
claim:K01,REC-0247
claim:K01,REC-0248
claim:K01,REC-0249
claim:K01,REC-0250
claim:K01,REC-0251
claim:K01,REC-0252
claim:K01,REC-0253
claim:K01,REC-0254
claim:K01,REC-0255
claim:K01,REC-0256
claim:K01,REC-0257
claim:K01,REC-0258
claim:K01,REC-0259
claim:K01,REC-0260
claim:K01,REC-0261
claim:K01,REC-0262
claim:K01,REC-0263
claim:K01,REC-0264
claim:K01,REC-0265
claim:K01,REC-0266
claim:K01,REC-0267
claim:K01,REC-0268
claim:K01,REC-0269
claim:K01,REC-0270
claim:K01,REC-0271
claim:K01,REC-0272
claim:K01,REC-0273
claim:K01,REC-0274
claim:K01,REC-0275
claim:K01,REC-0276
claim:K01,REC-0277
claim:K01,REC-0278
claim:K01,REC-0279
claim:K01,REC-0280
claim:K01,REC-0281
claim:K01,REC-0282
claim:K01,REC-0283
claim:K01,REC-0284
claim:K01,REC-0285
claim:K01,REC-0286
claim:K01,REC-0287
claim:K01,REC-0288
claim:K01,REC-0289
claim:K01,REC-0290
claim:K01,REC-0291
claim:K01,REC-0292
claim:K01,REC-0293
claim:K01,REC-0294
claim:K01,REC-0295
claim:K01,REC-0296
claim:K01,REC-0297
claim:K01,REC-0298
claim:K01,REC-0299
claim:K01,REC-0300
claim:K01,REC-0301
claim:K01,REC-0302
claim:K01,REC-0303
claim:K01,REC-0304
claim:K01,REC-0305
claim:K01,REC-0306
claim:K01,REC-0307
claim:K01,REC-0308
claim:K01,REC-0309
claim:K01,REC-0310
claim:K01,REC-0311
claim:K01,REC-0312
claim:K01,REC-0313
claim:K01,REC-0314
claim:K01,REC-0315
claim:K01,REC-0316
claim:K01,REC-0317
claim:K01,REC-0318
claim:K01,REC-0319
claim:K01,REC-0320
claim:K01,REC-0321
claim:K01,REC-0322
claim:K01,REC-0323
claim:K01,REC-0324
claim:K01,REC-0325
claim:K01,REC-0326
claim:K01,REC-0327
claim:K01,REC-0328
claim:K01,REC-0329
claim:K01,REC-0330
claim:K01,REC-0331
claim:K01,REC-0332
claim:K01,REC-0333
claim:K01,REC-0334
claim:K01,REC-0335
claim:K01,REC-0336
claim:K01,REC-0337
claim:K01,REC-0338
claim:K01,REC-0339
claim:K01,REC-0340
claim:K01,REC-0341
claim:K01,REC-0342
claim:K01,REC-0343
claim:K01,REC-0344
claim:K01,REC-0345
claim:K01,REC-0346
claim:K01,REC-0347
claim:K01,REC-0348
claim:K01,REC-0349
claim:K01,REC-0350
claim:K01,REC-0351
claim:K01,REC-0352
claim:K01,REC-0353
claim:K01,REC-0354
claim:K01,REC-0355
claim:K01,REC-0356
claim:K01,REC-0357
claim:K01,REC-0358
claim:K01,REC-0359
claim:K01,REC-0360
claim:K01,REC-0361
claim:K01,REC-0362
claim:K01,REC-0363
claim:K01,REC-0364
claim:K01,REC-0365
claim:K01,REC-0366
claim:K01,REC-0367
claim:K01,REC-0368
claim:K01,REC-0369
claim:K01,REC-0370
claim:K01,REC-0371
claim:K01,REC-0372
claim:K01,REC-0373
claim:K01,REC-0374
claim:K01,REC-0375
claim:K01,REC-0376
claim:K01,REC-0377
claim:K01,REC-0378
claim:K01,REC-0379
claim:K01,REC-0380
claim:K01,REC-0381
claim:K01,REC-0382
claim:K01,REC-0383
claim:K01,REC-0384
claim:K01,REC-0385
claim:K01,REC-0386
claim:K01,REC-0387
claim:K01,REC-0388
claim:K01,REC-0389
claim:K01,REC-0390
claim:K01,REC-0391
claim:K01,REC-0392
claim:K01,REC-0393
claim:K01,REC-0394
claim:K01,REC-0395
claim:K01,REC-0396
claim:K01,REC-0397
claim:K01,REC-0398
claim:K01,REC-0399
claim:K01,REC-0400
claim:K01,REC-0401
claim:K01,REC-0402
claim:K01,REC-0403
claim:K01,REC-0404
claim:K01,REC-0405
claim:K01,REC-0406
claim:K01,REC-0407
claim:K01,REC-0408
claim:K01,REC-0409
claim:K01,REC-0410
claim:K01,REC-0411
claim:K01,REC-0412
claim:K01,REC-0413
claim:K01,REC-0414
claim:K01,REC-0415
claim:K01,REC-0416
claim:K01,REC-0417
claim:K01,REC-0418
claim:K01,REC-0419
claim:K01,REC-0420
claim:K01,REC-0421
claim:K01,REC-0422
claim:K01,REC-0423
claim:K01,REC-0424
claim:K01,REC-0425
claim:K01,REC-0426
claim:K01,REC-0427
claim:K01,REC-0428
claim:K01,REC-0429
claim:K01,REC-0430
claim:K01,REC-0431
claim:K01,REC-0432
claim:K01,REC-0433
claim:K01,REC-0434
claim:K01,REC-0435
claim:K01,REC-0436
claim:K01,REC-0437
claim:K01,REC-0438
claim:K01,REC-0439
claim:K01,REC-0440
claim:K01,REC-0441
claim:K01,REC-0442
claim:K01,REC-0443
claim:K01,REC-0444
claim:K01,REC-0445
claim:K01,REC-0446
claim:K01,REC-0447
claim:K01,REC-0448
claim:K01,REC-0449
claim:K01,REC-0450
claim:K01,REC-0451
claim:K01,REC-0452
claim:K01,REC-0453
claim:K01,REC-0454
claim:K01,REC-0455
claim:K01,REC-0456
claim:K01,REC-0457
claim:K01,REC-0458
claim:K01,REC-0459
claim:K01,REC-0460
claim:K01,REC-0461
claim:K01,REC-0462
claim:K01,REC-0463
claim:K01,REC-0464
claim:K01,REC-0465
claim:K01,REC-0466
claim:K01,REC-0467
claim:K01,REC-0468
claim:K01,REC-0469
claim:K01,REC-0470
claim:K01,REC-0471
claim:K01,REC-0472
claim:K01,REC-0473
claim:K01,REC-0474
claim:K01,REC-0475
claim:K01,REC-0476
claim:K01,REC-0477
claim:K01,REC-0478
claim:K01,REC-0479
claim:K01,REC-0480
claim:K01,REC-0481
claim:K01,REC-0482
claim:K01,REC-0483
claim:K01,REC-0484
claim:K01,REC-0485
claim:K01,REC-0486
claim:K01,REC-0487
claim:K01,REC-0488
claim:K01,REC-0489
claim:K01,REC-0490
claim:K01,REC-0491
claim:K01,REC-0492
claim:K01,REC-0493
claim:K01,REC-0494
claim:K01,REC-0495
claim:K01,REC-0496
claim:K01,REC-0497
claim:K01,REC-0498
claim:K01,REC-0499
claim:K01,REC-0500
claim:K01,REC-0501
claim:K01,REC-0502
claim:K01,REC-0503
claim:K01,REC-0504
claim:K01,REC-0505
claim:K01,REC-0506
claim:K01,REC-0507
claim:K01,REC-0508
claim:K01,REC-0509
claim:K01,REC-0510
claim:K01,REC-0511
claim:K01,REC-0512
claim:K01,REC-0513
claim:K01,REC-0514
claim:K01,REC-0515
claim:K01,REC-0516
claim:K01,REC-0517
claim:K01,REC-0518
claim:K01,REC-0519
claim:K01,REC-0520
claim:K01,REC-0521
claim:K01,REC-0522
claim:K01,REC-0523
claim:K01,REC-0524
claim:K01,REC-0525
claim:K01,REC-0526
claim:K01,REC-0527
claim:K01,REC-0528
claim:K01,REC-0529
claim:K01,REC-0530
claim:K01,REC-0531
claim:K01,REC-0532
claim:K01,REC-0533
claim:K01,REC-0534
claim:K01,REC-0535
claim:K01,REC-0536
claim:K01,REC-0537
claim:K01,REC-0538
claim:K01,REC-0539
claim:K01,REC-0540
claim:K01,REC-0541
claim:K01,REC-0542
claim:K01,REC-0543
claim:K01,REC-0544
claim:K01,REC-0545
claim:K01,REC-0546
claim:K01,REC-0547
claim:K01,REC-0548
claim:K01,REC-0549
claim:K01,REC-0550
claim:K01,REC-0551
claim:K01,REC-0552
claim:K01,REC-0553
claim:K01,REC-0554
claim:K01,REC-0555
claim:K01,REC-0556
claim:K01,REC-0557
claim:K01,REC-0558
claim:K01,REC-0559
claim:K01,REC-0560
claim:K01,REC-0561
claim:K01,REC-0562
claim:K01,REC-0563
claim:K01,REC-0564
claim:K01,REC-0565
claim:K01,REC-0566
claim:K01,REC-0567
claim:K01,REC-0568
claim:K01,REC-0569
claim:K01,REC-0570
claim:K01,REC-0571
claim:K01,REC-0572
claim:K01,REC-0573
claim:K01,REC-0574
claim:K01,REC-0575
claim:K01,REC-0576
claim:K01,REC-0577
claim:K01,REC-0578
claim:K01,REC-0579
claim:K01,REC-0580
claim:K01,REC-0581
claim:K01,REC-0582
claim:K01,REC-0583
claim:K01,REC-0584
claim:K01,REC-0585
claim:K01,REC-0586
claim:K01,REC-0587
claim:K01,REC-0588
claim:K01,REC-0589
claim:K01,REC-0590
claim:K01,REC-0591
claim:K01,REC-0592
claim:K01,REC-0593
claim:K01,REC-0594
claim:K01,REC-0595
claim:K01,REC-0596
claim:K01,REC-0597
claim:K01,REC-0598
claim:K01,REC-0599
claim:K01,REC-0600
claim:K01,REC-0601
claim:K01,REC-0602
claim:K01,REC-0603
claim:K01,REC-0604
claim:K01,REC-0605
claim:K01,REC-0606
claim:K01,REC-0607
claim:K01,REC-0608
claim:K01,REC-0609
claim:K01,REC-0610
claim:K01,REC-0611
claim:K01,REC-0612
claim:K01,REC-0613
claim:K01,REC-0614
claim:K01,REC-0615
claim:K01,REC-0616
claim:K01,REC-0617
claim:K01,REC-0618
claim:K01,REC-0619
claim:K01,REC-0620
claim:K01,REC-0621
claim:K01,REC-0622
claim:K01,REC-0623
claim:K01,REC-0624
claim:K01,REC-0625
claim:K01,REC-0626
claim:K01,REC-0627
claim:K01,REC-0628
claim:K01,REC-0629
claim:K01,REC-0630
claim:K01,REC-0631
claim:K01,REC-0632
claim:K01,REC-0633
claim:K01,REC-0634
claim:K01,REC-0635
claim:K01,REC-0636
claim:K01,REC-0637
claim:K01,REC-0638
claim:K01,REC-0639
claim:K01,REC-0640
claim:K01,REC-0641
claim:K01,REC-0642
claim:K01,REC-0643
claim:K01,REC-0644
claim:K01,REC-0645
claim:K01,REC-0646
claim:K01,REC-0647
claim:K01,REC-0648
claim:K01,REC-0649
claim:K01,REC-0650
claim:K01,REC-0651
claim:K01,REC-0652
claim:K01,REC-0653
claim:K01,REC-0654
claim:K01,REC-0655
claim:K01,REC-0656
claim:K01,REC-0657
claim:K01,REC-0658
claim:K01,REC-0659
claim:K01,REC-0660
claim:K01,REC-0661
claim:K01,REC-0662
claim:K01,REC-0663
claim:K01,REC-0664
claim:K01,REC-0665
claim:K01,REC-0666
claim:K01,REC-0667
claim:K01,REC-0668
claim:K01,REC-0669
claim:K01,REC-0670
claim:K01,REC-0671
claim:K01,REC-0672
claim:K01,REC-0673
claim:K01,REC-0674
claim:K01,REC-0675
claim:K01,REC-0676
claim:K01,REC-0677
claim:K01,REC-0678
claim:K01,REC-0679
claim:K01,REC-0680
claim:K01,REC-0681
claim:K01,REC-0682
claim:K01,REC-0683
claim:K01,REC-0684
claim:K01,REC-0685
claim:K01,REC-0686
claim:K01,REC-0687
claim:K01,REC-0688
claim:K01,REC-0689
claim:K01,REC-0690
claim:K01,REC-0691
claim:K01,REC-0692
claim:K01,REC-0693
claim:K01,REC-0694
claim:K01,REC-0695
claim:K01,REC-0696
claim:K01,REC-0697
claim:K01,REC-0698
claim:K01,REC-0699
claim:K01,REC-0700
claim:K01,REC-0701
claim:K01,REC-0702
claim:K01,REC-0703
claim:K01,REC-0704
claim:K01,REC-0705
claim:K01,REC-0706
claim:K01,REC-0707
claim:K01,REC-0708
claim:K01,REC-0709
claim:K01,REC-0710
claim:K01,REC-0711
claim:K01,REC-0712
claim:K01,REC-0713
claim:K01,REC-0714
claim:K01,REC-0715
claim:K01,REC-0716
claim:K01,REC-0717
claim:K01,REC-0718
claim:K01,REC-0719
claim:K01,REC-0720
claim:K01,REC-0721
claim:K01,REC-0722
claim:K01,REC-0723
claim:K01,REC-0724
claim:K01,REC-0725
claim:K01,REC-0726
claim:K01,REC-0727
claim:K01,REC-0728
claim:K01,REC-0729
claim:K01,REC-0730
claim:K01,REC-0731
claim:K01,REC-0732
claim:K01,REC-0733
claim:K01,REC-0734
claim:K01,REC-0735
claim:K01,REC-0736
claim:K01,REC-0737
claim:K01,REC-0738
claim:K01,REC-0739
claim:K01,REC-0740
claim:K01,REC-0741
claim:K01,REC-0742
claim:K01,REC-0743
claim:K01,REC-0744
claim:K01,REC-0745
claim:K01,REC-0746
claim:K01,REC-0747
claim:K01,REC-0748
claim:K01,REC-0749
claim:K01,REC-0750
claim:K01,REC-0751
claim:K01,REC-0752
claim:K01,REC-0753
claim:K01,REC-0754
claim:K01,REC-0755
claim:K01,REC-0756
claim:K01,REC-0757
claim:K01,REC-0758
claim:K01,REC-0759
claim:K01,REC-0760
claim:K01,REC-0761
claim:K01,REC-0762
claim:K01,REC-0763
claim:K01,REC-0764
claim:K01,REC-0765
claim:K01,REC-0766
claim:K01,REC-0767
claim:K01,REC-0768
claim:K01,REC-0769
claim:K01,REC-0770
claim:K01,REC-0771
claim:K01,REC-0772
claim:K01,REC-0773
claim:K01,REC-0774
claim:K01,REC-0775
claim:K01,REC-0776
claim:K01,REC-0777
claim:K01,REC-0778
claim:K01,REC-0779
claim:K01,REC-0780
claim:K01,REC-0781
claim:K01,REC-0782
claim:K01,REC-0783
claim:K01,REC-0784
claim:K01,REC-0785
claim:K01,REC-0786
claim:K01,REC-0787
claim:K01,REC-0788
claim:K01,REC-0789
claim:K01,REC-0790
claim:K01,REC-0791
claim:K01,REC-0792
claim:K01,REC-0793
claim:K01,REC-0794
claim:K01,REC-0795
claim:K01,REC-0796
claim:K01,REC-0797
claim:K01,REC-0798
claim:K01,REC-0799
claim:K01,REC-0800
claim:K02,REC-0001
claim:K02,REC-0002
claim:K02,REC-0003
claim:K02,REC-0004
claim:K02,REC-0005
claim:K02,REC-0006
claim:K02,REC-0007
claim:K02,REC-0008
claim:K02,REC-0010
claim:K02,REC-0011
claim:K02,REC-0012
claim:K02,REC-0013
claim:K02,REC-0014
claim:K02,REC-0015
claim:K02,REC-0016
claim:K02,REC-0017
claim:K02,REC-0018
claim:K02,REC-0019
claim:K02,REC-0021
claim:K02,REC-0022
claim:K02,REC-0023
claim:K02,REC-0024
claim:K02,REC-0026
claim:K02,REC-0027
claim:K02,REC-0028
claim:K02,REC-0029
claim:K02,REC-0030
claim:K02,REC-0032
claim:K02,REC-0033
claim:K02,REC-0035
claim:K02,REC-0036
claim:K02,REC-0039
claim:K02,REC-0040
claim:K02,REC-0041
claim:K02,REC-0043
claim:K02,REC-0045
claim:K02,REC-0047
claim:K02,REC-0050
claim:K02,REC-0051
claim:K02,REC-0052
claim:K02,REC-0053
claim:K02,REC-0054
claim:K02,REC-0056
claim:K02,REC-0057
claim:K02,REC-0058
claim:K02,REC-0059
claim:K02,REC-0060
claim:K02,REC-0061
claim:K02,REC-0062
claim:K02,REC-0064
claim:K02,REC-0065
claim:K02,REC-0066
claim:K02,REC-0067
claim:K02,REC-0068
claim:K02,REC-0069
claim:K02,REC-0070
claim:K02,REC-0072
claim:K02,REC-0073
claim:K02,REC-0074
claim:K02,REC-0075
claim:K02,REC-0076
claim:K02,REC-0077
claim:K02,REC-0078
claim:K02,REC-0079
claim:K02,REC-0080
claim:K02,REC-0083
claim:K02,REC-0084
claim:K02,REC-0085
claim:K02,REC-0087
claim:K02,REC-0088
claim:K02,REC-0089
claim:K02,REC-0090
claim:K02,REC-0091
claim:K02,REC-0092
claim:K02,REC-0094
claim:K02,REC-0095
claim:K02,REC-0096
claim:K02,REC-0097
claim:K02,REC-0098
claim:K02,REC-0099
claim:K02,REC-0100
claim:K02,REC-0101
claim:K02,REC-0102
claim:K02,REC-0103
claim:K02,REC-0104
claim:K02,REC-0106
claim:K02,REC-0108
claim:K02,REC-0112
claim:K02,REC-0114
claim:K02,REC-0115
claim:K02,REC-0116
claim:K02,REC-0117
claim:K02,REC-0118
claim:K02,REC-0120
claim:K02,REC-0121
claim:K02,REC-0123
claim:K02,REC-0124
claim:K02,REC-0126
claim:K02,REC-0127
claim:K02,REC-0128
claim:K02,REC-0129
claim:K02,REC-0130
claim:K02,REC-0132
claim:K02,REC-0133
claim:K02,REC-0135
claim:K02,REC-0136
claim:K02,REC-0139
claim:K02,REC-0140
claim:K02,REC-0141
claim:K02,REC-0142
claim:K02,REC-0143
claim:K02,REC-0144
claim:K02,REC-0146
claim:K02,REC-0147
claim:K02,REC-0148
claim:K02,REC-0149
claim:K02,REC-0150
claim:K02,REC-0151
claim:K02,REC-0152
claim:K02,REC-0153
claim:K02,REC-0154
claim:K02,REC-0155
claim:K02,REC-0156
claim:K02,REC-0157
claim:K02,REC-0158
claim:K02,REC-0159
claim:K02,REC-0160
claim:K02,REC-0161
claim:K02,REC-0162
claim:K02,REC-0163
claim:K02,REC-0164
claim:K02,REC-0167
claim:K02,REC-0168
claim:K02,REC-0169
claim:K02,REC-0170
claim:K02,REC-0172
claim:K02,REC-0173
claim:K02,REC-0174
claim:K02,REC-0177
claim:K02,REC-0178
claim:K02,REC-0179
claim:K02,REC-0181
claim:K02,REC-0182
claim:K02,REC-0183
claim:K02,REC-0185
claim:K02,REC-0186
claim:K02,REC-0187
claim:K02,REC-0188
claim:K02,REC-0189
claim:K02,REC-0190
claim:K02,REC-0191
claim:K02,REC-0193
claim:K02,REC-0194
claim:K02,REC-0195
claim:K02,REC-0196
claim:K02,REC-0197
claim:K02,REC-0199
claim:K02,REC-0200
claim:K02,REC-0201
claim:K02,REC-0202
claim:K02,REC-0204
claim:K02,REC-0205
claim:K02,REC-0206
claim:K02,REC-0207
claim:K02,REC-0209
claim:K02,REC-0211
claim:K02,REC-0213
claim:K02,REC-0214
claim:K02,REC-0216
claim:K02,REC-0219
claim:K02,REC-0220
claim:K02,REC-0221
claim:K02,REC-0222
claim:K02,REC-0223
claim:K02,REC-0224
claim:K02,REC-0225
claim:K02,REC-0226
claim:K02,REC-0227
claim:K02,REC-0228
claim:K02,REC-0230
claim:K02,REC-0234
claim:K02,REC-0236
claim:K02,REC-0238
claim:K02,REC-0239
claim:K02,REC-0242
claim:K02,REC-0243
claim:K02,REC-0244
claim:K02,REC-0245
claim:K02,REC-0246
claim:K02,REC-0247
claim:K02,REC-0248
claim:K02,REC-0249
claim:K02,REC-0250
claim:K02,REC-0251
claim:K02,REC-0252
claim:K02,REC-0253
claim:K02,REC-0255
claim:K02,REC-0257
claim:K02,REC-0258
claim:K02,REC-0259
claim:K02,REC-0260
claim:K02,REC-0264
claim:K02,REC-0265
claim:K02,REC-0266
claim:K02,REC-0268
claim:K02,REC-0269
claim:K02,REC-0272
claim:K02,REC-0273
claim:K02,REC-0274
claim:K02,REC-0275
claim:K02,REC-0276
claim:K02,REC-0278
claim:K02,REC-0280
claim:K02,REC-0281
claim:K02,REC-0282
claim:K02,REC-0283
claim:K02,REC-0285
claim:K02,REC-0286
claim:K02,REC-0287
claim:K02,REC-0288
claim:K02,REC-0290
claim:K02,REC-0291
claim:K02,REC-0292
claim:K02,REC-0294
claim:K02,REC-0295
claim:K02,REC-0296
claim:K02,REC-0297
claim:K02,REC-0298
claim:K02,REC-0299
claim:K02,REC-0301
claim:K02,REC-0302
claim:K02,REC-0303
claim:K02,REC-0304
claim:K02,REC-0305
claim:K02,REC-0307
claim:K02,REC-0310
claim:K02,REC-0314
claim:K02,REC-0315
claim:K02,REC-0316
claim:K02,REC-0317
claim:K02,REC-0318
claim:K02,REC-0319
claim:K02,REC-0320
claim:K02,REC-0323
claim:K02,REC-0325
claim:K02,REC-0326
claim:K02,REC-0327
claim:K02,REC-0328
claim:K02,REC-0329
claim:K02,REC-0330
claim:K02,REC-0331
claim:K02,REC-0332
claim:K02,REC-0333
claim:K02,REC-0334
claim:K02,REC-0335
claim:K02,REC-0336
claim:K02,REC-0337
claim:K02,REC-0338
claim:K02,REC-0339
claim:K02,REC-0340
claim:K02,REC-0342
claim:K02,REC-0343
claim:K02,REC-0344
claim:K02,REC-0346
claim:K02,REC-0347
claim:K02,REC-0348
claim:K02,REC-0349
claim:K02,REC-0350
claim:K02,REC-0351
claim:K02,REC-0353
claim:K02,REC-0354
claim:K02,REC-0355
claim:K02,REC-0356
claim:K02,REC-0357
claim:K02,REC-0358
claim:K02,REC-0359
claim:K02,REC-0362
claim:K02,REC-0363
claim:K02,REC-0364
claim:K02,REC-0366
claim:K02,REC-0367
claim:K02,REC-0369
claim:K02,REC-0370
claim:K02,REC-0371
claim:K02,REC-0372
claim:K02,REC-0373
claim:K02,REC-0374
claim:K02,REC-0375
claim:K02,REC-0376
claim:K02,REC-0377
claim:K02,REC-0379
claim:K02,REC-0380
claim:K02,REC-0382
claim:K02,REC-0384
claim:K02,REC-0386
claim:K02,REC-0387
claim:K02,REC-0388
claim:K02,REC-0389
claim:K02,REC-0390
claim:K02,REC-0391
claim:K02,REC-0392
claim:K02,REC-0394
claim:K02,REC-0395
claim:K02,REC-0396
claim:K02,REC-0397
claim:K02,REC-0398
claim:K02,REC-0399
claim:K02,REC-0400
claim:K02,REC-0401
claim:K02,REC-0402
claim:K02,REC-0403
claim:K02,REC-0404
claim:K02,REC-0406
claim:K02,REC-0407
claim:K02,REC-0408
claim:K02,REC-0412
claim:K02,REC-0413
claim:K02,REC-0414
claim:K02,REC-0415
claim:K02,REC-0416
claim:K02,REC-0418
claim:K02,REC-0419
claim:K02,REC-0420
claim:K02,REC-0422
claim:K02,REC-0423
claim:K02,REC-0424
claim:K02,REC-0425
claim:K02,REC-0426
claim:K02,REC-0427
claim:K02,REC-0428
claim:K02,REC-0429
claim:K02,REC-0431
claim:K02,REC-0433
claim:K02,REC-0434
claim:K02,REC-0435
claim:K02,REC-0437
claim:K02,REC-0438
claim:K02,REC-0439
claim:K02,REC-0442
claim:K02,REC-0443
claim:K02,REC-0444
claim:K02,REC-0445
claim:K02,REC-0446
claim:K02,REC-0447
claim:K02,REC-0449
claim:K02,REC-0450
claim:K02,REC-0453
claim:K02,REC-0455
claim:K02,REC-0456
claim:K02,REC-0457
claim:K02,REC-0458
claim:K02,REC-0459
claim:K02,REC-0460
claim:K02,REC-0461
claim:K02,REC-0462
claim:K02,REC-0463
claim:K02,REC-0466
claim:K02,REC-0467
claim:K02,REC-0469
claim:K02,REC-0470
claim:K02,REC-0471
claim:K02,REC-0472
claim:K02,REC-0473
claim:K02,REC-0474
claim:K02,REC-0477
claim:K02,REC-0479
claim:K02,REC-0480
claim:K02,REC-0482
claim:K02,REC-0483
claim:K02,REC-0485
claim:K02,REC-0487
claim:K02,REC-0488
claim:K02,REC-0489
claim:K02,REC-0490
claim:K02,REC-0492
claim:K02,REC-0493
claim:K02,REC-0494
claim:K02,REC-0495
claim:K02,REC-0496
claim:K02,REC-0497
claim:K02,REC-0499
claim:K02,REC-0502
claim:K02,REC-0503
claim:K02,REC-0505
claim:K02,REC-0506
claim:K02,REC-0507
claim:K02,REC-0508
claim:K02,REC-0509
claim:K02,REC-0510
claim:K02,REC-0511
claim:K02,REC-0512
claim:K02,REC-0513
claim:K02,REC-0514
claim:K02,REC-0515
claim:K02,REC-0516
claim:K02,REC-0517
claim:K02,REC-0519
claim:K02,REC-0520
claim:K02,REC-0521
claim:K02,REC-0524
claim:K02,REC-0525
claim:K02,REC-0527
claim:K02,REC-0531
claim:K02,REC-0532
claim:K02,REC-0533
claim:K02,REC-0534
claim:K02,REC-0535
claim:K02,REC-0538
claim:K02,REC-0540
claim:K02,REC-0541
claim:K02,REC-0542
claim:K02,REC-0544
claim:K02,REC-0545
claim:K02,REC-0546
claim:K02,REC-0547
claim:K02,REC-0548
claim:K02,REC-0549
claim:K02,REC-0550
claim:K02,REC-0551
claim:K02,REC-0552
claim:K02,REC-0553
claim:K02,REC-0554
claim:K02,REC-0556
claim:K02,REC-0557
claim:K02,REC-0558
claim:K02,REC-0561
claim:K02,REC-0563
claim:K02,REC-0564
claim:K02,REC-0565
claim:K02,REC-0566
claim:K02,REC-0567
claim:K02,REC-0569
claim:K02,REC-0570
claim:K02,REC-0575
claim:K02,REC-0577
claim:K02,REC-0578
claim:K02,REC-0579
claim:K02,REC-0580
claim:K02,REC-0583
claim:K02,REC-0584
claim:K02,REC-0586
claim:K02,REC-0587
claim:K02,REC-0588
claim:K02,REC-0589
claim:K02,REC-0590
claim:K02,REC-0591
claim:K02,REC-0594
claim:K02,REC-0596
claim:K02,REC-0598
claim:K02,REC-0599
claim:K02,REC-0600
claim:K02,REC-0601
claim:K02,REC-0602
claim:K02,REC-0607
claim:K02,REC-0609
claim:K02,REC-0610
claim:K02,REC-0611
claim:K02,REC-0612
claim:K02,REC-0613
claim:K02,REC-0615
claim:K02,REC-0616
claim:K02,REC-0617
claim:K02,REC-0618
claim:K02,REC-0620
claim:K02,REC-0621
claim:K02,REC-0622
claim:K02,REC-0624
claim:K02,REC-0625
claim:K02,REC-0626
claim:K02,REC-0628
claim:K02,REC-0629
claim:K02,REC-0630
claim:K02,REC-0631
claim:K02,REC-0633
claim:K02,REC-0634
claim:K02,REC-0635
claim:K02,REC-0637
claim:K02,REC-0638
claim:K02,REC-0639
claim:K02,REC-0641
claim:K02,REC-0642
claim:K02,REC-0643
claim:K02,REC-0645
claim:K02,REC-0646
claim:K02,REC-0647
claim:K02,REC-0649
claim:K02,REC-0651
claim:K02,REC-0652
claim:K02,REC-0654
claim:K02,REC-0655
claim:K02,REC-0657
claim:K02,REC-0660
claim:K02,REC-0661
claim:K02,REC-0662
claim:K02,REC-0663
claim:K02,REC-0664
claim:K02,REC-0665
claim:K02,REC-0666
claim:K02,REC-0667
claim:K02,REC-0668
claim:K02,REC-0669
claim:K02,REC-0670
claim:K02,REC-0673
claim:K02,REC-0674
claim:K02,REC-0675
claim:K02,REC-0676
claim:K02,REC-0677
claim:K02,REC-0678
claim:K02,REC-0679
claim:K02,REC-0681
claim:K02,REC-0682
claim:K02,REC-0684
claim:K02,REC-0686
claim:K02,REC-0688
claim:K02,REC-0689
claim:K02,REC-0690
claim:K02,REC-0691
claim:K02,REC-0692
claim:K02,REC-0693
claim:K02,REC-0694
claim:K02,REC-0695
claim:K02,REC-0696
claim:K02,REC-0698
claim:K02,REC-0700
claim:K02,REC-0702
claim:K02,REC-0703
claim:K02,REC-0704
claim:K02,REC-0705
claim:K02,REC-0706
claim:K02,REC-0707
claim:K02,REC-0708
claim:K02,REC-0709
claim:K02,REC-0710
claim:K02,REC-0711
claim:K02,REC-0712
claim:K02,REC-0713
claim:K02,REC-0714
claim:K02,REC-0716
claim:K02,REC-0718
claim:K02,REC-0719
claim:K02,REC-0720
claim:K02,REC-0722
claim:K02,REC-0723
claim:K02,REC-0724
claim:K02,REC-0727
claim:K02,REC-0728
claim:K02,REC-0729
claim:K02,REC-0732
claim:K02,REC-0733
claim:K02,REC-0735
claim:K02,REC-0736
claim:K02,REC-0737
claim:K02,REC-0738
claim:K02,REC-0739
claim:K02,REC-0740
claim:K02,REC-0741
claim:K02,REC-0743
claim:K02,REC-0744
claim:K02,REC-0745
claim:K02,REC-0748
claim:K02,REC-0753
claim:K02,REC-0754
claim:K02,REC-0755
claim:K02,REC-0757
claim:K02,REC-0758
claim:K02,REC-0760
claim:K02,REC-0761
claim:K02,REC-0763
claim:K02,REC-0764
claim:K02,REC-0765
claim:K02,REC-0766
claim:K02,REC-0767
claim:K02,REC-0768
claim:K02,REC-0769
claim:K02,REC-0770
claim:K02,REC-0771
claim:K02,REC-0774
claim:K02,REC-0775
claim:K02,REC-0776
claim:K02,REC-0777
claim:K02,REC-0779
claim:K02,REC-0780
claim:K02,REC-0783
claim:K02,REC-0784
claim:K02,REC-0785
claim:K02,REC-0786
claim:K02,REC-0787
claim:K02,REC-0788
claim:K02,REC-0793
claim:K02,REC-0794
claim:K02,REC-0795
claim:K02,REC-0797
claim:K02,REC-0798
claim:K02,REC-0800
claim:K04,REC-0006
claim:K04,REC-0008
claim:K04,REC-0009
claim:K04,REC-0012
claim:K04,REC-0018
claim:K04,REC-0019
claim:K04,REC-0020
claim:K04,REC-0022
claim:K04,REC-0025
claim:K04,REC-0031
claim:K04,REC-0032
claim:K04,REC-0034
claim:K04,REC-0039
claim:K04,REC-0041
claim:K04,REC-0043
claim:K04,REC-0044
claim:K04,REC-0048
claim:K04,REC-0049
claim:K04,REC-0054
claim:K04,REC-0055
claim:K04,REC-0056
claim:K04,REC-0057
claim:K04,REC-0061
claim:K04,REC-0063
claim:K04,REC-0066
claim:K04,REC-0068
claim:K04,REC-0069
claim:K04,REC-0070
claim:K04,REC-0071
claim:K04,REC-0073
claim:K04,REC-0086
claim:K04,REC-0091
claim:K04,REC-0093
claim:K04,REC-0095
claim:K04,REC-0098
claim:K04,REC-0103
claim:K04,REC-0104
claim:K04,REC-0106
claim:K04,REC-0107
claim:K04,REC-0109
claim:K04,REC-0110
claim:K04,REC-0111
claim:K04,REC-0112
claim:K04,REC-0113
claim:K04,REC-0117
claim:K04,REC-0119
claim:K04,REC-0120
claim:K04,REC-0121
claim:K04,REC-0122
claim:K04,REC-0124
claim:K04,REC-0127
claim:K04,REC-0129
claim:K04,REC-0130
claim:K04,REC-0134
claim:K04,REC-0135
claim:K04,REC-0144
claim:K04,REC-0146
claim:K04,REC-0148
claim:K04,REC-0149
claim:K04,REC-0150
claim:K04,REC-0156
claim:K04,REC-0157
claim:K04,REC-0162
claim:K04,REC-0164
claim:K04,REC-0168
claim:K04,REC-0171
claim:K04,REC-0172
claim:K04,REC-0174
claim:K04,REC-0175
claim:K04,REC-0179
claim:K04,REC-0180
claim:K04,REC-0183
claim:K04,REC-0184
claim:K04,REC-0186
claim:K04,REC-0188
claim:K04,REC-0192
claim:K04,REC-0193
claim:K04,REC-0196
claim:K04,REC-0198
claim:K04,REC-0199
claim:K04,REC-0200
claim:K04,REC-0201
claim:K04,REC-0202
claim:K04,REC-0207
claim:K04,REC-0208
claim:K04,REC-0209
claim:K04,REC-0210
claim:K04,REC-0212
claim:K04,REC-0215
claim:K04,REC-0216
claim:K04,REC-0217
claim:K04,REC-0220
claim:K04,REC-0221
claim:K04,REC-0223
claim:K04,REC-0224
claim:K04,REC-0229
claim:K04,REC-0230
claim:K04,REC-0232
claim:K04,REC-0236
claim:K04,REC-0237
claim:K04,REC-0238
claim:K04,REC-0239
claim:K04,REC-0240
claim:K04,REC-0241
claim:K04,REC-0245
claim:K04,REC-0247
claim:K04,REC-0251
claim:K04,REC-0252
claim:K04,REC-0254
claim:K04,REC-0258
claim:K04,REC-0264
claim:K04,REC-0265
claim:K04,REC-0267
claim:K04,REC-0269
claim:K04,REC-0270
claim:K04,REC-0273
claim:K04,REC-0277
claim:K04,REC-0278
claim:K04,REC-0280
claim:K04,REC-0283
claim:K04,REC-0284
claim:K04,REC-0285
claim:K04,REC-0287
claim:K04,REC-0288
claim:K04,REC-0289
claim:K04,REC-0298
claim:K04,REC-0300
claim:K04,REC-0301
claim:K04,REC-0305
claim:K04,REC-0306
claim:K04,REC-0308
claim:K04,REC-0310
claim:K04,REC-0311
claim:K04,REC-0312
claim:K04,REC-0313
claim:K04,REC-0314
claim:K04,REC-0315
claim:K04,REC-0319
claim:K04,REC-0321
claim:K04,REC-0322
claim:K04,REC-0324
claim:K04,REC-0325
claim:K04,REC-0327
claim:K04,REC-0328
claim:K04,REC-0336
claim:K04,REC-0339
claim:K04,REC-0341
claim:K04,REC-0343
claim:K04,REC-0349
claim:K04,REC-0350
claim:K04,REC-0352
claim:K04,REC-0353
claim:K04,REC-0354
claim:K04,REC-0357
claim:K04,REC-0358
claim:K04,REC-0361
claim:K04,REC-0362
claim:K04,REC-0364
claim:K04,REC-0365
claim:K04,REC-0366
claim:K04,REC-0373
claim:K04,REC-0374
claim:K04,REC-0378
claim:K04,REC-0381
claim:K04,REC-0383
claim:K04,REC-0387
claim:K04,REC-0391
claim:K04,REC-0399
claim:K04,REC-0401
claim:K04,REC-0406
claim:K04,REC-0407
claim:K04,REC-0410
claim:K04,REC-0411
claim:K04,REC-0412
claim:K04,REC-0415
claim:K04,REC-0416
claim:K04,REC-0424
claim:K04,REC-0425
claim:K04,REC-0430
claim:K04,REC-0431
claim:K04,REC-0433
claim:K04,REC-0442
claim:K04,REC-0443
claim:K04,REC-0445
claim:K04,REC-0451
claim:K04,REC-0456
claim:K04,REC-0459
claim:K04,REC-0460
claim:K04,REC-0465
claim:K04,REC-0467
claim:K04,REC-0470
claim:K04,REC-0471
claim:K04,REC-0473
claim:K04,REC-0474
claim:K04,REC-0481
claim:K04,REC-0484
claim:K04,REC-0486
claim:K04,REC-0488
claim:K04,REC-0497
claim:K04,REC-0498
claim:K04,REC-0502
claim:K04,REC-0503
claim:K04,REC-0506
claim:K04,REC-0510
claim:K04,REC-0511
claim:K04,REC-0512
claim:K04,REC-0516
claim:K04,REC-0522
claim:K04,REC-0523
claim:K04,REC-0524
claim:K04,REC-0525
claim:K04,REC-0526
claim:K04,REC-0527
claim:K04,REC-0528
claim:K04,REC-0530
claim:K04,REC-0531
claim:K04,REC-0533
claim:K04,REC-0534
claim:K04,REC-0540
claim:K04,REC-0541
claim:K04,REC-0542
claim:K04,REC-0544
claim:K04,REC-0546
claim:K04,REC-0550
claim:K04,REC-0555
claim:K04,REC-0559
claim:K04,REC-0560
claim:K04,REC-0562
claim:K04,REC-0566
claim:K04,REC-0569
claim:K04,REC-0574
claim:K04,REC-0576
claim:K04,REC-0577
claim:K04,REC-0581
claim:K04,REC-0582
claim:K04,REC-0587
claim:K04,REC-0592
claim:K04,REC-0595
claim:K04,REC-0597
claim:K04,REC-0599
claim:K04,REC-0605
claim:K04,REC-0606
claim:K04,REC-0608
claim:K04,REC-0613
claim:K04,REC-0614
claim:K04,REC-0615
claim:K04,REC-0618
claim:K04,REC-0622
claim:K04,REC-0623
claim:K04,REC-0625
claim:K04,REC-0627
claim:K04,REC-0630
claim:K04,REC-0632
claim:K04,REC-0638
claim:K04,REC-0640
claim:K04,REC-0644
claim:K04,REC-0646
claim:K04,REC-0647
claim:K04,REC-0648
claim:K04,REC-0649
claim:K04,REC-0650
claim:K04,REC-0654
claim:K04,REC-0656
claim:K04,REC-0658
claim:K04,REC-0660
claim:K04,REC-0661
claim:K04,REC-0665
claim:K04,REC-0672
claim:K04,REC-0673
claim:K04,REC-0676
claim:K04,REC-0683
claim:K04,REC-0685
claim:K04,REC-0688
claim:K04,REC-0692
claim:K04,REC-0694
claim:K04,REC-0696
claim:K04,REC-0697
claim:K04,REC-0699
claim:K04,REC-0701
claim:K04,REC-0705
claim:K04,REC-0707
claim:K04,REC-0708
claim:K04,REC-0715
claim:K04,REC-0717
claim:K04,REC-0719
claim:K04,REC-0725
claim:K04,REC-0726
claim:K04,REC-0728
claim:K04,REC-0729
claim:K04,REC-0735
claim:K04,REC-0737
claim:K04,REC-0740
claim:K04,REC-0742
claim:K04,REC-0745
claim:K04,REC-0746
claim:K04,REC-0749
claim:K04,REC-0750
claim:K04,REC-0751
claim:K04,REC-0753
claim:K04,REC-0759
claim:K04,REC-0764
claim:K04,REC-0765
claim:K04,REC-0769
claim:K04,REC-0771
claim:K04,REC-0772
claim:K04,REC-0773
claim:K04,REC-0775
claim:K04,REC-0778
claim:K04,REC-0779
claim:K04,REC-0781
claim:K04,REC-0782
claim:K04,REC-0783
claim:K04,REC-0784
claim:K04,REC-0788
claim:K04,REC-0789
claim:K04,REC-0790
claim:K04,REC-0791
claim:K04,REC-0792
claim:K04,REC-0795
claim:K04,REC-0796
claim:K04,REC-0797
claim:K04,REC-0799
claim:K05,REC-0001
claim:K05,REC-0002
claim:K05,REC-0003
claim:K05,REC-0004
claim:K05,REC-0005
claim:K05,REC-0006
claim:K05,REC-0007
claim:K05,REC-0008
claim:K05,REC-0009
claim:K05,REC-0010
claim:K05,REC-0011
claim:K05,REC-0012
claim:K05,REC-0013
claim:K05,REC-0014
claim:K05,REC-0015
claim:K05,REC-0016
claim:K05,REC-0017
claim:K05,REC-0018
claim:K05,REC-0019
claim:K05,REC-0020
claim:K05,REC-0021
claim:K05,REC-0022
claim:K05,REC-0023
claim:K05,REC-0024
claim:K05,REC-0026
claim:K05,REC-0027
claim:K05,REC-0028
claim:K05,REC-0030
claim:K05,REC-0031
claim:K05,REC-0032
claim:K05,REC-0033
claim:K05,REC-0034
claim:K05,REC-0035
claim:K05,REC-0036
claim:K05,REC-0037
claim:K05,REC-0038
claim:K05,REC-0039
claim:K05,REC-0041
claim:K05,REC-0043
claim:K05,REC-0044
claim:K05,REC-0045
claim:K05,REC-0046
claim:K05,REC-0048
claim:K05,REC-0050
claim:K05,REC-0051
claim:K05,REC-0053
claim:K05,REC-0054
claim:K05,REC-0055
claim:K05,REC-0056
claim:K05,REC-0057
claim:K05,REC-0058
claim:K05,REC-0059
claim:K05,REC-0060
claim:K05,REC-0061
claim:K05,REC-0062
claim:K05,REC-0063
claim:K05,REC-0064
claim:K05,REC-0065
claim:K05,REC-0066
claim:K05,REC-0067
claim:K05,REC-0068
claim:K05,REC-0069
claim:K05,REC-0070
claim:K05,REC-0071
claim:K05,REC-0073
claim:K05,REC-0074
claim:K05,REC-0075
claim:K05,REC-0076
claim:K05,REC-0077
claim:K05,REC-0078
claim:K05,REC-0079
claim:K05,REC-0080
claim:K05,REC-0081
claim:K05,REC-0082
claim:K05,REC-0083
claim:K05,REC-0084
claim:K05,REC-0085
claim:K05,REC-0086
claim:K05,REC-0087
claim:K05,REC-0088
claim:K05,REC-0089
claim:K05,REC-0090
claim:K05,REC-0091
claim:K05,REC-0092
claim:K05,REC-0093
claim:K05,REC-0094
claim:K05,REC-0095
claim:K05,REC-0096
claim:K05,REC-0097
claim:K05,REC-0098
claim:K05,REC-0099
claim:K05,REC-0100
claim:K05,REC-0101
claim:K05,REC-0102
claim:K05,REC-0103
claim:K05,REC-0104
claim:K05,REC-0105
claim:K05,REC-0106
claim:K05,REC-0107
claim:K05,REC-0108
claim:K05,REC-0109
claim:K05,REC-0110
claim:K05,REC-0111
claim:K05,REC-0112
claim:K05,REC-0113
claim:K05,REC-0114
claim:K05,REC-0115
claim:K05,REC-0116
claim:K05,REC-0117
claim:K05,REC-0118
claim:K05,REC-0119
claim:K05,REC-0120
claim:K05,REC-0121
claim:K05,REC-0122
claim:K05,REC-0123
claim:K05,REC-0124
claim:K05,REC-0125
claim:K05,REC-0126
claim:K05,REC-0127
claim:K05,REC-0128
claim:K05,REC-0129
claim:K05,REC-0130
claim:K05,REC-0131
claim:K05,REC-0132
claim:K05,REC-0133
claim:K05,REC-0134
claim:K05,REC-0135
claim:K05,REC-0136
claim:K05,REC-0137
claim:K05,REC-0138
claim:K05,REC-0139
claim:K05,REC-0140
claim:K05,REC-0141
claim:K05,REC-0142
claim:K05,REC-0143
claim:K05,REC-0144
claim:K05,REC-0145
claim:K05,REC-0146
claim:K05,REC-0147
claim:K05,REC-0148
claim:K05,REC-0149
claim:K05,REC-0150
claim:K05,REC-0151
claim:K05,REC-0152
claim:K05,REC-0153
claim:K05,REC-0155
claim:K05,REC-0157
claim:K05,REC-0158
claim:K05,REC-0159
claim:K05,REC-0160
claim:K05,REC-0161
claim:K05,REC-0162
claim:K05,REC-0163
claim:K05,REC-0164
claim:K05,REC-0165
claim:K05,REC-0166
claim:K05,REC-0168
claim:K05,REC-0169
claim:K05,REC-0170
claim:K05,REC-0171
claim:K05,REC-0172
claim:K05,REC-0173
claim:K05,REC-0174
claim:K05,REC-0175
claim:K05,REC-0176
claim:K05,REC-0177
claim:K05,REC-0178
claim:K05,REC-0179
claim:K05,REC-0180
claim:K05,REC-0181
claim:K05,REC-0182
claim:K05,REC-0183
claim:K05,REC-0184
claim:K05,REC-0185
claim:K05,REC-0186
claim:K05,REC-0187
claim:K05,REC-0189
claim:K05,REC-0192
claim:K05,REC-0193
claim:K05,REC-0194
claim:K05,REC-0195
claim:K05,REC-0196
claim:K05,REC-0197
claim:K05,REC-0198
claim:K05,REC-0199
claim:K05,REC-0200
claim:K05,REC-0201
claim:K05,REC-0202
claim:K05,REC-0203
claim:K05,REC-0205
claim:K05,REC-0206
claim:K05,REC-0207
claim:K05,REC-0208
claim:K05,REC-0209
claim:K05,REC-0210
claim:K05,REC-0211
claim:K05,REC-0212
claim:K05,REC-0213
claim:K05,REC-0214
claim:K05,REC-0215
claim:K05,REC-0216
claim:K05,REC-0217
claim:K05,REC-0218
claim:K05,REC-0219
claim:K05,REC-0220
claim:K05,REC-0221
claim:K05,REC-0223
claim:K05,REC-0224
claim:K05,REC-0225
claim:K05,REC-0226
claim:K05,REC-0227
claim:K05,REC-0228
claim:K05,REC-0229
claim:K05,REC-0230
claim:K05,REC-0231
claim:K05,REC-0232
claim:K05,REC-0233
claim:K05,REC-0234
claim:K05,REC-0235
claim:K05,REC-0236
claim:K05,REC-0237
claim:K05,REC-0238
claim:K05,REC-0239
claim:K05,REC-0240
claim:K05,REC-0241
claim:K05,REC-0242
claim:K05,REC-0243
claim:K05,REC-0244
claim:K05,REC-0245
claim:K05,REC-0246
claim:K05,REC-0247
claim:K05,REC-0248
claim:K05,REC-0249
claim:K05,REC-0250
claim:K05,REC-0251
claim:K05,REC-0252
claim:K05,REC-0253
claim:K05,REC-0254
claim:K05,REC-0255
claim:K05,REC-0256
claim:K05,REC-0257
claim:K05,REC-0259
claim:K05,REC-0260
claim:K05,REC-0261
claim:K05,REC-0262
claim:K05,REC-0263
claim:K05,REC-0264
claim:K05,REC-0266
claim:K05,REC-0267
claim:K05,REC-0268
claim:K05,REC-0269
claim:K05,REC-0271
claim:K05,REC-0272
claim:K05,REC-0274
claim:K05,REC-0275
claim:K05,REC-0276
claim:K05,REC-0277
claim:K05,REC-0278
claim:K05,REC-0279
claim:K05,REC-0280
claim:K05,REC-0281
claim:K05,REC-0282
claim:K05,REC-0283
claim:K05,REC-0284
claim:K05,REC-0285
claim:K05,REC-0286
claim:K05,REC-0287
claim:K05,REC-0288
claim:K05,REC-0291
claim:K05,REC-0292
claim:K05,REC-0293
claim:K05,REC-0294
claim:K05,REC-0295
claim:K05,REC-0296
claim:K05,REC-0297
claim:K05,REC-0298
claim:K05,REC-0299
claim:K05,REC-0300
claim:K05,REC-0301
claim:K05,REC-0302
claim:K05,REC-0303
claim:K05,REC-0304
claim:K05,REC-0305
claim:K05,REC-0306
claim:K05,REC-0307
claim:K05,REC-0308
claim:K05,REC-0309
claim:K05,REC-0310
claim:K05,REC-0311
claim:K05,REC-0312
claim:K05,REC-0313
claim:K05,REC-0315
claim:K05,REC-0316
claim:K05,REC-0317
claim:K05,REC-0318
claim:K05,REC-0319
claim:K05,REC-0321
claim:K05,REC-0322
claim:K05,REC-0323
claim:K05,REC-0324
claim:K05,REC-0325
claim:K05,REC-0326
claim:K05,REC-0327
claim:K05,REC-0328
claim:K05,REC-0329
claim:K05,REC-0330
claim:K05,REC-0332
claim:K05,REC-0333
claim:K05,REC-0334
claim:K05,REC-0336
claim:K05,REC-0337
claim:K05,REC-0338
claim:K05,REC-0339
claim:K05,REC-0340
claim:K05,REC-0341
claim:K05,REC-0342
claim:K05,REC-0343
claim:K05,REC-0344
claim:K05,REC-0345
claim:K05,REC-0346
claim:K05,REC-0347
claim:K05,REC-0348
claim:K05,REC-0349
claim:K05,REC-0350
claim:K05,REC-0351
claim:K05,REC-0352
claim:K05,REC-0353
claim:K05,REC-0354
claim:K05,REC-0355
claim:K05,REC-0356
claim:K05,REC-0357
claim:K05,REC-0358
claim:K05,REC-0359
claim:K05,REC-0361
claim:K05,REC-0362
claim:K05,REC-0363
claim:K05,REC-0364
claim:K05,REC-0365
claim:K05,REC-0366
claim:K05,REC-0367
claim:K05,REC-0368
claim:K05,REC-0369
claim:K05,REC-0370
claim:K05,REC-0371
claim:K05,REC-0373
claim:K05,REC-0375
claim:K05,REC-0376
claim:K05,REC-0377
claim:K05,REC-0378
claim:K05,REC-0379
claim:K05,REC-0380
claim:K05,REC-0381
claim:K05,REC-0382
claim:K05,REC-0383
claim:K05,REC-0384
claim:K05,REC-0385
claim:K05,REC-0386
claim:K05,REC-0387
claim:K05,REC-0388
claim:K05,REC-0389
claim:K05,REC-0390
claim:K05,REC-0391
claim:K05,REC-0392
claim:K05,REC-0393
claim:K05,REC-0394
claim:K05,REC-0395
claim:K05,REC-0396
claim:K05,REC-0397
claim:K05,REC-0398
claim:K05,REC-0399
claim:K05,REC-0400
claim:K05,REC-0401
claim:K05,REC-0402
claim:K05,REC-0403
claim:K05,REC-0404
claim:K05,REC-0405
claim:K05,REC-0406
claim:K05,REC-0407
claim:K05,REC-0408
claim:K05,REC-0409
claim:K05,REC-0410
claim:K05,REC-0411
claim:K05,REC-0412
claim:K05,REC-0413
claim:K05,REC-0414
claim:K05,REC-0415
claim:K05,REC-0416
claim:K05,REC-0417
claim:K05,REC-0418
claim:K05,REC-0419
claim:K05,REC-0420
claim:K05,REC-0421
claim:K05,REC-0422
claim:K05,REC-0423
claim:K05,REC-0424
claim:K05,REC-0425
claim:K05,REC-0427
claim:K05,REC-0428
claim:K05,REC-0429
claim:K05,REC-0430
claim:K05,REC-0431
claim:K05,REC-0432
claim:K05,REC-0433
claim:K05,REC-0434
claim:K05,REC-0435
claim:K05,REC-0436
claim:K05,REC-0437
claim:K05,REC-0439
claim:K05,REC-0440
claim:K05,REC-0441
claim:K05,REC-0442
claim:K05,REC-0443
claim:K05,REC-0444
claim:K05,REC-0445
claim:K05,REC-0446
claim:K05,REC-0447
claim:K05,REC-0448
claim:K05,REC-0449
claim:K05,REC-0450
claim:K05,REC-0451
claim:K05,REC-0452
claim:K05,REC-0453
claim:K05,REC-0454
claim:K05,REC-0455
claim:K05,REC-0456
claim:K05,REC-0457
claim:K05,REC-0458
claim:K05,REC-0459
claim:K05,REC-0460
claim:K05,REC-0461
claim:K05,REC-0462
claim:K05,REC-0463
claim:K05,REC-0464
claim:K05,REC-0465
claim:K05,REC-0466
claim:K05,REC-0467
claim:K05,REC-0468
claim:K05,REC-0469
claim:K05,REC-0470
claim:K05,REC-0471
claim:K05,REC-0472
claim:K05,REC-0473
claim:K05,REC-0474
claim:K05,REC-0475
claim:K05,REC-0476
claim:K05,REC-0477
claim:K05,REC-0479
claim:K05,REC-0480
claim:K05,REC-0481
claim:K05,REC-0482
claim:K05,REC-0483
claim:K05,REC-0484
claim:K05,REC-0485
claim:K05,REC-0486
claim:K05,REC-0487
claim:K05,REC-0488
claim:K05,REC-0489
claim:K05,REC-0490
claim:K05,REC-0491
claim:K05,REC-0493
claim:K05,REC-0494
claim:K05,REC-0495
claim:K05,REC-0496
claim:K05,REC-0497
claim:K05,REC-0498
claim:K05,REC-0499
claim:K05,REC-0500
claim:K05,REC-0501
claim:K05,REC-0502
claim:K05,REC-0503
claim:K05,REC-0504
claim:K05,REC-0505
claim:K05,REC-0506
claim:K05,REC-0507
claim:K05,REC-0508
claim:K05,REC-0509
claim:K05,REC-0510
claim:K05,REC-0511
claim:K05,REC-0512
claim:K05,REC-0513
claim:K05,REC-0514
claim:K05,REC-0515
claim:K05,REC-0516
claim:K05,REC-0517
claim:K05,REC-0518
claim:K05,REC-0519
claim:K05,REC-0520
claim:K05,REC-0521
claim:K05,REC-0522
claim:K05,REC-0523
claim:K05,REC-0524
claim:K05,REC-0525
claim:K05,REC-0526
claim:K05,REC-0527
claim:K05,REC-0528
claim:K05,REC-0530
claim:K05,REC-0531
claim:K05,REC-0532
claim:K05,REC-0533
claim:K05,REC-0534
claim:K05,REC-0535
claim:K05,REC-0536
claim:K05,REC-0537
claim:K05,REC-0538
claim:K05,REC-0539
claim:K05,REC-0540
claim:K05,REC-0542
claim:K05,REC-0543
claim:K05,REC-0544
claim:K05,REC-0545
claim:K05,REC-0546
claim:K05,REC-0547
claim:K05,REC-0548
claim:K05,REC-0549
claim:K05,REC-0550
claim:K05,REC-0551
claim:K05,REC-0552
claim:K05,REC-0553
claim:K05,REC-0554
claim:K05,REC-0555
claim:K05,REC-0556
claim:K05,REC-0557
claim:K05,REC-0558
claim:K05,REC-0559
claim:K05,REC-0560
claim:K05,REC-0561
claim:K05,REC-0562
claim:K05,REC-0563
claim:K05,REC-0564
claim:K05,REC-0565
claim:K05,REC-0566
claim:K05,REC-0567
claim:K05,REC-0568
claim:K05,REC-0569
claim:K05,REC-0571
claim:K05,REC-0572
claim:K05,REC-0573
claim:K05,REC-0574
claim:K05,REC-0575
claim:K05,REC-0576
claim:K05,REC-0577
claim:K05,REC-0578
claim:K05,REC-0579
claim:K05,REC-0580
claim:K05,REC-0581
claim:K05,REC-0582
claim:K05,REC-0583
claim:K05,REC-0584
claim:K05,REC-0585
claim:K05,REC-0586
claim:K05,REC-0587
claim:K05,REC-0588
claim:K05,REC-0589
claim:K05,REC-0590
claim:K05,REC-0591
claim:K05,REC-0592
claim:K05,REC-0593
claim:K05,REC-0594
claim:K05,REC-0595
claim:K05,REC-0597
claim:K05,REC-0598
claim:K05,REC-0599
claim:K05,REC-0600
claim:K05,REC-0601
claim:K05,REC-0602
claim:K05,REC-0603
claim:K05,REC-0604
claim:K05,REC-0605
claim:K05,REC-0606
claim:K05,REC-0607
claim:K05,REC-0608
claim:K05,REC-0609
claim:K05,REC-0610
claim:K05,REC-0611
claim:K05,REC-0612
claim:K05,REC-0613
claim:K05,REC-0614
claim:K05,REC-0615
claim:K05,REC-0616
claim:K05,REC-0617
claim:K05,REC-0619
claim:K05,REC-0620
claim:K05,REC-0621
claim:K05,REC-0622
claim:K05,REC-0623
claim:K05,REC-0624
claim:K05,REC-0625
claim:K05,REC-0626
claim:K05,REC-0627
claim:K05,REC-0628
claim:K05,REC-0630
claim:K05,REC-0631
claim:K05,REC-0632
claim:K05,REC-0633
claim:K05,REC-0634
claim:K05,REC-0635
claim:K05,REC-0636
claim:K05,REC-0637
claim:K05,REC-0638
claim:K05,REC-0639
claim:K05,REC-0640
claim:K05,REC-0641
claim:K05,REC-0642
claim:K05,REC-0643
claim:K05,REC-0644
claim:K05,REC-0645
claim:K05,REC-0646
claim:K05,REC-0647
claim:K05,REC-0648
claim:K05,REC-0649
claim:K05,REC-0650
claim:K05,REC-0651
claim:K05,REC-0652
claim:K05,REC-0653
claim:K05,REC-0654
claim:K05,REC-0655
claim:K05,REC-0656
claim:K05,REC-0657
claim:K05,REC-0658
claim:K05,REC-0659
claim:K05,REC-0660
claim:K05,REC-0661
claim:K05,REC-0662
claim:K05,REC-0663
claim:K05,REC-0664
claim:K05,REC-0666
claim:K05,REC-0669
claim:K05,REC-0670
claim:K05,REC-0671
claim:K05,REC-0672
claim:K05,REC-0673
claim:K05,REC-0674
claim:K05,REC-0676
claim:K05,REC-0677
claim:K05,REC-0678
claim:K05,REC-0679
claim:K05,REC-0680
claim:K05,REC-0681
claim:K05,REC-0682
claim:K05,REC-0683
claim:K05,REC-0684
claim:K05,REC-0685
claim:K05,REC-0686
claim:K05,REC-0687
claim:K05,REC-0688
claim:K05,REC-0689
claim:K05,REC-0690
claim:K05,REC-0691
claim:K05,REC-0692
claim:K05,REC-0693
claim:K05,REC-0694
claim:K05,REC-0695
claim:K05,REC-0696
claim:K05,REC-0697
claim:K05,REC-0698
claim:K05,REC-0699
claim:K05,REC-0700
claim:K05,REC-0701
claim:K05,REC-0702
claim:K05,REC-0703
claim:K05,REC-0704
claim:K05,REC-0705
claim:K05,REC-0706
claim:K05,REC-0707
claim:K05,REC-0708
claim:K05,REC-0710
claim:K05,REC-0711
claim:K05,REC-0712
claim:K05,REC-0713
claim:K05,REC-0715
claim:K05,REC-0716
claim:K05,REC-0717
claim:K05,REC-0718
claim:K05,REC-0719
claim:K05,REC-0722
claim:K05,REC-0723
claim:K05,REC-0724
claim:K05,REC-0725
claim:K05,REC-0726
claim:K05,REC-0727
claim:K05,REC-0728
claim:K05,REC-0729
claim:K05,REC-0730
claim:K05,REC-0731
claim:K05,REC-0732
claim:K05,REC-0733
claim:K05,REC-0734
claim:K05,REC-0735
claim:K05,REC-0736
claim:K05,REC-0737
claim:K05,REC-0738
claim:K05,REC-0741
claim:K05,REC-0742
claim:K05,REC-0744
claim:K05,REC-0745
claim:K05,REC-0746
claim:K05,REC-0747
claim:K05,REC-0748
claim:K05,REC-0749
claim:K05,REC-0750
claim:K05,REC-0751
claim:K05,REC-0752
claim:K05,REC-0753
claim:K05,REC-0754
claim:K05,REC-0755
claim:K05,REC-0756
claim:K05,REC-0757
claim:K05,REC-0758
claim:K05,REC-0759
claim:K05,REC-0760
claim:K05,REC-0761
claim:K05,REC-0762
claim:K05,REC-0763
claim:K05,REC-0765
claim:K05,REC-0766
claim:K05,REC-0767
claim:K05,REC-0768
claim:K05,REC-0769
claim:K05,REC-0770
claim:K05,REC-0771
claim:K05,REC-0772
claim:K05,REC-0773
claim:K05,REC-0774
claim:K05,REC-0775
claim:K05,REC-0777
claim:K05,REC-0778
claim:K05,REC-0779
claim:K05,REC-0780
claim:K05,REC-0781
claim:K05,REC-0782
claim:K05,REC-0783
claim:K05,REC-0784
claim:K05,REC-0785
claim:K05,REC-0786
claim:K05,REC-0787
claim:K05,REC-0788
claim:K05,REC-0789
claim:K05,REC-0790
claim:K05,REC-0791
claim:K05,REC-0792
claim:K05,REC-0793
claim:K05,REC-0794
claim:K05,REC-0795
claim:K05,REC-0796
claim:K05,REC-0797
claim:K05,REC-0798
claim:K05,REC-0799
claim:K05,REC-0800
claim:K09,REC-0002
claim:K09,REC-0003
claim:K09,REC-0010
claim:K09,REC-0011
claim:K09,REC-0012
claim:K09,REC-0015
claim:K09,REC-0022
claim:K09,REC-0024
claim:K09,REC-0028
claim:K09,REC-0030
claim:K09,REC-0035
claim:K09,REC-0037
claim:K09,REC-0046
claim:K09,REC-0048
claim:K09,REC-0051
claim:K09,REC-0054
claim:K09,REC-0055
claim:K09,REC-0060
claim:K09,REC-0065
claim:K09,REC-0069
claim:K09,REC-0071
claim:K09,REC-0073
claim:K09,REC-0074
claim:K09,REC-0075
claim:K09,REC-0076
claim:K09,REC-0079
claim:K09,REC-0082
claim:K09,REC-0083
claim:K09,REC-0084
claim:K09,REC-0087
claim:K09,REC-0097
claim:K09,REC-0098
claim:K09,REC-0099
claim:K09,REC-0104
claim:K09,REC-0105
claim:K09,REC-0107
claim:K09,REC-0108
claim:K09,REC-0109
claim:K09,REC-0110
claim:K09,REC-0112
claim:K09,REC-0116
claim:K09,REC-0117
claim:K09,REC-0118
claim:K09,REC-0119
claim:K09,REC-0120
claim:K09,REC-0125
claim:K09,REC-0126
claim:K09,REC-0129
claim:K09,REC-0130
claim:K09,REC-0133
claim:K09,REC-0136
claim:K09,REC-0139
claim:K09,REC-0143
claim:K09,REC-0145
claim:K09,REC-0146
claim:K09,REC-0147
claim:K09,REC-0150
claim:K09,REC-0153
claim:K09,REC-0157
claim:K09,REC-0158
claim:K09,REC-0159
claim:K09,REC-0163
claim:K09,REC-0164
claim:K09,REC-0170
claim:K09,REC-0171
claim:K09,REC-0174
claim:K09,REC-0176
claim:K09,REC-0178
claim:K09,REC-0185
claim:K09,REC-0186
claim:K09,REC-0189
claim:K09,REC-0201
claim:K09,REC-0202
claim:K09,REC-0205
claim:K09,REC-0206
claim:K09,REC-0209
claim:K09,REC-0210
claim:K09,REC-0211
claim:K09,REC-0214
claim:K09,REC-0216
claim:K09,REC-0217
claim:K09,REC-0219
claim:K09,REC-0221
claim:K09,REC-0224
claim:K09,REC-0226
claim:K09,REC-0227
claim:K09,REC-0234
claim:K09,REC-0237
claim:K09,REC-0239
claim:K09,REC-0240
claim:K09,REC-0241
claim:K09,REC-0244
claim:K09,REC-0245
claim:K09,REC-0246
claim:K09,REC-0247
claim:K09,REC-0250
claim:K09,REC-0255
claim:K09,REC-0256
claim:K09,REC-0259
claim:K09,REC-0262
claim:K09,REC-0266
claim:K09,REC-0267
claim:K09,REC-0274
claim:K09,REC-0275
claim:K09,REC-0277
claim:K09,REC-0282
claim:K09,REC-0284
claim:K09,REC-0285
claim:K09,REC-0286
claim:K09,REC-0287
claim:K09,REC-0292
claim:K09,REC-0293
claim:K09,REC-0295
claim:K09,REC-0300
claim:K09,REC-0302
claim:K09,REC-0303
claim:K09,REC-0304
claim:K09,REC-0305
claim:K09,REC-0307
claim:K09,REC-0308
claim:K09,REC-0309
claim:K09,REC-0310
claim:K09,REC-0315
claim:K09,REC-0319
claim:K09,REC-0321
claim:K09,REC-0325
claim:K09,REC-0326
claim:K09,REC-0327
claim:K09,REC-0328
claim:K09,REC-0330
claim:K09,REC-0336
claim:K09,REC-0340
claim:K09,REC-0343
claim:K09,REC-0344
claim:K09,REC-0349
claim:K09,REC-0350
claim:K09,REC-0352
claim:K09,REC-0356
claim:K09,REC-0359
claim:K09,REC-0361
claim:K09,REC-0363
claim:K09,REC-0366
claim:K09,REC-0369
claim:K09,REC-0370
claim:K09,REC-0376
claim:K09,REC-0380
claim:K09,REC-0383
claim:K09,REC-0384
claim:K09,REC-0385
claim:K09,REC-0386
claim:K09,REC-0388
claim:K09,REC-0389
claim:K09,REC-0390
claim:K09,REC-0393
claim:K09,REC-0394
claim:K09,REC-0396
claim:K09,REC-0399
claim:K09,REC-0400
claim:K09,REC-0401
claim:K09,REC-0402
claim:K09,REC-0403
claim:K09,REC-0405
claim:K09,REC-0406
claim:K09,REC-0409
claim:K09,REC-0410
claim:K09,REC-0412
claim:K09,REC-0413
claim:K09,REC-0414
claim:K09,REC-0415
claim:K09,REC-0416
claim:K09,REC-0417
claim:K09,REC-0424
claim:K09,REC-0425
claim:K09,REC-0427
claim:K09,REC-0428
claim:K09,REC-0431
claim:K09,REC-0432
claim:K09,REC-0433
claim:K09,REC-0434
claim:K09,REC-0437
claim:K09,REC-0441
claim:K09,REC-0448
claim:K09,REC-0449
claim:K09,REC-0451
claim:K09,REC-0452
claim:K09,REC-0453
claim:K09,REC-0454
claim:K09,REC-0455
claim:K09,REC-0458
claim:K09,REC-0461
claim:K09,REC-0465
claim:K09,REC-0466
claim:K09,REC-0471
claim:K09,REC-0473
claim:K09,REC-0477
claim:K09,REC-0480
claim:K09,REC-0482
claim:K09,REC-0483
claim:K09,REC-0484
claim:K09,REC-0485
claim:K09,REC-0487
claim:K09,REC-0488
claim:K09,REC-0489
claim:K09,REC-0491
claim:K09,REC-0493
claim:K09,REC-0495
claim:K09,REC-0500
claim:K09,REC-0501
claim:K09,REC-0504
claim:K09,REC-0509
claim:K09,REC-0511
claim:K09,REC-0512
claim:K09,REC-0514
claim:K09,REC-0517
claim:K09,REC-0520
claim:K09,REC-0523
claim:K09,REC-0524
claim:K09,REC-0526
claim:K09,REC-0528
claim:K09,REC-0531
claim:K09,REC-0533
claim:K09,REC-0534
claim:K09,REC-0537
claim:K09,REC-0538
claim:K09,REC-0545
claim:K09,REC-0547
claim:K09,REC-0548
claim:K09,REC-0549
claim:K09,REC-0550
claim:K09,REC-0551
claim:K09,REC-0552
claim:K09,REC-0553
claim:K09,REC-0555
claim:K09,REC-0557
claim:K09,REC-0559
claim:K09,REC-0562
claim:K09,REC-0565
claim:K09,REC-0567
claim:K09,REC-0569
claim:K09,REC-0573
claim:K09,REC-0574
claim:K09,REC-0579
claim:K09,REC-0580
claim:K09,REC-0581
claim:K09,REC-0584
claim:K09,REC-0587
claim:K09,REC-0591
claim:K09,REC-0597
claim:K09,REC-0599
claim:K09,REC-0600
claim:K09,REC-0601
claim:K09,REC-0602
claim:K09,REC-0603
claim:K09,REC-0604
claim:K09,REC-0606
claim:K09,REC-0609
claim:K09,REC-0612
claim:K09,REC-0615
claim:K09,REC-0616
claim:K09,REC-0620
claim:K09,REC-0624
claim:K09,REC-0626
claim:K09,REC-0627
claim:K09,REC-0631
claim:K09,REC-0633
claim:K09,REC-0634
claim:K09,REC-0638
claim:K09,REC-0642
claim:K09,REC-0643
claim:K09,REC-0645
claim:K09,REC-0651
claim:K09,REC-0653
claim:K09,REC-0654
claim:K09,REC-0655
claim:K09,REC-0657
claim:K09,REC-0659
claim:K09,REC-0663
claim:K09,REC-0664
claim:K09,REC-0669
claim:K09,REC-0670
claim:K09,REC-0671
claim:K09,REC-0673
claim:K09,REC-0674
claim:K09,REC-0676
claim:K09,REC-0677
claim:K09,REC-0678
claim:K09,REC-0680
claim:K09,REC-0681
claim:K09,REC-0684
claim:K09,REC-0686
claim:K09,REC-0687
claim:K09,REC-0692
claim:K09,REC-0693
claim:K09,REC-0700
claim:K09,REC-0701
claim:K09,REC-0702
claim:K09,REC-0703
claim:K09,REC-0705
claim:K09,REC-0708
claim:K09,REC-0711
claim:K09,REC-0712
claim:K09,REC-0713
claim:K09,REC-0715
claim:K09,REC-0717
claim:K09,REC-0718
claim:K09,REC-0722
claim:K09,REC-0723
claim:K09,REC-0725
claim:K09,REC-0727
claim:K09,REC-0729
claim:K09,REC-0731
claim:K09,REC-0733
claim:K09,REC-0734
claim:K09,REC-0735
claim:K09,REC-0736
claim:K09,REC-0737
claim:K09,REC-0741
claim:K09,REC-0744
claim:K09,REC-0745
claim:K09,REC-0746
claim:K09,REC-0752
claim:K09,REC-0755
claim:K09,REC-0756
claim:K09,REC-0759
claim:K09,REC-0763
claim:K09,REC-0766
claim:K09,REC-0767
claim:K09,REC-0770
claim:K09,REC-0771
claim:K09,REC-0774
claim:K09,REC-0775
claim:K09,REC-0780
claim:K09,REC-0783
claim:K09,REC-0784
claim:K09,REC-0789
claim:K09,REC-0790
claim:K09,REC-0792
claim:K09,REC-0794
claim:K09,REC-0796
claim:K09,REC-0798
claim:K09,REC-0800
claim:K11,REC-0012
claim:K11,REC-0022
claim:K11,REC-0048
claim:K11,REC-0054
claim:K11,REC-0055
claim:K11,REC-0069
claim:K11,REC-0071
claim:K11,REC-0073
claim:K11,REC-0098
claim:K11,REC-0104
claim:K11,REC-0107
claim:K11,REC-0109
claim:K11,REC-0110
claim:K11,REC-0112
claim:K11,REC-0117
claim:K11,REC-0119
claim:K11,REC-0120
claim:K11,REC-0129
claim:K11,REC-0130
claim:K11,REC-0146
claim:K11,REC-0150
claim:K11,REC-0157
claim:K11,REC-0164
claim:K11,REC-0171
claim:K11,REC-0174
claim:K11,REC-0186
claim:K11,REC-0201
claim:K11,REC-0202
claim:K11,REC-0209
claim:K11,REC-0210
claim:K11,REC-0216
claim:K11,REC-0217
claim:K11,REC-0221
claim:K11,REC-0224
claim:K11,REC-0237
claim:K11,REC-0239
claim:K11,REC-0240
claim:K11,REC-0241
claim:K11,REC-0245
claim:K11,REC-0247
claim:K11,REC-0267
claim:K11,REC-0277
claim:K11,REC-0284
claim:K11,REC-0285
claim:K11,REC-0287
claim:K11,REC-0300
claim:K11,REC-0305
claim:K11,REC-0308
claim:K11,REC-0310
claim:K11,REC-0315
claim:K11,REC-0319
claim:K11,REC-0321
claim:K11,REC-0325
claim:K11,REC-0327
claim:K11,REC-0328
claim:K11,REC-0336
claim:K11,REC-0343
claim:K11,REC-0349
claim:K11,REC-0350
claim:K11,REC-0352
claim:K11,REC-0361
claim:K11,REC-0366
claim:K11,REC-0383
claim:K11,REC-0399
claim:K11,REC-0401
claim:K11,REC-0406
claim:K11,REC-0410
claim:K11,REC-0412
claim:K11,REC-0415
claim:K11,REC-0416
claim:K11,REC-0424
claim:K11,REC-0425
claim:K11,REC-0431
claim:K11,REC-0433
claim:K11,REC-0451
claim:K11,REC-0465
claim:K11,REC-0471
claim:K11,REC-0473
claim:K11,REC-0484
claim:K11,REC-0488
claim:K11,REC-0511
claim:K11,REC-0512
claim:K11,REC-0523
claim:K11,REC-0524
claim:K11,REC-0526
claim:K11,REC-0528
claim:K11,REC-0531
claim:K11,REC-0533
claim:K11,REC-0534
claim:K11,REC-0550
claim:K11,REC-0555
claim:K11,REC-0559
claim:K11,REC-0562
claim:K11,REC-0569
claim:K11,REC-0574
claim:K11,REC-0581
claim:K11,REC-0587
claim:K11,REC-0597
claim:K11,REC-0599
claim:K11,REC-0606
claim:K11,REC-0615
claim:K11,REC-0627
claim:K11,REC-0638
claim:K11,REC-0654
claim:K11,REC-0673
claim:K11,REC-0676
claim:K11,REC-0692
claim:K11,REC-0701
claim:K11,REC-0705
claim:K11,REC-0708
claim:K11,REC-0715
claim:K11,REC-0717
claim:K11,REC-0725
claim:K11,REC-0729
claim:K11,REC-0735
claim:K11,REC-0737
claim:K11,REC-0745
claim:K11,REC-0746
claim:K11,REC-0759
claim:K11,REC-0771
claim:K11,REC-0775
claim:K11,REC-0783
claim:K11,REC-0784
claim:K11,REC-0789
claim:K11,REC-0790
claim:K11,REC-0792
claim:K11,REC-0796
claim:K12,REC-0001
claim:K12,REC-0004
claim:K12,REC-0005
claim:K12,REC-0006
claim:K12,REC-0007
claim:K12,REC-0008
claim:K12,REC-0009
claim:K12,REC-0013
claim:K12,REC-0014
claim:K12,REC-0016
claim:K12,REC-0017
claim:K12,REC-0018
claim:K12,REC-0019
claim:K12,REC-0020
claim:K12,REC-0021
claim:K12,REC-0023
claim:K12,REC-0026
claim:K12,REC-0027
claim:K12,REC-0031
claim:K12,REC-0032
claim:K12,REC-0033
claim:K12,REC-0034
claim:K12,REC-0036
claim:K12,REC-0038
claim:K12,REC-0039
claim:K12,REC-0041
claim:K12,REC-0043
claim:K12,REC-0044
claim:K12,REC-0045
claim:K12,REC-0050
claim:K12,REC-0053
claim:K12,REC-0056
claim:K12,REC-0057
claim:K12,REC-0058
claim:K12,REC-0059
claim:K12,REC-0061
claim:K12,REC-0062
claim:K12,REC-0063
claim:K12,REC-0064
claim:K12,REC-0066
claim:K12,REC-0067
claim:K12,REC-0068
claim:K12,REC-0070
claim:K12,REC-0077
claim:K12,REC-0078
claim:K12,REC-0080
claim:K12,REC-0081
claim:K12,REC-0085
claim:K12,REC-0086
claim:K12,REC-0088
claim:K12,REC-0089
claim:K12,REC-0090
claim:K12,REC-0091
claim:K12,REC-0092
claim:K12,REC-0093
claim:K12,REC-0094
claim:K12,REC-0095
claim:K12,REC-0096
claim:K12,REC-0100
claim:K12,REC-0101
claim:K12,REC-0102
claim:K12,REC-0103
claim:K12,REC-0106
claim:K12,REC-0111
claim:K12,REC-0113
claim:K12,REC-0114
claim:K12,REC-0115
claim:K12,REC-0121
claim:K12,REC-0122
claim:K12,REC-0123
claim:K12,REC-0124
claim:K12,REC-0127
claim:K12,REC-0128
claim:K12,REC-0131
claim:K12,REC-0132
claim:K12,REC-0134
claim:K12,REC-0135
claim:K12,REC-0137
claim:K12,REC-0138
claim:K12,REC-0140
claim:K12,REC-0141
claim:K12,REC-0142
claim:K12,REC-0144
claim:K12,REC-0148
claim:K12,REC-0149
claim:K12,REC-0151
claim:K12,REC-0152
claim:K12,REC-0155
claim:K12,REC-0160
claim:K12,REC-0161
claim:K12,REC-0162
claim:K12,REC-0165
claim:K12,REC-0166
claim:K12,REC-0168
claim:K12,REC-0169
claim:K12,REC-0172
claim:K12,REC-0173
claim:K12,REC-0175
claim:K12,REC-0177
claim:K12,REC-0179
claim:K12,REC-0180
claim:K12,REC-0181
claim:K12,REC-0182
claim:K12,REC-0183
claim:K12,REC-0184
claim:K12,REC-0187
claim:K12,REC-0192
claim:K12,REC-0193
claim:K12,REC-0194
claim:K12,REC-0195
claim:K12,REC-0196
claim:K12,REC-0197
claim:K12,REC-0198
claim:K12,REC-0199
claim:K12,REC-0200
claim:K12,REC-0203
claim:K12,REC-0207
claim:K12,REC-0208
claim:K12,REC-0212
claim:K12,REC-0213
claim:K12,REC-0215
claim:K12,REC-0218
claim:K12,REC-0220
claim:K12,REC-0223
claim:K12,REC-0225
claim:K12,REC-0228
claim:K12,REC-0229
claim:K12,REC-0230
claim:K12,REC-0231
claim:K12,REC-0232
claim:K12,REC-0233
claim:K12,REC-0235
claim:K12,REC-0236
claim:K12,REC-0238
claim:K12,REC-0242
claim:K12,REC-0243
claim:K12,REC-0248
claim:K12,REC-0249
claim:K12,REC-0251
claim:K12,REC-0252
claim:K12,REC-0253
claim:K12,REC-0254
claim:K12,REC-0257
claim:K12,REC-0260
claim:K12,REC-0261
claim:K12,REC-0263
claim:K12,REC-0264
claim:K12,REC-0268
claim:K12,REC-0269
claim:K12,REC-0271
claim:K12,REC-0272
claim:K12,REC-0276
claim:K12,REC-0278
claim:K12,REC-0279
claim:K12,REC-0280
claim:K12,REC-0281
claim:K12,REC-0283
claim:K12,REC-0288
claim:K12,REC-0291
claim:K12,REC-0294
claim:K12,REC-0296
claim:K12,REC-0297
claim:K12,REC-0298
claim:K12,REC-0299
claim:K12,REC-0301
claim:K12,REC-0306
claim:K12,REC-0311
claim:K12,REC-0312
claim:K12,REC-0313
claim:K12,REC-0316
claim:K12,REC-0317
claim:K12,REC-0318
claim:K12,REC-0322
claim:K12,REC-0323
claim:K12,REC-0324
claim:K12,REC-0329
claim:K12,REC-0332
claim:K12,REC-0333
claim:K12,REC-0334
claim:K12,REC-0337
claim:K12,REC-0338
claim:K12,REC-0339
claim:K12,REC-0341
claim:K12,REC-0342
claim:K12,REC-0345
claim:K12,REC-0346
claim:K12,REC-0347
claim:K12,REC-0348
claim:K12,REC-0351
claim:K12,REC-0353
claim:K12,REC-0354
claim:K12,REC-0355
claim:K12,REC-0357
claim:K12,REC-0358
claim:K12,REC-0362
claim:K12,REC-0364
claim:K12,REC-0365
claim:K12,REC-0367
claim:K12,REC-0368
claim:K12,REC-0371
claim:K12,REC-0373
claim:K12,REC-0375
claim:K12,REC-0377
claim:K12,REC-0378
claim:K12,REC-0379
claim:K12,REC-0381
claim:K12,REC-0382
claim:K12,REC-0387
claim:K12,REC-0391
claim:K12,REC-0392
claim:K12,REC-0395
claim:K12,REC-0397
claim:K12,REC-0398
claim:K12,REC-0404
claim:K12,REC-0407
claim:K12,REC-0408
claim:K12,REC-0411
claim:K12,REC-0418
claim:K12,REC-0420
claim:K12,REC-0421
claim:K12,REC-0422
claim:K12,REC-0423
claim:K12,REC-0429
claim:K12,REC-0430
claim:K12,REC-0435
claim:K12,REC-0436
claim:K12,REC-0439
claim:K12,REC-0440
claim:K12,REC-0442
claim:K12,REC-0443
claim:K12,REC-0444
claim:K12,REC-0445
claim:K12,REC-0446
claim:K12,REC-0447
claim:K12,REC-0450
claim:K12,REC-0456
claim:K12,REC-0459
claim:K12,REC-0460
claim:K12,REC-0462
claim:K12,REC-0463
claim:K12,REC-0464
claim:K12,REC-0467
claim:K12,REC-0468
claim:K12,REC-0469
claim:K12,REC-0470
claim:K12,REC-0474
claim:K12,REC-0475
claim:K12,REC-0476
claim:K12,REC-0479
claim:K12,REC-0481
claim:K12,REC-0486
claim:K12,REC-0490
claim:K12,REC-0494
claim:K12,REC-0496
claim:K12,REC-0497
claim:K12,REC-0498
claim:K12,REC-0499
claim:K12,REC-0502
claim:K12,REC-0503
claim:K12,REC-0505
claim:K12,REC-0506
claim:K12,REC-0507
claim:K12,REC-0508
claim:K12,REC-0510
claim:K12,REC-0513
claim:K12,REC-0515
claim:K12,REC-0516
claim:K12,REC-0518
claim:K12,REC-0519
claim:K12,REC-0521
claim:K12,REC-0522
claim:K12,REC-0525
claim:K12,REC-0527
claim:K12,REC-0530
claim:K12,REC-0532
claim:K12,REC-0535
claim:K12,REC-0536
claim:K12,REC-0539
claim:K12,REC-0540
claim:K12,REC-0542
claim:K12,REC-0543
claim:K12,REC-0544
claim:K12,REC-0546
claim:K12,REC-0554
claim:K12,REC-0556
claim:K12,REC-0558
claim:K12,REC-0560
claim:K12,REC-0561
claim:K12,REC-0563
claim:K12,REC-0564
claim:K12,REC-0566
claim:K12,REC-0568
claim:K12,REC-0571
claim:K12,REC-0572
claim:K12,REC-0575
claim:K12,REC-0576
claim:K12,REC-0577
claim:K12,REC-0578
claim:K12,REC-0582
claim:K12,REC-0583
claim:K12,REC-0585
claim:K12,REC-0586
claim:K12,REC-0588
claim:K12,REC-0589
claim:K12,REC-0590
claim:K12,REC-0592
claim:K12,REC-0593
claim:K12,REC-0594
claim:K12,REC-0595
claim:K12,REC-0598
claim:K12,REC-0605
claim:K12,REC-0607
claim:K12,REC-0608
claim:K12,REC-0610
claim:K12,REC-0611
claim:K12,REC-0613
claim:K12,REC-0614
claim:K12,REC-0617
claim:K12,REC-0619
claim:K12,REC-0621
claim:K12,REC-0622
claim:K12,REC-0623
claim:K12,REC-0625
claim:K12,REC-0628
claim:K12,REC-0630
claim:K12,REC-0632
claim:K12,REC-0635
claim:K12,REC-0636
claim:K12,REC-0637
claim:K12,REC-0639
claim:K12,REC-0640
claim:K12,REC-0641
claim:K12,REC-0644
claim:K12,REC-0646
claim:K12,REC-0647
claim:K12,REC-0648
claim:K12,REC-0649
claim:K12,REC-0650
claim:K12,REC-0652
claim:K12,REC-0656
claim:K12,REC-0658
claim:K12,REC-0660
claim:K12,REC-0661
claim:K12,REC-0662
claim:K12,REC-0666
claim:K12,REC-0672
claim:K12,REC-0679
claim:K12,REC-0682
claim:K12,REC-0683
claim:K12,REC-0685
claim:K12,REC-0688
claim:K12,REC-0689
claim:K12,REC-0690
claim:K12,REC-0691
claim:K12,REC-0694
claim:K12,REC-0695
claim:K12,REC-0696
claim:K12,REC-0697
claim:K12,REC-0698
claim:K12,REC-0699
claim:K12,REC-0704
claim:K12,REC-0706
claim:K12,REC-0707
claim:K12,REC-0710
claim:K12,REC-0716
claim:K12,REC-0719
claim:K12,REC-0724
claim:K12,REC-0726
claim:K12,REC-0728
claim:K12,REC-0730
claim:K12,REC-0732
claim:K12,REC-0738
claim:K12,REC-0742
claim:K12,REC-0747
claim:K12,REC-0748
claim:K12,REC-0749
claim:K12,REC-0750
claim:K12,REC-0751
claim:K12,REC-0753
claim:K12,REC-0754
claim:K12,REC-0757
claim:K12,REC-0758
claim:K12,REC-0760
claim:K12,REC-0761
claim:K12,REC-0762
claim:K12,REC-0765
claim:K12,REC-0768
claim:K12,REC-0769
claim:K12,REC-0772
claim:K12,REC-0773
claim:K12,REC-0777
claim:K12,REC-0778
claim:K12,REC-0779
claim:K12,REC-0781
claim:K12,REC-0782
claim:K12,REC-0785
claim:K12,REC-0786
claim:K12,REC-0787
claim:K12,REC-0788
claim:K12,REC-0791
claim:K12,REC-0793
claim:K12,REC-0795
claim:K12,REC-0797
claim:K12,REC-0799
hyp:H1,REC-0006
hyp:H1,REC-0008
hyp:H1,REC-0009
hyp:H1,REC-0012
hyp:H1,REC-0018
hyp:H1,REC-0019
hyp:H1,REC-0020
hyp:H1,REC-0022
hyp:H1,REC-0025
hyp:H1,REC-0031
hyp:H1,REC-0032
hyp:H1,REC-0034
hyp:H1,REC-0039
hyp:H1,REC-0041
hyp:H1,REC-0043
hyp:H1,REC-0044
hyp:H1,REC-0048
hyp:H1,REC-0049
hyp:H1,REC-0054
hyp:H1,REC-0055
hyp:H1,REC-0056
hyp:H1,REC-0057
hyp:H1,REC-0061
hyp:H1,REC-0063
hyp:H1,REC-0066
hyp:H1,REC-0068
hyp:H1,REC-0069
hyp:H1,REC-0070
hyp:H1,REC-0071
hyp:H1,REC-0073
hyp:H1,REC-0086
hyp:H1,REC-0091
hyp:H1,REC-0093
hyp:H1,REC-0095
hyp:H1,REC-0098
hyp:H1,REC-0103
hyp:H1,REC-0104
hyp:H1,REC-0106
hyp:H1,REC-0107
hyp:H1,REC-0109
hyp:H1,REC-0110
hyp:H1,REC-0111
hyp:H1,REC-0112
hyp:H1,REC-0113
hyp:H1,REC-0117
hyp:H1,REC-0119
hyp:H1,REC-0120
hyp:H1,REC-0121
hyp:H1,REC-0122
hyp:H1,REC-0124
hyp:H1,REC-0127
hyp:H1,REC-0129
hyp:H1,REC-0130
hyp:H1,REC-0134
hyp:H1,REC-0135
hyp:H1,REC-0144
hyp:H1,REC-0146
hyp:H1,REC-0148
hyp:H1,REC-0149
hyp:H1,REC-0150
hyp:H1,REC-0156
hyp:H1,REC-0157
hyp:H1,REC-0162
hyp:H1,REC-0164
hyp:H1,REC-0168
hyp:H1,REC-0171
hyp:H1,REC-0172
hyp:H1,REC-0174
hyp:H1,REC-0175
hyp:H1,REC-0179
hyp:H1,REC-0180
hyp:H1,REC-0183
hyp:H1,REC-0184
hyp:H1,REC-0186
hyp:H1,REC-0188
hyp:H1,REC-0192
hyp:H1,REC-0193
hyp:H1,REC-0196
hyp:H1,REC-0198
hyp:H1,REC-0199
hyp:H1,REC-0200
hyp:H1,REC-0201
hyp:H1,REC-0202
hyp:H1,REC-0207
hyp:H1,REC-0208
hyp:H1,REC-0209
hyp:H1,REC-0210
hyp:H1,REC-0212
hyp:H1,REC-0215
hyp:H1,REC-0216
hyp:H1,REC-0217
hyp:H1,REC-0220
hyp:H1,REC-0221
hyp:H1,REC-0223
hyp:H1,REC-0224
hyp:H1,REC-0229
hyp:H1,REC-0230
hyp:H1,REC-0232
hyp:H1,REC-0236
hyp:H1,REC-0237
hyp:H1,REC-0238
hyp:H1,REC-0239
hyp:H1,REC-0240
hyp:H1,REC-0241
hyp:H1,REC-0245
hyp:H1,REC-0247
hyp:H1,REC-0251
hyp:H1,REC-0252
hyp:H1,REC-0254
hyp:H1,REC-0258
hyp:H1,REC-0264
hyp:H1,REC-0265
hyp:H1,REC-0267
hyp:H1,REC-0269
hyp:H1,REC-0270
hyp:H1,REC-0273
hyp:H1,REC-0277
hyp:H1,REC-0278
hyp:H1,REC-0280
hyp:H1,REC-0283
hyp:H1,REC-0284
hyp:H1,REC-0285
hyp:H1,REC-0287
hyp:H1,REC-0288
hyp:H1,REC-0289
hyp:H1,REC-0298
hyp:H1,REC-0300
hyp:H1,REC-0301
hyp:H1,REC-0305
hyp:H1,REC-0306
hyp:H1,REC-0308
hyp:H1,REC-0310
hyp:H1,REC-0311
hyp:H1,REC-0312
hyp:H1,REC-0313
hyp:H1,REC-0314
hyp:H1,REC-0315
hyp:H1,REC-0319
hyp:H1,REC-0321
hyp:H1,REC-0322
hyp:H1,REC-0324
hyp:H1,REC-0325
hyp:H1,REC-0327
hyp:H1,REC-0328
hyp:H1,REC-0336
hyp:H1,REC-0339
hyp:H1,REC-0341
hyp:H1,REC-0343
hyp:H1,REC-0349
hyp:H1,REC-0350
hyp:H1,REC-0352
hyp:H1,REC-0353
hyp:H1,REC-0354
hyp:H1,REC-0357
hyp:H1,REC-0358
hyp:H1,REC-0361
hyp:H1,REC-0362
hyp:H1,REC-0364
hyp:H1,REC-0365
hyp:H1,REC-0366
hyp:H1,REC-0373
hyp:H1,REC-0374
hyp:H1,REC-0378
hyp:H1,REC-0381
hyp:H1,REC-0383
hyp:H1,REC-0387
hyp:H1,REC-0391
hyp:H1,REC-0399
hyp:H1,REC-0401
hyp:H1,REC-0406
hyp:H1,REC-0407
hyp:H1,REC-0410
hyp:H1,REC-0411
hyp:H1,REC-0412
hyp:H1,REC-0415
hyp:H1,REC-0416
hyp:H1,REC-0424
hyp:H1,REC-0425
hyp:H1,REC-0430
hyp:H1,REC-0431
hyp:H1,REC-0433
hyp:H1,REC-0442
hyp:H1,REC-0443
hyp:H1,REC-0445
hyp:H1,REC-0451
hyp:H1,REC-0456
hyp:H1,REC-0459
hyp:H1,REC-0460
hyp:H1,REC-0465
hyp:H1,REC-0467
hyp:H1,REC-0470
hyp:H1,REC-0471
hyp:H1,REC-0473
hyp:H1,REC-0474
hyp:H1,REC-0481
hyp:H1,REC-0484
hyp:H1,REC-0486
hyp:H1,REC-0488
hyp:H1,REC-0497
hyp:H1,REC-0498
hyp:H1,REC-0502
hyp:H1,REC-0503
hyp:H1,REC-0506
hyp:H1,REC-0510
hyp:H1,REC-0511
hyp:H1,REC-0512
hyp:H1,REC-0516
hyp:H1,REC-0522
hyp:H1,REC-0523
hyp:H1,REC-0524
hyp:H1,REC-0525
hyp:H1,REC-0526
hyp:H1,REC-0527
hyp:H1,REC-0528
hyp:H1,REC-0530
hyp:H1,REC-0531
hyp:H1,REC-0533
hyp:H1,REC-0534
hyp:H1,REC-0540
hyp:H1,REC-0541
hyp:H1,REC-0542
hyp:H1,REC-0544
hyp:H1,REC-0546
hyp:H1,REC-0550
hyp:H1,REC-0555
hyp:H1,REC-0559
hyp:H1,REC-0560
hyp:H1,REC-0562
hyp:H1,REC-0566
hyp:H1,REC-0569
hyp:H1,REC-0574
hyp:H1,REC-0576
hyp:H1,REC-0577
hyp:H1,REC-0581
hyp:H1,REC-0582
hyp:H1,REC-0587
hyp:H1,REC-0592
hyp:H1,REC-0595
hyp:H1,REC-0597
hyp:H1,REC-0599
hyp:H1,REC-0605
hyp:H1,REC-0606
hyp:H1,REC-0608
hyp:H1,REC-0613
hyp:H1,REC-0614
hyp:H1,REC-0615
hyp:H1,REC-0618
hyp:H1,REC-0622
hyp:H1,REC-0623
hyp:H1,REC-0625
hyp:H1,REC-0627
hyp:H1,REC-0630
hyp:H1,REC-0632
hyp:H1,REC-0638
hyp:H1,REC-0640
hyp:H1,REC-0644
hyp:H1,REC-0646
hyp:H1,REC-0647
hyp:H1,REC-0648
hyp:H1,REC-0649
hyp:H1,REC-0650
hyp:H1,REC-0654
hyp:H1,REC-0656
hyp:H1,REC-0658
hyp:H1,REC-0660
hyp:H1,REC-0661
hyp:H1,REC-0665
hyp:H1,REC-0672
hyp:H1,REC-0673
hyp:H1,REC-0676
hyp:H1,REC-0683
hyp:H1,REC-0685
hyp:H1,REC-0688
hyp:H1,REC-0692
hyp:H1,REC-0694
hyp:H1,REC-0696
hyp:H1,REC-0697
hyp:H1,REC-0699
hyp:H1,REC-0701
hyp:H1,REC-0705
hyp:H1,REC-0707
hyp:H1,REC-0708
hyp:H1,REC-0715
hyp:H1,REC-0717
hyp:H1,REC-0719
hyp:H1,REC-0725
hyp:H1,REC-0726
hyp:H1,REC-0728
hyp:H1,REC-0729
hyp:H1,REC-0735
hyp:H1,REC-0737
hyp:H1,REC-0740
hyp:H1,REC-0742
hyp:H1,REC-0745
hyp:H1,REC-0746
hyp:H1,REC-0749
hyp:H1,REC-0750
hyp:H1,REC-0751
hyp:H1,REC-0753
hyp:H1,REC-0759
hyp:H1,REC-0764
hyp:H1,REC-0765
hyp:H1,REC-0769
hyp:H1,REC-0771
hyp:H1,REC-0772
hyp:H1,REC-0773
hyp:H1,REC-0775
hyp:H1,REC-0778
hyp:H1,REC-0779
hyp:H1,REC-0781
hyp:H1,REC-0782
hyp:H1,REC-0783
hyp:H1,REC-0784
hyp:H1,REC-0788
hyp:H1,REC-0789
hyp:H1,REC-0790
hyp:H1,REC-0791
hyp:H1,REC-0792
hyp:H1,REC-0795
hyp:H1,REC-0796
hyp:H1,REC-0797
hyp:H1,REC-0799
hyp:H6,REC-0002
hyp:H6,REC-0004
hyp:H6,REC-0008
hyp:H6,REC-0010
hyp:H6,REC-0011
hyp:H6,REC-0012
hyp:H6,REC-0016
hyp:H6,REC-0018
hyp:H6,REC-0020
hyp:H6,REC-0021
hyp:H6,REC-0023
hyp:H6,REC-0024
hyp:H6,REC-0026
hyp:H6,REC-0032
hyp:H6,REC-0034
hyp:H6,REC-0041
hyp:H6,REC-0042
hyp:H6,REC-0046
hyp:H6,REC-0047
hyp:H6,REC-0051
hyp:H6,REC-0053
hyp:H6,REC-0054
hyp:H6,REC-0058
hyp:H6,REC-0062
hyp:H6,REC-0066
hyp:H6,REC-0068
hyp:H6,REC-0070
hyp:H6,REC-0078
hyp:H6,REC-0079
hyp:H6,REC-0080
hyp:H6,REC-0083
hyp:H6,REC-0085
hyp:H6,REC-0089
hyp:H6,REC-0093
hyp:H6,REC-0098
hyp:H6,REC-0101
hyp:H6,REC-0102
hyp:H6,REC-0106
hyp:H6,REC-0107
hyp:H6,REC-0111
hyp:H6,REC-0112
hyp:H6,REC-0115
hyp:H6,REC-0116
hyp:H6,REC-0117
hyp:H6,REC-0120
hyp:H6,REC-0121
hyp:H6,REC-0130
hyp:H6,REC-0131
hyp:H6,REC-0132
hyp:H6,REC-0135
hyp:H6,REC-0136
hyp:H6,REC-0140
hyp:H6,REC-0143
hyp:H6,REC-0145
hyp:H6,REC-0149
hyp:H6,REC-0150
hyp:H6,REC-0156
hyp:H6,REC-0157
hyp:H6,REC-0158
hyp:H6,REC-0159
hyp:H6,REC-0161
hyp:H6,REC-0166
hyp:H6,REC-0168
hyp:H6,REC-0169
hyp:H6,REC-0174
hyp:H6,REC-0175
hyp:H6,REC-0176
hyp:H6,REC-0178
hyp:H6,REC-0182
hyp:H6,REC-0185
hyp:H6,REC-0190
hyp:H6,REC-0191
hyp:H6,REC-0194
hyp:H6,REC-0204
hyp:H6,REC-0207
hyp:H6,REC-0212
hyp:H6,REC-0215
hyp:H6,REC-0216
hyp:H6,REC-0219
hyp:H6,REC-0223
hyp:H6,REC-0224
hyp:H6,REC-0225
hyp:H6,REC-0228
hyp:H6,REC-0230
hyp:H6,REC-0233
hyp:H6,REC-0235
hyp:H6,REC-0243
hyp:H6,REC-0245
hyp:H6,REC-0247
hyp:H6,REC-0249
hyp:H6,REC-0251
hyp:H6,REC-0252
hyp:H6,REC-0254
hyp:H6,REC-0255
hyp:H6,REC-0257
hyp:H6,REC-0258
hyp:H6,REC-0260
hyp:H6,REC-0263
hyp:H6,REC-0266
hyp:H6,REC-0271
hyp:H6,REC-0272
hyp:H6,REC-0279
hyp:H6,REC-0280
hyp:H6,REC-0281
hyp:H6,REC-0288
hyp:H6,REC-0292
hyp:H6,REC-0295
hyp:H6,REC-0297
hyp:H6,REC-0298
hyp:H6,REC-0301
hyp:H6,REC-0302
hyp:H6,REC-0303
hyp:H6,REC-0307
hyp:H6,REC-0309
hyp:H6,REC-0313
hyp:H6,REC-0314
hyp:H6,REC-0324
hyp:H6,REC-0325
hyp:H6,REC-0327
hyp:H6,REC-0329
hyp:H6,REC-0331
hyp:H6,REC-0335
hyp:H6,REC-0343
hyp:H6,REC-0345
hyp:H6,REC-0353
hyp:H6,REC-0355
hyp:H6,REC-0357
hyp:H6,REC-0358
hyp:H6,REC-0362
hyp:H6,REC-0363
hyp:H6,REC-0367
hyp:H6,REC-0368
hyp:H6,REC-0369
hyp:H6,REC-0371
hyp:H6,REC-0373
hyp:H6,REC-0374
hyp:H6,REC-0376
hyp:H6,REC-0377
hyp:H6,REC-0378
hyp:H6,REC-0380
hyp:H6,REC-0383
hyp:H6,REC-0384
hyp:H6,REC-0387
hyp:H6,REC-0394
hyp:H6,REC-0396
hyp:H6,REC-0398
hyp:H6,REC-0402
hyp:H6,REC-0405
hyp:H6,REC-0406
hyp:H6,REC-0407
hyp:H6,REC-0409
hyp:H6,REC-0415
hyp:H6,REC-0417
hyp:H6,REC-0418
hyp:H6,REC-0420
hyp:H6,REC-0423
hyp:H6,REC-0424
hyp:H6,REC-0425
hyp:H6,REC-0428
hyp:H6,REC-0429
hyp:H6,REC-0455
hyp:H6,REC-0457
hyp:H6,REC-0459
hyp:H6,REC-0465
hyp:H6,REC-0466
hyp:H6,REC-0472
hyp:H6,REC-0474
hyp:H6,REC-0477
hyp:H6,REC-0483
hyp:H6,REC-0488
hyp:H6,REC-0491
hyp:H6,REC-0497
hyp:H6,REC-0498
hyp:H6,REC-0499
hyp:H6,REC-0500
hyp:H6,REC-0504
hyp:H6,REC-0506
hyp:H6,REC-0509
hyp:H6,REC-0510
hyp:H6,REC-0513
hyp:H6,REC-0514
hyp:H6,REC-0515
hyp:H6,REC-0520
hyp:H6,REC-0521
hyp:H6,REC-0530
hyp:H6,REC-0531
hyp:H6,REC-0532
hyp:H6,REC-0533
hyp:H6,REC-0535
hyp:H6,REC-0537
hyp:H6,REC-0544
hyp:H6,REC-0545
hyp:H6,REC-0549
hyp:H6,REC-0555
hyp:H6,REC-0557
hyp:H6,REC-0562
hyp:H6,REC-0564
hyp:H6,REC-0565
hyp:H6,REC-0569
hyp:H6,REC-0570
hyp:H6,REC-0574
hyp:H6,REC-0578
hyp:H6,REC-0579
hyp:H6,REC-0581
hyp:H6,REC-0583
hyp:H6,REC-0585
hyp:H6,REC-0593
hyp:H6,REC-0595
hyp:H6,REC-0601
hyp:H6,REC-0602
hyp:H6,REC-0603
hyp:H6,REC-0606
hyp:H6,REC-0607
hyp:H6,REC-0609
hyp:H6,REC-0616
hyp:H6,REC-0622
hyp:H6,REC-0624
hyp:H6,REC-0629
hyp:H6,REC-0631
hyp:H6,REC-0633
hyp:H6,REC-0636
hyp:H6,REC-0637
hyp:H6,REC-0639
hyp:H6,REC-0641
hyp:H6,REC-0647
hyp:H6,REC-0650
hyp:H6,REC-0653
hyp:H6,REC-0654
hyp:H6,REC-0659
hyp:H6,REC-0663
hyp:H6,REC-0666
hyp:H6,REC-0667
hyp:H6,REC-0668
hyp:H6,REC-0669
hyp:H6,REC-0672
hyp:H6,REC-0673
hyp:H6,REC-0674
hyp:H6,REC-0678
hyp:H6,REC-0681
hyp:H6,REC-0686
hyp:H6,REC-0687
hyp:H6,REC-0689
hyp:H6,REC-0690
hyp:H6,REC-0692
hyp:H6,REC-0696
hyp:H6,REC-0697
hyp:H6,REC-0699
hyp:H6,REC-0700
hyp:H6,REC-0707
hyp:H6,REC-0709
hyp:H6,REC-0710
hyp:H6,REC-0711
hyp:H6,REC-0713
hyp:H6,REC-0714
hyp:H6,REC-0715
hyp:H6,REC-0717
hyp:H6,REC-0719
hyp:H6,REC-0723
hyp:H6,REC-0724
hyp:H6,REC-0730
hyp:H6,REC-0733
hyp:H6,REC-0734
hyp:H6,REC-0746
hyp:H6,REC-0747
hyp:H6,REC-0749
hyp:H6,REC-0751
hyp:H6,REC-0754
hyp:H6,REC-0759
hyp:H6,REC-0765
hyp:H6,REC-0768
hyp:H6,REC-0774
hyp:H6,REC-0775
hyp:H6,REC-0780
hyp:H6,REC-0782
hyp:H6,REC-0785
hyp:H6,REC-0788
hyp:H6,REC-0790
hyp:H6,REC-0791
hyp:H6,REC-0796
hyp:H6,REC-0798
hyp:H6,REC-0799
hyp:H6,REC-0800
hyp:H7,REC-0001
hyp:H7,REC-0002
hyp:H7,REC-0003
hyp:H7,REC-0004
hyp:H7,REC-0005
hyp:H7,REC-0006
hyp:H7,REC-0007
hyp:H7,REC-0008
hyp:H7,REC-0009
hyp:H7,REC-0010
hyp:H7,REC-0011
hyp:H7,REC-0012
hyp:H7,REC-0013
hyp:H7,REC-0014
hyp:H7,REC-0015
hyp:H7,REC-0016
hyp:H7,REC-0017
hyp:H7,REC-0018
hyp:H7,REC-0019
hyp:H7,REC-0020
hyp:H7,REC-0021
hyp:H7,REC-0022
hyp:H7,REC-0023
hyp:H7,REC-0024
hyp:H7,REC-0025
hyp:H7,REC-0026
hyp:H7,REC-0027
hyp:H7,REC-0028
hyp:H7,REC-0029
hyp:H7,REC-0030
hyp:H7,REC-0031
hyp:H7,REC-0032
hyp:H7,REC-0033
hyp:H7,REC-0034
hyp:H7,REC-0035
hyp:H7,REC-0036
hyp:H7,REC-0037
hyp:H7,REC-0038
hyp:H7,REC-0039
hyp:H7,REC-0040
hyp:H7,REC-0041
hyp:H7,REC-0042
hyp:H7,REC-0043
hyp:H7,REC-0044
hyp:H7,REC-0045
hyp:H7,REC-0046
hyp:H7,REC-0047
hyp:H7,REC-0048
hyp:H7,REC-0049
hyp:H7,REC-0050
hyp:H7,REC-0051
hyp:H7,REC-0052
hyp:H7,REC-0053
hyp:H7,REC-0054
hyp:H7,REC-0055
hyp:H7,REC-0056
hyp:H7,REC-0057
hyp:H7,REC-0058
hyp:H7,REC-0059
hyp:H7,REC-0060
hyp:H7,REC-0061
hyp:H7,REC-0062
hyp:H7,REC-0063
hyp:H7,REC-0064
hyp:H7,REC-0065
hyp:H7,REC-0066
hyp:H7,REC-0067
hyp:H7,REC-0068
hyp:H7,REC-0069
hyp:H7,REC-0070
hyp:H7,REC-0071
hyp:H7,REC-0072
hyp:H7,REC-0073
hyp:H7,REC-0074
hyp:H7,REC-0075
hyp:H7,REC-0076
hyp:H7,REC-0077
hyp:H7,REC-0078
hyp:H7,REC-0079
hyp:H7,REC-0080
hyp:H7,REC-0081
hyp:H7,REC-0082
hyp:H7,REC-0083
hyp:H7,REC-0084
hyp:H7,REC-0085
hyp:H7,REC-0086
hyp:H7,REC-0087
hyp:H7,REC-0088
hyp:H7,REC-0089
hyp:H7,REC-0090
hyp:H7,REC-0091
hyp:H7,REC-0092
hyp:H7,REC-0093
hyp:H7,REC-0094
hyp:H7,REC-0095
hyp:H7,REC-0096
hyp:H7,REC-0097
hyp:H7,REC-0098
hyp:H7,REC-0099
hyp:H7,REC-0100
hyp:H7,REC-0101
hyp:H7,REC-0102
hyp:H7,REC-0103
hyp:H7,REC-0104
hyp:H7,REC-0105
hyp:H7,REC-0106
hyp:H7,REC-0107
hyp:H7,REC-0108
hyp:H7,REC-0109
hyp:H7,REC-0110
hyp:H7,REC-0111
hyp:H7,REC-0112
hyp:H7,REC-0113
hyp:H7,REC-0114
hyp:H7,REC-0115
hyp:H7,REC-0116
hyp:H7,REC-0117
hyp:H7,REC-0118
hyp:H7,REC-0119
hyp:H7,REC-0120
hyp:H7,REC-0121
hyp:H7,REC-0122
hyp:H7,REC-0123
hyp:H7,REC-0124
hyp:H7,REC-0125
hyp:H7,REC-0126
hyp:H7,REC-0127
hyp:H7,REC-0128
hyp:H7,REC-0129
hyp:H7,REC-0130
hyp:H7,REC-0131
hyp:H7,REC-0132
hyp:H7,REC-0133
hyp:H7,REC-0134
hyp:H7,REC-0135
hyp:H7,REC-0136
hyp:H7,REC-0137
hyp:H7,REC-0138
hyp:H7,REC-0139
hyp:H7,REC-0140
hyp:H7,REC-0141
hyp:H7,REC-0142
hyp:H7,REC-0143
hyp:H7,REC-0144
hyp:H7,REC-0145
hyp:H7,REC-0146
hyp:H7,REC-0147
hyp:H7,REC-0148
hyp:H7,REC-0149
hyp:H7,REC-0150
hyp:H7,REC-0151
hyp:H7,REC-0152
hyp:H7,REC-0153
hyp:H7,REC-0154
hyp:H7,REC-0155
hyp:H7,REC-0156
hyp:H7,REC-0157
hyp:H7,REC-0158
hyp:H7,REC-0159
hyp:H7,REC-0160
hyp:H7,REC-0161
hyp:H7,REC-0162
hyp:H7,REC-0163
hyp:H7,REC-0164
hyp:H7,REC-0165
hyp:H7,REC-0166
hyp:H7,REC-0167
hyp:H7,REC-0168
hyp:H7,REC-0169
hyp:H7,REC-0170
hyp:H7,REC-0171
hyp:H7,REC-0172
hyp:H7,REC-0173
hyp:H7,REC-0174
hyp:H7,REC-0175
hyp:H7,REC-0176
hyp:H7,REC-0177
hyp:H7,REC-0178
hyp:H7,REC-0179
hyp:H7,REC-0180
hyp:H7,REC-0181
hyp:H7,REC-0182
hyp:H7,REC-0183
hyp:H7,REC-0184
hyp:H7,REC-0185
hyp:H7,REC-0186
hyp:H7,REC-0187
hyp:H7,REC-0188
hyp:H7,REC-0189
hyp:H7,REC-0190
hyp:H7,REC-0191
hyp:H7,REC-0192
hyp:H7,REC-0193
hyp:H7,REC-0194
hyp:H7,REC-0195
hyp:H7,REC-0196
hyp:H7,REC-0197
hyp:H7,REC-0198
hyp:H7,REC-0199
hyp:H7,REC-0200
hyp:H7,REC-0201
hyp:H7,REC-0202
hyp:H7,REC-0203
hyp:H7,REC-0204
hyp:H7,REC-0205
hyp:H7,REC-0206
hyp:H7,REC-0207
hyp:H7,REC-0208
hyp:H7,REC-0209
hyp:H7,REC-0210
hyp:H7,REC-0211
hyp:H7,REC-0212
hyp:H7,REC-0213
hyp:H7,REC-0214
hyp:H7,REC-0215
hyp:H7,REC-0216
hyp:H7,REC-0217
hyp:H7,REC-0218
hyp:H7,REC-0219
hyp:H7,REC-0220
hyp:H7,REC-0221
hyp:H7,REC-0222
hyp:H7,REC-0223
hyp:H7,REC-0224
hyp:H7,REC-0225
hyp:H7,REC-0226
hyp:H7,REC-0227
hyp:H7,REC-0228
hyp:H7,REC-0229
hyp:H7,REC-0230
hyp:H7,REC-0231
hyp:H7,REC-0232
hyp:H7,REC-0233
hyp:H7,REC-0234
hyp:H7,REC-0235
hyp:H7,REC-0236
hyp:H7,REC-0237
hyp:H7,REC-0238
hyp:H7,REC-0239
hyp:H7,REC-0240
hyp:H7,REC-0241
hyp:H7,REC-0242
hyp:H7,REC-0243
hyp:H7,REC-0244
hyp:H7,REC-0245
hyp:H7,REC-0246
hyp:H7,REC-0247
hyp:H7,REC-0248
hyp:H7,REC-0249
hyp:H7,REC-0250
hyp:H7,REC-0251
hyp:H7,REC-0252
hyp:H7,REC-0253
hyp:H7,REC-0254
hyp:H7,REC-0255
hyp:H7,REC-0256
hyp:H7,REC-0257
hyp:H7,REC-0258
hyp:H7,REC-0259
hyp:H7,REC-0260
hyp:H7,REC-0261
hyp:H7,REC-0262
hyp:H7,REC-0263
hyp:H7,REC-0264
hyp:H7,REC-0265
hyp:H7,REC-0266
hyp:H7,REC-0267
hyp:H7,REC-0268
hyp:H7,REC-0269
hyp:H7,REC-0270
hyp:H7,REC-0271
hyp:H7,REC-0272
hyp:H7,REC-0273
hyp:H7,REC-0274
hyp:H7,REC-0275
hyp:H7,REC-0276
hyp:H7,REC-0277
hyp:H7,REC-0278
hyp:H7,REC-0279
hyp:H7,REC-0280
hyp:H7,REC-0281
hyp:H7,REC-0282
hyp:H7,REC-0283
hyp:H7,REC-0284
hyp:H7,REC-0285
hyp:H7,REC-0286
hyp:H7,REC-0287
hyp:H7,REC-0288
hyp:H7,REC-0289
hyp:H7,REC-0290
hyp:H7,REC-0291
hyp:H7,REC-0292
hyp:H7,REC-0293
hyp:H7,REC-0294
hyp:H7,REC-0295
hyp:H7,REC-0296
hyp:H7,REC-0297
hyp:H7,REC-0298
hyp:H7,REC-0299
hyp:H7,REC-0300
hyp:H7,REC-0301
hyp:H7,REC-0302
hyp:H7,REC-0303
hyp:H7,REC-0304
hyp:H7,REC-0305
hyp:H7,REC-0306
hyp:H7,REC-0307
hyp:H7,REC-0308
hyp:H7,REC-0309
hyp:H7,REC-0310
hyp:H7,REC-0311
hyp:H7,REC-0312
hyp:H7,REC-0313
hyp:H7,REC-0314
hyp:H7,REC-0315
hyp:H7,REC-0316
hyp:H7,REC-0317
hyp:H7,REC-0318
hyp:H7,REC-0319
hyp:H7,REC-0320
hyp:H7,REC-0321
hyp:H7,REC-0322
hyp:H7,REC-0323
hyp:H7,REC-0324
hyp:H7,REC-0325
hyp:H7,REC-0326
hyp:H7,REC-0327
hyp:H7,REC-0328
hyp:H7,REC-0329
hyp:H7,REC-0330
hyp:H7,REC-0331
hyp:H7,REC-0332
hyp:H7,REC-0333
hyp:H7,REC-0334
hyp:H7,REC-0335
hyp:H7,REC-0336
hyp:H7,REC-0337
hyp:H7,REC-0338
hyp:H7,REC-0339
hyp:H7,REC-0340
hyp:H7,REC-0341
hyp:H7,REC-0342
hyp:H7,REC-0343
hyp:H7,REC-0344
hyp:H7,REC-0345
hyp:H7,REC-0346
hyp:H7,REC-0347
hyp:H7,REC-0348
hyp:H7,REC-0349
hyp:H7,REC-0350
hyp:H7,REC-0351
hyp:H7,REC-0352
hyp:H7,REC-0353
hyp:H7,REC-0354
hyp:H7,REC-0355
hyp:H7,REC-0356
hyp:H7,REC-0357
hyp:H7,REC-0358
hyp:H7,REC-0359
hyp:H7,REC-0360
hyp:H7,REC-0361
hyp:H7,REC-0362
hyp:H7,REC-0363
hyp:H7,REC-0364
hyp:H7,REC-0365
hyp:H7,REC-0366
hyp:H7,REC-0367
hyp:H7,REC-0368
hyp:H7,REC-0369
hyp:H7,REC-0370
hyp:H7,REC-0371
hyp:H7,REC-0372
hyp:H7,REC-0373
hyp:H7,REC-0374
hyp:H7,REC-0375
hyp:H7,REC-0376
hyp:H7,REC-0377
hyp:H7,REC-0378
hyp:H7,REC-0379
hyp:H7,REC-0380
hyp:H7,REC-0381
hyp:H7,REC-0382
hyp:H7,REC-0383
hyp:H7,REC-0384
hyp:H7,REC-0385
hyp:H7,REC-0386
hyp:H7,REC-0387
hyp:H7,REC-0388
hyp:H7,REC-0389
hyp:H7,REC-0390
hyp:H7,REC-0391
hyp:H7,REC-0392
hyp:H7,REC-0393
hyp:H7,REC-0394
hyp:H7,REC-0395
hyp:H7,REC-0396
hyp:H7,REC-0397
hyp:H7,REC-0398
hyp:H7,REC-0399
hyp:H7,REC-0400
hyp:H7,REC-0401
hyp:H7,REC-0402
hyp:H7,REC-0403
hyp:H7,REC-0404
hyp:H7,REC-0405
hyp:H7,REC-0406
hyp:H7,REC-0407
hyp:H7,REC-0408
hyp:H7,REC-0409
hyp:H7,REC-0410
hyp:H7,REC-0411
hyp:H7,REC-0412
hyp:H7,REC-0413
hyp:H7,REC-0414
hyp:H7,REC-0415
hyp:H7,REC-0416
hyp:H7,REC-0417
hyp:H7,REC-0418
hyp:H7,REC-0419
hyp:H7,REC-0420
hyp:H7,REC-0421
hyp:H7,REC-0422
hyp:H7,REC-0423
hyp:H7,REC-0424
hyp:H7,REC-0425
hyp:H7,REC-0426
hyp:H7,REC-0427
hyp:H7,REC-0428
hyp:H7,REC-0429
hyp:H7,REC-0430
hyp:H7,REC-0431
hyp:H7,REC-0432
hyp:H7,REC-0433
hyp:H7,REC-0434
hyp:H7,REC-0435
hyp:H7,REC-0436
hyp:H7,REC-0437
hyp:H7,REC-0438
hyp:H7,REC-0439
hyp:H7,REC-0440
hyp:H7,REC-0441
hyp:H7,REC-0442
hyp:H7,REC-0443
hyp:H7,REC-0444
hyp:H7,REC-0445
hyp:H7,REC-0446
hyp:H7,REC-0447
hyp:H7,REC-0448
hyp:H7,REC-0449
hyp:H7,REC-0450
hyp:H7,REC-0451
hyp:H7,REC-0452
hyp:H7,REC-0453
hyp:H7,REC-0454
hyp:H7,REC-0455
hyp:H7,REC-0456
hyp:H7,REC-0457
hyp:H7,REC-0458
hyp:H7,REC-0459
hyp:H7,REC-0460
hyp:H7,REC-0461
hyp:H7,REC-0462
hyp:H7,REC-0463
hyp:H7,REC-0464
hyp:H7,REC-0465
hyp:H7,REC-0466
hyp:H7,REC-0467
hyp:H7,REC-0468
hyp:H7,REC-0469
hyp:H7,REC-0470
hyp:H7,REC-0471
hyp:H7,REC-0472
hyp:H7,REC-0473
hyp:H7,REC-0474
hyp:H7,REC-0475
hyp:H7,REC-0476
hyp:H7,REC-0477
hyp:H7,REC-0478
hyp:H7,REC-0479
hyp:H7,REC-0480
hyp:H7,REC-0481
hyp:H7,REC-0482
hyp:H7,REC-0483
hyp:H7,REC-0484
hyp:H7,REC-0485
hyp:H7,REC-0486
hyp:H7,REC-0487
hyp:H7,REC-0488
hyp:H7,REC-0489
hyp:H7,REC-0490
hyp:H7,REC-0491
hyp:H7,REC-0492
hyp:H7,REC-0493
hyp:H7,REC-0494
hyp:H7,REC-0495
hyp:H7,REC-0496
hyp:H7,REC-0497
hyp:H7,REC-0498
hyp:H7,REC-0499
hyp:H7,REC-0500
hyp:H7,REC-0501
hyp:H7,REC-0502
hyp:H7,REC-0503
hyp:H7,REC-0504
hyp:H7,REC-0505
hyp:H7,REC-0506
hyp:H7,REC-0507
hyp:H7,REC-0508
hyp:H7,REC-0509
hyp:H7,REC-0510
hyp:H7,REC-0511
hyp:H7,REC-0512
hyp:H7,REC-0513
hyp:H7,REC-0514
hyp:H7,REC-0515
hyp:H7,REC-0516
hyp:H7,REC-0517
hyp:H7,REC-0518
hyp:H7,REC-0519
hyp:H7,REC-0520
hyp:H7,REC-0521
hyp:H7,REC-0522
hyp:H7,REC-0523
hyp:H7,REC-0524
hyp:H7,REC-0525
hyp:H7,REC-0526
hyp:H7,REC-0527
hyp:H7,REC-0528
hyp:H7,REC-0529
hyp:H7,REC-0530
hyp:H7,REC-0531
hyp:H7,REC-0532
hyp:H7,REC-0533
hyp:H7,REC-0534
hyp:H7,REC-0535
hyp:H7,REC-0536
hyp:H7,REC-0537
hyp:H7,REC-0538
hyp:H7,REC-0539
hyp:H7,REC-0540
hyp:H7,REC-0541
hyp:H7,REC-0542
hyp:H7,REC-0543
hyp:H7,REC-0544
hyp:H7,REC-0545
hyp:H7,REC-0546
hyp:H7,REC-0547
hyp:H7,REC-0548
hyp:H7,REC-0549
hyp:H7,REC-0550
hyp:H7,REC-0551
hyp:H7,REC-0552
hyp:H7,REC-0553
hyp:H7,REC-0554
hyp:H7,REC-0555
hyp:H7,REC-0556
hyp:H7,REC-0557
hyp:H7,REC-0558
hyp:H7,REC-0559
hyp:H7,REC-0560
hyp:H7,REC-0561
hyp:H7,REC-0562
hyp:H7,REC-0563
hyp:H7,REC-0564
hyp:H7,REC-0565
hyp:H7,REC-0566
hyp:H7,REC-0567
hyp:H7,REC-0568
hyp:H7,REC-0569
hyp:H7,REC-0570
hyp:H7,REC-0571
hyp:H7,REC-0572
hyp:H7,REC-0573
hyp:H7,REC-0574
hyp:H7,REC-0575
hyp:H7,REC-0576
hyp:H7,REC-0577
hyp:H7,REC-0578
hyp:H7,REC-0579
hyp:H7,REC-0580
hyp:H7,REC-0581
hyp:H7,REC-0582
hyp:H7,REC-0583
hyp:H7,REC-0584
hyp:H7,REC-0585
hyp:H7,REC-0586
hyp:H7,REC-0587
hyp:H7,REC-0588
hyp:H7,REC-0589
hyp:H7,REC-0590
hyp:H7,REC-0591
hyp:H7,REC-0592
hyp:H7,REC-0593
hyp:H7,REC-0594
hyp:H7,REC-0595
hyp:H7,REC-0596
hyp:H7,REC-0597
hyp:H7,REC-0598
hyp:H7,REC-0599
hyp:H7,REC-0600
hyp:H7,REC-0601
hyp:H7,REC-0602
hyp:H7,REC-0603
hyp:H7,REC-0604
hyp:H7,REC-0605
hyp:H7,REC-0606
hyp:H7,REC-0607
hyp:H7,REC-0608
hyp:H7,REC-0609
hyp:H7,REC-0610
hyp:H7,REC-0611
hyp:H7,REC-0612
hyp:H7,REC-0613
hyp:H7,REC-0614
hyp:H7,REC-0615
hyp:H7,REC-0616
hyp:H7,REC-0617
hyp:H7,REC-0618
hyp:H7,REC-0619
hyp:H7,REC-0620
hyp:H7,REC-0621
hyp:H7,REC-0622
hyp:H7,REC-0623
hyp:H7,REC-0624
hyp:H7,REC-0625
hyp:H7,REC-0626
hyp:H7,REC-0627
hyp:H7,REC-0628
hyp:H7,REC-0629
hyp:H7,REC-0630
hyp:H7,REC-0631
hyp:H7,REC-0632
hyp:H7,REC-0633
hyp:H7,REC-0634
hyp:H7,REC-0635
hyp:H7,REC-0636
hyp:H7,REC-0637
hyp:H7,REC-0638
hyp:H7,REC-0639
hyp:H7,REC-0640
hyp:H7,REC-0641
hyp:H7,REC-0642
hyp:H7,REC-0643
hyp:H7,REC-0644
hyp:H7,REC-0645
hyp:H7,REC-0646
hyp:H7,REC-0647
hyp:H7,REC-0648
hyp:H7,REC-0649
hyp:H7,REC-0650
hyp:H7,REC-0651
hyp:H7,REC-0652
hyp:H7,REC-0653
hyp:H7,REC-0654
hyp:H7,REC-0655
hyp:H7,REC-0656
hyp:H7,REC-0657
hyp:H7,REC-0658
hyp:H7,REC-0659
hyp:H7,REC-0660
hyp:H7,REC-0661
hyp:H7,REC-0662
hyp:H7,REC-0663
hyp:H7,REC-0664
hyp:H7,REC-0665
hyp:H7,REC-0666
hyp:H7,REC-0667
hyp:H7,REC-0668
hyp:H7,REC-0669
hyp:H7,REC-0670
hyp:H7,REC-0671
hyp:H7,REC-0672
hyp:H7,REC-0673
hyp:H7,REC-0674
hyp:H7,REC-0675
hyp:H7,REC-0676
hyp:H7,REC-0677
hyp:H7,REC-0678
hyp:H7,REC-0679
hyp:H7,REC-0680
hyp:H7,REC-0681
hyp:H7,REC-0682
hyp:H7,REC-0683
hyp:H7,REC-0684
hyp:H7,REC-0685
hyp:H7,REC-0686
hyp:H7,REC-0687
hyp:H7,REC-0688
hyp:H7,REC-0689
hyp:H7,REC-0690
hyp:H7,REC-0691
hyp:H7,REC-0692
hyp:H7,REC-0693
hyp:H7,REC-0694
hyp:H7,REC-0695
hyp:H7,REC-0696
hyp:H7,REC-0697
hyp:H7,REC-0698
hyp:H7,REC-0699
hyp:H7,REC-0700
hyp:H7,REC-0701
hyp:H7,REC-0702
hyp:H7,REC-0703
hyp:H7,REC-0704
hyp:H7,REC-0705
hyp:H7,REC-0706
hyp:H7,REC-0707
hyp:H7,REC-0708
hyp:H7,REC-0709
hyp:H7,REC-0710
hyp:H7,REC-0711
hyp:H7,REC-0712
hyp:H7,REC-0713
hyp:H7,REC-0714
hyp:H7,REC-0715
hyp:H7,REC-0716
hyp:H7,REC-0717
hyp:H7,REC-0718
hyp:H7,REC-0719
hyp:H7,REC-0720
hyp:H7,REC-0721
hyp:H7,REC-0722
hyp:H7,REC-0723
hyp:H7,REC-0724
hyp:H7,REC-0725
hyp:H7,REC-0726
hyp:H7,REC-0727
hyp:H7,REC-0728
hyp:H7,REC-0729
hyp:H7,REC-0730
hyp:H7,REC-0731
hyp:H7,REC-0732
hyp:H7,REC-0733
hyp:H7,REC-0734
hyp:H7,REC-0735
hyp:H7,REC-0736
hyp:H7,REC-0737
hyp:H7,REC-0738
hyp:H7,REC-0739
hyp:H7,REC-0740
hyp:H7,REC-0741
hyp:H7,REC-0742
hyp:H7,REC-0743
hyp:H7,REC-0744
hyp:H7,REC-0745
hyp:H7,REC-0746
hyp:H7,REC-0747
hyp:H7,REC-0748
hyp:H7,REC-0749
hyp:H7,REC-0750
hyp:H7,REC-0751
hyp:H7,REC-0752
hyp:H7,REC-0753
hyp:H7,REC-0754
hyp:H7,REC-0755
hyp:H7,REC-0756
hyp:H7,REC-0757
hyp:H7,REC-0758
hyp:H7,REC-0759
hyp:H7,REC-0760
hyp:H7,REC-0761
hyp:H7,REC-0762
hyp:H7,REC-0763
hyp:H7,REC-0764
hyp:H7,REC-0765
hyp:H7,REC-0766
hyp:H7,REC-0767
hyp:H7,REC-0768
hyp:H7,REC-0769
hyp:H7,REC-0770
hyp:H7,REC-0771
hyp:H7,REC-0772
hyp:H7,REC-0773
hyp:H7,REC-0774
hyp:H7,REC-0775
hyp:H7,REC-0776
hyp:H7,REC-0777
hyp:H7,REC-0778
hyp:H7,REC-0779
hyp:H7,REC-0780
hyp:H7,REC-0781
hyp:H7,REC-0782
hyp:H7,REC-0783
hyp:H7,REC-0784
hyp:H7,REC-0785
hyp:H7,REC-0786
hyp:H7,REC-0787
hyp:H7,REC-0788
hyp:H7,REC-0789
hyp:H7,REC-0790
hyp:H7,REC-0791
hyp:H7,REC-0792
hyp:H7,REC-0793
hyp:H7,REC-0794
hyp:H7,REC-0795
hyp:H7,REC-0796
hyp:H7,REC-0797
hyp:H7,REC-0798
hyp:H7,REC-0799
hyp:H7,REC-0800
