source,source_id,created_at,author,is_synthetic,source_url,title,thread_context,replies,engagement,platform,text,record_id
google_play,syn-goo-0000,2023-05-01T07:56:40,synthetic_user_37674,True,synthetic://google_play/syn-goo-0000,,,[],"{""rating"": 3, ""thumbs_up"": 126, ""app_version"": ""7.13.0""}",android,Found the photo of the stage when they announced the results by searching the person's face and then scrolling a bit. Took two minutes.,google_play:syn-goo-0000
google_play,syn-goo-0001,2025-04-02T20:00:16,synthetic_user_36416,True,synthetic://google_play/syn-goo-0001,,,[],"{""rating"": 3, ""thumbs_up"": 220, ""app_version"": ""7.28.0""}",android,Two things. Why did they move the sharing button? The new layout is confusing. App keeps crashing when I open a large video.,google_play:syn-goo-0001
google_play,syn-goo-0002,2026-06-18T23:50:47,synthetic_user_88630,True,synthetic://google_play/syn-goo-0002,,,[],"{""rating"": 3, ""thumbs_up"": 233, ""app_version"": ""7.29.0""}",android,"Frustrating search. I've been looking for the screenshot of a chat where my landlord agreed to the repair for days. I remember green chat bubbles. I can't recall what it said exactly. Tried ""whatsapp"" and it popped up near the top. I scrolled for like 40 minutes. Finally found it after three days.",google_play:syn-goo-0002
google_play,syn-goo-0003,2026-02-19T14:17:09,synthetic_user_52175,True,synthetic://google_play/syn-goo-0003,,,[],"{""rating"": 2, ""thumbs_up"": 53, ""app_version"": ""7.16.0""}",android,It would help if the app told me why a photo showed up in results.,google_play:syn-goo-0003
google_play,syn-goo-0004,2025-01-15T17:15:47,synthetic_user_16101,True,synthetic://google_play/syn-goo-0004,,,[],"{""rating"": 2, ""thumbs_up"": 238, ""app_version"": ""7.16.0""}",android,"Search is useless for old photos. I'm trying to find a photo of the tiny café we found in Goa. All I remember visually is blue wooden chairs and a hand-painted menu board. I don't remember the name of the place. I searched ""goa 2022"" and it gave me hundreds of photos. I have hundreds of similar shots and can't tell which one it was. I jumped to roughly that year with the scrollbar and went month by month. Never found it.",google_play:syn-goo-0004
google_play,syn-goo-0005,2026-06-09T07:06:18,synthetic_user_31377,True,synthetic://google_play/syn-goo-0005,,,[],"{""rating"": 3, ""thumbs_up"": 116, ""app_version"": ""7.7.0""}",android,"Does anyone know how to find a photo of the tiny café we found in Goa? I need it because my friend is going to Goa and asked for the name. It had my college friends in it. No clue what the place was called. I typed ""goa 2022"" in search and it gave me hundreds of photos. All the results look the same as tiny thumbnails. Never found it.",google_play:syn-goo-0005
google_play,syn-goo-0006,2024-07-26T17:11:37,synthetic_user_33970,True,synthetic://google_play/syn-goo-0006,,,[],"{""rating"": 3, ""thumbs_up"": 176, ""app_version"": ""7.15.0""}",android,"Honestly search is amazing. I typed ""me on stage with trophy under purple lights"" and it found the photo of the stage when they announced the results in seconds.",google_play:syn-goo-0006
google_play,syn-goo-0007,2023-06-14T08:01:36,synthetic_user_13389,True,synthetic://google_play/syn-goo-0007,,,[],"{""rating"": 1, ""thumbs_up"": 240, ""app_version"": ""7.7.0""}",android,"Couldn't find the screenshot of a chat where my landlord agreed to the repair anywhere, then realised it was on my old phone and never got backed up.",google_play:syn-goo-0007
google_play,syn-goo-0008,2026-08-30T12:31:29,synthetic_user_84296,True,synthetic://google_play/syn-goo-0008,,,[],"{""rating"": 3, ""thumbs_up"": 61, ""app_version"": ""7.30.0""}",android,Two things. The widget on the home screen shows the same photo every day. Storage is full again and now they want me to pay for more. Too expensive for what it is.,google_play:syn-goo-0008
google_play,syn-goo-0009,2026-01-27T04:46:08,synthetic_user_2804,True,synthetic://google_play/syn-goo-0009,,,[],"{""rating"": 5, ""thumbs_up"": 52, ""app_version"": ""7.17.0""}",android,"Search is useless for old photos. I've been looking for a screenshot of a recipe from Instagram for days. It was sometime this year. I don't know what word the app would use for it. Tried ""recipe"" and got no results. The photo is definitely in my library but search never shows it. I scrolled for like 40 minutes. Finally found it after three days.",google_play:syn-goo-0009
google_play,syn-goo-0010,2026-05-31T00:08:35,synthetic_user_19634,True,synthetic://google_play/syn-goo-0010,,,[],"{""rating"": 1, ""thumbs_up"": 242, ""app_version"": ""7.20.0""}",android,"Great backup app but search needs work. Does anyone know how to find a picture of the ramen bowl from the tiny shop? I need it now because a friend wants the shop name. It was taken near the station in Tokyo. I don't remember the name of the place. Tried ""ramen bowl with egg at a small shop near station"" but it just showed random photos. It doesn't understand what I'm describing at all. Never found it.",google_play:syn-goo-0010
google_play,syn-goo-0011,2024-06-15T20:22:16,synthetic_user_26553,True,synthetic://google_play/syn-goo-0011,,,[],"{""rating"": 3, ""thumbs_up"": 213, ""app_version"": ""7.4.0""}",android,"I've been looking for the picture of the pharmacy receipt for days. It's a picture of a pharmacy bill. I can't recall what it said exactly. Tried ""pharmacy"" and it popped up near the top. I scrolled for like 40 minutes. Finally found it after three days.",google_play:syn-goo-0011
google_play,syn-goo-0012,2025-06-02T18:46:21,synthetic_user_52928,True,synthetic://google_play/syn-goo-0012,,,[],"{""rating"": 2, ""thumbs_up"": 100, ""app_version"": ""7.12.0""}",android,"Search is hit or miss. Looking for the photo from the Ganpati procession. We were on the road near our society when I took it. I don't remember when exactly. Searched for ""people covered in red colour with ganesh idol"" and nothing came up. The photo is definitely in my library but search never shows it. I went through the face group for that person too. I found a similar one but not the exact photo I wanted.",google_play:syn-goo-0012
google_play,syn-goo-0013,2026-02-08T16:41:58,synthetic_user_57731,True,synthetic://google_play/syn-goo-0013,,,[],"{""rating"": 1, ""thumbs_up"": 196, ""app_version"": ""7.11.0""}",android,Frustrating search. It's frustrating that I have to guess what word the app uses for something.,google_play:syn-goo-0013
google_play,syn-goo-0014,2023-05-29T09:47:28,synthetic_user_2206,True,synthetic://google_play/syn-goo-0014,,,[],"{""rating"": 3, ""thumbs_up"": 133, ""app_version"": ""7.3.0""}",android,"Frustrating search. Does anyone know how to find the group photo from the night we all stayed up on the terrace? It had the whole hostel gang in it. I don't remember when exactly. I typed ""terrace"" in search and nothing came up. It just doesn't show up in search even though I know it's there. Finally found it after way too long.",google_play:syn-goo-0014
google_play,syn-goo-0015,2025-10-21T06:28:37,synthetic_user_35457,True,synthetic://google_play/syn-goo-0015,,,[],"{""rating"": 1, ""thumbs_up"": 128, ""app_version"": ""7.2.0""}",android,"search is hit or miss. does anyone know how to find the family photo from diwali where everyone is wearing white? i remember everyone in white kurtas with diyas in front. i can't remember the date at all. i searched ""diwali"" and nothing came up. the photo is definitely in my library but search never shows it. i jumped to roughly that year with the scrollbar and went month by month. found one that might be it, but i'm not sure it's the same one.",google_play:syn-goo-0015
google_play,syn-goo-0016,2023-04-22T04:43:35,synthetic_user_1868,True,synthetic://google_play/syn-goo-0016,,,[],"{""rating"": 5, ""thumbs_up"": 130, ""app_version"": ""7.14.0""}",android,"search is useless for old photos. i've been looking for a screenshot of a map with a pin someone sent for days. for context, a friend shared the location of a trekking base camp. i can't recall what it said exactly. i typed ""map"" in search and there it was. got it eventually, after half an hour of scrolling.",google_play:syn-goo-0016
google_play,syn-goo-0017,2025-02-20T03:03:15,synthetic_user_62212,True,synthetic://google_play/syn-goo-0017,,,[],"{""rating"": 5, ""thumbs_up"": 102, ""app_version"": ""7.8.0""}",android,"Search is hit or miss. I'm trying to find the photo of the street where we got lost. I need it now because we want to frame it. Timing wise it was on the third or fourth day of the trip. I don't even remember what the event was called. Tried ""narrow street with yellow tiles and tram"" and it popped up near the top. Finally found it after half an hour of scrolling.",google_play:syn-goo-0017
google_play,syn-goo-0018,2026-08-09T08:22:18,synthetic_user_11153,True,synthetic://google_play/syn-goo-0018,,,[],"{""rating"": 1, ""thumbs_up"": 68, ""app_version"": ""7.21.0""}",android,"Search is useless for old photos. Looking for a sunset photo from the hotel balcony. I need it because I want to use it as a wallpaper again. This was during that Switzerland trip. I don't remember when exactly. Tried ""sunset"" and it gave me hundreds of photos. I have hundreds of similar shots and can't tell which one it was. Ended up scrolling back through years of photos. Still haven't found it.",google_play:syn-goo-0018
google_play,syn-goo-0019,2026-02-17T01:50:55,synthetic_user_82282,True,synthetic://google_play/syn-goo-0019,,,[],"{""rating"": 3, ""thumbs_up"": 272, ""app_version"": ""7.22.0""}",android,Two things. Uploading in original quality eats my data plan.,google_play:syn-goo-0019
google_play,syn-goo-0020,2023-05-24T18:18:45,synthetic_user_70149,True,synthetic://google_play/syn-goo-0020,,,[],"{""rating"": 3, ""thumbs_up"": 269, ""app_version"": ""7.3.0""}",android,Search is useless for old photos. It would help if the app told me why a photo showed up in results.,google_play:syn-goo-0020
google_play,syn-goo-0021,2024-06-27T08:32:53,synthetic_user_95595,True,synthetic://google_play/syn-goo-0021,,,[],"{""rating"": 1, ""thumbs_up"": 235, ""app_version"": ""7.16.0""}",android,Great backup app but search needs work. It would help if the app told me why a photo showed up in results.,google_play:syn-goo-0021
google_play,syn-goo-0022,2024-08-18T18:48:23,synthetic_user_37426,True,synthetic://google_play/syn-goo-0022,,,[],"{""rating"": 2, ""thumbs_up"": 238, ""app_version"": ""7.25.0""}",android,"does anyone know how to find the photo of the view from the train window? it was taken on the train somewhere between two cities. i have no idea what year it was. i typed ""train"" in search and nothing came up. how do you even search for something like that? i gave up on finding it.",google_play:syn-goo-0022
google_play,syn-goo-0023,2025-08-26T00:38:14,synthetic_user_37956,True,synthetic://google_play/syn-goo-0023,,,[],"{""rating"": 4, ""thumbs_up"": 39, ""app_version"": ""7.27.0""}",android,The app is slow to load thumbnails on my old phone.,google_play:syn-goo-0023
google_play,syn-goo-0024,2025-07-12T14:45:39,synthetic_user_39577,True,synthetic://google_play/syn-goo-0024,,,[],"{""rating"": 1, ""thumbs_up"": 213, ""app_version"": ""7.12.0""}",android,"Frustrating search. Does anyone know how to find a short video of the band at the pub? It was at a random Friday gig. I can't recall the name of the event. Tried ""friday 2022"" and got no results. It just doesn't show up in search even though I know it's there. Ended up scrolling back through years of photos. I gave up on finding it.",google_play:syn-goo-0024
google_play,syn-goo-0025,2026-07-24T05:25:18,synthetic_user_32679,True,synthetic://google_play/syn-goo-0025,,,[],"{""rating"": 4, ""thumbs_up"": 261, ""app_version"": ""7.11.0""}",android,"search is hit or miss. does anyone know how to find the photo of the menu at the street food stall? i need it because i want to recommend it to someone visiting. timing wise it was a winter evening, not sure which year. i can't recall where exactly it was. i typed ""handwritten street food menu board"" in search but it just showed random photos. i ran out of ideas pretty quickly. finally found it after half an hour of scrolling.",google_play:syn-goo-0025
google_play,syn-goo-0026,2026-07-16T14:33:54,synthetic_user_72633,True,synthetic://google_play/syn-goo-0026,,,[],"{""rating"": 1, ""thumbs_up"": 41, ""app_version"": ""7.2.0""}",android,"Search should work the way I remember things, like 'couple dancing under disco ball pink lehenga', not just single words.",google_play:syn-goo-0026
google_play,syn-goo-0027,2025-09-21T01:46:59,synthetic_user_72103,True,synthetic://google_play/syn-goo-0027,,,[],"{""rating"": 3, ""thumbs_up"": 87, ""app_version"": ""7.16.0""}",android,"Honestly, The locked folder is a nice privacy feature. Too many notifications about 'memories' I didn't ask for.",google_play:syn-goo-0027
google_play,syn-goo-0028,2025-04-11T23:53:02,synthetic_user_31282,True,synthetic://google_play/syn-goo-0028,,,[],"{""rating"": 4, ""thumbs_up"": 247, ""app_version"": ""7.18.0""}",android,"Honestly, The app is slow to load thumbnails on my old phone. Face grouping merged my twin daughters into one person lol.",google_play:syn-goo-0028
google_play,syn-goo-0029,2025-02-23T15:04:08,synthetic_user_97758,True,synthetic://google_play/syn-goo-0029,,,[],"{""rating"": 1, ""thumbs_up"": 192, ""app_version"": ""7.9.0""}",android,"I've been looking for a picture of the ramen bowl from the tiny shop for days. It's from the Japan trip. I don't remember the name of the place. I searched ""ramen"" and got a bunch of pictures that had nothing to do with it. It seems like search ignores half of what I type and only matches one word. I jumped to roughly that year with the scrollbar and went month by month. Still haven't found it.",google_play:syn-goo-0029
google_play,syn-goo-0030,2026-03-22T13:06:44,synthetic_user_16498,True,synthetic://google_play/syn-goo-0030,,,[],"{""rating"": 5, ""thumbs_up"": 257, ""app_version"": ""7.17.0""}",android,"Honestly, I wish the video editor had more music options.",google_play:syn-goo-0030
google_play,syn-goo-0031,2023-08-12T08:08:53,synthetic_user_20234,True,synthetic://google_play/syn-goo-0031,,,[],"{""rating"": 3, ""thumbs_up"": 55, ""app_version"": ""7.27.0""}",android,"Great backup app but search needs work. Does anyone know how to find the photo of a plant I saw at a nursery? I remember purple and green striped leaves in a hanging pot. I don't remember the name of the place. Searched for ""plant with purple striped leaves"" but it just showed random photos. It seems like search ignores half of what I type and only matches one word. Gave up for the day and tried again the next week. Never found it.",google_play:syn-goo-0031
google_play,syn-goo-0032,2024-06-18T08:08:25,synthetic_user_78782,True,synthetic://google_play/syn-goo-0032,,,[],"{""rating"": 1, ""thumbs_up"": 275, ""app_version"": ""7.10.0""}",android,"Search is useless for old photos. I'm trying to find the photo of the prescription for my mother's eye drops. For context, the doctor's handwriting was unreadable. I don't know what it's called. I searched ""eye clinic"" and nothing came up. I just didn't know how to describe it in a way search would get. Eventually I searched my WhatsApp chats instead. I gave up on finding it.",google_play:syn-goo-0032
google_play,syn-goo-0033,2025-01-12T14:25:51,synthetic_user_25962,True,synthetic://google_play/syn-goo-0033,,,[],"{""rating"": 4, ""thumbs_up"": 258, ""app_version"": ""7.3.0""}",android,"Search is useless for old photos. I'm trying to find the selfie from the concert. I need it now because it's her birthday and I want to post it. Timing wise it was not sure if it was the first or second day. I have no idea what year it was. I typed ""concert"" in search and nothing came up. I know exactly what it looks like but can't put it into search words. Got it eventually, after way too long.",google_play:syn-goo-0033
google_play,syn-goo-0034,2024-04-17T16:56:03,synthetic_user_29024,True,synthetic://google_play/syn-goo-0034,,,[],"{""rating"": 4, ""thumbs_up"": 151, ""app_version"": ""7.4.0""}",android,Update: The app is slow to load thumbnails on my old phone.,google_play:syn-goo-0034
google_play,syn-goo-0035,2023-12-06T11:59:14,synthetic_user_24993,True,synthetic://google_play/syn-goo-0035,,,[],"{""rating"": 3, ""thumbs_up"": 268, ""app_version"": ""7.24.0""}",android,"Great backup app but search needs work. I've been looking for a photo of the rental agreement for days. I need it because the landlord is refusing to return the deposit. It had something about the notice period on it. I can't recall what it said exactly. Tried ""agreement 2021"" and got no results. The text in the photo doesn't seem to be searchable. Tried synonyms like ""contract"" too. Found one that might be it, but I'm not sure it's the same one.",google_play:syn-goo-0035
google_play,syn-goo-0036,2024-02-05T13:34:12,synthetic_user_70979,True,synthetic://google_play/syn-goo-0036,,,[],"{""rating"": 3, ""thumbs_up"": 165, ""app_version"": ""7.12.0""}",android,"I've been looking for a shot of the fireworks at the new year party for days. I remember green fireworks over a swimming pool. I can't remember the date at all. I typed ""green fireworks over pool"" in search and it popped up near the top. Finally found it after way too long.",google_play:syn-goo-0036
google_play,syn-goo-0037,2026-07-04T14:44:14,synthetic_user_5328,True,synthetic://google_play/syn-goo-0037,,,[],"{""rating"": 4, ""thumbs_up"": 17, ""app_version"": ""7.15.0""}",android,"was sure i'd never find the photo of my son's vaccination card, but searching ""vaccination"" plus the year got it on the first try.",google_play:syn-goo-0037
google_play,syn-goo-0038,2025-05-30T17:58:00,synthetic_user_17394,True,synthetic://google_play/syn-goo-0038,,,[],"{""rating"": 3, ""thumbs_up"": 4, ""app_version"": ""7.26.0""}",android,"Does anyone know how to find the photo of my handwritten letter to myself? The photo shows a letter. I can't recall what it said exactly. I searched ""letter"" and nothing came up. After that I had no idea what else to try. I asked my sister if she still had it. Got it eventually, after half an hour of scrolling.",google_play:syn-goo-0038
google_play,syn-goo-0039,2024-11-02T11:38:03,synthetic_user_60395,True,synthetic://google_play/syn-goo-0039,,,[],"{""rating"": 4, ""thumbs_up"": 40, ""app_version"": ""7.17.0""}",android,"was sure i'd never find the photo from the ganpati procession, but searching ""ganpati"" plus the year got it on the first try.",google_play:syn-goo-0039
google_play,syn-goo-0040,2023-05-13T23:38:57,synthetic_user_4438,True,synthetic://google_play/syn-goo-0040,,,[],"{""rating"": 4, ""thumbs_up"": 282, ""app_version"": ""7.18.0""}",android,"Two things. Love the collage feature, made a nice one for my mom.",google_play:syn-goo-0040
google_play,syn-goo-0041,2024-02-12T15:59:52,synthetic_user_32431,True,synthetic://google_play/syn-goo-0041,,,[],"{""rating"": 3, ""thumbs_up"": 120, ""app_version"": ""7.5.0""}",android,"Great backup app but search needs work. I've been looking for the video of my dog meeting the new puppy for days. I need it because our old dog passed away last week. I can picture the puppy running circles around him. Not sure which month or year, honestly. I typed ""2020 video"" in search and got no results. Screen recordings don't seem to be indexed at all. Tried synonyms like ""puppy"" too. Got it eventually, after half an hour of scrolling.",google_play:syn-goo-0041
google_play,syn-goo-0042,2023-05-13T14:25:13,synthetic_user_32984,True,synthetic://google_play/syn-goo-0042,,,[],"{""rating"": 3, ""thumbs_up"": 269, ""app_version"": ""7.8.0""}",android,Great backup app but search needs work. It's frustrating that I have to guess what word the app uses for something.,google_play:syn-goo-0042
google_play,syn-goo-0043,2023-07-29T00:09:48,synthetic_user_62228,True,synthetic://google_play/syn-goo-0043,,,[],"{""rating"": 2, ""thumbs_up"": 191, ""app_version"": ""7.2.0""}",android,"Great backup app but search needs work. Search should work the way I remember things, like 'wine bottle with bird drawing on label', not just single words.",google_play:syn-goo-0043
google_play,syn-goo-0044,2023-03-20T21:49:27,synthetic_user_95974,True,synthetic://google_play/syn-goo-0044,,,[],"{""rating"": 1, ""thumbs_up"": 5, ""app_version"": ""7.27.0""}",android,"Frustrating search. I've been looking for the photo of my son's first steps for days. It's the one my wife took, not me. I have no idea what year it was. I typed ""baby walking"" in search and got a bunch of pictures that had nothing to do with it. I just didn't know how to describe it in a way search would get. Still haven't found it.",google_play:syn-goo-0044
google_play,syn-goo-0045,2024-10-01T20:37:34,synthetic_user_46816,True,synthetic://google_play/syn-goo-0045,,,[],"{""rating"": 2, ""thumbs_up"": 9, ""app_version"": ""7.28.0""}",android,"I'm trying to find a screenshot of a recipe from Instagram. I can picture a dark background with white text. I don't remember the exact words on it. Searched for ""instagram screenshot"" and got thousands of results to scroll through. All the results look the same as tiny thumbnails. I checked my Gmail in case I had sent it to someone. Eventually I just gave up.",google_play:syn-goo-0045
google_play,syn-goo-0046,2026-03-19T22:39:12,synthetic_user_48607,True,synthetic://google_play/syn-goo-0046,,,[],"{""rating"": 3, ""thumbs_up"": 87, ""app_version"": ""7.5.0""}",android,"Frustrating search. Looking for the photo of the temple on the hill. It was a long time ago, maybe 2015. I can't recall where exactly it was. Tried ""white temple on hill with steps"" and nothing came up. The photo is definitely in my library but search never shows it. Found one that might be it, but I'm not sure it's the same one.",google_play:syn-goo-0046
google_play,syn-goo-0047,2024-02-06T17:13:11,synthetic_user_23981,True,synthetic://google_play/syn-goo-0047,,,[],"{""rating"": 1, ""thumbs_up"": 21, ""app_version"": ""7.13.0""}",android,"Looking for a picture of the ramen bowl from the tiny shop. I need it because a friend wants the shop name. I know it was near the station in Tokyo. No idea what the thing is actually called. I searched ""tokyo april 2023"" and nothing came up. How do you even search for something like that? I found a similar one but not the exact photo I wanted.",google_play:syn-goo-0047
google_play,syn-goo-0048,2025-01-22T16:16:01,synthetic_user_66005,True,synthetic://google_play/syn-goo-0048,,,[],"{""rating"": 1, ""thumbs_up"": 11, ""app_version"": ""7.1.0""}",android,"I'm trying to find the photo of the menu at the street food stall. I can picture a handwritten board in Hindi. I have no idea what year it was. I typed ""delhi winter"" in search and got a bunch of pictures that had nothing to do with it. It took ""menu"" literally and ignored everything else. I found a similar one but not the exact photo I wanted.",google_play:syn-goo-0048
google_play,syn-goo-0049,2026-06-20T16:41:08,synthetic_user_23536,True,synthetic://google_play/syn-goo-0049,,,[],"{""rating"": 4, ""thumbs_up"": 204, ""app_version"": ""7.4.0""}",android,"two things. the locked folder is a nice privacy feature. love the collage feature, made a nice one for my mom.",google_play:syn-goo-0049
google_play,syn-goo-0050,2025-06-24T18:21:45,synthetic_user_66867,True,synthetic://google_play/syn-goo-0050,,,[],"{""rating"": 5, ""thumbs_up"": 20, ""app_version"": ""7.2.0""}",android,"Deleted photos don't free up space on the phone, confusing. Please add a dark mode for the web version.",google_play:syn-goo-0050
google_play,syn-goo-0051,2025-11-13T02:54:41,synthetic_user_7112,True,synthetic://google_play/syn-goo-0051,,,[],"{""rating"": 5, ""thumbs_up"": 193, ""app_version"": ""7.21.0""}",android,"Didn't remember anything except green hills and a reflection of my face in the glass, searched for that and it showed up. Impressed.",google_play:syn-goo-0051
google_play,syn-goo-0052,2025-10-25T17:28:48,synthetic_user_27305,True,synthetic://google_play/syn-goo-0052,,,[],"{""rating"": 2, ""thumbs_up"": 259, ""app_version"": ""7.8.0""}",android,"Looking for the photo of the dessert we ordered at that restaurant. It was at my sister's birthday dinner. I don't even remember what the event was called. Tried ""bangalore october"" and got a bunch of pictures that had nothing to do with it. I didn't know what else to try. Gave up for the day and tried again the next week. Still haven't found it.",google_play:syn-goo-0052
google_play,syn-goo-0053,2025-04-06T05:52:12,synthetic_user_83436,True,synthetic://google_play/syn-goo-0053,,,[],"{""rating"": 4, ""thumbs_up"": 167, ""app_version"": ""7.29.0""}",android,Update: Can't figure out how to download all my photos to a hard drive.,google_play:syn-goo-0053
google_play,syn-goo-0054,2025-12-22T01:46:06,synthetic_user_83403,True,synthetic://google_play/syn-goo-0054,,,[],"{""rating"": 2, ""thumbs_up"": 284, ""app_version"": ""7.17.0""}",android,"Search is hit or miss. Search should work the way I remember things, like 'parking pillar sign', not just single words.",google_play:syn-goo-0054
google_play,syn-goo-0055,2026-01-02T22:55:46,synthetic_user_51675,True,synthetic://google_play/syn-goo-0055,,,[],"{""rating"": 2, ""thumbs_up"": 135, ""app_version"": ""7.13.0""}",android,Frustrating search. It's frustrating that I have to guess what word the app uses for something.,google_play:syn-goo-0055
google_play,syn-goo-0056,2023-06-16T16:06:10,synthetic_user_30152,True,synthetic://google_play/syn-goo-0056,,,[],"{""rating"": 3, ""thumbs_up"": 24, ""app_version"": ""7.10.0""}",android,"Honestly, Please add a dark mode for the web version.",google_play:syn-goo-0056
google_play,syn-goo-0057,2023-01-04T01:13:49,synthetic_user_29050,True,synthetic://google_play/syn-goo-0057,,,[],"{""rating"": 3, ""thumbs_up"": 148, ""app_version"": ""7.20.0""}",android,"Honestly, The app is slow to load thumbnails on my old phone. Printing service delivery took two weeks.",google_play:syn-goo-0057
google_play,syn-goo-0058,2023-09-28T17:46:54,synthetic_user_29787,True,synthetic://google_play/syn-goo-0058,,,[],"{""rating"": 5, ""thumbs_up"": 23, ""app_version"": ""7.1.0""}",android,"honestly search is amazing. i typed ""old lady in green saree with bride on stage"" and it found the photo with the bride and my grandmother in seconds.",google_play:syn-goo-0058
google_play,syn-goo-0059,2025-01-01T19:26:47,synthetic_user_29394,True,synthetic://google_play/syn-goo-0059,,,[],"{""rating"": 4, ""thumbs_up"": 298, ""app_version"": ""7.10.0""}",android,"Minor gripe: The app is slow to load thumbnails on my old phone. The editing tools are great, the magic eraser is really good.",google_play:syn-goo-0059
google_play,syn-goo-0060,2023-12-05T00:00:52,synthetic_user_5767,True,synthetic://google_play/syn-goo-0060,,,[],"{""rating"": 3, ""thumbs_up"": 12, ""app_version"": ""7.13.0""}",android,"search is useless for old photos. looking for the video of my mom singing at the dinner table. i remember my mom being in it. i can't remember the date at all. i searched ""video of mom singing at dinner"" and it gave me hundreds of photos. i have hundreds of similar shots and can't tell which one it was. i jumped to roughly that year with the scrollbar and went month by month. found one that might be it, but i'm not sure it's the same one.",google_play:syn-goo-0060
google_play,syn-goo-0061,2025-08-10T02:55:48,synthetic_user_97223,True,synthetic://google_play/syn-goo-0061,,,[],"{""rating"": 2, ""thumbs_up"": 89, ""app_version"": ""7.8.0""}",android,"Frustrating search. I've been looking for the photo of the dessert we ordered at that restaurant for days. It was last year, maybe around October. No clue what the place was called. I searched ""dessert"" and got thousands of results to scroll through. I have hundreds of similar shots and can't tell which one it was. Never found it.",google_play:syn-goo-0061
google_play,syn-goo-0062,2025-03-07T11:57:44,synthetic_user_78804,True,synthetic://google_play/syn-goo-0062,,,[],"{""rating"": 4, ""thumbs_up"": 274, ""app_version"": ""7.16.0""}",android,"Great backup app but search needs work. Does anyone know how to find the group photo from the night we all stayed up on the terrace? I need it because one of them is getting married and we're making a video. I remember fairy lights and everyone squinting because of the flash. I have no idea what year it was. Tried ""friends on terrace at night with fairy lights"" and there it was. Got it eventually, after two evenings.",google_play:syn-goo-0062
google_play,syn-goo-0063,2024-04-23T20:45:55,synthetic_user_40337,True,synthetic://google_play/syn-goo-0063,,,[],"{""rating"": 3, ""thumbs_up"": 200, ""app_version"": ""7.20.0""}",android,Two things. Storage is full again and now they want me to pay for more. Too expensive for what it is.,google_play:syn-goo-0063
google_play,syn-goo-0064,2023-03-09T00:58:46,synthetic_user_14666,True,synthetic://google_play/syn-goo-0064,,,[],"{""rating"": 3, ""thumbs_up"": 82, ""app_version"": ""7.12.0""}",android,"Was sure I'd never find the photo of the warranty card for the washing machine, but searching ""warranty"" plus the year got it on the first try.",google_play:syn-goo-0064
google_play,syn-goo-0065,2025-09-04T03:38:11,synthetic_user_17387,True,synthetic://google_play/syn-goo-0065,,,[],"{""rating"": 5, ""thumbs_up"": 104, ""app_version"": ""7.10.0""}",android,"Search is useless for old photos. Does anyone know how to find the screenshot where I had the information about that course? I need it because the application deadline might be close. Timing wise it was a few months ago. I have no idea what year it was. I searched ""course"" and nothing came up. Text inside screenshots doesn't seem to be searchable. Finally found it after half an hour of scrolling.",google_play:syn-goo-0065
google_play,syn-goo-0066,2024-06-09T10:17:20,synthetic_user_6344,True,synthetic://google_play/syn-goo-0066,,,[],"{""rating"": 2, ""thumbs_up"": 164, ""app_version"": ""7.25.0""}",android,Frustrating search. It's frustrating that I have to guess what word the app uses for something.,google_play:syn-goo-0066
google_play,syn-goo-0067,2023-03-05T15:53:26,synthetic_user_67976,True,synthetic://google_play/syn-goo-0067,,,[],"{""rating"": 3, ""thumbs_up"": 177, ""app_version"": ""7.16.0""}",android,Two things. The app is slow to load thumbnails on my old phone. Storage is full again and now they want me to pay for more. Too expensive for what it is.,google_play:syn-goo-0067
google_play,syn-goo-0068,2024-08-11T06:12:10,synthetic_user_57154,True,synthetic://google_play/syn-goo-0068,,,[],"{""rating"": 3, ""thumbs_up"": 268, ""app_version"": ""7.7.0""}",android,Minor gripe: Why did they move the sharing button? The new layout is confusing.,google_play:syn-goo-0068
google_play,syn-goo-0069,2025-10-01T20:26:04,synthetic_user_13704,True,synthetic://google_play/syn-goo-0069,,,[],"{""rating"": 2, ""thumbs_up"": 182, ""app_version"": ""7.4.0""}",android,"Frustrating search. Looking for the screenshot of the product I wanted to buy. Timing wise it was a couple of months ago. No idea what the thing is actually called. Tried ""brass lamp with curved neck"" and got no results. Text inside screenshots doesn't seem to be searchable. Still haven't found it.",google_play:syn-goo-0069
google_play,syn-goo-0070,2024-04-18T04:35:22,synthetic_user_43785,True,synthetic://google_play/syn-goo-0070,,,[],"{""rating"": 3, ""thumbs_up"": 121, ""app_version"": ""7.17.0""}",android,"looking for the photo from my friend's wedding where we were standing outside. i need it because it's their anniversary next week. i know it was outside the venue near the parking area. i can't remember the date at all. tried ""friends standing outside wedding venue at night"" and got thousands of results to scroll through. i have hundreds of similar shots and can't tell which one it was. i asked my sister if she still had it. never found it.",google_play:syn-goo-0070
google_play,syn-goo-0071,2024-02-27T14:08:20,synthetic_user_60806,True,synthetic://google_play/syn-goo-0071,,,[],"{""rating"": 3, ""thumbs_up"": 204, ""app_version"": ""7.28.0""}",android,"Search is useless for old photos. I'm trying to find the photo from the Ganpati procession. I need it because our society newsletter wanted old pictures. It was at the Ganpati visarjan. Not sure which month or year, honestly. I typed ""ganpati"" in search and it popped up near the top. I jumped to roughly that year with the scrollbar and went month by month. Finally found it after half an hour of scrolling.",google_play:syn-goo-0071
google_play,syn-goo-0072,2024-10-03T09:27:33,synthetic_user_82349,True,synthetic://google_play/syn-goo-0072,,,[],"{""rating"": 3, ""thumbs_up"": 214, ""app_version"": ""7.8.0""}",android,"Frustrating search. Looking for a screenshot of a map with a pin someone sent. For context, a friend shared the location of a trekking base camp. No clue what the place was called. Tried ""map"" and there it was. Got it eventually, after way too long.",google_play:syn-goo-0072
google_play,syn-goo-0073,2025-05-17T17:34:34,synthetic_user_59663,True,synthetic://google_play/syn-goo-0073,,,[],"{""rating"": 3, ""thumbs_up"": 209, ""app_version"": ""7.17.0""}",android,Search is useless for old photos. It's frustrating that I have to guess what word the app uses for something.,google_play:syn-goo-0073
google_play,syn-goo-0074,2023-02-02T23:16:29,synthetic_user_48485,True,synthetic://google_play/syn-goo-0074,,,[],"{""rating"": 2, ""thumbs_up"": 210, ""app_version"": ""7.24.0""}",android,"Does anyone know how to find that photo where I was wearing the blue shirt? It was taken at a friend's place, I think. No clue what the place was called. I searched ""summer"" and got no results. How do you even search for something like that? Found one that might be it, but I'm not sure it's the same one.",google_play:syn-goo-0074
google_play,syn-goo-0075,2025-11-18T04:27:22,synthetic_user_95565,True,synthetic://google_play/syn-goo-0075,,,[],"{""rating"": 2, ""thumbs_up"": 28, ""app_version"": ""7.9.0""}",android,"I remember photos by who I was with and what we were doing, not by where the GPS says I was.",google_play:syn-goo-0075
google_play,syn-goo-0076,2025-05-07T15:18:41,synthetic_user_82387,True,synthetic://google_play/syn-goo-0076,,,[],"{""rating"": 5, ""thumbs_up"": 180, ""app_version"": ""7.19.0""}",android,Backup has been stuck on 'preparing' for three days. Very annoying. Storage is full again and now they want me to pay for more. Too expensive for what it is.,google_play:syn-goo-0076
google_play,syn-goo-0077,2025-03-13T16:49:30,synthetic_user_27788,True,synthetic://google_play/syn-goo-0077,,,[],"{""rating"": 3, ""thumbs_up"": 66, ""app_version"": ""7.30.0""}",android,"Was sure I'd never find the old scanned photo of my grandparents' wedding, but searching ""old photo"" plus the year got it on the first try.",google_play:syn-goo-0077
google_play,syn-goo-0078,2023-01-06T10:14:18,synthetic_user_46920,True,synthetic://google_play/syn-goo-0078,,,[],"{""rating"": 3, ""thumbs_up"": 154, ""app_version"": ""7.11.0""}",android,"Great backup app but search needs work. I've been looking for the photo of the temple on the hill for days. Timing wise it was a long time ago, maybe 2015. No clue what the place was called. Tried ""white temple on hill with steps"" and got thousands of results to scroll through. I have hundreds of similar shots and can't tell which one it was. I checked all my albums one by one. Still haven't found it.",google_play:syn-goo-0078
google_play,syn-goo-0079,2023-11-09T11:02:16,synthetic_user_50477,True,synthetic://google_play/syn-goo-0079,,,[],"{""rating"": 3, ""thumbs_up"": 43, ""app_version"": ""7.27.0""}",android,"Honestly, The widget on the home screen shows the same photo every day. Why did they move the sharing button? The new layout is confusing.",google_play:syn-goo-0079
google_play,syn-goo-0080,2026-07-27T10:48:54,synthetic_user_25869,True,synthetic://google_play/syn-goo-0080,,,[],"{""rating"": 5, ""thumbs_up"": 109, ""app_version"": ""7.17.0""}",android,"i'm trying to find the photo from the ganpati procession. it was not sure which year. i can't remember the date at all. tried ""people covered in red colour with ganesh idol"" and there it was. ended up scrolling back through years of photos. finally found it after three days.",google_play:syn-goo-0080
google_play,syn-goo-0081,2025-02-06T15:30:12,synthetic_user_54895,True,synthetic://google_play/syn-goo-0081,,,[],"{""rating"": 3, ""thumbs_up"": 92, ""app_version"": ""7.21.0""}",android,"Frustrating search. I'm trying to find the picture of the dent on my car. It's a picture of a dent on the car door. Not sure which month or year, honestly. I searched ""dent on silver car door"" but it just showed random photos. I know exactly what it looks like but can't put it into search words. I checked all my albums one by one. Got it eventually, after way too long.",google_play:syn-goo-0081
google_play,syn-goo-0082,2023-04-04T12:01:53,synthetic_user_12317,True,synthetic://google_play/syn-goo-0082,,,[],"{""rating"": 3, ""thumbs_up"": 247, ""app_version"": ""7.16.0""}",android,"Thought search was broken but the picture of the medicine I took when I was sick last year was in my partner's library, not mine.",google_play:syn-goo-0082
google_play,syn-goo-0083,2025-10-28T09:53:31,synthetic_user_66378,True,synthetic://google_play/syn-goo-0083,,,[],"{""rating"": 1, ""thumbs_up"": 252, ""app_version"": ""7.26.0""}",android,"search is hit or miss. i've been looking for a picture of the ramen bowl from the tiny shop for days. it's from the japan trip. i can't recall where exactly it was. i typed ""ramen bowl with egg at a small shop near station"" in search and it gave me hundreds of photos. all the results look the same as tiny thumbnails. i jumped to roughly that year with the scrollbar and went month by month. i found a similar one but not the exact photo i wanted.",google_play:syn-goo-0083
google_play,syn-goo-0084,2023-09-19T21:21:07,synthetic_user_83207,True,synthetic://google_play/syn-goo-0084,,,[],"{""rating"": 3, ""thumbs_up"": 20, ""app_version"": ""7.13.0""}",android,"Honestly, Shared album invite link doesn't work for my dad.",google_play:syn-goo-0084
google_play,syn-goo-0085,2025-03-27T10:56:14,synthetic_user_14221,True,synthetic://google_play/syn-goo-0085,,,[],"{""rating"": 3, ""thumbs_up"": 23, ""app_version"": ""7.7.0""}",android,"Cancelled my subscription, moving everything to an external drive. Printing service delivery took two weeks.",google_play:syn-goo-0085
google_play,syn-goo-0086,2026-01-18T22:16:21,synthetic_user_49288,True,synthetic://google_play/syn-goo-0086,,,[],"{""rating"": 5, ""thumbs_up"": 75, ""app_version"": ""7.21.0""}",android,Minor gripe: The widget on the home screen shows the same photo every day. Backup has been stuck on 'preparing' for three days. Very annoying.,google_play:syn-goo-0086
google_play,syn-goo-0087,2026-07-21T16:40:15,synthetic_user_81956,True,synthetic://google_play/syn-goo-0087,,,[],"{""rating"": 3, ""thumbs_up"": 51, ""app_version"": ""7.22.0""}",android,can't figure out how to download all my photos to a hard drive.,google_play:syn-goo-0087
google_play,syn-goo-0088,2023-01-28T13:25:48,synthetic_user_18179,True,synthetic://google_play/syn-goo-0088,,,[],"{""rating"": 2, ""thumbs_up"": 287, ""app_version"": ""7.23.0""}",android,"Thought search was broken but a photo of the tiny café we found in Goa was in my partner's library, not mine.",google_play:syn-goo-0088
google_play,syn-goo-0089,2024-10-14T00:44:32,synthetic_user_56449,True,synthetic://google_play/syn-goo-0089,,,[],"{""rating"": 5, ""thumbs_up"": 296, ""app_version"": ""7.30.0""}",android,"App keeps crashing when I open a large video. Deleted photos don't free up space on the phone, confusing.",google_play:syn-goo-0089
google_play,syn-goo-0090,2023-09-01T15:19:50,synthetic_user_75408,True,synthetic://google_play/syn-goo-0090,,,[],"{""rating"": 5, ""thumbs_up"": 207, ""app_version"": ""7.15.0""}",android,printing service delivery took two weeks. syncing between my two phones is inconsistent.,google_play:syn-goo-0090
google_play,syn-goo-0091,2025-08-31T15:00:56,synthetic_user_71933,True,synthetic://google_play/syn-goo-0091,,,[],"{""rating"": 3, ""thumbs_up"": 42, ""app_version"": ""7.21.0""}",android,Update: The widget on the home screen shows the same photo every day. Printing service delivery took two weeks.,google_play:syn-goo-0091
google_play,syn-goo-0092,2025-05-24T00:10:26,synthetic_user_1222,True,synthetic://google_play/syn-goo-0092,,,[],"{""rating"": 3, ""thumbs_up"": 62, ""app_version"": ""7.28.0""}",android,"frustrating search. search should work the way i remember things, like 'class photo on school steps sarees suits', not just single words.",google_play:syn-goo-0092
google_play,syn-goo-0093,2023-01-31T23:41:28,synthetic_user_89999,True,synthetic://google_play/syn-goo-0093,,,[],"{""rating"": 1, ""thumbs_up"": 199, ""app_version"": ""7.10.0""}",android,"I'm trying to find the photo of a plant I saw at a nursery. I need it because I want to buy it now that I have a balcony. We were at a nursery near my office when I took it. I don't know what it's called. Searched for ""nursery"" and got no results. The photo is definitely in my library but search never shows it. Still haven't found it.",google_play:syn-goo-0093
google_play,syn-goo-0094,2026-05-25T00:33:51,synthetic_user_19807,True,synthetic://google_play/syn-goo-0094,,,[],"{""rating"": 2, ""thumbs_up"": 299, ""app_version"": ""7.14.0""}",android,"Looking for the photo of the electrician's handwritten estimate. I need it because he's charging way more now. Timing wise it was a few months ago. I don't know what word the app would use for it. Searched for ""handwritten estimate on notebook paper"" and got no results. How do you even search for something like that? Eventually I searched my WhatsApp chats instead. I gave up on finding it.",google_play:syn-goo-0094
google_play,syn-goo-0095,2025-02-09T21:54:36,synthetic_user_30717,True,synthetic://google_play/syn-goo-0095,,,[],"{""rating"": 2, ""thumbs_up"": 145, ""app_version"": ""7.23.0""}",android,"thought search was broken but the photo of us at the football match was in my partner's library, not mine.",google_play:syn-goo-0095
google_play,syn-goo-0096,2026-04-16T01:32:23,synthetic_user_37817,True,synthetic://google_play/syn-goo-0096,,,[],"{""rating"": 3, ""thumbs_up"": 292, ""app_version"": ""7.5.0""}",android,"Update: Face grouping merged my twin daughters into one person lol. Deleted photos don't free up space on the phone, confusing.",google_play:syn-goo-0096
google_play,syn-goo-0097,2023-05-09T08:28:42,synthetic_user_52191,True,synthetic://google_play/syn-goo-0097,,,[],"{""rating"": 3, ""thumbs_up"": 132, ""app_version"": ""7.29.0""}",android,"Looking for the picture of the dent on my car. I need it because the insurance surveyor wants the original photo. Timing wise it was maybe 6 months ago. Not sure which month or year, honestly. Searched for ""dent on silver car door"" and got a bunch of pictures that had nothing to do with it. How do you even search for something like that? I gave up on finding it.",google_play:syn-goo-0097
google_play,syn-goo-0098,2024-03-11T07:00:06,synthetic_user_12083,True,synthetic://google_play/syn-goo-0098,,,[],"{""rating"": 1, ""thumbs_up"": 148, ""app_version"": ""7.12.0""}",android,Spent an hour looking for the photo from the Ganpati procession and it turns out I had deleted it years ago. Not the app's fault.,google_play:syn-goo-0098
google_play,syn-goo-0099,2024-05-19T01:37:25,synthetic_user_64653,True,synthetic://google_play/syn-goo-0099,,,[],"{""rating"": 4, ""thumbs_up"": 54, ""app_version"": ""7.12.0""}",android,Update: Uploading in original quality eats my data plan. Syncing between my two phones is inconsistent.,google_play:syn-goo-0099
google_play,syn-goo-0100,2024-11-24T07:19:04,synthetic_user_23689,True,synthetic://google_play/syn-goo-0100,,,[],"{""rating"": 3, ""thumbs_up"": 14, ""app_version"": ""7.2.0""}",android,"looking for the screenshot of the product i wanted to buy. for context, i saw it in an ad and screenshotted it. i don't remember the exact words on it. searched for ""brass lamp with curved neck"" and there it was. i even googled how to search google photos better. got it eventually, after about an hour.",google_play:syn-goo-0100
google_play,syn-goo-0101,2024-06-08T12:48:58,synthetic_user_7769,True,synthetic://google_play/syn-goo-0101,,,[],"{""rating"": 1, ""thumbs_up"": 24, ""app_version"": ""7.9.0""}",android,"Does anyone know how to find the photo of us dancing at the sangeet? It was at the sangeet night. I don't remember which album it went into. I typed ""couple dancing under disco ball pink lehenga"" in search and it gave me hundreds of photos. I have hundreds of similar shots and can't tell which one it was. I found a similar one but not the exact photo I wanted.",google_play:syn-goo-0101
google_play,syn-goo-0102,2024-05-03T05:12:42,synthetic_user_88819,True,synthetic://google_play/syn-goo-0102,,,[],"{""rating"": 2, ""thumbs_up"": 99, ""app_version"": ""7.26.0""}",android,"search is useless for old photos. does anyone know how to find the screenshot of the train booking confirmation? i can picture a white screen with a green tick. i don't remember the exact words on it. i typed ""train ticket booking confirmation screenshot"" in search and got no results. the photo is definitely in my library but search never shows it. ended up scrolling back through years of photos. i gave up on finding it.",google_play:syn-goo-0102
google_play,syn-goo-0103,2025-07-13T20:08:51,synthetic_user_18967,True,synthetic://google_play/syn-goo-0103,,,[],"{""rating"": 1, ""thumbs_up"": 136, ""app_version"": ""7.14.0""}",android,"I've been looking for that photo where I was wearing the blue shirt for days. It was maybe two summers ago. I can't recall where exactly it was. Searched for ""me wearing blue shirt white wall"" and nothing came up. I didn't know what else to try. Ended up scrolling back through years of photos. Found one that might be it, but I'm not sure it's the same one.",google_play:syn-goo-0103
google_play,syn-goo-0104,2025-03-10T10:32:15,synthetic_user_54478,True,synthetic://google_play/syn-goo-0104,,,[],"{""rating"": 1, ""thumbs_up"": 150, ""app_version"": ""7.5.0""}",android,"Great backup app but search needs work. I've been looking for the photo of the menu at the street food stall for days. I need it because I want to recommend it to someone visiting. It was a winter evening, not sure which year. No clue what the place was called. I typed ""handwritten street food menu board"" in search but it just showed random photos. It took ""menu"" literally and ignored everything else. I went through the face group for that person too. Still haven't found it.",google_play:syn-goo-0104
google_play,syn-goo-0105,2026-05-15T02:53:09,synthetic_user_11458,True,synthetic://google_play/syn-goo-0105,,,[],"{""rating"": 5, ""thumbs_up"": 253, ""app_version"": ""7.25.0""}",android,"Looking for a picture of the waterfall we hiked to. I need it because my cousin asked for it for a reunion slideshow. Timing wise it was during monsoon, around 2020. I can't remember the date at all. Tried ""meghalaya 2020"" and nothing came up. I didn't know what else to try. Finally found it after two evenings.",google_play:syn-goo-0105
google_play,syn-goo-0106,2026-02-27T13:21:56,synthetic_user_4806,True,synthetic://google_play/syn-goo-0106,,,[],"{""rating"": 5, ""thumbs_up"": 190, ""app_version"": ""7.19.0""}",android,"Great backup app but search needs work. I'm trying to find the video of my mom singing at the dinner table. It was while singing an old song. I don't remember when exactly. I searched ""sunday dinner"" and nothing came up. I think it's in my partner's library, not mine. I went through the face group for that person too. Finally found it after two evenings.",google_play:syn-goo-0106
google_play,syn-goo-0107,2025-11-22T02:35:50,synthetic_user_15829,True,synthetic://google_play/syn-goo-0107,,,[],"{""rating"": 4, ""thumbs_up"": 125, ""app_version"": ""7.27.0""}",android,Found a picture of the waterfall we hiked to by searching the person's face and then scrolling a bit. Took two minutes.,google_play:syn-goo-0107
google_play,syn-goo-0108,2024-02-04T09:31:04,synthetic_user_2318,True,synthetic://google_play/syn-goo-0108,,,[],"{""rating"": 3, ""thumbs_up"": 295, ""app_version"": ""7.15.0""}",android,"I'm trying to find the photo of my first tattoo right after I got it. It's a picture of a tattoo. I have no idea what year it was. Tried ""tattoo"" but it just showed random photos. It seems like search ignores half of what I type and only matches one word. I jumped to roughly that year with the scrollbar and went month by month. Found one that might be it, but I'm not sure it's the same one.",google_play:syn-goo-0108
google_play,syn-goo-0109,2023-07-12T06:30:58,synthetic_user_5920,True,synthetic://google_play/syn-goo-0109,,,[],"{""rating"": 2, ""thumbs_up"": 63, ""app_version"": ""7.15.0""}",android,"Couldn't find the screenshot where I had the information about that course anywhere, then realised it was on my old phone and never got backed up.",google_play:syn-goo-0109
google_play,syn-goo-0110,2025-01-13T12:19:34,synthetic_user_52521,True,synthetic://google_play/syn-goo-0110,,,[],"{""rating"": 2, ""thumbs_up"": 223, ""app_version"": ""7.27.0""}",android,"Great backup app but search needs work. Looking for the photo of my car's insurance papers. It's a picture of the insurance papers. I can't recall what it said exactly. Searched for ""insurance"" and got a bunch of pictures that had nothing to do with it. How do you even search for something like that? I found a similar one but not the exact photo I wanted.",google_play:syn-goo-0110
google_play,syn-goo-0111,2023-10-13T15:19:05,synthetic_user_52042,True,synthetic://google_play/syn-goo-0111,,,[],"{""rating"": 3, ""thumbs_up"": 23, ""app_version"": ""7.26.0""}",android,"Does anyone know how to find the photo of the parking spot sign? I need it now because I got a parking fine and need to prove where I was. I remember I took it so I'd remember where I parked. I can't recall where exactly it was. I searched ""parking"" and got no results. I ran out of ideas pretty quickly. Still haven't found it.",google_play:syn-goo-0111
google_play,syn-goo-0112,2026-08-06T22:36:26,synthetic_user_34835,True,synthetic://google_play/syn-goo-0112,,,[],"{""rating"": 5, ""thumbs_up"": 139, ""app_version"": ""7.21.0""}",android,"Honestly search is amazing. I typed ""video of old dog meeting new puppy"" and it found the video of my dog meeting the new puppy in seconds.",google_play:syn-goo-0112
google_play,syn-goo-0113,2024-05-28T04:25:51,synthetic_user_68197,True,synthetic://google_play/syn-goo-0113,,,[],"{""rating"": 3, ""thumbs_up"": 222, ""app_version"": ""7.8.0""}",android,The widget on the home screen shows the same photo every day.,google_play:syn-goo-0113
google_play,syn-goo-0114,2025-07-19T22:12:27,synthetic_user_91073,True,synthetic://google_play/syn-goo-0114,,,[],"{""rating"": 1, ""thumbs_up"": 197, ""app_version"": ""7.7.0""}",android,"Does anyone know how to find the selfie from the concert? I need it because it's her birthday and I want to post it. It had my best friend in it. I have no idea what year it was. I typed ""selfie at concert with confetti"" in search and got a bunch of pictures that had nothing to do with it. After that I had no idea what else to try. I gave up on finding it.",google_play:syn-goo-0114
google_play,syn-goo-0115,2023-02-14T05:46:23,synthetic_user_72237,True,synthetic://google_play/syn-goo-0115,,,[],"{""rating"": 5, ""thumbs_up"": 178, ""app_version"": ""7.15.0""}",android,"Search is useless for old photos. I've been looking for the photo with the bride and my grandmother for days. Timing wise it was reception night. I'm not sure if I ever put it in an album. I typed ""grandmother"" in search and got thousands of results to scroll through. All the results look the same as tiny thumbnails. In the end I texted my friend to send it again. Got it eventually, after about an hour.",google_play:syn-goo-0115
google_play,syn-goo-0116,2023-08-12T18:57:59,synthetic_user_29513,True,synthetic://google_play/syn-goo-0116,,,[],"{""rating"": 3, ""thumbs_up"": 79, ""app_version"": ""7.14.0""}",android,Frustrating search. It's frustrating that I have to guess what word the app uses for something.,google_play:syn-goo-0116
google_play,syn-goo-0117,2026-06-26T22:06:44,synthetic_user_14552,True,synthetic://google_play/syn-goo-0117,,,[],"{""rating"": 4, ""thumbs_up"": 234, ""app_version"": ""7.10.0""}",android,"Looking for the photo from the Ganpati procession. It was not sure which year. I have no idea what year it was. Searched for ""september"" and got a bunch of pictures that had nothing to do with it. It doesn't understand what I'm describing at all. Got it eventually, after half an hour of scrolling.",google_play:syn-goo-0117
google_play,syn-goo-0118,2023-02-22T01:43:38,synthetic_user_33626,True,synthetic://google_play/syn-goo-0118,,,[],"{""rating"": 2, ""thumbs_up"": 153, ""app_version"": ""7.30.0""}",android,"Does anyone know how to find the photo of us at the football match? It had my school friends in it. I can't recall the name of the event. I typed ""stadium"" in search and nothing came up. I know exactly what it looks like but can't put it into search words. Never found it.",google_play:syn-goo-0118
google_play,syn-goo-0119,2025-01-12T11:34:51,synthetic_user_48058,True,synthetic://google_play/syn-goo-0119,,,[],"{""rating"": 4, ""thumbs_up"": 262, ""app_version"": ""7.6.0""}",android,"search is useless for old photos. i'm trying to find a shot of the fireworks at the new year party. it was one of the new years, 2019 or 2020. i have no idea what year it was. tried ""green fireworks over pool"" but it just showed random photos. i ran out of ideas pretty quickly. i scrolled for like 40 minutes. finally found it after two evenings.",google_play:syn-goo-0119
app_store,syn-app-0000,2023-03-13T10:09:46,synthetic_user_87067,True,synthetic://app_store/syn-app-0000,Search can't find old photos,,[],"{""rating"": 4}",ios,"I've been looking for the photo of us dancing at the sangeet for days. I need it because I wanted it for our first anniversary post. It had my husband and his cousins in it. I don't remember which album it went into. Searched for ""couple dancing under disco ball pink lehenga"" and it popped up near the top. Tried ""dance"" and it popped up near the top. I scrolled for like 40 minutes. Finally found it after way too long.",app_store:syn-app-0000
app_store,syn-app-0001,2025-01-23T19:27:59,synthetic_user_32276,True,synthetic://app_store/syn-app-0001,"Good backup, weak search",,[],"{""rating"": 3}",ios,"I've been looking for that picture from the trip where we stayed near the beach for days. It was taken at a homestay near a quiet beach. I can't remember the date at all. Searched for ""hammock between coconut trees near beach homestay"" and it gave me hundreds of photos. Searched for ""beach"" and it gave me hundreds of photos. There are so many almost identical shots from that day that I can't tell which one it is. I checked all my albums one by one. Never found it.",app_store:syn-app-0001
app_store,syn-app-0002,2024-12-29T14:41:11,synthetic_user_60878,True,synthetic://app_store/syn-app-0002,Almost perfect,,[],"{""rating"": 3}",ios,"On my Samsung. I'm trying to find a photo of the rental agreement. I need it because the landlord is refusing to return the deposit. I remember the landlord only gave us one copy so I photographed every page. I can't remember the date at all. I typed ""agreement"" in search and got no results. I searched ""agreement 2021"" and got no results. The photo is definitely in my library but search never shows it. I checked my Gmail in case I had sent it to someone. I gave up on finding it.",app_store:syn-app-0002
app_store,syn-app-0003,2023-03-02T13:20:48,synthetic_user_89079,True,synthetic://app_store/syn-app-0003,Almost perfect,,[],"{""rating"": 5}",ios,Update: Face grouping merged my twin daughters into one person lol.,app_store:syn-app-0003
app_store,syn-app-0004,2025-08-05T09:02:41,synthetic_user_52497,True,synthetic://app_store/syn-app-0004,Where did my photo go?,,[],"{""rating"": 3}",ios,"Search should work the way I remember things, like 'train ticket booking confirmation screenshot', not just single words.",app_store:syn-app-0004
app_store,syn-app-0005,2024-07-08T22:10:11,synthetic_user_96213,True,synthetic://app_store/syn-app-0005,Love it but search is frustrating,,[],"{""rating"": 3}",ios,"Search should work the way I remember things, like 'sunset from hotel balcony with red railing', not just single words.",app_store:syn-app-0005
app_store,syn-app-0006,2026-05-31T05:53:55,synthetic_user_56453,True,synthetic://app_store/syn-app-0006,Love it but search is frustrating,,[],"{""rating"": 4}",ios,Uploading in original quality eats my data plan.,app_store:syn-app-0006
app_store,syn-app-0007,2026-02-05T11:19:12,synthetic_user_82504,True,synthetic://app_store/syn-app-0007,Search needs to be smarter,,[],"{""rating"": 3}",ios,Uploading in original quality eats my data plan.,app_store:syn-app-0007
app_store,syn-app-0008,2025-12-15T03:16:27,synthetic_user_45748,True,synthetic://app_store/syn-app-0008,"Good backup, weak search",,[],"{""rating"": 2}",ios,"Does anyone know how to find the photo of the warranty card for the washing machine? I remember I photographed it right after installation. It was when we bought it, 2 years ago maybe. I don't remember the exact words on it. I typed ""washing machine warranty card"" in search and nothing came up. The text on the bill isn't searchable as far as I can tell. I scrolled for like 40 minutes. Found one that might be it, but I'm not sure it's the same one.",app_store:syn-app-0008
app_store,syn-app-0009,2024-02-17T23:10:28,synthetic_user_40704,True,synthetic://app_store/syn-app-0009,Love it but search is frustrating,,[],"{""rating"": 1}",ios,"I've been looking for the photo of my first tattoo right after I got it for days. It's a picture of a tattoo. Timing wise it was a few years back. I can't remember the date at all. I typed ""tattoo"" in search and it gave me hundreds of photos. There are so many almost identical shots from that day that I can't tell which one it is. I jumped to roughly that year with the scrollbar and went month by month. Eventually I just gave up.",app_store:syn-app-0009
app_store,syn-app-0010,2024-08-15T00:27:01,synthetic_user_47248,True,synthetic://app_store/syn-app-0010,"Good backup, weak search",,[],"{""rating"": 1}",ios,"Does anyone know how to find the screenshot of the train booking confirmation? I need it because the TTE asked for the PNR. It was last month. It had the PNR number on it. I can't recall what it said exactly. Tried ""pnr"" and nothing came up. How do you even search for something like that? I kept retyping different searches. Still haven't found it.",app_store:syn-app-0010
app_store,syn-app-0011,2024-10-21T00:18:08,synthetic_user_47093,True,synthetic://app_store/syn-app-0011,Search can't find old photos,,[],"{""rating"": 3}",ios,"I use search a lot for work stuff. Looking for a sunset photo from the hotel balcony. I need it because I want to use it as a wallpaper again. It's from that Switzerland trip. I know it was at the hotel near the lake. I can't recall where exactly it was. I typed ""switzerland july"" in search and it gave me hundreds of photos. I have hundreds of similar shots and can't tell which one it was. I asked my sister if she still had it. Found one that might be it, but I'm not sure it's the same one.",app_store:syn-app-0011
app_store,syn-app-0012,2023-06-10T05:02:53,synthetic_user_97969,True,synthetic://app_store/syn-app-0012,Search can't find old photos,,[],"{""rating"": 3}",ios,Update: The widget on the home screen shows the same photo every day. Face grouping merged my twin daughters into one person lol.,app_store:syn-app-0012
app_store,syn-app-0013,2024-03-19T17:59:59,synthetic_user_55440,True,synthetic://app_store/syn-app-0013,"Good backup, weak search",,[],"{""rating"": 3}",ios,"Does anyone know how to find the screenshot of the product I wanted to buy? I need it now because there's a sale now. Timing wise it was a couple of months ago. I remember a brass lamp with a curved neck. No idea what the thing is actually called. I typed ""screenshot lamp"" in search and nothing came up. Text inside screenshots doesn't seem to be searchable. I tried the screenshots category filter as well. Eventually I just gave up.",app_store:syn-app-0013
app_store,syn-app-0014,2023-05-09T15:58:20,synthetic_user_1153,True,synthetic://app_store/syn-app-0014,Search needs to be smarter,,[],"{""rating"": 3}",ios,"I've been looking for the photo of the menu at the street food stall for days. I need it because I want to recommend it to someone visiting. All I remember visually is a handwritten board in Hindi. I can't recall what it said exactly. Searched for ""menu"" and there it was. Ended up scrolling back through years of photos. Got it eventually, after half an hour of scrolling.",app_store:syn-app-0014
app_store,syn-app-0015,2023-06-24T05:20:56,synthetic_user_86570,True,synthetic://app_store/syn-app-0015,Can't find anything older than a year,,[],"{""rating"": 2}",ios,"I've been looking for the photo from our college fest for days. I need it because 10 year reunion is coming up. I can picture all of us in black t-shirts in front of a big banner. It was at the college cultural fest. I don't even remember what the event was called. I typed ""2014"" in search and got thousands of results to scroll through. I typed ""students in black t shirts in front of banner"" in search and got thousands of results to scroll through. I have hundreds of similar shots and can't tell which one it was. I went through the map view hoping to spot it. I gave up on finding it.",app_store:syn-app-0015
app_store,syn-app-0016,2025-12-21T08:44:48,synthetic_user_74031,True,synthetic://app_store/syn-app-0016,"Good backup, weak search",,[],"{""rating"": 2}",ios,It's frustrating that I have to guess what word the app uses for something.,app_store:syn-app-0016
app_store,syn-app-0017,2023-10-08T13:35:37,synthetic_user_81105,True,synthetic://app_store/syn-app-0017,Search can't find old photos,,[],"{""rating"": 2}",ios,"On photos.google.com from my PC. Looking for a photo with a guy we met on a trek. I need it because I found him on Instagram and wanted to send it. It's from the Himachal trek. I never knew his name. Tried ""himachal 2019"" and nothing came up. Searched for ""trek"" and got a bunch of pictures that had nothing to do with it. How do you even search for something like that? I jumped to roughly that year with the scrollbar and went month by month. Found one that might be it, but I'm not sure it's the same one.",app_store:syn-app-0017
app_store,syn-app-0018,2026-01-29T11:55:08,synthetic_user_79043,True,synthetic://app_store/syn-app-0018,Search can't find old photos,,[],"{""rating"": 3}",ios,"Looking for the family photo from Diwali where everyone is wearing white. I need it now because my aunt asked me to send it. It was taken at my aunt's house. I don't remember when exactly. I searched ""diwali 2018"" and there it was. I typed ""diwali"" in search and it popped up near the top. I went through the face group for that person too. Finally found it after half an hour of scrolling.",app_store:syn-app-0018
app_store,syn-app-0019,2024-01-31T16:15:58,synthetic_user_2789,True,synthetic://app_store/syn-app-0019,Almost perfect,,[],"{""rating"": 5}",ios,"Honestly, Face grouping merged my twin daughters into one person lol.",app_store:syn-app-0019
app_store,syn-app-0020,2026-06-24T23:28:20,synthetic_user_89065,True,synthetic://app_store/syn-app-0020,Can't find anything older than a year,,[],"{""rating"": 4}",ios,"Looking for the photo of the whiteboard from our planning session. I need it now because my manager needs the timeline. We were in the small meeting room when I took it. For context, we photographed it after the workshop. I can't recall what it said exactly. Tried ""whiteboard"" and got a bunch of pictures that had nothing to do with it. I didn't know what else to try. I even googled how to search Google Photos better. Finally found it after two evenings.",app_store:syn-app-0020
app_store,syn-app-0021,2024-07-12T13:59:48,synthetic_user_35826,True,synthetic://app_store/syn-app-0021,Search can't find old photos,,[],"{""rating"": 3}",ios,"I'm trying to find the photo of a plant I saw at a nursery. I need it now because I want to buy it now that I have a balcony. Timing wise it was last spring. I know it was at a nursery near my office. No clue what the place was called. I searched ""plant with purple striped leaves"" and got no results. I typed ""nursery"" in search and nothing came up. I just didn't know how to describe it in a way search would get. I kept retyping different searches. Still haven't found it.",app_store:syn-app-0021
app_store,syn-app-0022,2023-03-11T20:24:42,synthetic_user_12484,True,synthetic://app_store/syn-app-0022,Almost perfect,,[],"{""rating"": 3}",ios,"Was sure I'd never find a short video of the band at the pub, but searching ""band"" plus the year got it on the first try.",app_store:syn-app-0022
app_store,syn-app-0023,2024-04-25T12:42:55,synthetic_user_19766,True,synthetic://app_store/syn-app-0023,Love it but search is frustrating,,[],"{""rating"": 1}",ios,"Does anyone know how to find a picture of the sofa fabric sample? I can picture a mustard-coloured textured fabric. No idea what the thing is actually called. I typed ""mustard fabric sample"" in search and nothing came up. Text inside screenshots doesn't seem to be searchable. I even googled how to search Google Photos better. I found a similar one but not the exact photo I wanted.",app_store:syn-app-0023
app_store,syn-app-0024,2023-12-25T10:02:39,synthetic_user_33756,True,synthetic://app_store/syn-app-0024,Can't find anything older than a year,,[],"{""rating"": 1}",ios,"On photos.google.com from my PC. Does anyone know how to find the photo of the view from the train window? I need it because I was telling someone about the trip and wanted to show them. All I remember visually is green hills and a reflection of my face in the glass. It was in 2018 or 2019, can't pin it down. No clue what the place was called. Searched for ""view from train window with green hills"" and got a bunch of pictures that had nothing to do with it. It doesn't understand what I'm describing at all. Ended up scrolling back through years of photos. Found one that might be it, but I'm not sure it's the same one.",app_store:syn-app-0024
app_store,syn-app-0025,2024-03-10T11:42:25,synthetic_user_42827,True,synthetic://app_store/syn-app-0025,Almost perfect,,[],"{""rating"": 3}",ios,"I'm trying to find a picture of the sofa fabric sample. I need it because we're finally ordering the sofa. It's a picture of a fabric swatch. We were at the furniture shop when I took it. I don't know what it's called. Tried ""fabric"" and nothing came up. I just didn't know how to describe it in a way search would get. Ended up scrolling back through years of photos. Never found it.",app_store:syn-app-0025
app_store,syn-app-0026,2026-06-02T12:17:52,synthetic_user_22872,True,synthetic://app_store/syn-app-0026,Search can't find old photos,,[],"{""rating"": 2}",ios,"Couldn't find the photo of the street where we got lost anywhere, then realised it was on my old phone and never got backed up.",app_store:syn-app-0026
app_store,syn-app-0027,2026-06-08T12:10:46,synthetic_user_64796,True,synthetic://app_store/syn-app-0027,Can't find anything older than a year,,[],"{""rating"": 2}",ios,"Thought search was broken but that picture from the trip where we stayed near the beach was in my partner's library, not mine.",app_store:syn-app-0027
app_store,syn-app-0028,2023-01-19T20:19:15,synthetic_user_62359,True,synthetic://app_store/syn-app-0028,Search can't find old photos,,[],"{""rating"": 5}",ios,"I've used Google Photos since it launched. Looking for the photo of us at the football match. I need it because reunion group chat asked for it. I know it was in the stadium. I can't recall the name of the event. Tried ""friends with painted faces at football match"" and got no results. I searched ""stadium"" and got no results. I think it's in my partner's library, not mine. I asked my sister if she still had it. Finally found it after half an hour of scrolling.",app_store:syn-app-0028
app_store,syn-app-0029,2023-07-04T01:01:03,synthetic_user_81871,True,synthetic://app_store/syn-app-0029,Love it but search is frustrating,,[],"{""rating"": 3}",ios,"Two things. Too many notifications about 'memories' I didn't ask for. Love the collage feature, made a nice one for my mom.",app_store:syn-app-0029
app_store,syn-app-0030,2024-04-12T20:32:30,synthetic_user_49282,True,synthetic://app_store/syn-app-0030,"Good backup, weak search",,[],"{""rating"": 2}",ios,"On Android. Looking for a picture of the waterfall we hiked to. I need it now because my cousin asked for it for a reunion slideshow. It was during monsoon, around 2020. Not sure which month or year, honestly. Searched for ""waterfall"" and nothing came up. I searched ""waterfall with people in raincoats and mist"" and nothing came up. How do you even search for something like that? I jumped to roughly that year with the scrollbar and went month by month. Found one that might be it, but I'm not sure it's the same one.",app_store:syn-app-0030
app_store,syn-app-0031,2023-03-04T09:10:20,synthetic_user_2721,True,synthetic://app_store/syn-app-0031,Where did my photo go?,,[],"{""rating"": 5}",ios,"Was sure I'd never find the photo of my first tattoo right after I got it, but searching ""tattoo"" plus the year got it on the first try.",app_store:syn-app-0031
app_store,syn-app-0032,2024-02-21T11:52:15,synthetic_user_99505,True,synthetic://app_store/syn-app-0032,"Good backup, weak search",,[],"{""rating"": 5}",ios,"Honestly, Love the collage feature, made a nice one for my mom. The widget on the home screen shows the same photo every day.",app_store:syn-app-0032
app_store,syn-app-0033,2023-10-14T10:50:07,synthetic_user_89804,True,synthetic://app_store/syn-app-0033,Search can't find old photos,,[],"{""rating"": 1}",ios,"On my Samsung. Does anyone know how to find the photo of us at the football match? I need it because reunion group chat asked for it. Timing wise it was some time after school ended. I don't even remember what the event was called. Tried ""friends with painted faces at football match"" but it just showed random photos. After that I had no idea what else to try. I asked my sister if she still had it. Found one that might be it, but I'm not sure it's the same one.",app_store:syn-app-0033
app_store,syn-app-0034,2024-09-11T05:29:25,synthetic_user_65880,True,synthetic://app_store/syn-app-0034,Search needs to be smarter,,[],"{""rating"": 4}",ios,Update: Storage is full again and now they want me to pay for more. Too expensive for what it is.,app_store:syn-app-0034
app_store,syn-app-0035,2025-09-25T04:56:40,synthetic_user_68867,True,synthetic://app_store/syn-app-0035,"Good backup, weak search",,[],"{""rating"": 1}",ios,"I search in Photos pretty much every day. Looking for the picture of the houseboat we stayed on. I need it because I wanted to print it for my parents' anniversary. I remember a wooden roof and my dad standing at the front. It was taken somewhere in the Kerala backwaters. No clue what the place was called. I searched ""kerala 2019"" but it just showed random photos. It seems like search ignores half of what I type and only matches one word. I jumped to roughly that year with the scrollbar and went month by month. Eventually I just gave up.",app_store:syn-app-0035
app_store,syn-app-0036,2024-07-04T14:32:14,synthetic_user_55307,True,synthetic://app_store/syn-app-0036,Where did my photo go?,,[],"{""rating"": 3}",ios,"On my iPhone. I'm trying to find the video of my mom singing at the dinner table. I need it because I want to play it at her 60th. It was while singing an old song. I don't remember when exactly. I searched ""mom singing"" and got a bunch of pictures that had nothing to do with it. I typed ""sunday dinner"" in search and nothing came up. I know exactly what it looks like but can't put it into search words. I jumped to roughly that year with the scrollbar and went month by month. Found one that might be it, but I'm not sure it's the same one.",app_store:syn-app-0036
app_store,syn-app-0037,2023-01-02T17:14:18,synthetic_user_97806,True,synthetic://app_store/syn-app-0037,Search needs to be smarter,,[],"{""rating"": 4}",ios,"I've been looking for the candid of my cousin laughing during the haldi for days. It was the morning before the wedding, 2023. I remember someone had just thrown haldi on her. I have no idea what year it was. Searched for ""2023 wedding"" and got no results. I think it's in a shared album someone else made, not my library. I scrolled for like 40 minutes. Got it eventually, after three days.",app_store:syn-app-0037
app_store,syn-app-0038,2025-07-31T06:28:13,synthetic_user_83955,True,synthetic://app_store/syn-app-0038,Almost perfect,,[],"{""rating"": 3}",ios,"Does anyone know how to find the picture of my college marksheet? I need it because background verification asked for it. All I remember visually is a certificate with a blue border. I remember it showed my semester grades. I don't remember when exactly. Tried ""2020 certificate"" and nothing came up. I typed ""college marksheet with blue border"" in search but it just showed random photos. How do you even search for something like that? I kept retyping different searches. Still haven't found it.",app_store:syn-app-0038
app_store,syn-app-0039,2024-11-27T13:52:35,synthetic_user_33143,True,synthetic://app_store/syn-app-0039,Search can't find old photos,,[],"{""rating"": 3}",ios,"I use search a lot for work stuff. Does anyone know how to find the photo of a plant I saw at a nursery? I need it because I want to buy it now that I have a balcony. Timing wise it was last spring. The photo shows a plant with striped leaves. No idea what the thing is actually called. Searched for ""nursery"" and nothing came up. I searched ""plant"" and nothing came up. It just doesn't show up in search even though I know it's there. I kept retyping different searches. Never found it.",app_store:syn-app-0039
app_store,syn-app-0040,2025-02-28T21:04:11,synthetic_user_16970,True,synthetic://app_store/syn-app-0040,Can't find anything older than a year,,[],"{""rating"": 1}",ios,"My wife and I share a partner library. I've been looking for the video of my mom singing at the dinner table for days. It was taken at home. I remember my mom being in it. Not sure which month or year, honestly. Searched for ""sunday dinner"" and got thousands of results to scroll through. I searched ""video of mom singing at dinner"" and got thousands of results to scroll through. All the results look the same as tiny thumbnails. I jumped to roughly that year with the scrollbar and went month by month. Found one that might be it, but I'm not sure it's the same one.",app_store:syn-app-0040
app_store,syn-app-0041,2025-04-02T19:43:17,synthetic_user_5319,True,synthetic://app_store/syn-app-0041,Search needs to be smarter,,[],"{""rating"": 2}",ios,"Half my library is screenshots. I've been looking for the video of my nephew saying his first word for days. We were at my sister's house when I took it. It was when he was around one. The location data was probably off. Searched for ""baby saying first word video"" and nothing came up. Searched for ""screen recording"" and got no results. It just doesn't show up in search even though I know it's there. I kept retyping different searches. I found a similar one but not the exact photo I wanted.",app_store:syn-app-0041
app_store,syn-app-0042,2023-08-30T03:16:43,synthetic_user_28928,True,synthetic://app_store/syn-app-0042,Almost perfect,,[],"{""rating"": 1}",ios,"Couldn't find the photo of the electrician's handwritten estimate anywhere, then realised it was on my old phone and never got backed up.",app_store:syn-app-0042
app_store,syn-app-0043,2025-10-14T03:12:47,synthetic_user_98738,True,synthetic://app_store/syn-app-0043,Love it but search is frustrating,,[],"{""rating"": 5}",ios,"Honestly search is amazing. I typed ""restaurant bill split between friends"" and it found the photo of the bill I took sometime last summer in seconds.",app_store:syn-app-0043
app_store,syn-app-0044,2024-06-06T10:52:41,synthetic_user_72835,True,synthetic://app_store/syn-app-0044,"Good backup, weak search",,[],"{""rating"": 3}",ios,"Looking for the photo of the team at the offsite. I remember my old team being in it. No clue what the place was called. Tried ""team in matching t shirts by a pool"" but it just showed random photos. It seems like search ignores half of what I type and only matches one word. I kept retyping different searches. Never found it.",app_store:syn-app-0044
app_store,syn-app-0045,2024-05-23T13:50:37,synthetic_user_57161,True,synthetic://app_store/syn-app-0045,Almost perfect,,[],"{""rating"": 5}",ios,"Honestly, Backup has been stuck on 'preparing' for three days. Very annoying. The app is slow to load thumbnails on my old phone.",app_store:syn-app-0045
app_store,syn-app-0046,2023-04-17T07:33:18,synthetic_user_70365,True,synthetic://app_store/syn-app-0046,Search needs to be smarter,,[],"{""rating"": 4}",ios,Update: The app is slow to load thumbnails on my old phone. Can't figure out how to download all my photos to a hard drive.,app_store:syn-app-0046
app_store,syn-app-0047,2025-01-19T12:26:34,synthetic_user_26249,True,synthetic://app_store/syn-app-0047,"Good backup, weak search",,[],"{""rating"": 5}",ios,Update: I wish the video editor had more music options. Printing service delivery took two weeks.,app_store:syn-app-0047
app_store,syn-app-0048,2024-10-05T00:18:35,synthetic_user_69871,True,synthetic://app_store/syn-app-0048,Search can't find old photos,,[],"{""rating"": 2}",ios,"Honestly I've stopped using search and just scroll, it's more predictable.",app_store:syn-app-0048
app_store,syn-app-0049,2026-02-23T05:58:32,synthetic_user_65302,True,synthetic://app_store/syn-app-0049,Love it but search is frustrating,,[],"{""rating"": 3}",ios,"I've been looking for a short video of the band at the pub for days. I need it now because I want to find the band name. I remember red lights and the singer with a violin. I don't remember the name of the place. I searched ""band"" and it gave me hundreds of photos. There are so many almost identical shots from that day that I can't tell which one it is. I went through the map view hoping to spot it. Still haven't found it.",app_store:syn-app-0049
app_store,syn-app-0050,2024-03-08T19:27:31,synthetic_user_20834,True,synthetic://app_store/syn-app-0050,Love it but search is frustrating,,[],"{""rating"": 3}",ios,It would help if the app told me why a photo showed up in results.,app_store:syn-app-0050
app_store,syn-app-0051,2024-04-17T14:15:14,synthetic_user_4317,True,synthetic://app_store/syn-app-0051,Where did my photo go?,,[],"{""rating"": 2}",ios,"A lot of my photos come from shared albums. Looking for the photo of my son's first steps. We were in our old apartment's living room when I took it. I remember my son being in it. I have no idea what year it was. Tried ""baby standing holding sofa on green rug"" and got no results. It came from my old phone and I'm not sure it ever got backed up. I scrolled for like 40 minutes. Still haven't found it.",app_store:syn-app-0051
app_store,syn-app-0052,2026-04-10T19:41:12,synthetic_user_99122,True,synthetic://app_store/syn-app-0052,Search can't find old photos,,[],"{""rating"": 1}",ios,"I take a ridiculous number of screenshots. I'm trying to find the photo of the menu at the street food stall. It was while eating chaat after the market. I don't remember the exact words on it. I typed ""handwritten street food menu board"" in search and nothing came up. I know exactly what it looks like but can't put it into search words. I scrolled for like 40 minutes. Never found it.",app_store:syn-app-0052
app_store,syn-app-0053,2023-03-15T01:13:40,synthetic_user_5191,True,synthetic://app_store/syn-app-0053,Can't find anything older than a year,,[],"{""rating"": 3}",ios,"On my iPhone. Does anyone know how to find the photo of the menu at the street food stall? I need it now because I want to recommend it to someone visiting. It was while eating chaat after the market. I can't recall what it said exactly. Tried ""menu"" but it just showed random photos. I searched ""handwritten street food menu board"" and got a bunch of pictures that had nothing to do with it. It seems like search ignores half of what I type and only matches one word. I asked my sister if she still had it. I gave up on finding it.",app_store:syn-app-0053
app_store,syn-app-0054,2023-09-28T15:07:17,synthetic_user_75758,True,synthetic://app_store/syn-app-0054,Almost perfect,,[],"{""rating"": 2}",ios,"Honestly I've stopped using search and just scroll, it's more predictable.",app_store:syn-app-0054
app_store,syn-app-0055,2026-01-01T01:31:53,synthetic_user_66425,True,synthetic://app_store/syn-app-0055,Where did my photo go?,,[],"{""rating"": 2}",ios,"I've been looking for the photo of the view from the train window for days. I need it now because I was telling someone about the trip and wanted to show them. I remember nobody, it was just me being in it. I have no idea what year it was. Searched for ""train"" and got no results. I didn't know what else to try. I jumped to roughly that year with the scrollbar and went month by month. Still haven't found it.",app_store:syn-app-0055
app_store,syn-app-0056,2026-02-11T07:24:27,synthetic_user_16661,True,synthetic://app_store/syn-app-0056,Love it but search is frustrating,,[],"{""rating"": 5}",ios,Two things. The app is slow to load thumbnails on my old phone.,app_store:syn-app-0056
app_store,syn-app-0057,2024-03-21T08:31:00,synthetic_user_31923,True,synthetic://app_store/syn-app-0057,Can't find anything older than a year,,[],"{""rating"": 3}",ios,"Looking for the picture of the dent on my car. I need it because the insurance surveyor wants the original photo. It's a picture of a dent on the car door. I can't remember the date at all. Searched for ""dent on silver car door"" and got a bunch of pictures that had nothing to do with it. It doesn't understand what I'm describing at all. I jumped to roughly that year with the scrollbar and went month by month. Found one that might be it, but I'm not sure it's the same one.",app_store:syn-app-0057
app_store,syn-app-0058,2023-10-15T07:25:04,synthetic_user_25978,True,synthetic://app_store/syn-app-0058,Love it but search is frustrating,,[],"{""rating"": 5}",ios,"Does anyone know how to find the screenshot where I had the information about that course? I need it now because the application deadline might be close. All I remember visually is a blue banner with a university logo. I don't remember the exact words on it. Searched for ""screenshot of course details with fees"" and it gave me hundreds of photos. There are so many almost identical shots from that day that I can't tell which one it is. I tried the screenshots category filter as well. Finally found it after half an hour of scrolling.",app_store:syn-app-0058
app_store,syn-app-0059,2025-03-01T23:17:34,synthetic_user_67233,True,synthetic://app_store/syn-app-0059,Where did my photo go?,,[],"{""rating"": 3}",ios,"I've used Google Photos since it launched. I'm trying to find the photo of the stage when they announced the results. Timing wise it was around the end of the year, 2022 or 2023. I don't even remember what the event was called. Searched for ""awards december"" and it gave me hundreds of photos. I typed ""award"" in search and it gave me hundreds of photos. I have hundreds of similar shots and can't tell which one it was. I went through the face group for that person too. I gave up on finding it.",app_store:syn-app-0059
app_store,syn-app-0060,2025-04-21T22:01:06,synthetic_user_39250,True,synthetic://app_store/syn-app-0060,"Good backup, weak search",,[],"{""rating"": 3}",ios,"I'm trying to find the video of my nephew saying his first word. I need it now because it's his first birthday party. We were at my sister's house when I took it. I don't remember when exactly. I typed ""baby saying first word video"" in search and got no results. I searched ""baby video"" and got no results. Screen recordings don't seem to be indexed at all. Tried synonyms like ""toddler talking"" too. Got it eventually, after way too long.",app_store:syn-app-0060
app_store,syn-app-0061,2026-06-03T14:21:28,synthetic_user_40444,True,synthetic://app_store/syn-app-0061,"Good backup, weak search",,[],"{""rating"": 2}",ios,"On the web version on my laptop. I've been looking for the photo from the Ganpati procession for days. I need it because our society newsletter wanted old pictures. I remember my neighbours being in it. I can't remember the date at all. Searched for ""people covered in red colour with ganesh idol"" and got thousands of results to scroll through. All the results look the same as tiny thumbnails. I jumped to roughly that year with the scrollbar and went month by month. I gave up on finding it.",app_store:syn-app-0061
app_store,syn-app-0062,2026-05-27T06:53:51,synthetic_user_21261,True,synthetic://app_store/syn-app-0062,"Good backup, weak search",,[],"{""rating"": 3}",ios,It would help if the app told me why a photo showed up in results.,app_store:syn-app-0062
app_store,syn-app-0063,2023-08-01T08:57:07,synthetic_user_59581,True,synthetic://app_store/syn-app-0063,Can't find anything older than a year,,[],"{""rating"": 5}",ios,Update: Storage is full again and now they want me to pay for more. Too expensive for what it is.,app_store:syn-app-0063
app_store,syn-app-0064,2025-11-18T13:42:53,synthetic_user_17699,True,synthetic://app_store/syn-app-0064,Almost perfect,,[],"{""rating"": 4}",ios,"Minor gripe: Please add a dark mode for the web version. The editing tools are great, the magic eraser is really good.",app_store:syn-app-0064
app_store,syn-app-0065,2025-06-28T09:41:50,synthetic_user_38775,True,synthetic://app_store/syn-app-0065,Where did my photo go?,,[],"{""rating"": 4}",ios,"Didn't remember anything except a blue banner with a university logo, searched for that and it showed up. Impressed.",app_store:syn-app-0065
app_store,syn-app-0066,2026-07-08T08:48:05,synthetic_user_38164,True,synthetic://app_store/syn-app-0066,Almost perfect,,[],"{""rating"": 3}",ios,"I'm trying to find the photo of the prescription for my mother's eye drops. I need it now because the pharmacy needs the name. I remember it showed the name of the eye drops. I don't remember the exact words on it. Tried ""prescription"" and nothing came up. Tried ""doctor prescription eye drops"" and nothing came up. How do you even search for something like that? Tried synonyms like ""doctor note"" too. I gave up on finding it.",app_store:syn-app-0066
app_store,syn-app-0067,2026-08-21T03:04:11,synthetic_user_88669,True,synthetic://app_store/syn-app-0067,Search needs to be smarter,,[],"{""rating"": 2}",ios,"I remember photos by who I was with and what we were doing, not by where the GPS says I was.",app_store:syn-app-0067
app_store,syn-app-0068,2023-11-28T20:56:27,synthetic_user_64980,True,synthetic://app_store/syn-app-0068,Almost perfect,,[],"{""rating"": 3}",ios,"Honestly, Please add a dark mode for the web version. Face grouping merged my twin daughters into one person lol.",app_store:syn-app-0068
app_store,syn-app-0069,2024-02-22T22:40:22,synthetic_user_59013,True,synthetic://app_store/syn-app-0069,Can't find anything older than a year,,[],"{""rating"": 4}",ios,"Does anyone know how to find the photo of the parking spot sign? I can picture a green pillar with a letter and number. I don't remember the exact words on it. I typed ""parking pillar sign"" in search and got no results. I searched ""parking"" and got no results. It just doesn't show up in search even though I know it's there. I jumped to roughly that year with the scrollbar and went month by month. Got it eventually, after about an hour.",app_store:syn-app-0069
app_store,syn-app-0070,2023-11-08T10:09:16,synthetic_user_99231,True,synthetic://app_store/syn-app-0070,Can't find anything older than a year,,[],"{""rating"": 4}",ios,Shared album invite link doesn't work for my dad.,app_store:syn-app-0070
app_store,syn-app-0071,2024-07-17T14:15:33,synthetic_user_47545,True,synthetic://app_store/syn-app-0071,Search needs to be smarter,,[],"{""rating"": 4}",ios,"Honestly search is amazing. I typed ""doctor prescription eye drops"" and it found the photo of the prescription for my mother's eye drops in seconds.",app_store:syn-app-0071
app_store,syn-app-0072,2025-10-20T12:15:49,synthetic_user_45838,True,synthetic://app_store/syn-app-0072,Almost perfect,,[],"{""rating"": 3}",ios,"I use search a lot for work stuff. Looking for the photo of my car's insurance papers. It was last year sometime. Not sure which month or year, honestly. Tried ""car insurance paper on dashboard"" and nothing came up. I ran out of ideas pretty quickly. Tried synonyms like ""policy"" too. Got it eventually, after way too long.",app_store:syn-app-0072
app_store,syn-app-0073,2025-04-27T10:30:46,synthetic_user_17506,True,synthetic://app_store/syn-app-0073,Love it but search is frustrating,,[],"{""rating"": 4}",ios,"Minor gripe: Cancelled my subscription, moving everything to an external drive.",app_store:syn-app-0073
app_store,syn-app-0074,2025-10-25T00:06:47,synthetic_user_75214,True,synthetic://app_store/syn-app-0074,Search needs to be smarter,,[],"{""rating"": 1}",ios,"Search should work the way I remember things, like 'train ticket booking confirmation screenshot', not just single words.",app_store:syn-app-0074
app_store,syn-app-0075,2026-03-20T09:58:09,synthetic_user_89068,True,synthetic://app_store/syn-app-0075,Almost perfect,,[],"{""rating"": 3}",ios,"Was sure I'd never find the photo of the electrician's handwritten estimate, but searching ""estimate"" plus the year got it on the first try.",app_store:syn-app-0075
app_store,syn-app-0076,2024-03-23T00:07:29,synthetic_user_59996,True,synthetic://app_store/syn-app-0076,Search needs to be smarter,,[],"{""rating"": 1}",ios,"I've been looking for a picture of the ramen bowl from the tiny shop for days. I need it now because a friend wants the shop name. I remember my brother being in it. No idea what the thing is actually called. I searched ""ramen"" and got a bunch of pictures that had nothing to do with it. It doesn't understand what I'm describing at all. I jumped to roughly that year with the scrollbar and went month by month. I found a similar one but not the exact photo I wanted.",app_store:syn-app-0076
app_store,syn-app-0077,2025-02-05T02:17:44,synthetic_user_82576,True,synthetic://app_store/syn-app-0077,Where did my photo go?,,[],"{""rating"": 3}",ios,"Does anyone know how to find the photo of the team at the offsite? I need it now because a colleague is leaving and we're making a card. I can picture everyone in matching t-shirts by a pool. No clue what the place was called. I typed ""team"" in search and nothing came up. I think it's on my old phone and never got backed up. In the end I texted my friend to send it again. Never found it.",app_store:syn-app-0077
app_store,syn-app-0078,2026-02-21T10:47:07,synthetic_user_97996,True,synthetic://app_store/syn-app-0078,Almost perfect,,[],"{""rating"": 1}",ios,"On the web version on my laptop. I've been looking for a photo of the tiny café we found in Goa for days. I need it now because my friend is going to Goa and asked for the name. I can picture blue wooden chairs and a hand-painted menu board. Timing wise it was sometime in December, maybe 2021 or 2022. I don't remember the name of the place. Searched for ""goa 2022"" and nothing came up. Tried ""cafe"" and nothing came up. The photo is definitely in my library but search never shows it. Ended up scrolling back through years of photos. I found a similar one but not the exact photo I wanted.",app_store:syn-app-0078
app_store,syn-app-0079,2023-02-02T02:17:02,synthetic_user_46387,True,synthetic://app_store/syn-app-0079,Love it but search is frustrating,,[],"{""rating"": 2}",ios,"The search is fine if you know exactly what you want, but not when you only half remember it.",app_store:syn-app-0079
app_store,syn-app-0080,2026-07-14T19:34:42,synthetic_user_34575,True,synthetic://app_store/syn-app-0080,Can't find anything older than a year,,[],"{""rating"": 2}",ios,"Thought search was broken but the photo of the view from the train window was in my partner's library, not mine.",app_store:syn-app-0080
app_store,syn-app-0081,2024-05-30T23:53:46,synthetic_user_2781,True,synthetic://app_store/syn-app-0081,Love it but search is frustrating,,[],"{""rating"": 3}",ios,"My wife and I share a partner library. Does anyone know how to find the photo of my dad's blood test report? I need it because the new doctor wants old values. Timing wise it was before his surgery, early last year. The photo shows a lab report. I can't recall what it said exactly. Searched for ""blood test report hospital"" and nothing came up. The photo is definitely in my library but search never shows it. Eventually I searched my WhatsApp chats instead. I gave up on finding it.",app_store:syn-app-0081
app_store,syn-app-0082,2025-07-23T20:49:40,synthetic_user_76747,True,synthetic://app_store/syn-app-0082,Search needs to be smarter,,[],"{""rating"": 5}",ios,"I have over 60,000 photos. I've been looking for the photo of us at the football match for days. It was at the derby match. All I remember visually is all of us with painted faces. I have no idea what year it was. Tried ""friends with painted faces at football match"" and nothing came up. Tried ""football"" and got no results. It just doesn't show up in search even though I know it's there. In the end I texted my friend to send it again. Finally found it after way too long.",app_store:syn-app-0082
app_store,syn-app-0083,2026-03-05T08:09:43,synthetic_user_83086,True,synthetic://app_store/syn-app-0083,Search needs to be smarter,,[],"{""rating"": 3}",ios,"Looking for the screenshot of the train booking confirmation. I need it now because the TTE asked for the PNR. All I remember visually is a white screen with a green tick. I can't recall what it said exactly. Searched for ""ticket"" and it gave me hundreds of photos. I have hundreds of similar shots and can't tell which one it was. Eventually I searched my WhatsApp chats instead. Still haven't found it.",app_store:syn-app-0083
app_store,syn-app-0084,2024-02-14T00:02:03,synthetic_user_4989,True,synthetic://app_store/syn-app-0084,"Good backup, weak search",,[],"{""rating"": 1}",ios,"Search should work the way I remember things, like 'red rash on arm', not just single words.",app_store:syn-app-0084
app_store,syn-app-0085,2026-02-13T23:15:07,synthetic_user_75767,True,synthetic://app_store/syn-app-0085,"Good backup, weak search",,[],"{""rating"": 4}",ios,"Honestly search is amazing. I typed ""girl laughing covered in yellow with marigolds"" and it found the candid of my cousin laughing during the haldi in seconds.",app_store:syn-app-0085
app_store,syn-app-0086,2023-01-16T20:23:07,synthetic_user_97648,True,synthetic://app_store/syn-app-0086,Love it but search is frustrating,,[],"{""rating"": 3}",ios,"I'm trying to find the photo of the street where we got lost. I need it now because we want to frame it. I remember yellow tiles on the walls and a tram line. I don't remember the name of the place. I searched ""lisbon"" and there it was. I scrolled for like 40 minutes. Got it eventually, after way too long.",app_store:syn-app-0086
app_store,syn-app-0087,2025-04-14T22:14:47,synthetic_user_75302,True,synthetic://app_store/syn-app-0087,Search needs to be smarter,,[],"{""rating"": 1}",ios,"I search in Photos pretty much every day. I'm trying to find the video of my mom singing at the dinner table. I need it because I want to play it at her 60th. I remember my mom being in it. I know it was at home. I don't remember when exactly. Searched for ""video of mom singing at dinner"" and got no results. I searched ""sunday dinner"" and nothing came up. It came from my old phone and I'm not sure it ever got backed up. I went through the face group for that person too. Found one that might be it, but I'm not sure it's the same one.",app_store:syn-app-0087
app_store,syn-app-0088,2025-08-27T22:41:04,synthetic_user_98738,True,synthetic://app_store/syn-app-0088,Almost perfect,,[],"{""rating"": 2}",ios,"I'm trying to find the photo of my first tattoo right after I got it. I need it now because the artist asked for a before picture. The photo shows a tattoo. I don't remember when exactly. I typed ""fresh wave tattoo on wrist"" in search and nothing came up. I know exactly what it looks like but can't put it into search words. I scrolled for like 40 minutes. Eventually I just gave up.",app_store:syn-app-0088
app_store,syn-app-0089,2026-01-06T00:45:42,synthetic_user_44657,True,synthetic://app_store/syn-app-0089,Love it but search is frustrating,,[],"{""rating"": 5}",ios,"Two things. Love the collage feature, made a nice one for my mom. Storage is full again and now they want me to pay for more. Too expensive for what it is.",app_store:syn-app-0089
app_store,syn-app-0090,2024-12-02T02:53:12,synthetic_user_69732,True,synthetic://app_store/syn-app-0090,Love it but search is frustrating,,[],"{""rating"": 3}",ios,Update: Shared album invite link doesn't work for my dad. Storage is full again and now they want me to pay for more. Too expensive for what it is.,app_store:syn-app-0090
app_store,syn-app-0091,2023-12-07T10:21:04,synthetic_user_98714,True,synthetic://app_store/syn-app-0091,"Good backup, weak search",,[],"{""rating"": 1}",ios,"Looking for a sunset photo from the hotel balcony. It had my wife in it. It was in summer, I'm not sure which year. I can't remember the date at all. I typed ""sunset from hotel balcony with red railing"" in search and got thousands of results to scroll through. I have hundreds of similar shots and can't tell which one it was. In the end I texted my friend to send it again. Found one that might be it, but I'm not sure it's the same one.",app_store:syn-app-0091
app_store,syn-app-0092,2024-03-04T23:20:35,synthetic_user_34015,True,synthetic://app_store/syn-app-0092,Can't find anything older than a year,,[],"{""rating"": 3}",ios,"Search should work the way I remember things, like 'me on stage with trophy under purple lights', not just single words.",app_store:syn-app-0092
app_store,syn-app-0093,2023-05-20T14:14:26,synthetic_user_39832,True,synthetic://app_store/syn-app-0093,Search can't find old photos,,[],"{""rating"": 3}",ios,Minor gripe: Why did they move the sharing button? The new layout is confusing.,app_store:syn-app-0093
app_store,syn-app-0094,2023-05-31T13:09:42,synthetic_user_9762,True,synthetic://app_store/syn-app-0094,Love it but search is frustrating,,[],"{""rating"": 5}",ios,"Cancelled my subscription, moving everything to an external drive.",app_store:syn-app-0094
app_store,syn-app-0095,2026-04-17T11:21:30,synthetic_user_86667,True,synthetic://app_store/syn-app-0095,Where did my photo go?,,[],"{""rating"": 1}",ios,"I've been looking for the picture of the wine label from our anniversary dinner for days. I remember a label with a drawing of a bird. It was taken on our 5th anniversary. I can't recall what it said exactly. Tried ""wine"" and it gave me hundreds of photos. I typed ""anniversary 2023"" in search and got thousands of results to scroll through. All the results look the same as tiny thumbnails. I went through the map view hoping to spot it. Still haven't found it.",app_store:syn-app-0095
app_store,syn-app-0096,2023-12-06T10:23:12,synthetic_user_99719,True,synthetic://app_store/syn-app-0096,"Good backup, weak search",,[],"{""rating"": 1}",ios,"Been backing up everything since 2015. I'm trying to find the photo of the street where we got lost. I need it because we want to frame it. I know it was in some old town in Portugal. I can't recall the name of the event. I typed ""street"" in search and got a bunch of pictures that had nothing to do with it. It took ""street"" literally and ignored everything else. I went through the map view hoping to spot it. Eventually I just gave up.",app_store:syn-app-0096
app_store,syn-app-0097,2025-02-25T13:18:07,synthetic_user_31571,True,synthetic://app_store/syn-app-0097,Search needs to be smarter,,[],"{""rating"": 2}",ios,Spent an hour looking for a picture of my dad teaching my daughter to ride a bike and it turns out I had deleted it years ago. Not the app's fault.,app_store:syn-app-0097
app_store,syn-app-0098,2023-07-23T13:44:28,synthetic_user_48411,True,synthetic://app_store/syn-app-0098,Love it but search is frustrating,,[],"{""rating"": 2}",ios,Spent an hour looking for the group photo from the night we all stayed up on the terrace and it turns out I had deleted it years ago. Not the app's fault.,app_store:syn-app-0098
app_store,syn-app-0099,2025-09-25T04:13:03,synthetic_user_14402,True,synthetic://app_store/syn-app-0099,"Good backup, weak search",,[],"{""rating"": 5}",ios,Two things. I wish the video editor had more music options.,app_store:syn-app-0099
app_store,syn-app-0100,2024-10-09T07:43:57,synthetic_user_13303,True,synthetic://app_store/syn-app-0100,Search can't find old photos,,[],"{""rating"": 2}",ios,"Half my library is screenshots. I've been looking for the screenshot where I had the information about that course for days. I need it now because the application deadline might be close. All I remember visually is a blue banner with a university logo. It was a few months ago. I don't remember the exact words on it. Searched for ""screenshot of course details with fees"" but it just showed random photos. I just didn't know how to describe it in a way search would get. Ended up scrolling back through years of photos. Found one that might be it, but I'm not sure it's the same one.",app_store:syn-app-0100
app_store,syn-app-0101,2023-02-02T21:46:15,synthetic_user_60094,True,synthetic://app_store/syn-app-0101,Search needs to be smarter,,[],"{""rating"": 3}",ios,"A lot of my photos come from shared albums. Does anyone know how to find the photo of us at the football match? I need it because reunion group chat asked for it. We were in the stadium when I took it. I don't even remember what the event was called. Searched for ""football"" but it just showed random photos. Tried ""stadium"" and got no results. I know exactly what it looks like but can't put it into search words. I jumped to roughly that year with the scrollbar and went month by month. Finally found it after two evenings.",app_store:syn-app-0101
app_store,syn-app-0102,2025-08-21T07:21:04,synthetic_user_40617,True,synthetic://app_store/syn-app-0102,Almost perfect,,[],"{""rating"": 2}",ios,"I've been looking for the photo of the whiteboard from our planning session for days. I need it because my manager needs the timeline. It had something about the launch timeline on it. I can picture boxes and arrows in red and blue marker. Not sure which month or year, honestly. I typed ""whiteboard"" in search and got no results. I think it's on my old phone and never got backed up. Tried synonyms like ""board"" too. Eventually I just gave up.",app_store:syn-app-0102
app_store,syn-app-0103,2023-12-10T08:31:51,synthetic_user_55423,True,synthetic://app_store/syn-app-0103,Love it but search is frustrating,,[],"{""rating"": 1}",ios,"Looking for the selfie from the concert. I need it because it's her birthday and I want to post it. It was not sure if it was the first or second day. I don't remember when exactly. I typed ""selfie at concert with confetti"" in search and nothing came up. I typed ""coldplay"" in search and got no results. After that I had no idea what else to try. I jumped to roughly that year with the scrollbar and went month by month. Never found it.",app_store:syn-app-0103
app_store,syn-app-0104,2024-06-02T20:45:33,synthetic_user_86730,True,synthetic://app_store/syn-app-0104,Love it but search is frustrating,,[],"{""rating"": 3}",ios,Found the photo of the electrician's handwritten estimate by searching the person's face and then scrolling a bit. Took two minutes.,app_store:syn-app-0104
app_store,syn-app-0105,2025-04-23T13:20:07,synthetic_user_68663,True,synthetic://app_store/syn-app-0105,Where did my photo go?,,[],"{""rating"": 3}",ios,"On my Pixel. I've been looking for a short video of the band at the pub for days. I need it now because I want to find the band name. I know it was at a pub in the old part of town. It was while singing a cover of some old song. I can't recall the name of the event. Tried ""video of band with violin red lights pub"" and got no results. I just didn't know how to describe it in a way search would get. Tried synonyms like ""live music"" too. Found one that might be it, but I'm not sure it's the same one.",app_store:syn-app-0105
app_store,syn-app-0106,2025-08-24T07:43:51,synthetic_user_88094,True,synthetic://app_store/syn-app-0106,Where did my photo go?,,[],"{""rating"": 3}",ios,Minor gripe: Backup has been stuck on 'preparing' for three days. Very annoying.,app_store:syn-app-0106
app_store,syn-app-0107,2025-08-11T11:48:22,synthetic_user_30527,True,synthetic://app_store/syn-app-0107,"Good backup, weak search",,[],"{""rating"": 3}",ios,Update: I wish the video editor had more music options. Shared album invite link doesn't work for my dad.,app_store:syn-app-0107
app_store,syn-app-0108,2025-04-01T04:52:34,synthetic_user_97943,True,synthetic://app_store/syn-app-0108,Love it but search is frustrating,,[],"{""rating"": 4}",ios,"Two things. Cancelled my subscription, moving everything to an external drive.",app_store:syn-app-0108
app_store,syn-app-0109,2025-10-09T13:17:09,synthetic_user_16720,True,synthetic://app_store/syn-app-0109,Love it but search is frustrating,,[],"{""rating"": 5}",ios,Found the screenshot of a chat where my landlord agreed to the repair by searching the person's face and then scrolling a bit. Took two minutes.,app_store:syn-app-0109
app_store,syn-app-0110,2026-07-23T09:03:00,synthetic_user_92391,True,synthetic://app_store/syn-app-0110,Can't find anything older than a year,,[],"{""rating"": 1}",ios,"I've been looking for the family photo from Diwali where everyone is wearing white for days. We were at my aunt's house when I took it. I don't remember when exactly. Tried ""diwali 2018"" and got no results. Tried ""family in white clothes with diyas"" and got no results. I think it's in my partner's library, not mine. I scrolled for like 40 minutes. Eventually I just gave up.",app_store:syn-app-0110
app_store,syn-app-0111,2024-06-07T05:56:58,synthetic_user_8484,True,synthetic://app_store/syn-app-0111,Can't find anything older than a year,,[],"{""rating"": 2}",ios,"Honestly I've stopped using search and just scroll, it's more predictable.",app_store:syn-app-0111
app_store,syn-app-0112,2025-08-20T12:12:35,synthetic_user_9613,True,synthetic://app_store/syn-app-0112,Can't find anything older than a year,,[],"{""rating"": 2}",ios,"My library is around 35k photos. I'm trying to find the picture of the dent on my car. I need it because the insurance surveyor wants the original photo. I remember a scratch on the silver door near the handle. I can't remember the date at all. I searched ""dent on silver car door"" but it just showed random photos. I just didn't know how to describe it in a way search would get. Gave up for the day and tried again the next week. Eventually I just gave up.",app_store:syn-app-0112
app_store,syn-app-0113,2024-06-13T12:07:28,synthetic_user_7206,True,synthetic://app_store/syn-app-0113,Search can't find old photos,,[],"{""rating"": 4}",ios,"Two things. The app is slow to load thumbnails on my old phone. Deleted photos don't free up space on the phone, confusing.",app_store:syn-app-0113
app_store,syn-app-0114,2026-07-02T01:54:18,synthetic_user_91308,True,synthetic://app_store/syn-app-0114,Where did my photo go?,,[],"{""rating"": 3}",ios,"Honestly search is amazing. I typed ""chocolate dessert with gold on top"" and it found the photo of the dessert we ordered at that restaurant in seconds.",app_store:syn-app-0114
app_store,syn-app-0115,2023-10-16T06:51:33,synthetic_user_79321,True,synthetic://app_store/syn-app-0115,Can't find anything older than a year,,[],"{""rating"": 3}",ios,Two things. Shared album invite link doesn't work for my dad. Syncing between my two phones is inconsistent.,app_store:syn-app-0115
app_store,syn-app-0116,2024-05-08T09:24:46,synthetic_user_65706,True,synthetic://app_store/syn-app-0116,"Good backup, weak search",,[],"{""rating"": 3}",ios,"I'm trying to find a picture of the sofa fabric sample. I need it because we're finally ordering the sofa. Timing wise it was when we were redoing the living room. I can picture a mustard-coloured textured fabric. I don't know what it's called. Searched for ""furniture shop"" and nothing came up. I just didn't know how to describe it in a way search would get. Tried synonyms like ""cloth"" too. Still haven't found it.",app_store:syn-app-0116
app_store,syn-app-0117,2024-04-13T00:51:21,synthetic_user_28964,True,synthetic://app_store/syn-app-0117,Can't find anything older than a year,,[],"{""rating"": 2}",ios,"Search should work the way I remember things, like 'photo of passport page', not just single words.",app_store:syn-app-0117
app_store,syn-app-0118,2024-02-09T11:40:19,synthetic_user_15674,True,synthetic://app_store/syn-app-0118,Almost perfect,,[],"{""rating"": 3}",ios,"My library is around 35k photos. I've been looking for the old scanned photo of my grandparents' wedding for days. All I remember visually is black and white, grandma in a big necklace. The photo probably has no proper date on it. I typed ""black and white wedding photo grandparents"" in search but it just showed random photos. I searched ""scan"" and got no results. How do you even search for something like that? I went through the face group for that person too. Found one that might be it, but I'm not sure it's the same one.",app_store:syn-app-0118
app_store,syn-app-0119,2023-06-03T03:52:01,synthetic_user_86370,True,synthetic://app_store/syn-app-0119,Search can't find old photos,,[],"{""rating"": 5}",ios,"Honestly, I wish the video editor had more music options. Syncing between my two phones is inconsistent.",app_store:syn-app-0119
reddit,syn-red-0000,2026-01-16T23:45:18,synthetic_user_6291,True,synthetic://reddit/syn-red-0000,Search can't find the photo of my daughter on stage at her school play,,"[""Ask whoever was there, someone in the group chat usually still has it."", ""If it was a screenshot, open the Screenshots category first and then scroll by month."", ""Check whether the photo was ever backed up. If it was from an old phone it might never have been uploaded.""]","{""score"": 370, ""num_comments"": 31}",reddit/r/datahoarder,"Looking for the photo of my daughter on stage at her school play. It was when she was in 2nd or 3rd standard. All I remember visually is a sunflower costume and a blue curtain. It was at the annual day function. I can't remember the date at all. Searched for ""girl in sunflower costume on stage"" and got thousands of results to scroll through. Tried ""annual day"" and got thousands of results to scroll through. I have hundreds of similar shots and can't tell which one it was. I jumped to roughly that year with the scrollbar and went month by month. Found one that might be it, but I'm not sure it's the same one.",reddit:syn-red-0000
reddit,syn-red-0001,2026-03-10T01:16:12,synthetic_user_60493,True,synthetic://reddit/syn-red-0001,Lost a photo of the tiny café we found in Goa somewhere in 40k photos,,[],"{""score"": 735, ""num_comments"": 16}",reddit/r/android,"I've been looking for a photo of the tiny café we found in Goa for days. I need it now because my friend is going to Goa and asked for the name. I know it was somewhere near the beach in north Goa. Timing wise it was sometime in December, maybe 2021 or 2022. All I remember visually is blue wooden chairs and a hand-painted menu board. No clue what the place was called. Not sure which month or year, honestly. I searched ""small cafe with blue chairs near the beach"" and it gave me hundreds of photos. Searched for ""goa 2022"" and got thousands of results to scroll through. There are so many almost identical shots from that day that I can't tell which one it is. I jumped to roughly that year with the scrollbar and went month by month. Never found it.",reddit:syn-red-0001
reddit,syn-red-0002,2025-12-08T10:35:41,synthetic_user_67527,True,synthetic://reddit/syn-red-0002,Can't find an old photo. Any tips?,,"[""Use the date jump on the scrollbar, drag to the year and go month by month.""]","{""score"": 821, ""num_comments"": 7}",reddit/r/iphone,"I don't remember dates, nobody does. Searching by date is useless for old memories.",reddit:syn-red-0002
reddit,syn-red-0003,2026-02-20T07:46:08,synthetic_user_18832,True,synthetic://reddit/syn-red-0003,Can't find the old scanned photo of my grandparents' wedding. Any tips?,,"[""Try searching for something visible in the photo instead of what happened, like \""stage\"" or \""cake\""."", ""You can search text inside photos sometimes, but it only works if the words are clear in the image."", ""Search for the thing plus the city, e.g. \""cake bangalore\"", works better than a sentence for me.""]","{""score"": 240, ""num_comments"": 53}",reddit/r/datahoarder,"Looking for the old scanned photo of my grandparents' wedding. I need it because we're printing a family tree. I remember it came through WhatsApp at some point. It had my grandparents in it. I can't remember the date at all. The location data was probably off. I typed ""scan"" in search and nothing came up. The photo is definitely in my library but search never shows it. I jumped to roughly that year with the scrollbar and went month by month. Never found it. Is there a better way to search for stuff like this?",reddit:syn-red-0003
reddit,syn-red-0004,2024-04-11T05:52:12,synthetic_user_53756,True,synthetic://reddit/syn-red-0004,Lost the old scanned photo of my grandparents' wedding somewhere in 40k photos,,"[""You can search text inside photos sometimes, but it only works if the words are clear in the image."", ""Try searching for something visible in the photo instead of what happened, like \""stage\"" or \""cake\"".""]","{""score"": 651, ""num_comments"": 27}",reddit/r/android,"Looking for the old scanned photo of my grandparents' wedding. I need it because we're printing a family tree. I remember my grandparents being in it. It was a scan my uncle sent me. I can't remember the date at all. The photo probably has no proper date on it. I searched ""scan"" and got thousands of results to scroll through. I searched ""old photo"" and got thousands of results to scroll through. There are so many almost identical shots from that day that I can't tell which one it is. I jumped to roughly that year with the scrollbar and went month by month. I scrolled for like 40 minutes. Still haven't found it. Am I doing something wrong?",reddit:syn-red-0004
reddit,syn-red-0005,2026-01-27T00:14:00,synthetic_user_5458,True,synthetic://reddit/syn-red-0005,Is there a better way to search for stuff like this?,,"[""Name the face groups. Searching a person's name works way better than describing them."", ""You can search text inside photos sometimes, but it only works if the words are clear in the image."", ""Try searching for something visible in the photo instead of what happened, like \""stage\"" or \""cake\"".""]","{""score"": 568, ""num_comments"": 83}",reddit/r/iphone,"I've been looking for the photo of the whiteboard from our planning session for days. I need it now because my manager needs the timeline. For context, we photographed it after the workshop. It was sometime last quarter. Not sure which month or year, honestly. I searched ""whiteboard march"" and it popped up near the top. I searched ""whiteboard"" and it popped up near the top. I searched ""whiteboard with launch timeline"" and it popped up near the top. I jumped to roughly that year with the scrollbar and went month by month. In the end I texted my friend to send it again. Got it eventually, after three days. How do you all deal with this?",reddit:syn-red-0005
reddit,syn-red-0006,2023-05-18T13:12:40,synthetic_user_82356,True,synthetic://reddit/syn-red-0006,Search can't find the picture of the medicine I took when I was sick last year,,"[""You can search text inside photos sometimes, but it only works if the words are clear in the image."", ""Ask whoever was there, someone in the group chat usually still has it.""]","{""score"": 165, ""num_comments"": 88}",reddit/r/googlephotos,"I've been looking for the picture of the medicine I took when I was sick last year for days. I need it now because I'm sick again and want the same medicine. I remember a silver strip with orange tablets. It was last year, maybe during the rainy season. It had the medicine name on it. For context, the doctor prescribed it when I had that bad fever. Not sure which month or year, honestly. No idea what the thing is actually called. I typed ""medicine strip orange tablets"" in search and got no results. I searched ""fever medicine"" and got a bunch of pictures that had nothing to do with it. I ran out of ideas pretty quickly. I checked my Gmail in case I had sent it to someone. Tried synonyms like ""tablets"" too. Never found it.",reddit:syn-red-0006
reddit,syn-red-0007,2023-04-25T05:50:30,synthetic_user_16283,True,synthetic://reddit/syn-red-0007,Search can't find the photo from my friend's wedding where we were standing outside,,"[""Search by year first, like \""2019\"", then scroll within that. Much faster than scrolling from today.""]","{""score"": 475, ""num_comments"": 20}",reddit/r/googlephotos,"I moved all my old phone photos in years ago. I'm trying to find the photo from my friend's wedding where we were standing outside. It was at my friend's wedding. It was taken outside the venue near the parking area. Not sure which month or year, honestly. Searched for ""wedding"" and got thousands of results to scroll through. There are so many almost identical shots from that day that I can't tell which one it is. I scrolled for like 40 minutes. Still haven't found it. Any tips?",reddit:syn-red-0007
reddit,syn-red-0008,2025-10-21T18:44:40,synthetic_user_735,True,synthetic://reddit/syn-red-0008,How do you find a photo when you only half remember it?,,"[""Name the face groups. Searching a person's name works way better than describing them."", ""Check whether the photo was ever backed up. If it was from an old phone it might never have been uploaded."", ""Ask whoever was there, someone in the group chat usually still has it.""]","{""score"": 594, ""num_comments"": 118}",reddit/r/datahoarder,"I'm trying to find a picture of the ramen bowl from the tiny shop. I remember my brother being in it. It's from the Japan trip. I remember a black bowl with a soft egg cut in half. It was taken near the station in Tokyo. No idea what the thing is actually called. No clue what the place was called. Searched for ""tokyo april 2023"" and it gave me hundreds of photos. Searched for ""ramen"" and it gave me hundreds of photos. Searched for ""ramen bowl with egg at a small shop near station"" and it gave me hundreds of photos. There are so many almost identical shots from that day that I can't tell which one it is. I kept retyping different searches. Still haven't found it. Am I doing something wrong?",reddit:syn-red-0008
reddit,syn-red-0009,2025-02-10T06:56:56,synthetic_user_35251,True,synthetic://reddit/syn-red-0009,Is there a better way to search for stuff like this?,,[],"{""score"": 594, ""num_comments"": 88}",reddit/r/GooglePixel,"Didn't remember anything except the puppy running circles around him, searched for that and it showed up. Impressed.",reddit:syn-red-0009
reddit,syn-red-0010,2024-06-12T10:07:04,synthetic_user_48563,True,synthetic://reddit/syn-red-0010,Is there a better way to search for stuff like this?,,"[""Use the date jump on the scrollbar, drag to the year and go month by month."", ""You can search text inside photos sometimes, but it only works if the words are clear in the image."", ""Ask whoever was there, someone in the group chat usually still has it.""]","{""score"": 659, ""num_comments"": 110}",reddit/r/android,"I moved all my old phone photos in years ago. I've been looking for the photo of my daughter on stage at her school play for days. All I remember visually is a sunflower costume and a blue curtain. It had my daughter in it. I remember the lighting was bad so most shots were blurry. It was when she was in 2nd or 3rd standard. I can't remember the date at all. I don't even remember what the event was called. Searched for ""girl in sunflower costume on stage"" and got a bunch of pictures that had nothing to do with it. Searched for ""school function"" and got no results. After that I had no idea what else to try. I scrolled for like 40 minutes. Found one that might be it, but I'm not sure it's the same one. Is there a better way to search for stuff like this?",reddit:syn-red-0010
reddit,syn-red-0011,2026-08-14T06:46:10,synthetic_user_65555,True,synthetic://reddit/syn-red-0011,How do you find a photo when you only half remember it?,,"[""If it was a screenshot, open the Screenshots category first and then scroll by month.""]","{""score"": 486, ""num_comments"": 109}",reddit/r/iphone,"Looking for a shot of the fireworks at the new year party. I need it now because I wanted to post a throwback. It was at the new year party at the club. It had a bunch of friends in it. I have no idea what year it was. I searched ""green fireworks over pool"" and nothing came up. Searched for ""fireworks"" and got no results. The photo is definitely in my library but search never shows it. I jumped to roughly that year with the scrollbar and went month by month. I went through the face group for that person too. Eventually I just gave up. Am I doing something wrong?",reddit:syn-red-0011
reddit,syn-red-0012,2026-02-27T13:23:09,synthetic_user_12964,True,synthetic://reddit/syn-red-0012,Is there a better way to search for stuff like this?,,"[""Try searching for something visible in the photo instead of what happened, like \""stage\"" or \""cake\""."", ""Check whether the photo was ever backed up. If it was from an old phone it might never have been uploaded.""]","{""score"": 98, ""num_comments"": 47}",reddit/r/datahoarder,"Been backing up everything since 2015. I've been looking for the photo of the shoes I tried on in the store for days. We were at a mall when I took it. It's a picture of running shoes. For context, I took it to check the price online later. I don't know what it's called. No clue what the place was called. Tried ""grey running shoes with green sole"" and nothing came up. Searched for ""shoes"" and nothing came up. Text inside screenshots doesn't seem to be searchable. Tried synonyms like ""sneakers"" too. Never found it.",reddit:syn-red-0012
reddit,syn-red-0013,2023-10-15T18:09:21,synthetic_user_76321,True,synthetic://reddit/syn-red-0013,Search can't find an old photo,,"[""Use the date jump on the scrollbar, drag to the year and go month by month."", ""Search for the thing plus the city, e.g. \""cake bangalore\"", works better than a sentence for me."", ""Try searching for something visible in the photo instead of what happened, like \""stage\"" or \""cake\"".""]","{""score"": 322, ""num_comments"": 98}",reddit/r/iphone,"From experience, Search by year first, like ""2019"", then scroll within that. Much faster than scrolling from today.",reddit:syn-red-0013
reddit,syn-red-0014,2025-05-23T03:11:15,synthetic_user_36764,True,synthetic://reddit/syn-red-0014,Can't find the picture of the houseboat we stayed on. Any tips?,,"[""Check whether the photo was ever backed up. If it was from an old phone it might never have been uploaded."", ""Search for the thing plus the city, e.g. \""cake bangalore\"", works better than a sentence for me."", ""Try searching for something visible in the photo instead of what happened, like \""stage\"" or \""cake\"".""]","{""score"": 14, ""num_comments"": 73}",reddit/r/android,"Looking for the picture of the houseboat we stayed on. I need it because I wanted to print it for my parents' anniversary. I know it was somewhere in the Kerala backwaters. It had my parents in it. It's from our family trip to Kerala. No clue what the place was called. I have no idea what year it was. Tried ""houseboat"" but it just showed random photos. I searched ""kerala 2019"" and got a bunch of pictures that had nothing to do with it. It seems like search ignores half of what I type and only matches one word. Ended up scrolling back through years of photos. Found one that might be it, but I'm not sure it's the same one. Am I doing something wrong?",reddit:syn-red-0014
reddit,syn-red-0015,2026-01-18T05:09:28,synthetic_user_21308,True,synthetic://reddit/syn-red-0015,How do you find a photo when you only half remember it?,,[],"{""score"": 603, ""num_comments"": 101}",reddit/r/GooglePixel,"I've been looking for a picture of my dad teaching my daughter to ride a bike for days. I need it because it's for my dad's retirement card. It was taken in the park near my parents' place. It had my dad and my daughter in it. I have no idea what year it was. I searched ""grandfather teaching girl to ride pink bike"" but it just showed random photos. Searched for ""bicycle"" and got no results. I typed ""summer 2022"" in search and got no results. I didn't know what else to try. I went through the face group for that person too. I gave up on finding it. Is there a better way to search for stuff like this?",reddit:syn-red-0015
reddit,syn-red-0016,2025-10-26T20:38:52,synthetic_user_75292,True,synthetic://reddit/syn-red-0016,Quick question,,"[""Name the face groups. Searching a person's name works way better than describing them."", ""Ask whoever was there, someone in the group chat usually still has it."", ""Tip: if location history was on, try the map view and zoom into the area instead of searching the name.""]","{""score"": 745, ""num_comments"": 7}",reddit/r/googlephotos,"Honestly, App keeps crashing when I open a large video.",reddit:syn-red-0016
reddit,syn-red-0017,2023-12-19T11:07:02,synthetic_user_56616,True,synthetic://reddit/syn-red-0017,Is there a better way to search for stuff like this?,,"[""Try searching for something visible in the photo instead of what happened, like \""stage\"" or \""cake\""."", ""Tip: if location history was on, try the map view and zoom into the area instead of searching the name."", ""Ask whoever was there, someone in the group chat usually still has it.""]","{""score"": 126, ""num_comments"": 108}",reddit/r/googlephotos,"I've been looking for a picture of my dad teaching my daughter to ride a bike for days. I need it because it's for my dad's retirement card. It was taken in the park near my parents' place. I remember my dad and my daughter being in it. Not sure which month or year, honestly. I searched ""bicycle"" and got no results. I typed ""summer 2022"" in search and nothing came up. I searched ""grandfather teaching girl to ride pink bike"" and got a bunch of pictures that had nothing to do with it. I ran out of ideas pretty quickly. I jumped to roughly that year with the scrollbar and went month by month. I found a similar one but not the exact photo I wanted. Am I doing something wrong?",reddit:syn-red-0017
reddit,syn-red-0018,2025-11-04T01:26:33,synthetic_user_43954,True,synthetic://reddit/syn-red-0018,Rant,,"[""Search for the thing plus the city, e.g. \""cake bangalore\"", works better than a sentence for me.""]","{""score"": 415, ""num_comments"": 21}",reddit/r/googlephotos,"Honestly, Backup has been stuck on 'preparing' for three days. Very annoying.",reddit:syn-red-0018
reddit,syn-red-0019,2024-06-14T16:31:29,synthetic_user_11987,True,synthetic://reddit/syn-red-0019,Anyone else?,,[],"{""score"": 719, ""num_comments"": 28}",reddit/r/GooglePixel,Two things. Can't figure out how to download all my photos to a hard drive.,reddit:syn-red-0019
reddit,syn-red-0020,2025-09-17T15:55:21,synthetic_user_16653,True,synthetic://reddit/syn-red-0020,Is there a better way to search for stuff like this?,,[],"{""score"": 809, ""num_comments"": 91}",reddit/r/GooglePixel,"Half my library is screenshots. I'm trying to find the picture of the medicine I took when I was sick last year. I need it because I'm sick again and want the same medicine. It had the medicine name on it. It's a picture of a strip of tablets. I can't recall what it said exactly. I have no idea what year it was. Tried ""fever medicine"" and there it was. Searched for ""medicine strip orange tablets"" and it popped up near the top. I scrolled for like 40 minutes. Tried synonyms like ""tablets"" too. Finally found it after about an hour. Any tips?",reddit:syn-red-0020
reddit,syn-red-0021,2023-11-10T01:32:26,synthetic_user_46351,True,synthetic://reddit/syn-red-0021,Is there a better way to search for stuff like this?,,"[""Search for the thing plus the city, e.g. \""cake bangalore\"", works better than a sentence for me."", ""Ask whoever was there, someone in the group chat usually still has it.""]","{""score"": 660, ""num_comments"": 100}",reddit/r/iphone,"I use search a lot for work stuff. Does anyone know how to find that picture from the trip where we stayed near the beach? I need it now because I want to book the same homestay. I can picture a hammock between two coconut trees. It's from a long weekend trip. I don't remember the name of the place. Tried ""beach"" and it gave me hundreds of photos. I have hundreds of similar shots and can't tell which one it was. I asked my sister if she still had it. Ended up scrolling back through years of photos. Still haven't found it. Any tips?",reddit:syn-red-0021
reddit,syn-red-0022,2025-04-03T01:09:33,synthetic_user_33658,True,synthetic://reddit/syn-red-0022,How do you find a photo when you only half remember it?,,"[""Check whether the photo was ever backed up. If it was from an old phone it might never have been uploaded."", ""You can search text inside photos sometimes, but it only works if the words are clear in the image."", ""Ask whoever was there, someone in the group chat usually still has it.""]","{""score"": 369, ""num_comments"": 11}",reddit/r/iphone,"Looking for the photo of my first tattoo right after I got it. I need it because the artist asked for a before picture. All I remember visually is a small wave design on my wrist, all red around it. I remember it was still covered with cling film. The photo shows a tattoo. Timing wise it was a few years back. I can't remember the date at all. I typed ""tattoo"" in search but it just showed random photos. It doesn't understand what I'm describing at all. In the end I texted my friend to send it again. I kept retyping different searches. Never found it. How do you all deal with this?",reddit:syn-red-0022
reddit,syn-red-0023,2024-05-17T12:04:10,synthetic_user_4810,True,synthetic://reddit/syn-red-0023,Lost a picture of the sofa fabric sample somewhere in 40k photos,,"[""If it was a screenshot, open the Screenshots category first and then scroll by month."", ""Try searching for something visible in the photo instead of what happened, like \""stage\"" or \""cake\""."", ""Check whether the photo was ever backed up. If it was from an old phone it might never have been uploaded.""]","{""score"": 522, ""num_comments"": 15}",reddit/r/googlephotos,"Half my library is screenshots. Looking for a picture of the sofa fabric sample. I need it now because we're finally ordering the sofa. It's a picture of a fabric swatch. I remember the shop said to send them the photo when ordering. Timing wise it was when we were redoing the living room. I remember a mustard-coloured textured fabric. No idea what the thing is actually called. I can't remember the date at all. I typed ""mustard fabric sample"" in search and got a bunch of pictures that had nothing to do with it. I typed ""fabric"" in search and got a bunch of pictures that had nothing to do with it. It seems like search ignores half of what I type and only matches one word. I tried the screenshots category filter as well. I even googled how to search Google Photos better. Never found it. Is there a better way to search for stuff like this?",reddit:syn-red-0023
reddit,syn-red-0024,2024-03-11T16:02:18,synthetic_user_40806,True,synthetic://reddit/syn-red-0024,Can't find the photo of the menu at the street food stall. Any tips?,,"[""Search by year first, like \""2019\"", then scroll within that. Much faster than scrolling from today.""]","{""score"": 340, ""num_comments"": 51}",reddit/r/iphone,"I search in Photos pretty much every day. Does anyone know how to find the photo of the menu at the street food stall? I need it because I want to recommend it to someone visiting. It was while eating chaat after the market. It had the prices and the name of the stall on it. It was a winter evening, not sure which year. I don't remember the exact words on it. I can't recall where exactly it was. Tried ""menu"" and got thousands of results to scroll through. I have hundreds of similar shots and can't tell which one it was. Ended up scrolling back through years of photos. I checked all my albums one by one. Still haven't found it. How do you all deal with this?",reddit:syn-red-0024
reddit,syn-red-0025,2025-07-21T10:31:57,synthetic_user_92009,True,synthetic://reddit/syn-red-0025,Search can't find the old scanned photo of my grandparents' wedding,,"[""Search by year first, like \""2019\"", then scroll within that. Much faster than scrolling from today.""]","{""score"": 523, ""num_comments"": 67}",reddit/r/android,"I'm trying to find the old scanned photo of my grandparents' wedding. I need it now because we're printing a family tree. It was I scanned or received it maybe 5 years ago. All I remember visually is black and white, grandma in a big necklace. I can't remember the date at all. The photo probably has no proper date on it. Searched for ""black and white wedding photo grandparents"" but it just showed random photos. Searched for ""old photo"" but it just showed random photos. I searched ""scan"" and nothing came up. After that I had no idea what else to try. I jumped to roughly that year with the scrollbar and went month by month. Got it eventually, after three days. Am I doing something wrong?",reddit:syn-red-0025
reddit,syn-red-0026,2025-01-31T10:34:03,synthetic_user_70918,True,synthetic://reddit/syn-red-0026,How do you find a photo when you only half remember it?,,"[""Check whether the photo was ever backed up. If it was from an old phone it might never have been uploaded."", ""Use the date jump on the scrollbar, drag to the year and go month by month."", ""You can search text inside photos sometimes, but it only works if the words are clear in the image.""]","{""score"": 291, ""num_comments"": 97}",reddit/r/GooglePixel,"From experience, Search by year first, like ""2019"", then scroll within that. Much faster than scrolling from today.",reddit:syn-red-0026
reddit,syn-red-0027,2023-08-23T13:19:37,synthetic_user_86048,True,synthetic://reddit/syn-red-0027,Search can't find an old photo,,"[""Check whether the photo was ever backed up. If it was from an old phone it might never have been uploaded.""]","{""score"": 691, ""num_comments"": 108}",reddit/r/android,"Couldn't find the photo of the view from the train window anywhere, then realised it was on my old phone and never got backed up.",reddit:syn-red-0027
reddit,syn-red-0028,2023-12-21T02:27:23,synthetic_user_84572,True,synthetic://reddit/syn-red-0028,Search can't find a picture of the ramen bowl from the tiny shop,,"[""Use the date jump on the scrollbar, drag to the year and go month by month.""]","{""score"": 789, ""num_comments"": 21}",reddit/r/GooglePixel,"Does anyone know how to find a picture of the ramen bowl from the tiny shop? I need it because a friend wants the shop name. It was taken near the station in Tokyo. It had my brother in it. It was spring 2023 I think. I can't recall where exactly it was. I don't know what it's called. I typed ""ramen bowl with egg at a small shop near station"" in search and got a bunch of pictures that had nothing to do with it. It doesn't understand what I'm describing at all. I kept retyping different searches. Found one that might be it, but I'm not sure it's the same one. Is there a better way to search for stuff like this?",reddit:syn-red-0028
reddit,syn-red-0029,2023-10-02T17:35:57,synthetic_user_96038,True,synthetic://reddit/syn-red-0029,Rant,,"[""You can search text inside photos sometimes, but it only works if the words are clear in the image.""]","{""score"": 317, ""num_comments"": 38}",reddit/r/android,"Minor gripe: The app is slow to load thumbnails on my old phone. Cancelled my subscription, moving everything to an external drive.",reddit:syn-red-0029
reddit,syn-red-0030,2023-02-23T04:47:41,synthetic_user_44115,True,synthetic://reddit/syn-red-0030,Can't find a screenshot of a map with a pin someone sent. Any tips?,,[],"{""score"": 640, ""num_comments"": 92}",reddit/r/googlephotos,"I have over 60,000 photos. I'm trying to find a screenshot of a map with a pin someone sent. I need it because I'm finally planning that trek. It was a year or two ago. I remember it showed the name of the village. I remember a friend shared the location of a trekking base camp. I remember a Google Maps screen with a red pin in the hills. I don't remember the exact words on it. Searched for ""maps screenshot"" and it gave me hundreds of photos. I have hundreds of similar shots and can't tell which one it was. Ended up scrolling back through years of photos. I kept retyping different searches. Never found it. Am I doing something wrong?",reddit:syn-red-0030
reddit,syn-red-0031,2024-07-24T10:56:54,synthetic_user_96270,True,synthetic://reddit/syn-red-0031,How do you find a photo when you only half remember it?,,"[""Use the date jump on the scrollbar, drag to the year and go month by month."", ""You can search text inside photos sometimes, but it only works if the words are clear in the image."", ""Tip: if location history was on, try the map view and zoom into the area instead of searching the name.""]","{""score"": 831, ""num_comments"": 7}",reddit/r/googlephotos,"Didn't remember anything except a black bowl with a soft egg cut in half, searched for that and it showed up. Impressed.",reddit:syn-red-0031
reddit,syn-red-0032,2026-02-04T17:37:20,synthetic_user_80260,True,synthetic://reddit/syn-red-0032,Rant,,"[""Search for the thing plus the city, e.g. \""cake bangalore\"", works better than a sentence for me."", ""Ask whoever was there, someone in the group chat usually still has it."", ""Name the face groups. Searching a person's name works way better than describing them.""]","{""score"": 805, ""num_comments"": 103}",reddit/r/android,"Love the collage feature, made a nice one for my mom. The app is slow to load thumbnails on my old phone.",reddit:syn-red-0032
reddit,syn-red-0033,2024-05-24T12:51:46,synthetic_user_74853,True,synthetic://reddit/syn-red-0033,Search can't find the photo of the whiteboard from our planning session,,"[""Search by year first, like \""2019\"", then scroll within that. Much faster than scrolling from today."", ""Ask whoever was there, someone in the group chat usually still has it.""]","{""score"": 289, ""num_comments"": 48}",reddit/r/iphone,"On iOS. Does anyone know how to find the photo of the whiteboard from our planning session? I need it now because my manager needs the timeline. Timing wise it was sometime last quarter. I remember we photographed it after the workshop. I can't recall what it said exactly. Searched for ""whiteboard"" and got no results. Tried ""whiteboard march"" and got no results. I think it's on my old phone and never got backed up. I kept retyping different searches. Eventually I just gave up. Any tips?",reddit:syn-red-0033
reddit,syn-red-0034,2023-07-24T06:39:40,synthetic_user_94622,True,synthetic://reddit/syn-red-0034,How do you find a photo when you only half remember it?,,"[""Use the date jump on the scrollbar, drag to the year and go month by month."", ""Search for the thing plus the city, e.g. \""cake bangalore\"", works better than a sentence for me."", ""If it was a screenshot, open the Screenshots category first and then scroll by month.""]","{""score"": 451, ""num_comments"": 82}",reddit/r/GooglePixel,"I'm trying to find the photo of the warranty card for the washing machine. I remember it showed the serial number. The photo shows the warranty card. I can picture a small card taped to the invoice. Not sure which month or year, honestly. I don't remember the exact words on it. Tried ""warranty"" and nothing came up. The text on the bill isn't searchable as far as I can tell. I checked my Gmail in case I had sent it to someone. I kept retyping different searches. Eventually I just gave up.",reddit:syn-red-0034
reddit,syn-red-0035,2024-02-26T03:03:38,synthetic_user_33509,True,synthetic://reddit/syn-red-0035,Search can't find the photo I took of my passport page,,"[""Try searching for something visible in the photo instead of what happened, like \""stage\"" or \""cake\""."", ""You can search text inside photos sometimes, but it only works if the words are clear in the image."", ""Tip: if location history was on, try the map view and zoom into the area instead of searching the name.""]","{""score"": 308, ""num_comments"": 117}",reddit/r/googlephotos,"Does anyone know how to find the photo I took of my passport page? I need it because I need the number urgently for a booking. All I remember visually is my thumb covering one corner. It had the passport number and expiry date on it. I don't remember when exactly. Tried ""passport"" and got no results. I typed ""photo of passport page"" in search and nothing came up. The text in the photo doesn't seem to be searchable. Tried synonyms like ""id"" too. Still haven't found it. Am I doing something wrong?",reddit:syn-red-0035
reddit,syn-red-0036,2025-04-26T04:09:12,synthetic_user_98875,True,synthetic://reddit/syn-red-0036,Can't find an old photo. Any tips?,,[],"{""score"": 338, ""num_comments"": 95}",reddit/r/GooglePixel,"I don't remember dates, nobody does. Searching by date is useless for old memories.",reddit:syn-red-0036
reddit,syn-red-0037,2023-01-28T09:25:31,synthetic_user_82187,True,synthetic://reddit/syn-red-0037,How do you find a photo when you only half remember it?,,"[""Try searching for something visible in the photo instead of what happened, like \""stage\"" or \""cake\""."", ""You can search text inside photos sometimes, but it only works if the words are clear in the image."", ""Name the face groups. Searching a person's name works way better than describing them.""]","{""score"": 730, ""num_comments"": 81}",reddit/r/GooglePixel,"I've been looking for the picture of the wine label from our anniversary dinner for days. I need it now because I want to buy the same wine again. It was for our 5th anniversary. Timing wise it was a couple of years back. No idea what the thing is actually called. I can't recall what it said exactly. Tried ""wine"" and it gave me hundreds of photos. Searched for ""wine bottle with bird drawing on label"" and it gave me hundreds of photos. I have hundreds of similar shots and can't tell which one it was. I scrolled for like 40 minutes. I found a similar one but not the exact photo I wanted. How do you all deal with this?",reddit:syn-red-0037
reddit,syn-red-0038,2025-08-08T10:55:35,synthetic_user_63846,True,synthetic://reddit/syn-red-0038,Can't find a screenshot of a recipe from Instagram. Any tips?,,"[""If it was a screenshot, open the Screenshots category first and then scroll by month."", ""Name the face groups. Searching a person's name works way better than describing them."", ""Use the date jump on the scrollbar, drag to the year and go month by month.""]","{""score"": 330, ""num_comments"": 61}",reddit/r/datahoarder,"Does anyone know how to find a screenshot of a recipe from Instagram? I need it because guests are coming this weekend. I remember I screenshotted it from a reel. I remember it showed something with paneer and cashew paste. I don't know what word the app would use for it. I searched ""paneer recipe screenshot"" and there it was. I typed ""recipe"" in search and there it was. I checked my Gmail in case I had sent it to someone. Ended up scrolling back through years of photos. Finally found it after three days. How do you all deal with this?",reddit:syn-red-0038
reddit,syn-red-0039,2025-11-29T20:14:58,synthetic_user_36540,True,synthetic://reddit/syn-red-0039,Is there a better way to search for stuff like this?,,[],"{""score"": 668, ""num_comments"": 57}",reddit/r/googlephotos,"Couldn't find the photo of the prescription for my mother's eye drops anywhere, then realised it was on my old phone and never got backed up.",reddit:syn-red-0039
reddit,syn-red-0040,2023-07-05T20:07:31,synthetic_user_25490,True,synthetic://reddit/syn-red-0040,Can't find a photo with a guy we met on a trek. Any tips?,,"[""You can search text inside photos sometimes, but it only works if the words are clear in the image.""]","{""score"": 841, ""num_comments"": 53}",reddit/r/android,"On the web version on my laptop. I'm trying to find a photo with a guy we met on a trek. I need it now because I found him on Instagram and wanted to send it. I remember a yellow jacket and a flag behind us. It was 2019 I think. No clue what the place was called. I don't remember the person's name. I searched ""photo with foreigner in yellow jacket on mountain top"" and got no results. I searched ""himachal 2019"" and got no results. Tried ""trek"" and got no results. The photo is definitely in my library but search never shows it. In the end I texted my friend to send it again. Eventually I just gave up.",reddit:syn-red-0040
reddit,syn-red-0041,2024-10-02T01:42:28,synthetic_user_73830,True,synthetic://reddit/syn-red-0041,Is there a better way to search for stuff like this?,,"[""You can search text inside photos sometimes, but it only works if the words are clear in the image."", ""Tip: if location history was on, try the map view and zoom into the area instead of searching the name."", ""Search by year first, like \""2019\"", then scroll within that. Much faster than scrolling from today.""]","{""score"": 103, ""num_comments"": 54}",reddit/r/googlephotos,"Was sure I'd never find the photo of the team at the offsite, but searching ""team"" plus the year got it on the first try.",reddit:syn-red-0041
reddit,syn-red-0042,2024-03-16T21:23:38,synthetic_user_94505,True,synthetic://reddit/syn-red-0042,Lost an old photo somewhere in 40k photos,,"[""Try searching for something visible in the photo instead of what happened, like \""stage\"" or \""cake\""."", ""Name the face groups. Searching a person's name works way better than describing them.""]","{""score"": 22, ""num_comments"": 36}",reddit/r/iphone,"Use the date jump on the scrollbar, drag to the year and go month by month.",reddit:syn-red-0042
reddit,syn-red-0043,2023-12-23T23:41:24,synthetic_user_12580,True,synthetic://reddit/syn-red-0043,How do you find a photo when you only half remember it?,,"[""Search for the thing plus the city, e.g. \""cake bangalore\"", works better than a sentence for me."", ""Name the face groups. Searching a person's name works way better than describing them."", ""Tip: if location history was on, try the map view and zoom into the area instead of searching the name.""]","{""score"": 196, ""num_comments"": 50}",reddit/r/googlephotos,"Been backing up everything since 2015. Does anyone know how to find a picture of the site inspection issue? I need it now because the client is disputing the report. I remember I took it for the report and never sent it. I can picture a rusty pipe with a yellow tag. Timing wise it was a few months back. I can't remember the date at all. Tried ""rusty pipe with yellow tag at warehouse"" and nothing came up. I searched ""warehouse"" and got no results. I think it's on my old phone and never got backed up. I jumped to roughly that year with the scrollbar and went month by month. I found a similar one but not the exact photo I wanted. Am I doing something wrong?",reddit:syn-red-0043
reddit,syn-red-0044,2023-12-15T03:13:31,synthetic_user_20404,True,synthetic://reddit/syn-red-0044,How do you find a photo when you only half remember it?,,"[""Check whether the photo was ever backed up. If it was from an old phone it might never have been uploaded."", ""Search by year first, like \""2019\"", then scroll within that. Much faster than scrolling from today."", ""Try searching for something visible in the photo instead of what happened, like \""stage\"" or \""cake\"".""]","{""score"": 147, ""num_comments"": 91}",reddit/r/android,"Does anyone know how to find the photo of us dancing at the sangeet? I can picture a disco ball and me in a pink lehenga. I remember we had practised that dance for weeks. I'm not sure if I ever put it in an album. Tried ""sangeet"" and got thousands of results to scroll through. All the results look the same as tiny thumbnails. I scrolled for like 40 minutes. In the end I texted my friend to send it again. Eventually I just gave up.",reddit:syn-red-0044
reddit,syn-red-0045,2025-09-20T20:01:01,synthetic_user_19198,True,synthetic://reddit/syn-red-0045,Is there a better way to search for stuff like this?,,"[""You can search text inside photos sometimes, but it only works if the words are clear in the image."", ""Check whether the photo was ever backed up. If it was from an old phone it might never have been uploaded."", ""Name the face groups. Searching a person's name works way better than describing them.""]","{""score"": 165, ""num_comments"": 24}",reddit/r/GooglePixel,"My wife and I share a partner library. I've been looking for the picture of the pharmacy receipt for days. Timing wise it was around when I was sick last year. It's a picture of a pharmacy bill. I remember thermal paper that was already fading. I can't remember the date at all. I searched ""pharmacy medicine bill"" and got no results. I searched ""receipt"" but it just showed random photos. I ran out of ideas pretty quickly. Eventually I searched my WhatsApp chats instead. Ended up scrolling back through years of photos. Found one that might be it, but I'm not sure it's the same one. How do you all deal with this?",reddit:syn-red-0045
reddit,syn-red-0046,2024-01-21T12:08:07,synthetic_user_95374,True,synthetic://reddit/syn-red-0046,Can't find a picture of the waterfall we hiked to. Any tips?,,"[""Tip: if location history was on, try the map view and zoom into the area instead of searching the name.""]","{""score"": 179, ""num_comments"": 57}",reddit/r/datahoarder,"On photos.google.com from my PC. I've been looking for a picture of the waterfall we hiked to for days. It had my cousins in it. I can picture mist everywhere and everyone in raincoats. I know it was a couple of hours from the homestay. This was during the Meghalaya road trip. No clue what the place was called. I don't remember when exactly. I searched ""meghalaya 2020"" and it gave me hundreds of photos. I have hundreds of similar shots and can't tell which one it was. I jumped to roughly that year with the scrollbar and went month by month. Never found it. How do you all deal with this?",reddit:syn-red-0046
reddit,syn-red-0047,2023-02-06T17:30:12,synthetic_user_97420,True,synthetic://reddit/syn-red-0047,Is there a better way to search for stuff like this?,,[],"{""score"": 424, ""num_comments"": 29}",reddit/r/datahoarder,"Honestly search is amazing. I typed ""narrow street with yellow tiles and tram"" and it found the photo of the street where we got lost in seconds.",reddit:syn-red-0047
reddit,syn-red-0048,2023-07-20T14:43:24,synthetic_user_86323,True,synthetic://reddit/syn-red-0048,Lost the photo of a plant I saw at a nursery somewhere in 40k photos,,[],"{""score"": 119, ""num_comments"": 93}",reddit/r/datahoarder,"I take a ridiculous number of screenshots. Looking for the photo of a plant I saw at a nursery. I need it because I want to buy it now that I have a balcony. It was last spring. It was taken at a nursery near my office. It's a picture of a plant with striped leaves. I can picture purple and green striped leaves in a hanging pot. I can't recall where exactly it was. No idea what the thing is actually called. I searched ""plant"" and it popped up near the top. I typed ""plant with purple striped leaves"" in search and it popped up near the top. I kept retyping different searches. Finally found it after way too long. Any tips?",reddit:syn-red-0048
reddit,syn-red-0049,2024-09-14T01:39:58,synthetic_user_79383,True,synthetic://reddit/syn-red-0049,Is there a better way to search for stuff like this?,,"[""Tip: if location history was on, try the map view and zoom into the area instead of searching the name."", ""Ask whoever was there, someone in the group chat usually still has it.""]","{""score"": 254, ""num_comments"": 44}",reddit/r/datahoarder,"Something that helps: Ask whoever was there, someone in the group chat usually still has it.",reddit:syn-red-0049
reddit,syn-red-0050,2025-02-14T03:46:05,synthetic_user_38793,True,synthetic://reddit/syn-red-0050,Is there a better way to search for stuff like this?,,[],"{""score"": 340, ""num_comments"": 39}",reddit/r/android,"Something that helps: Ask whoever was there, someone in the group chat usually still has it.",reddit:syn-red-0050
reddit,syn-red-0051,2025-11-22T14:02:33,synthetic_user_45360,True,synthetic://reddit/syn-red-0051,How do you find a photo when you only half remember it?,,"[""Check whether the photo was ever backed up. If it was from an old phone it might never have been uploaded."", ""Tip: if location history was on, try the map view and zoom into the area instead of searching the name.""]","{""score"": 541, ""num_comments"": 34}",reddit/r/datahoarder,"On the web version on my laptop. Looking for the picture of my college marksheet. I need it because background verification asked for it. I remember I sent it to some HR at some point. It's a picture of my marksheet. All I remember visually is a certificate with a blue border. I can't remember the date at all. No idea what to search for really. Tried ""2020 certificate"" and got a bunch of pictures that had nothing to do with it. I didn't know what else to try. Tried synonyms like ""certificate"" too. Still haven't found it. Is there a better way to search for stuff like this?",reddit:syn-red-0051
reddit,syn-red-0052,2024-01-08T15:56:53,synthetic_user_83064,True,synthetic://reddit/syn-red-0052,How do you find a photo when you only half remember it?,,"[""Check whether the photo was ever backed up. If it was from an old phone it might never have been uploaded.""]","{""score"": 724, ""num_comments"": 87}",reddit/r/iphone,"I'm trying to find that picture from the trip where we stayed near the beach. I need it because I want to book the same homestay. This was during a long weekend trip. We were at a homestay near a quiet beach when I took it. The location data was probably off. I can't recall where exactly it was. Tried ""beach"" and it popped up near the top. Gave up for the day and tried again the next week. Got it eventually, after about an hour.",reddit:syn-red-0052
reddit,syn-red-0053,2023-08-28T01:07:53,synthetic_user_52020,True,synthetic://reddit/syn-red-0053,How do you find a photo when you only half remember it?,,"[""Check whether the photo was ever backed up. If it was from an old phone it might never have been uploaded."", ""Ask whoever was there, someone in the group chat usually still has it."", ""Use the date jump on the scrollbar, drag to the year and go month by month.""]","{""score"": 717, ""num_comments"": 108}",reddit/r/GooglePixel,"I have over 60,000 photos. Looking for the candid of my cousin laughing during the haldi. I remember someone had just thrown haldi on her. Timing wise it was the morning before the wedding, 2023. It had my cousin in it. I remember yellow everywhere and marigold flowers. I don't remember when exactly. I searched ""girl laughing covered in yellow with marigolds"" and got thousands of results to scroll through. Tried ""haldi"" and it gave me hundreds of photos. I searched ""2023 wedding"" and it gave me hundreds of photos. There are so many almost identical shots from that day that I can't tell which one it is. In the end I texted my friend to send it again. I scrolled for like 40 minutes. I gave up on finding it. Am I doing something wrong?",reddit:syn-red-0053
reddit,syn-red-0054,2026-02-14T23:10:34,synthetic_user_94815,True,synthetic://reddit/syn-red-0054,How do you find a photo when you only half remember it?,,"[""Name the face groups. Searching a person's name works way better than describing them."", ""Search for the thing plus the city, e.g. \""cake bangalore\"", works better than a sentence for me.""]","{""score"": 132, ""num_comments"": 36}",reddit/r/datahoarder,"I've been looking for the picture of the wine label from our anniversary dinner for days. I need it because I want to buy the same wine again. I remember my partner being in it. I can picture a label with a drawing of a bird. I don't remember the exact words on it. No idea what the thing is actually called. Searched for ""wine bottle with bird drawing on label"" and there it was. Tried ""anniversary 2023"" and there it was. I scrolled for like 40 minutes. I jumped to roughly that year with the scrollbar and went month by month. Got it eventually, after about an hour. Any tips?",reddit:syn-red-0054
reddit,syn-red-0055,2025-03-07T03:54:41,synthetic_user_29594,True,synthetic://reddit/syn-red-0055,Is there a better way to search for stuff like this?,,[],"{""score"": 598, ""num_comments"": 95}",reddit/r/iphone,"I've been looking for a shot of the fireworks at the new year party for days. I need it because I wanted to post a throwback. For context, it was just before midnight. Timing wise it was one of the new years, 2019 or 2020. I can picture green fireworks over a swimming pool. I can't remember the date at all. Tried ""fireworks"" but it just showed random photos. Tried ""green fireworks over pool"" and got a bunch of pictures that had nothing to do with it. It took ""fireworks"" literally and ignored everything else. I scrolled for like 40 minutes. Found one that might be it, but I'm not sure it's the same one. Any tips?",reddit:syn-red-0055
reddit,syn-red-0056,2023-07-09T13:50:53,synthetic_user_20029,True,synthetic://reddit/syn-red-0056,Search can't find a picture of the site inspection issue,,[],"{""score"": 146, ""num_comments"": 70}",reddit/r/iphone,"I'm trying to find a picture of the site inspection issue. All I remember visually is a rusty pipe with a yellow tag. It was a few months back. I remember I took it for the report and never sent it. It was taken at the client's warehouse. I don't know what it's called. Tried ""rusty pipe with yellow tag at warehouse"" and got no results. Searched for ""pipe"" and got no results. I think it's on my old phone and never got backed up. Ended up scrolling back through years of photos. Finally found it after two evenings.",reddit:syn-red-0056
reddit,syn-red-0057,2024-04-28T23:15:19,synthetic_user_13128,True,synthetic://reddit/syn-red-0057,Lost a shot of the fireworks at the new year party somewhere in 40k photos,,"[""Use the date jump on the scrollbar, drag to the year and go month by month.""]","{""score"": 864, ""num_comments"": 40}",reddit/r/iphone,"On photos.google.com from my PC. I've been looking for a shot of the fireworks at the new year party for days. It's from the new year party at the club. I remember it was just before midnight. Not sure which month or year, honestly. I typed ""fireworks"" in search and nothing came up. It just doesn't show up in search even though I know it's there. I jumped to roughly that year with the scrollbar and went month by month. Never found it.",reddit:syn-red-0057
reddit,syn-red-0058,2026-07-02T07:30:00,synthetic_user_37363,True,synthetic://reddit/syn-red-0058,Is there a better way to search for stuff like this?,,"[""If it was a screenshot, open the Screenshots category first and then scroll by month.""]","{""score"": 319, ""num_comments"": 50}",reddit/r/datahoarder,"Does anyone know how to find the photo of the street where we got lost? I can picture yellow tiles on the walls and a tram line. I remember my husband being in it. It's from our honeymoon. It was on the third or fourth day of the trip. No clue what the place was called. Tried ""lisbon"" and it popped up near the top. Searched for ""narrow street with yellow tiles and tram"" and there it was. Searched for ""street"" and there it was. I went through the map view hoping to spot it. I jumped to roughly that year with the scrollbar and went month by month. Finally found it after way too long.",reddit:syn-red-0058
reddit,syn-red-0059,2024-07-11T05:00:01,synthetic_user_27801,True,synthetic://reddit/syn-red-0059,Search can't find the photo of the stage when they announced the results,,"[""Search by year first, like \""2019\"", then scroll within that. Much faster than scrolling from today."", ""Search for the thing plus the city, e.g. \""cake bangalore\"", works better than a sentence for me.""]","{""score"": 185, ""num_comments"": 54}",reddit/r/googlephotos,"On my Pixel. Does anyone know how to find the photo of the stage when they announced the results? I need it now because I need it for my portfolio. I can picture purple lights and a big screen with my name. It had my team in it. For context, I was holding a trophy. I don't remember when exactly. I typed ""awards december"" in search and it gave me hundreds of photos. Tried ""award"" and got thousands of results to scroll through. All the results look the same as tiny thumbnails. I jumped to roughly that year with the scrollbar and went month by month. I went through the face group for that person too. Still haven't found it. Am I doing something wrong?",reddit:syn-red-0059
reddit,syn-red-0060,2025-02-03T02:06:19,synthetic_user_25208,True,synthetic://reddit/syn-red-0060,Is there a better way to search for stuff like this?,,"[""If it was a screenshot, open the Screenshots category first and then scroll by month."", ""Tip: if location history was on, try the map view and zoom into the area instead of searching the name."", ""Check whether the photo was ever backed up. If it was from an old phone it might never have been uploaded.""]","{""score"": 43, ""num_comments"": 10}",reddit/r/datahoarder,"On my Samsung. I've been looking for the photo of us at the football match for days. I need it because reunion group chat asked for it. I remember my school friends being in it. Timing wise it was some time after school ended. All I remember visually is all of us with painted faces. I don't even remember what the event was called. I searched ""stadium"" and nothing came up. It came from my old phone and I'm not sure it ever got backed up. I went through the face group for that person too. Never found it. Is there a better way to search for stuff like this?",reddit:syn-red-0060
reddit,syn-red-0061,2023-11-01T18:40:56,synthetic_user_69238,True,synthetic://reddit/syn-red-0061,Can't find an old photo. Any tips?,,"[""Name the face groups. Searching a person's name works way better than describing them.""]","{""score"": 130, ""num_comments"": 38}",reddit/r/GooglePixel,"Couldn't find the group photo from the night we all stayed up on the terrace anywhere, then realised it was on my old phone and never got backed up.",reddit:syn-red-0061
reddit,syn-red-0062,2024-09-08T19:50:50,synthetic_user_3305,True,synthetic://reddit/syn-red-0062,How do you find a photo when you only half remember it?,,[],"{""score"": 210, ""num_comments"": 109}",reddit/r/datahoarder,"I've been looking for the family photo from Diwali where everyone is wearing white for days. I need it because my aunt asked me to send it. We were at my aunt's house when I took it. I can picture everyone in white kurtas with diyas in front. It was for Diwali. I have no idea what year it was. I typed ""diwali"" in search and got no results. Searched for ""diwali 2018"" and nothing came up. The photo is definitely in my library but search never shows it. I scrolled for like 40 minutes. I went through the face group for that person too. Found one that might be it, but I'm not sure it's the same one. Is there a better way to search for stuff like this?",reddit:syn-red-0062
reddit,syn-red-0063,2025-11-02T03:48:01,synthetic_user_65326,True,synthetic://reddit/syn-red-0063,Lost a shot of the fireworks at the new year party somewhere in 40k photos,,"[""Ask whoever was there, someone in the group chat usually still has it.""]","{""score"": 790, ""num_comments"": 62}",reddit/r/googlephotos,"Does anyone know how to find a shot of the fireworks at the new year party? I need it because I wanted to post a throwback. It's from the new year party at the club. For context, it was just before midnight. I have no idea what year it was. Tried ""fireworks"" and there it was. Tried ""green fireworks over pool"" and there it was. I jumped to roughly that year with the scrollbar and went month by month. I scrolled for like 40 minutes. Got it eventually, after about an hour.",reddit:syn-red-0063
reddit,syn-red-0064,2023-10-21T20:12:04,synthetic_user_89303,True,synthetic://reddit/syn-red-0064,Lost the video of my mom singing at the dinner table somewhere in 40k photos,,"[""Tip: if location history was on, try the map view and zoom into the area instead of searching the name.""]","{""score"": 353, ""num_comments"": 71}",reddit/r/datahoarder,"Looking for the video of my mom singing at the dinner table. I remember my mom being in it. It was some Sunday a couple of years ago. It was while singing an old song. I have no idea what year it was. I searched ""mom singing"" and nothing came up. Tried ""video of mom singing at dinner"" and nothing came up. The photo is definitely in my library but search never shows it. I jumped to roughly that year with the scrollbar and went month by month. I scrolled for like 40 minutes. Got it eventually, after two evenings.",reddit:syn-red-0064
reddit,syn-red-0065,2023-02-04T11:46:23,synthetic_user_94567,True,synthetic://reddit/syn-red-0065,Lost the photo of the parking spot sign somewhere in 40k photos,,"[""Try searching for something visible in the photo instead of what happened, like \""stage\"" or \""cake\""."", ""Search by year first, like \""2019\"", then scroll within that. Much faster than scrolling from today."", ""Check whether the photo was ever backed up. If it was from an old phone it might never have been uploaded.""]","{""score"": 38, ""num_comments"": 30}",reddit/r/datahoarder,"Looking for the photo of the parking spot sign. All I remember visually is a green pillar with a letter and number. It had the level and bay number on it. I can't recall what it said exactly. Tried ""parking"" and got thousands of results to scroll through. Searched for ""parking pillar sign"" and it gave me hundreds of photos. Tried ""parking"" and got thousands of results to scroll through. I have hundreds of similar shots and can't tell which one it was. I scrolled for like 40 minutes. I kept retyping different searches. I gave up on finding it. Any tips?",reddit:syn-red-0065
reddit,syn-red-0066,2023-11-06T01:52:12,synthetic_user_93029,True,synthetic://reddit/syn-red-0066,Lost an old photo somewhere in 40k photos,,"[""Tip: if location history was on, try the map view and zoom into the area instead of searching the name."", ""If it was a screenshot, open the Screenshots category first and then scroll by month.""]","{""score"": 857, ""num_comments"": 85}",reddit/r/iphone,"Something that helps: Tip: if location history was on, try the map view and zoom into the area instead of searching the name.",reddit:syn-red-0066
reddit,syn-red-0067,2024-04-13T16:00:08,synthetic_user_44907,True,synthetic://reddit/syn-red-0067,Search can't find the family photo from Diwali where everyone is wearing white,,[],"{""score"": 451, ""num_comments"": 78}",reddit/r/android,"I'm trying to find the family photo from Diwali where everyone is wearing white. I need it now because my aunt asked me to send it. I remember everyone in white kurtas with diyas in front. It was one of the Diwalis between 2017 and 2020. It was taken on Diwali. We were at my aunt's house when I took it. I can't remember the date at all. Searched for ""diwali 2018"" and nothing came up. I just didn't know how to describe it in a way search would get. I jumped to roughly that year with the scrollbar and went month by month. I found a similar one but not the exact photo I wanted. Is there a better way to search for stuff like this?",reddit:syn-red-0067
reddit,syn-red-0068,2025-11-26T12:02:18,synthetic_user_95243,True,synthetic://reddit/syn-red-0068,Search can't find an old photo,,[],"{""score"": 114, ""num_comments"": 32}",reddit/r/googlephotos,"Thought search was broken but that picture from the trip where we stayed near the beach was in my partner's library, not mine.",reddit:syn-red-0068
reddit,syn-red-0069,2023-12-28T19:07:38,synthetic_user_43715,True,synthetic://reddit/syn-red-0069,Search can't find the candid of my cousin laughing during the haldi,,"[""Try searching for something visible in the photo instead of what happened, like \""stage\"" or \""cake\"".""]","{""score"": 369, ""num_comments"": 89}",reddit/r/datahoarder,"On Android. Does anyone know how to find the candid of my cousin laughing during the haldi? I need it now because she wants it for her album. For context, someone had just thrown haldi on her. All I remember visually is yellow everywhere and marigold flowers. It was at my cousin's haldi. It had my cousin in it. I don't remember when exactly. Searched for ""girl laughing covered in yellow with marigolds"" and it gave me hundreds of photos. I typed ""haldi"" in search and it gave me hundreds of photos. I typed ""2023 wedding"" in search and got thousands of results to scroll through. All the results look the same as tiny thumbnails. In the end I texted my friend to send it again. I scrolled for like 40 minutes. I gave up on finding it. Is there a better way to search for stuff like this?",reddit:syn-red-0069
reddit,syn-red-0070,2025-12-14T21:44:43,synthetic_user_27114,True,synthetic://reddit/syn-red-0070,How do you find a photo when you only half remember it?,,"[""Search for the thing plus the city, e.g. \""cake bangalore\"", works better than a sentence for me."", ""You can search text inside photos sometimes, but it only works if the words are clear in the image.""]","{""score"": 3, ""num_comments"": 86}",reddit/r/GooglePixel,"From experience, Search for the thing plus the city, e.g. ""cake bangalore"", works better than a sentence for me.",reddit:syn-red-0070
reddit,syn-red-0071,2024-02-12T22:02:25,synthetic_user_84272,True,synthetic://reddit/syn-red-0071,Search can't find the screenshot of the train booking confirmation,,"[""Use the date jump on the scrollbar, drag to the year and go month by month."", ""Search by year first, like \""2019\"", then scroll within that. Much faster than scrolling from today.""]","{""score"": 240, ""num_comments"": 99}",reddit/r/iphone,"Does anyone know how to find the screenshot of the train booking confirmation? I can picture a white screen with a green tick. It was last month. I don't remember the exact words on it. I searched ""ticket"" and got no results. Tried ""pnr"" and got a bunch of pictures that had nothing to do with it. Searched for ""train ticket booking confirmation screenshot"" and nothing came up. I know exactly what it looks like but can't put it into search words. I kept retyping different searches. I scrolled for like 40 minutes. Got it eventually, after about an hour. Am I doing something wrong?",reddit:syn-red-0071
reddit,syn-red-0072,2024-12-17T20:54:47,synthetic_user_24471,True,synthetic://reddit/syn-red-0072,Search can't find an old photo,,"[""If it was a screenshot, open the Screenshots category first and then scroll by month."", ""Try searching for something visible in the photo instead of what happened, like \""stage\"" or \""cake\"".""]","{""score"": 887, ""num_comments"": 80}",reddit/r/datahoarder,Found a picture of the waterfall we hiked to by searching the person's face and then scrolling a bit. Took two minutes.,reddit:syn-red-0072
reddit,syn-red-0073,2024-08-27T06:32:23,synthetic_user_75671,True,synthetic://reddit/syn-red-0073,Is there a better way to search for stuff like this?,,"[""Tip: if location history was on, try the map view and zoom into the area instead of searching the name.""]","{""score"": 248, ""num_comments"": 47}",reddit/r/googlephotos,"The search is fine if you know exactly what you want, but not when you only half remember it.",reddit:syn-red-0073
reddit,syn-red-0074,2024-10-25T20:06:06,synthetic_user_31473,True,synthetic://reddit/syn-red-0074,Can't find the photo of my son's vaccination card. Any tips?,,"[""Use the date jump on the scrollbar, drag to the year and go month by month."", ""Ask whoever was there, someone in the group chat usually still has it.""]","{""score"": 886, ""num_comments"": 95}",reddit/r/iphone,"Looking for the photo of my son's vaccination card. I need it because school admission needs it. I remember the doctor asked us to keep a copy. It had the dates of the last booster on it. I can't recall what it said exactly. No idea what the thing is actually called. I typed ""vaccination"" in search and got no results. Tried ""vaccine"" and got no results. Searched for ""baby vaccination card pink"" and got no results. The text in the photo doesn't seem to be searchable. I checked my Gmail in case I had sent it to someone. Still haven't found it. How do you all deal with this?",reddit:syn-red-0074
reddit,syn-red-0075,2024-07-14T05:01:24,synthetic_user_9216,True,synthetic://reddit/syn-red-0075,How do you find a photo when you only half remember it?,,"[""Tip: if location history was on, try the map view and zoom into the area instead of searching the name."", ""Use the date jump on the scrollbar, drag to the year and go month by month."", ""You can search text inside photos sometimes, but it only works if the words are clear in the image.""]","{""score"": 568, ""num_comments"": 117}",reddit/r/googlephotos,"I'm trying to find the photo of my first tattoo right after I got it. I need it now because the artist asked for a before picture. The photo shows a tattoo. Timing wise it was a few years back. I remember a small wave design on my wrist, all red around it. I remember it was still covered with cling film. I don't remember when exactly. Tried ""tattoo"" and got a bunch of pictures that had nothing to do with it. I searched ""fresh wave tattoo on wrist"" and got a bunch of pictures that had nothing to do with it. I typed ""tattoo"" in search but it just showed random photos. It doesn't understand what I'm describing at all. I even googled how to search Google Photos better. I jumped to roughly that year with the scrollbar and went month by month. Never found it. Am I doing something wrong?",reddit:syn-red-0075
reddit,syn-red-0076,2023-09-16T22:42:01,synthetic_user_59066,True,synthetic://reddit/syn-red-0076,Is there a better way to search for stuff like this?,,"[""Tip: if location history was on, try the map view and zoom into the area instead of searching the name."", ""Ask whoever was there, someone in the group chat usually still has it.""]","{""score"": 566, ""num_comments"": 108}",reddit/r/android,"I'm trying to find the photo of my son's vaccination card. I remember the doctor asked us to keep a copy. It's a picture of the vaccination card. It had the dates of the last booster on it. It was when he was a baby. I don't remember the exact words on it. Searched for ""vaccine"" and got a bunch of pictures that had nothing to do with it. I searched ""vaccination"" and nothing came up. How do you even search for something like that? I checked my Gmail in case I had sent it to someone. Tried synonyms like ""immunisation"" too. Found one that might be it, but I'm not sure it's the same one. Is there a better way to search for stuff like this?",reddit:syn-red-0076
reddit,syn-red-0077,2024-11-29T00:51:06,synthetic_user_52600,True,synthetic://reddit/syn-red-0077,Can't find the photo of the bill I took sometime last summer. Any tips?,,[],"{""score"": 541, ""num_comments"": 53}",reddit/r/iphone,"Does anyone know how to find the photo of the bill I took sometime last summer? I need it now because a friend still hasn't paid me back and disputes the amount. It had the total and the GST number on it. For context, we were splitting it between six people. All I remember visually is a long crumpled receipt. I can't recall what it said exactly. Searched for ""restaurant bill split between friends"" and there it was. I searched ""june bill"" and it popped up near the top. Tried ""bill"" and it popped up near the top. I kept retyping different searches. Finally found it after two evenings. Am I doing something wrong?",reddit:syn-red-0077
reddit,syn-red-0078,2024-06-12T12:03:41,synthetic_user_33223,True,synthetic://reddit/syn-red-0078,Can't find the photo of us at the football match. Any tips?,,"[""Search for the thing plus the city, e.g. \""cake bangalore\"", works better than a sentence for me."", ""Check whether the photo was ever backed up. If it was from an old phone it might never have been uploaded.""]","{""score"": 75, ""num_comments"": 73}",reddit/r/googlephotos,"I have 12 years of photos in there. Looking for the photo of us at the football match. I need it now because reunion group chat asked for it. I remember my school friends being in it. It's from the derby match. I remember all of us with painted faces. Timing wise it was some time after school ended. I can't recall the name of the event. Not sure which month or year, honestly. I typed ""stadium"" in search and nothing came up. I searched ""friends with painted faces at football match"" but it just showed random photos. I typed ""football"" in search and nothing came up. How do you even search for something like that? In the end I texted my friend to send it again. Got it eventually, after three days.",reddit:syn-red-0078
reddit,syn-red-0079,2024-12-10T15:09:36,synthetic_user_3213,True,synthetic://reddit/syn-red-0079,Anyone else?,,[],"{""score"": 377, ""num_comments"": 6}",reddit/r/iphone,Printing service delivery took two weeks. Face grouping merged my twin daughters into one person lol.,reddit:syn-red-0079
reddit,syn-red-0080,2023-01-06T03:21:48,synthetic_user_93481,True,synthetic://reddit/syn-red-0080,How do you find a photo when you only half remember it?,,"[""Ask whoever was there, someone in the group chat usually still has it."", ""Try searching for something visible in the photo instead of what happened, like \""stage\"" or \""cake\"".""]","{""score"": 732, ""num_comments"": 0}",reddit/r/GooglePixel,"A lot of my photos come from shared albums. Looking for the photo of the warranty card for the washing machine. For context, I photographed it right after installation. I remember it showed the serial number. The photo shows the warranty card. All I remember visually is a small card taped to the invoice. I can't recall what it said exactly. I searched ""warranty 2024"" and nothing came up. Searched for ""warranty"" and got no results. The text on the bill isn't searchable as far as I can tell. I checked my Gmail in case I had sent it to someone. Never found it.",reddit:syn-red-0080
reddit,syn-red-0081,2024-10-17T00:40:28,synthetic_user_7898,True,synthetic://reddit/syn-red-0081,Search can't find an old photo,,"[""If it was a screenshot, open the Screenshots category first and then scroll by month.""]","{""score"": 603, ""num_comments"": 13}",reddit/r/datahoarder,"Didn't remember anything except the puppy running circles around him, searched for that and it showed up. Impressed.",reddit:syn-red-0081
reddit,syn-red-0082,2023-06-21T22:16:38,synthetic_user_88620,True,synthetic://reddit/syn-red-0082,Lost the video of my dog meeting the new puppy somewhere in 40k photos,,"[""Try searching for something visible in the photo instead of what happened, like \""stage\"" or \""cake\""."", ""Name the face groups. Searching a person's name works way better than describing them."", ""Ask whoever was there, someone in the group chat usually still has it.""]","{""score"": 191, ""num_comments"": 119}",reddit/r/datahoarder,"My wife and I share a partner library. I've been looking for the video of my dog meeting the new puppy for days. I need it because our old dog passed away last week. It had our old dog in it. I know it was in our backyard. Not sure which month or year, honestly. I searched ""2020 video"" and there it was. Tried synonyms like ""puppy"" too. I kept retyping different searches. Got it eventually, after two evenings. How do you all deal with this?",reddit:syn-red-0082
reddit,syn-red-0083,2026-05-13T20:16:18,synthetic_user_20940,True,synthetic://reddit/syn-red-0083,Search can't find an old photo,,"[""Use the date jump on the scrollbar, drag to the year and go month by month.""]","{""score"": 646, ""num_comments"": 104}",reddit/r/iphone,Spent an hour looking for the picture of my college marksheet and it turns out I had deleted it years ago. Not the app's fault.,reddit:syn-red-0083
reddit,syn-red-0084,2025-03-12T18:20:02,synthetic_user_64825,True,synthetic://reddit/syn-red-0084,Is there a better way to search for stuff like this?,,"[""If it was a screenshot, open the Screenshots category first and then scroll by month.""]","{""score"": 234, ""num_comments"": 44}",reddit/r/datahoarder,"I remember photos by who I was with and what we were doing, not by where the GPS says I was.",reddit:syn-red-0084
reddit,syn-red-0085,2024-05-26T11:40:37,synthetic_user_97548,True,synthetic://reddit/syn-red-0085,Can't find a photo of the bookshelf I wanted to build. Any tips?,,"[""Tip: if location history was on, try the map view and zoom into the area instead of searching the name."", ""Search by year first, like \""2019\"", then scroll within that. Much faster than scrolling from today.""]","{""score"": 26, ""num_comments"": 99}",reddit/r/googlephotos,"I've been looking for a photo of the bookshelf I wanted to build for days. I need it because the carpenter is coming tomorrow. I remember my friend being in it. All I remember visually is wooden shelves shaped like a hexagon. Not sure which month or year, honestly. Tried ""shelf"" and got a bunch of pictures that had nothing to do with it. It took ""shelf"" literally and ignored everything else. I went through the face group for that person too. I jumped to roughly that year with the scrollbar and went month by month. Finally found it after about an hour.",reddit:syn-red-0085
reddit,syn-red-0086,2024-12-30T00:36:08,synthetic_user_83208,True,synthetic://reddit/syn-red-0086,Quick question,,"[""Try searching for something visible in the photo instead of what happened, like \""stage\"" or \""cake\""."", ""Tip: if location history was on, try the map view and zoom into the area instead of searching the name."", ""Use the date jump on the scrollbar, drag to the year and go month by month.""]","{""score"": 851, ""num_comments"": 106}",reddit/r/android,"Two things. Syncing between my two phones is inconsistent. Deleted photos don't free up space on the phone, confusing.",reddit:syn-red-0086
reddit,syn-red-0087,2026-04-04T06:01:13,synthetic_user_69397,True,synthetic://reddit/syn-red-0087,How do you find a photo when you only half remember it?,,"[""If it was a screenshot, open the Screenshots category first and then scroll by month.""]","{""score"": 179, ""num_comments"": 41}",reddit/r/googlephotos,"I've used Google Photos since it launched. I've been looking for the screenshot of the train booking confirmation for days. I remember it showed the PNR number. I remember the email never came so I screenshotted the app. It was last month. I can't recall what it said exactly. Tried ""train ticket booking confirmation screenshot"" and got a bunch of pictures that had nothing to do with it. I just didn't know how to describe it in a way search would get. Eventually I searched my WhatsApp chats instead. Never found it. Any tips?",reddit:syn-red-0087
reddit,syn-red-0088,2023-06-29T22:25:10,synthetic_user_4202,True,synthetic://reddit/syn-red-0088,How do you find a photo when you only half remember it?,,"[""Use the date jump on the scrollbar, drag to the year and go month by month.""]","{""score"": 579, ""num_comments"": 53}",reddit/r/googlephotos,"I'm trying to find a short video of the band at the pub. I can picture red lights and the singer with a violin. Timing wise it was one weekend, maybe 2022. I don't know what it's called. I typed ""video of band with violin red lights pub"" in search and got no results. Searched for ""band"" and got no results. I searched ""friday 2022"" and nothing came up. Screen recordings don't seem to be indexed at all. I jumped to roughly that year with the scrollbar and went month by month. Found one that might be it, but I'm not sure it's the same one. Is there a better way to search for stuff like this?",reddit:syn-red-0088
reddit,syn-red-0089,2023-01-06T09:27:56,synthetic_user_89868,True,synthetic://reddit/syn-red-0089,How do you find a photo when you only half remember it?,,"[""You can search text inside photos sometimes, but it only works if the words are clear in the image."", ""Check whether the photo was ever backed up. If it was from an old phone it might never have been uploaded."", ""Search for the thing plus the city, e.g. \""cake bangalore\"", works better than a sentence for me.""]","{""score"": 332, ""num_comments"": 18}",reddit/r/iphone,"On the web version on my laptop. Looking for the photo with the bride and my grandmother. I need it now because grandma wants a print. I remember my grandmother and my sister-in-law being in it. All I remember visually is grandma in a green saree sitting on the stage. It was reception night. I'm not sure if I ever put it in an album. I have no idea what year it was. I searched ""reception"" and nothing came up. I think it's in a shared album someone else made, not my library. I asked my sister if she still had it. I checked all my albums one by one. Still haven't found it. Is there a better way to search for stuff like this?",reddit:syn-red-0089
reddit,syn-red-0090,2023-12-18T16:10:38,synthetic_user_45384,True,synthetic://reddit/syn-red-0090,Is there a better way to search for stuff like this?,,"[""You can search text inside photos sometimes, but it only works if the words are clear in the image."", ""If it was a screenshot, open the Screenshots category first and then scroll by month."", ""Use the date jump on the scrollbar, drag to the year and go month by month.""]","{""score"": 415, ""num_comments"": 73}",reddit/r/GooglePixel,"My wife and I share a partner library. I'm trying to find a sunset photo from the hotel balcony. Timing wise it was in summer, I'm not sure which year. All I remember visually is an orange sky and a red railing in the corner. I remember my wife being in it. It was taken at the hotel near the lake. I don't remember when exactly. Searched for ""switzerland july"" but it just showed random photos. How do you even search for something like that? I jumped to roughly that year with the scrollbar and went month by month. Found one that might be it, but I'm not sure it's the same one. Any tips?",reddit:syn-red-0090
reddit,syn-red-0091,2025-12-20T00:38:56,synthetic_user_3490,True,synthetic://reddit/syn-red-0091,Is there a better way to search for stuff like this?,,[],"{""score"": 108, ""num_comments"": 98}",reddit/r/android,"On the web version on my laptop. Looking for the picture of the wine label from our anniversary dinner. I need it because I want to buy the same wine again. It had my partner in it. All I remember visually is a label with a drawing of a bird. I don't know what it's called. I don't remember the exact words on it. Searched for ""wine"" but it just showed random photos. It took ""wine"" literally and ignored everything else. I checked all my albums one by one. I jumped to roughly that year with the scrollbar and went month by month. I found a similar one but not the exact photo I wanted. Any tips?",reddit:syn-red-0091
reddit,syn-red-0092,2025-02-05T14:24:11,synthetic_user_74087,True,synthetic://reddit/syn-red-0092,Is there a better way to search for stuff like this?,,"[""Search for the thing plus the city, e.g. \""cake bangalore\"", works better than a sentence for me.""]","{""score"": 735, ""num_comments"": 102}",reddit/r/datahoarder,"Didn't remember anything except a disco ball and me in a pink lehenga, searched for that and it showed up. Impressed.",reddit:syn-red-0092
reddit,syn-red-0093,2025-10-21T10:05:15,synthetic_user_69482,True,synthetic://reddit/syn-red-0093,Is there a better way to search for stuff like this?,,"[""Ask whoever was there, someone in the group chat usually still has it.""]","{""score"": 19, ""num_comments"": 80}",reddit/r/datahoarder,"I'm trying to find the picture of the medicine I took when I was sick last year. I need it now because I'm sick again and want the same medicine. I can picture a silver strip with orange tablets. For context, the doctor prescribed it when I had that bad fever. The photo shows a strip of tablets. I can't recall what it said exactly. No idea what the thing is actually called. Searched for ""fever medicine"" and got no results. Searched for ""medicine strip orange tablets"" and nothing came up. I typed ""medicine"" in search and nothing came up. It just doesn't show up in search even though I know it's there. I scrolled for like 40 minutes. Tried synonyms like ""tablets"" too. Never found it. Am I doing something wrong?",reddit:syn-red-0093
reddit,syn-red-0094,2025-09-24T19:56:17,synthetic_user_15148,True,synthetic://reddit/syn-red-0094,Can't find the picture of the pharmacy receipt. Any tips?,,"[""Search for the thing plus the city, e.g. \""cake bangalore\"", works better than a sentence for me."", ""You can search text inside photos sometimes, but it only works if the words are clear in the image."", ""Search by year first, like \""2019\"", then scroll within that. Much faster than scrolling from today.""]","{""score"": 121, ""num_comments"": 98}",reddit/r/datahoarder,"On iOS. Looking for the picture of the pharmacy receipt. I need it now because the insurance claim deadline is this week. I remember thermal paper that was already fading. Timing wise it was around when I was sick last year. I remember I needed it for insurance reimbursement. I can't remember the date at all. I can't recall what it said exactly. I typed ""receipt"" in search and got thousands of results to scroll through. I typed ""pharmacy"" in search and got thousands of results to scroll through. Tried ""pharmacy medicine bill"" and got thousands of results to scroll through. I have hundreds of similar shots and can't tell which one it was. I checked my Gmail in case I had sent it to someone. Eventually I just gave up. Is there a better way to search for stuff like this?",reddit:syn-red-0094
reddit,syn-red-0095,2025-11-14T21:12:38,synthetic_user_60321,True,synthetic://reddit/syn-red-0095,Can't find the photo of the notes a friend shared before exams. Any tips?,,"[""If it was a screenshot, open the Screenshots category first and then scroll by month.""]","{""score"": 736, ""num_comments"": 100}",reddit/r/datahoarder,"On Android. Looking for the photo of the notes a friend shared before exams. I need it because my younger brother needs them now. It's a picture of handwritten notes. Timing wise it was final semester. It had a classmate in it. Not sure which month or year, honestly. I don't remember the exact words on it. Tried ""handwritten thermodynamics notes"" and got no results. The photo is definitely in my library but search never shows it. Tried synonyms like ""study notes"" too. Ended up scrolling back through years of photos. I found a similar one but not the exact photo I wanted. Is there a better way to search for stuff like this?",reddit:syn-red-0095
reddit,syn-red-0096,2024-04-11T08:34:01,synthetic_user_6249,True,synthetic://reddit/syn-red-0096,Can't find the photo of my car's insurance papers. Any tips?,,"[""Search for the thing plus the city, e.g. \""cake bangalore\"", works better than a sentence for me."", ""Check whether the photo was ever backed up. If it was from an old phone it might never have been uploaded."", ""Search by year first, like \""2019\"", then scroll within that. Much faster than scrolling from today.""]","{""score"": 734, ""num_comments"": 89}",reddit/r/googlephotos,"I've used Google Photos since it launched. Looking for the photo of my car's insurance papers. I need it because I had an accident and need the policy number. The photo shows the insurance papers. It was last year sometime. I remember a folded paper on the dashboard. I don't remember when exactly. Tried ""car insurance paper on dashboard"" but it just showed random photos. Searched for ""insurance"" and nothing came up. How do you even search for something like that? I checked my Gmail in case I had sent it to someone. Tried synonyms like ""policy"" too. Still haven't found it. Am I doing something wrong?",reddit:syn-red-0096
reddit,syn-red-0097,2023-12-26T09:32:42,synthetic_user_75208,True,synthetic://reddit/syn-red-0097,Can't find a picture of the waterfall we hiked to. Any tips?,,[],"{""score"": 812, ""num_comments"": 43}",reddit/r/GooglePixel,"I search in Photos pretty much every day. Looking for a picture of the waterfall we hiked to. I need it because my cousin asked for it for a reunion slideshow. Timing wise it was during monsoon, around 2020. I know it was a couple of hours from the homestay. I have no idea what year it was. No clue what the place was called. Tried ""waterfall"" and there it was. Tried ""waterfall with people in raincoats and mist"" and there it was. I went through the map view hoping to spot it. Finally found it after about an hour. Am I doing something wrong?",reddit:syn-red-0097
reddit,syn-red-0098,2026-05-31T00:12:51,synthetic_user_23776,True,synthetic://reddit/syn-red-0098,How do you find a photo when you only half remember it?,,"[""Search for the thing plus the city, e.g. \""cake bangalore\"", works better than a sentence for me."", ""Use the date jump on the scrollbar, drag to the year and go month by month."", ""Tip: if location history was on, try the map view and zoom into the area instead of searching the name.""]","{""score"": 117, ""num_comments"": 12}",reddit/r/android,"What worked for me: Search for the thing plus the city, e.g. ""cake bangalore"", works better than a sentence for me.",reddit:syn-red-0098
reddit,syn-red-0099,2023-08-07T10:30:45,synthetic_user_32882,True,synthetic://reddit/syn-red-0099,Is there a better way to search for stuff like this?,,"[""Check whether the photo was ever backed up. If it was from an old phone it might never have been uploaded."", ""Ask whoever was there, someone in the group chat usually still has it."", ""Tip: if location history was on, try the map view and zoom into the area instead of searching the name.""]","{""score"": 595, ""num_comments"": 116}",reddit/r/datahoarder,Spent an hour looking for the photo of my son's first steps and it turns out I had deleted it years ago. Not the app's fault.,reddit:syn-red-0099
reddit,syn-red-0100,2023-04-29T13:25:02,synthetic_user_88909,True,synthetic://reddit/syn-red-0100,Lost an old photo somewhere in 40k photos,,"[""Use the date jump on the scrollbar, drag to the year and go month by month."", ""Name the face groups. Searching a person's name works way better than describing them."", ""Try searching for something visible in the photo instead of what happened, like \""stage\"" or \""cake\"".""]","{""score"": 54, ""num_comments"": 74}",reddit/r/datahoarder,"I remember photos by who I was with and what we were doing, not by where the GPS says I was.",reddit:syn-red-0100
reddit,syn-red-0101,2025-08-27T00:27:24,synthetic_user_93449,True,synthetic://reddit/syn-red-0101,Can't find an old photo. Any tips?,,"[""Check whether the photo was ever backed up. If it was from an old phone it might never have been uploaded."", ""Search for the thing plus the city, e.g. \""cake bangalore\"", works better than a sentence for me.""]","{""score"": 614, ""num_comments"": 63}",reddit/r/GooglePixel,"Pro tip: Use the date jump on the scrollbar, drag to the year and go month by month.",reddit:syn-red-0101
reddit,syn-red-0102,2024-04-15T03:14:49,synthetic_user_89222,True,synthetic://reddit/syn-red-0102,Can't find the photo of the parking spot sign. Any tips?,,[],"{""score"": 223, ""num_comments"": 66}",reddit/r/android,"I've been looking for the photo of the parking spot sign for days. I need it now because I got a parking fine and need to prove where I was. I know it was in a multi-level parking. It was a few weeks ago. For context, I took it so I'd remember where I parked. All I remember visually is a green pillar with a letter and number. I can't recall what it said exactly. I searched ""parking pillar sign"" and nothing came up. The location data was probably off so there's nothing to go on. I jumped to roughly that year with the scrollbar and went month by month. I kept retyping different searches. Never found it. How do you all deal with this?",reddit:syn-red-0102
reddit,syn-red-0103,2023-10-28T01:36:31,synthetic_user_45194,True,synthetic://reddit/syn-red-0103,Is there a better way to search for stuff like this?,,"[""If it was a screenshot, open the Screenshots category first and then scroll by month.""]","{""score"": 724, ""num_comments"": 107}",reddit/r/googlephotos,"I've been looking for the group photo from the night we all stayed up on the terrace for days. I need it now because one of them is getting married and we're making a video. For context, it was the night before someone moved abroad. It was final year of college, so around 2016. I remember the whole hostel gang being in it. I never knew his name. Not sure which month or year, honestly. Searched for ""terrace"" but it just showed random photos. Searched for ""2016 night"" and nothing came up. How do you even search for something like that? I asked my sister if she still had it. Still haven't found it. Any tips?",reddit:syn-red-0103
reddit,syn-red-0104,2024-07-04T16:52:27,synthetic_user_54012,True,synthetic://reddit/syn-red-0104,How do you find a photo when you only half remember it?,,"[""Use the date jump on the scrollbar, drag to the year and go month by month.""]","{""score"": 722, ""num_comments"": 45}",reddit/r/iphone,Spent an hour looking for the photo of my first tattoo right after I got it and it turns out I had deleted it years ago. Not the app's fault.,reddit:syn-red-0104
reddit,syn-red-0105,2026-06-19T16:02:10,synthetic_user_13785,True,synthetic://reddit/syn-red-0105,Is there a better way to search for stuff like this?,,"[""Try searching for something visible in the photo instead of what happened, like \""stage\"" or \""cake\""."", ""Check whether the photo was ever backed up. If it was from an old phone it might never have been uploaded.""]","{""score"": 153, ""num_comments"": 115}",reddit/r/android,"The search is fine if you know exactly what you want, but not when you only half remember it.",reddit:syn-red-0105
reddit,syn-red-0106,2025-09-22T05:25:24,synthetic_user_42037,True,synthetic://reddit/syn-red-0106,Lost the photo I took of my passport page somewhere in 40k photos,,"[""If it was a screenshot, open the Screenshots category first and then scroll by month."", ""Search for the thing plus the city, e.g. \""cake bangalore\"", works better than a sentence for me."", ""Try searching for something visible in the photo instead of what happened, like \""stage\"" or \""cake\"".""]","{""score"": 76, ""num_comments"": 89}",reddit/r/android,"Looking for the photo I took of my passport page. I need it now because I need the number urgently for a booking. I can picture my thumb covering one corner. For context, I took it when applying for a visa. It's a picture of my passport. Timing wise it was two or three years ago. I can't recall what it said exactly. Not sure which month or year, honestly. Tried ""visa 2022"" and got a bunch of pictures that had nothing to do with it. I typed ""passport"" in search and got no results. I just didn't know how to describe it in a way search would get. I scrolled for like 40 minutes. Eventually I searched my WhatsApp chats instead. Found one that might be it, but I'm not sure it's the same one. Any tips?",reddit:syn-red-0106
reddit,syn-red-0107,2023-08-24T20:41:15,synthetic_user_66995,True,synthetic://reddit/syn-red-0107,Lost an old photo somewhere in 40k photos,,"[""Name the face groups. Searching a person's name works way better than describing them.""]","{""score"": 566, ""num_comments"": 83}",reddit/r/datahoarder,"Couldn't find the photo of my car's insurance papers anywhere, then realised it was on my old phone and never got backed up.",reddit:syn-red-0107
reddit,syn-red-0108,2023-03-22T09:20:28,synthetic_user_66695,True,synthetic://reddit/syn-red-0108,Quick question,,"[""Try searching for something visible in the photo instead of what happened, like \""stage\"" or \""cake\""."", ""Ask whoever was there, someone in the group chat usually still has it.""]","{""score"": 876, ""num_comments"": 30}",reddit/r/googlephotos,Two things. Please add a dark mode for the web version.,reddit:syn-red-0108
reddit,syn-red-0109,2025-10-24T04:26:50,synthetic_user_60771,True,synthetic://reddit/syn-red-0109,Search can't find the group photo from the night we all stayed up on the terrace,,[],"{""score"": 738, ""num_comments"": 108}",reddit/r/iphone,"Does anyone know how to find the group photo from the night we all stayed up on the terrace? I need it now because one of them is getting married and we're making a video. I remember the whole hostel gang being in it. I remember fairy lights and everyone squinting because of the flash. For context, it was the night before someone moved abroad. It was taken on my friend's terrace. I can't remember the date at all. I never knew his name. I searched ""2016 night"" and got no results. I typed ""friends on terrace at night with fairy lights"" in search and got no results. It came from my old phone and I'm not sure it ever got backed up. I asked my sister if she still had it. Still haven't found it. Is there a better way to search for stuff like this?",reddit:syn-red-0109
reddit,syn-red-0110,2025-09-12T07:16:48,synthetic_user_38099,True,synthetic://reddit/syn-red-0110,Can't find the photo of the warranty card for the washing machine. Any tips?,,[],"{""score"": 64, ""num_comments"": 59}",reddit/r/android,"Does anyone know how to find the photo of the warranty card for the washing machine? I need it because the machine broke and service wants the warranty. I can picture a small card taped to the invoice. It had the serial number on it. I don't remember the exact words on it. I don't remember when exactly. I searched ""washing machine warranty card"" and got no results. Tried ""warranty"" and got no results. I typed ""warranty 2024"" in search and nothing came up. I didn't know what else to try. I kept retyping different searches. I scrolled for like 40 minutes. Still haven't found it. How do you all deal with this?",reddit:syn-red-0110
reddit,syn-red-0111,2025-11-17T06:55:54,synthetic_user_92240,True,synthetic://reddit/syn-red-0111,Search can't find the photo of the stage when they announced the results,,"[""Check whether the photo was ever backed up. If it was from an old phone it might never have been uploaded.""]","{""score"": 41, ""num_comments"": 44}",reddit/r/android,"Does anyone know how to find the photo of the stage when they announced the results? I need it now because I need it for my portfolio. I remember my team being in it. I remember purple lights and a big screen with my name. I remember I was holding a trophy. It was around the end of the year, 2022 or 2023. Not sure which month or year, honestly. Tried ""award"" and it gave me hundreds of photos. I typed ""awards december"" in search and got thousands of results to scroll through. There are so many almost identical shots from that day that I can't tell which one it is. I scrolled for like 40 minutes. I jumped to roughly that year with the scrollbar and went month by month. Eventually I just gave up. Is there a better way to search for stuff like this?",reddit:syn-red-0111
reddit,syn-red-0112,2026-03-30T09:08:59,synthetic_user_10988,True,synthetic://reddit/syn-red-0112,Lost the screenshot of a chat where my landlord agreed to the repair somewhere in 40k photos,,"[""Search by year first, like \""2019\"", then scroll within that. Much faster than scrolling from today."", ""Check whether the photo was ever backed up. If it was from an old phone it might never have been uploaded."", ""Ask whoever was there, someone in the group chat usually still has it.""]","{""score"": 383, ""num_comments"": 14}",reddit/r/datahoarder,"I've been looking for the screenshot of a chat where my landlord agreed to the repair for days. I need it now because he's now saying he never agreed. Timing wise it was sometime last spring. It had him saying he would pay for it on it. Not sure which month or year, honestly. I searched ""chat screenshot"" and got no results. Searched for ""screenshot of chat with landlord about repair"" and nothing came up. Tried ""whatsapp"" and nothing came up. Text inside screenshots doesn't seem to be searchable. I tried the screenshots category filter as well. I kept retyping different searches. Never found it. Any tips?",reddit:syn-red-0112
reddit,syn-red-0113,2023-05-09T13:35:05,synthetic_user_40763,True,synthetic://reddit/syn-red-0113,Is there a better way to search for stuff like this?,,"[""Tip: if location history was on, try the map view and zoom into the area instead of searching the name."", ""If it was a screenshot, open the Screenshots category first and then scroll by month.""]","{""score"": 884, ""num_comments"": 16}",reddit/r/iphone,Found the picture of the medicine I took when I was sick last year by searching the person's face and then scrolling a bit. Took two minutes.,reddit:syn-red-0113
reddit,syn-red-0114,2024-05-01T13:38:28,synthetic_user_59746,True,synthetic://reddit/syn-red-0114,Lost an old photo somewhere in 40k photos,,[],"{""score"": 877, ""num_comments"": 16}",reddit/r/GooglePixel,"Search for the thing plus the city, e.g. ""cake bangalore"", works better than a sentence for me.",reddit:syn-red-0114
reddit,syn-red-0115,2025-11-15T11:07:20,synthetic_user_25417,True,synthetic://reddit/syn-red-0115,How do you find a photo when you only half remember it?,,"[""Tip: if location history was on, try the map view and zoom into the area instead of searching the name.""]","{""score"": 524, ""num_comments"": 10}",reddit/r/GooglePixel,"Looking for the family photo from Diwali where everyone is wearing white. I need it now because my aunt asked me to send it. Timing wise it was one of the Diwalis between 2017 and 2020. It had the whole extended family in it. I remember everyone in white kurtas with diyas in front. I have no idea what year it was. I typed ""diwali 2018"" in search and nothing came up. It came from my old phone and I'm not sure it ever got backed up. I jumped to roughly that year with the scrollbar and went month by month. Got it eventually, after two evenings. Any tips?",reddit:syn-red-0115
reddit,syn-red-0116,2025-06-11T19:00:36,synthetic_user_23140,True,synthetic://reddit/syn-red-0116,Lost the video of my nephew saying his first word somewhere in 40k photos,,[],"{""score"": 220, ""num_comments"": 106}",reddit/r/datahoarder,"I search in Photos pretty much every day. Does anyone know how to find the video of my nephew saying his first word? Timing wise it was when he was around one. We were at my sister's house when I took it. I remember my nephew being in it. The location data was probably off. I have no idea what year it was. I searched ""screen recording"" and got no results. Screen recordings don't seem to be indexed at all. I went through the map view hoping to spot it. Still haven't found it. Any tips?",reddit:syn-red-0116
reddit,syn-red-0117,2025-06-04T23:49:56,synthetic_user_70724,True,synthetic://reddit/syn-red-0117,Can't find that photo where I was wearing the blue shirt. Any tips?,,[],"{""score"": 247, ""num_comments"": 59}",reddit/r/GooglePixel,"I'm trying to find that photo where I was wearing the blue shirt. I need it now because I need a profile photo for a new job. I know it was at a friend's place, I think. All I remember visually is me in a light blue linen shirt against a white wall. I don't remember the name of the place. Searched for ""me wearing blue shirt white wall"" and there it was. I searched ""blue shirt"" and there it was. I kept retyping different searches. I scrolled for like 40 minutes. Got it eventually, after half an hour of scrolling.",reddit:syn-red-0117
reddit,syn-red-0118,2024-02-18T17:28:27,synthetic_user_18970,True,synthetic://reddit/syn-red-0118,How do you find a photo when you only half remember it?,,"[""Use the date jump on the scrollbar, drag to the year and go month by month."", ""Search for the thing plus the city, e.g. \""cake bangalore\"", works better than a sentence for me.""]","{""score"": 745, ""num_comments"": 30}",reddit/r/GooglePixel,"I'm trying to find the photo of the warranty card for the washing machine. I need it because the machine broke and service wants the warranty. The photo shows the warranty card. I can picture a small card taped to the invoice. I can't remember the date at all. I searched ""warranty"" and got thousands of results to scroll through. I typed ""warranty 2024"" in search and it gave me hundreds of photos. I have hundreds of similar shots and can't tell which one it was. Ended up scrolling back through years of photos. Never found it. How do you all deal with this?",reddit:syn-red-0118
reddit,syn-red-0119,2024-07-10T18:36:30,synthetic_user_42467,True,synthetic://reddit/syn-red-0119,How do you find a photo when you only half remember it?,,"[""Search for the thing plus the city, e.g. \""cake bangalore\"", works better than a sentence for me."", ""If it was a screenshot, open the Screenshots category first and then scroll by month."", ""Search by year first, like \""2019\"", then scroll within that. Much faster than scrolling from today.""]","{""score"": 116, ""num_comments"": 84}",reddit/r/iphone,"I've been looking for a picture of the site inspection issue for days. It was a few months back. I know it was at the client's warehouse. The photo shows a cracked pipe fitting. I don't remember when exactly. I don't know what it's called. Tried ""pipe"" and got no results. I think it's on my old phone and never got backed up. Gave up for the day and tried again the next week. Still haven't found it. Is there a better way to search for stuff like this?",reddit:syn-red-0119
google_photos_community,syn-goo-0000,2026-01-10T07:05:58,synthetic_user_61034,True,synthetic://google_photos_community/syn-goo-0000,Unable to locate a shot of the fireworks at the new year party,Google Photos Help Community > Search & browse,"[""Product Expert: Search for the thing plus the city, e.g. \""cake bangalore\"", works better than a sentence for me.""]","{""same_question"": 51, ""recommended_answer"": false}",google_photos_help_community,"Does anyone know how to find a shot of the fireworks at the new year party? I need it because I wanted to post a throwback. Timing wise it was one of the new years, 2019 or 2020. It's from the new year party at the club. All I remember visually is green fireworks over a swimming pool. I remember it was just before midnight. I have no idea what year it was. Searched for ""31 december"" and it gave me hundreds of photos. Searched for ""green fireworks over pool"" and it gave me hundreds of photos. I typed ""fireworks"" in search and it gave me hundreds of photos. All the results look the same as tiny thumbnails. I jumped to roughly that year with the scrollbar and went month by month. Still haven't found it. Using photos.google.com on Windows.",google_photos_community:syn-goo-0000
google_photos_community,syn-goo-0001,2024-06-18T18:02:26,synthetic_user_20744,True,synthetic://google_photos_community/syn-goo-0001,Unable to locate an old photo,Google Photos Help Community > Search & browse,"[""Product Expert: Search for the thing plus the city, e.g. \""cake bangalore\"", works better than a sentence for me.""]","{""same_question"": 73, ""recommended_answer"": true}",google_photos_help_community,"I don't remember dates, nobody does. Searching by date is useless for old memories. Device: iPhone 14, iOS 18.",google_photos_community:syn-goo-0001
google_photos_community,syn-goo-0002,2023-06-05T01:30:52,synthetic_user_11206,True,synthetic://google_photos_community/syn-goo-0002,Unable to locate the photo of my son's vaccination card,Google Photos Help Community > Search & browse,"[""Product Expert: Try searching for something visible in the photo instead of what happened, like \""stage\"" or \""cake\"".""]","{""same_question"": 41, ""recommended_answer"": false}",google_photos_help_community,"I take a ridiculous number of screenshots. Does anyone know how to find the photo of my son's vaccination card? I need it now because school admission needs it. I remember it showed the dates of the last booster. All I remember visually is a pink card with stamps. For context, the doctor asked us to keep a copy. I can't recall what it said exactly. I don't know what it's called. I searched ""vaccination"" and it popped up near the top. Eventually I searched my WhatsApp chats instead. Tried synonyms like ""immunisation"" too. Got it eventually, after three days. Device: Pixel 8, Android 15.",google_photos_community:syn-goo-0002
google_photos_community,syn-goo-0003,2025-07-22T04:46:56,synthetic_user_70504,True,synthetic://google_photos_community/syn-goo-0003,Unable to locate the photo of the whiteboard from our planning session,Google Photos Help Community > Search & browse,"[""Product Expert: You can search text inside photos sometimes, but it only works if the words are clear in the image."", ""Product Expert: Try searching for something visible in the photo instead of what happened, like \""stage\"" or \""cake\"".""]","{""same_question"": 14, ""recommended_answer"": false}",google_photos_help_community,"Does anyone know how to find the photo of the whiteboard from our planning session? It was taken in the small meeting room. I can picture boxes and arrows in red and blue marker. I can't recall what it said exactly. I have no idea what year it was. I typed ""whiteboard march"" in search and got no results. I searched ""whiteboard with launch timeline"" and nothing came up. I typed ""whiteboard"" in search and got a bunch of pictures that had nothing to do with it. How do you even search for something like that? I checked all my albums one by one. I scrolled for like 40 minutes. Never found it. Using photos.google.com on Windows.",google_photos_community:syn-goo-0003
google_photos_community,syn-goo-0004,2025-08-24T01:41:42,synthetic_user_15850,True,synthetic://google_photos_community/syn-goo-0004,Search not finding a photo I know exists,Google Photos Help Community > Search & browse,"[""Product Expert: Tip: if location history was on, try the map view and zoom into the area instead of searching the name.""]","{""same_question"": 74, ""recommended_answer"": true}",google_photos_help_community,"There are something like 45,000 pictures in my account. Does anyone know how to find the picture of the houseboat we stayed on? I remember my parents being in it. It was taken somewhere in the Kerala backwaters. No clue what the place was called. I don't remember when exactly. I searched ""houseboat"" and nothing came up. I didn't know what else to try. I scrolled for like 40 minutes. I went through the map view hoping to spot it. Never found it. Device: iPhone 14, iOS 18.",google_photos_community:syn-goo-0004
google_photos_community,syn-goo-0005,2025-04-20T11:25:02,synthetic_user_37526,True,synthetic://google_photos_community/syn-goo-0005,Search not finding a photo I know exists,Google Photos Help Community > Search & browse,"[""Product Expert: You can search text inside photos sometimes, but it only works if the words are clear in the image."", ""Product Expert: Ask whoever was there, someone in the group chat usually still has it.""]","{""same_question"": 31, ""recommended_answer"": false}",google_photos_help_community,"Looking for the photo of the rash on my arm. I need it because the rash is back and the doctor wants to compare. Timing wise it was about eight months ago. For context, I took it to show the dermatologist how it looked on day one. I can picture red patches near my elbow. It's a picture of a rash. I don't know what word the app would use for it. Not sure which month or year, honestly. Tried ""red rash on arm"" and nothing came up. I ran out of ideas pretty quickly. Tried synonyms like ""allergy"" too. I checked my Gmail in case I had sent it to someone. Still haven't found it. Device: iPhone 14, iOS 18.",google_photos_community:syn-goo-0005
google_photos_community,syn-goo-0006,2024-10-13T00:15:53,synthetic_user_42999,True,synthetic://google_photos_community/syn-goo-0006,How can I find the photo with the bride and my grandmother when I don't remember the date?,Google Photos Help Community > Search & browse,"[""Product Expert: You can search text inside photos sometimes, but it only works if the words are clear in the image.""]","{""same_question"": 33, ""recommended_answer"": true}",google_photos_help_community,"I've been looking for the photo with the bride and my grandmother for days. I need it now because grandma wants a print. All I remember visually is grandma in a green saree sitting on the stage. Timing wise it was reception night. Not sure which month or year, honestly. I searched ""old lady in green saree with bride on stage"" and nothing came up. I typed ""grandmother"" in search and got no results. Searched for ""reception"" and got no results. I think it's in a shared album someone else made, not my library. I scrolled for like 40 minutes. I found a similar one but not the exact photo I wanted. Device: iPhone 14, iOS 18.",google_photos_community:syn-goo-0006
google_photos_community,syn-goo-0007,2023-06-27T13:52:53,synthetic_user_81465,True,synthetic://google_photos_community/syn-goo-0007,How can I find the photo from my friend's wedding where we were standing outside when I don't remember the date?,Google Photos Help Community > Search & browse,"[""Product Expert: Search for the thing plus the city, e.g. \""cake bangalore\"", works better than a sentence for me.""]","{""same_question"": 36, ""recommended_answer"": false}",google_photos_help_community,"Looking for the photo from my friend's wedding where we were standing outside. I need it because it's their anniversary next week. It was taken outside the venue near the parking area. It was at my friend's wedding. It was a couple of years ago, winter. I remember the groom and our school gang being in it. I don't remember the name of the place. I have no idea what year it was. I searched ""wedding"" and nothing came up. It just doesn't show up in search even though I know it's there. I checked all my albums one by one. Eventually I just gave up. Device: iPhone 14, iOS 18.",google_photos_community:syn-goo-0007
google_photos_community,syn-goo-0008,2023-07-22T20:01:41,synthetic_user_94793,True,synthetic://google_photos_community/syn-goo-0008,Search not finding a photo I know exists,Google Photos Help Community > Search & browse,"[""Product Expert: You can search text inside photos sometimes, but it only works if the words are clear in the image."", ""Product Expert: If it was a screenshot, open the Screenshots category first and then scroll by month.""]","{""same_question"": 14, ""recommended_answer"": true}",google_photos_help_community,"Honestly search is amazing. I typed ""me on stage with trophy under purple lights"" and it found the photo of the stage when they announced the results in seconds. Device: Pixel 8, Android 15.",google_photos_community:syn-goo-0008
google_photos_community,syn-goo-0009,2024-04-04T18:42:22,synthetic_user_16448,True,synthetic://google_photos_community/syn-goo-0009,Search not finding a photo I know exists,Google Photos Help Community > Search & browse,"[""Product Expert: Name the face groups. Searching a person's name works way better than describing them.""]","{""same_question"": 57, ""recommended_answer"": true}",google_photos_help_community,"Looking for the screenshot where I had the information about that course. For context, someone posted it on LinkedIn. It had the course fees and the deadline on it. Timing wise it was a few months ago. All I remember visually is a blue banner with a university logo. I can't recall what it said exactly. Searched for ""course"" and there it was. I typed ""screenshot linkedin"" in search and it popped up near the top. I tried the screenshots category filter as well. Finally found it after way too long.",google_photos_community:syn-goo-0009
google_photos_community,syn-goo-0010,2026-08-30T03:22:23,synthetic_user_45348,True,synthetic://google_photos_community/syn-goo-0010,How can I find an old photo when I don't remember the date?,Google Photos Help Community > Search & browse,"[""Product Expert: Name the face groups. Searching a person's name works way better than describing them.""]","{""same_question"": 38, ""recommended_answer"": false}",google_photos_help_community,"Something that helps: Ask whoever was there, someone in the group chat usually still has it.",google_photos_community:syn-goo-0010
google_photos_community,syn-goo-0011,2024-03-03T05:17:40,synthetic_user_23210,True,synthetic://google_photos_community/syn-goo-0011,Help finding an old photo in my library,Google Photos Help Community > Search & browse,"[""Product Expert: Check whether the photo was ever backed up. If it was from an old phone it might never have been uploaded.""]","{""same_question"": 71, ""recommended_answer"": true}",google_photos_help_community,"I've been looking for a picture of the sofa fabric sample for days. For context, the shop said to send them the photo when ordering. The photo shows a fabric swatch. It was taken at the furniture shop. I can picture a mustard-coloured textured fabric. I don't know what it's called. I searched ""furniture shop"" and got no results. Text inside screenshots doesn't seem to be searchable. I even googled how to search Google Photos better. I tried the screenshots category filter as well. Got it eventually, after three days. Device: Pixel 8, Android 15.",google_photos_community:syn-goo-0011
google_photos_community,syn-goo-0012,2026-02-02T20:05:13,synthetic_user_3519,True,synthetic://google_photos_community/syn-goo-0012,How can I find the photo from my friend's wedding where we were standing outside when I don't remember the date?,Google Photos Help Community > Search & browse,"[""Product Expert: Search for the thing plus the city, e.g. \""cake bangalore\"", works better than a sentence for me.""]","{""same_question"": 65, ""recommended_answer"": false}",google_photos_help_community,"I search in Photos pretty much every day. I'm trying to find the photo from my friend's wedding where we were standing outside. I need it because it's their anniversary next week. All I remember visually is me in a maroon sherwani and fairy lights on a gate. It was taken outside the venue near the parking area. Not sure which month or year, honestly. Searched for ""wedding"" and it popped up near the top. Ended up scrolling back through years of photos. Finally found it after three days. Using photos.google.com on Windows.",google_photos_community:syn-goo-0012
google_photos_community,syn-goo-0013,2023-07-23T12:45:39,synthetic_user_80545,True,synthetic://google_photos_community/syn-goo-0013,Help finding an old photo in my library,Google Photos Help Community > Search & browse,"[""Product Expert: Tip: if location history was on, try the map view and zoom into the area instead of searching the name.""]","{""same_question"": 24, ""recommended_answer"": false}",google_photos_help_community,"Been backing up everything since 2015. Does anyone know how to find the video of my nephew saying his first word? I remember it was a video call I screen-recorded. It had my nephew in it. The location data was probably off. I can't remember the date at all. I searched ""screen recording"" and nothing came up. Screen recordings don't seem to be indexed at all. I jumped to roughly that year with the scrollbar and went month by month. Finally found it after about an hour.",google_photos_community:syn-goo-0013
google_photos_community,syn-goo-0014,2025-05-10T19:44:49,synthetic_user_19360,True,synthetic://google_photos_community/syn-goo-0014,Help finding an old photo in my library,Google Photos Help Community > Search & browse,"[""Product Expert: Search for the thing plus the city, e.g. \""cake bangalore\"", works better than a sentence for me.""]","{""same_question"": 72, ""recommended_answer"": false}",google_photos_help_community,"I search in Photos pretty much every day. Does anyone know how to find the photo of my dad's blood test report? I need it now because the new doctor wants old values. The photo shows a lab report. For context, the lab gave only a paper copy. Not sure which month or year, honestly. Tried ""report"" and got no results. Searched for ""lab report 2025"" and got no results. Tried ""blood test report hospital"" and nothing came up. The writing on it isn't searchable, it seems. I scrolled for like 40 minutes. Tried synonyms like ""test results"" too. I gave up on finding it. Device: iPhone 14, iOS 18.",google_photos_community:syn-goo-0014
google_photos_community,syn-goo-0015,2025-10-19T04:16:51,synthetic_user_54862,True,synthetic://google_photos_community/syn-goo-0015,How can I find a short video of the band at the pub when I don't remember the date?,Google Photos Help Community > Search & browse,"[""Product Expert: Search by year first, like \""2019\"", then scroll within that. Much faster than scrolling from today."", ""Product Expert: Ask whoever was there, someone in the group chat usually still has it.""]","{""same_question"": 76, ""recommended_answer"": false}",google_photos_help_community,"I take a ridiculous number of screenshots. I've been looking for a short video of the band at the pub for days. I need it now because I want to find the band name. It was one weekend, maybe 2022. All I remember visually is red lights and the singer with a violin. It was while singing a cover of some old song. I don't know what it's called. Searched for ""video of band with violin red lights pub"" and got no results. I typed ""band"" in search and got no results. I typed ""friday 2022"" in search and nothing came up. Screen recordings don't seem to be indexed at all. I checked all my albums one by one. I scrolled for like 40 minutes. Got it eventually, after half an hour of scrolling. Device: Pixel 8, Android 15.",google_photos_community:syn-goo-0015
google_photos_community,syn-goo-0016,2025-05-12T07:56:41,synthetic_user_23778,True,synthetic://google_photos_community/syn-goo-0016,Help finding an old photo in my library,Google Photos Help Community > Search & browse,"[""Product Expert: Name the face groups. Searching a person's name works way better than describing them.""]","{""same_question"": 73, ""recommended_answer"": false}",google_photos_help_community,"On my Pixel. Does anyone know how to find the photo of us dancing at the sangeet? It's from the sangeet night. I can picture a disco ball and me in a pink lehenga. I don't remember which album it went into. I typed ""dance"" in search and got thousands of results to scroll through. There are so many almost identical shots from that day that I can't tell which one it is. Ended up scrolling back through years of photos. Still haven't found it.",google_photos_community:syn-goo-0016
google_photos_community,syn-goo-0017,2023-07-31T09:59:32,synthetic_user_44750,True,synthetic://google_photos_community/syn-goo-0017,How can I find the picture of the houseboat we stayed on when I don't remember the date?,Google Photos Help Community > Search & browse,"[""Product Expert: Tip: if location history was on, try the map view and zoom into the area instead of searching the name.""]","{""same_question"": 76, ""recommended_answer"": false}",google_photos_help_community,"Looking for the picture of the houseboat we stayed on. I need it now because I wanted to print it for my parents' anniversary. All I remember visually is a wooden roof and my dad standing at the front. It was taken somewhere in the Kerala backwaters. I don't remember the name of the place. Searched for ""houseboat"" and there it was. I searched ""kerala 2019"" and it popped up near the top. I went through the map view hoping to spot it. Got it eventually, after half an hour of scrolling.",google_photos_community:syn-goo-0017
google_photos_community,syn-goo-0018,2024-08-16T16:26:09,synthetic_user_61506,True,synthetic://google_photos_community/syn-goo-0018,General question,Google Photos Help Community > Search & browse,"[""Product Expert: Search for the thing plus the city, e.g. \""cake bangalore\"", works better than a sentence for me.""]","{""same_question"": 14, ""recommended_answer"": true}",google_photos_help_community,Minor gripe: Why did they move the sharing button? The new layout is confusing.,google_photos_community:syn-goo-0018
google_photos_community,syn-goo-0019,2024-06-05T16:25:51,synthetic_user_93126,True,synthetic://google_photos_community/syn-goo-0019,Search not finding a photo I know exists,Google Photos Help Community > Search & browse,"[""Product Expert: Check whether the photo was ever backed up. If it was from an old phone it might never have been uploaded."", ""Product Expert: Tip: if location history was on, try the map view and zoom into the area instead of searching the name.""]","{""same_question"": 49, ""recommended_answer"": true}",google_photos_help_community,Found the selfie from the concert by searching the person's face and then scrolling a bit. Took two minutes. Using photos.google.com on Windows.,google_photos_community:syn-goo-0019
google_photos_community,syn-goo-0020,2025-09-22T22:09:21,synthetic_user_9094,True,synthetic://google_photos_community/syn-goo-0020,Unable to locate a screenshot of a recipe from Instagram,Google Photos Help Community > Search & browse,"[""Product Expert: Try searching for something visible in the photo instead of what happened, like \""stage\"" or \""cake\"".""]","{""same_question"": 55, ""recommended_answer"": true}",google_photos_help_community,"Looking for a screenshot of a recipe from Instagram. I need it because guests are coming this weekend. I can picture a dark background with white text. For context, I screenshotted it from a reel. I can't recall what it said exactly. I don't know what word the app would use for it. I searched ""instagram screenshot"" and got no results. I searched ""paneer recipe screenshot"" and nothing came up. I searched ""recipe"" and nothing came up. Text inside screenshots doesn't seem to be searchable. I scrolled for like 40 minutes. I tried the screenshots category filter as well. Never found it. Using photos.google.com on Windows.",google_photos_community:syn-goo-0020
google_photos_community,syn-goo-0021,2024-06-30T14:02:18,synthetic_user_83449,True,synthetic://google_photos_community/syn-goo-0021,Unable to locate the photo of the parking spot sign,Google Photos Help Community > Search & browse,"[""Product Expert: Use the date jump on the scrollbar, drag to the year and go month by month.""]","{""same_question"": 58, ""recommended_answer"": false}",google_photos_help_community,"Does anyone know how to find the photo of the parking spot sign? I need it because I got a parking fine and need to prove where I was. I remember it showed the level and bay number. I remember I took it so I'd remember where I parked. We were in a multi-level parking when I took it. I can't recall what it said exactly. Searched for ""parking pillar sign"" and it popped up near the top. Tried ""parking"" and it popped up near the top. I kept retyping different searches. Got it eventually, after about an hour.",google_photos_community:syn-goo-0021
google_photos_community,syn-goo-0022,2024-08-24T09:50:51,synthetic_user_51241,True,synthetic://google_photos_community/syn-goo-0022,Help finding an old photo in my library,Google Photos Help Community > Search & browse,"[""Product Expert: Search by year first, like \""2019\"", then scroll within that. Much faster than scrolling from today."", ""Product Expert: Tip: if location history was on, try the map view and zoom into the area instead of searching the name.""]","{""same_question"": 47, ""recommended_answer"": false}",google_photos_help_community,"On my Samsung. I'm trying to find the photo of the view from the train window. I need it now because I was telling someone about the trip and wanted to show them. This was during the Europe backpacking trip. Timing wise it was in 2018 or 2019, can't pin it down. I know it was on the train somewhere between two cities. I have no idea what year it was. I don't remember the name of the place. Tried ""train 2018"" and got no results. Searched for ""train"" and got no results. I just didn't know how to describe it in a way search would get. I went through the map view hoping to spot it. Found one that might be it, but I'm not sure it's the same one. Device: iPhone 14, iOS 18.",google_photos_community:syn-goo-0022
google_photos_community,syn-goo-0023,2023-11-07T00:45:42,synthetic_user_36867,True,synthetic://google_photos_community/syn-goo-0023,Search not finding a photo I know exists,Google Photos Help Community > Search & browse,"[""Product Expert: Tip: if location history was on, try the map view and zoom into the area instead of searching the name.""]","{""same_question"": 8, ""recommended_answer"": false}",google_photos_help_community,"I'm trying to find the picture of the wine label from our anniversary dinner. I need it because I want to buy the same wine again. I remember my partner being in it. It was taken on our 5th anniversary. No idea what the thing is actually called. I can't recall what it said exactly. Tried ""wine"" and got thousands of results to scroll through. All the results look the same as tiny thumbnails. I kept retyping different searches. I found a similar one but not the exact photo I wanted. Device: Pixel 8, Android 15.",google_photos_community:syn-goo-0023
google_photos_community,syn-goo-0024,2024-10-21T11:32:18,synthetic_user_375,True,synthetic://google_photos_community/syn-goo-0024,General question,Google Photos Help Community > Search & browse,"[""Product Expert: Use the date jump on the scrollbar, drag to the year and go month by month.""]","{""same_question"": 37, ""recommended_answer"": false}",google_photos_help_community,"Honestly, Storage is full again and now they want me to pay for more. Too expensive for what it is. The editing tools are great, the magic eraser is really good. Device: iPhone 14, iOS 18.",google_photos_community:syn-goo-0024
google_photos_community,syn-goo-0025,2023-07-07T05:39:41,synthetic_user_74399,True,synthetic://google_photos_community/syn-goo-0025,Search not finding a photo I know exists,Google Photos Help Community > Search & browse,"[""Product Expert: Ask whoever was there, someone in the group chat usually still has it."", ""Product Expert: Check whether the photo was ever backed up. If it was from an old phone it might never have been uploaded.""]","{""same_question"": 60, ""recommended_answer"": false}",google_photos_help_community,"My wife and I share a partner library. I'm trying to find a shot of the fireworks at the new year party. I need it now because I wanted to post a throwback. It had a bunch of friends in it. For context, it was just before midnight. All I remember visually is green fireworks over a swimming pool. I can't remember the date at all. I typed ""31 december"" in search and got no results. I searched ""green fireworks over pool"" but it just showed random photos. I typed ""fireworks"" in search and got no results. I ran out of ideas pretty quickly. Ended up scrolling back through years of photos. Never found it. Using photos.google.com on Windows.",google_photos_community:syn-goo-0025
google_photos_community,syn-goo-0026,2026-04-11T07:39:37,synthetic_user_49229,True,synthetic://google_photos_community/syn-goo-0026,How can I find an old photo when I don't remember the date?,Google Photos Help Community > Search & browse,"[""Product Expert: Name the face groups. Searching a person's name works way better than describing them.""]","{""same_question"": 44, ""recommended_answer"": false}",google_photos_help_community,"Couldn't find the screenshot of the train booking confirmation anywhere, then realised it was on my old phone and never got backed up. Using photos.google.com on Windows.",google_photos_community:syn-goo-0026
google_photos_community,syn-goo-0027,2025-11-26T02:20:11,synthetic_user_75001,True,synthetic://google_photos_community/syn-goo-0027,General question,Google Photos Help Community > Search & browse,"[""Product Expert: Name the face groups. Searching a person's name works way better than describing them."", ""Product Expert: Tip: if location history was on, try the map view and zoom into the area instead of searching the name.""]","{""same_question"": 57, ""recommended_answer"": false}",google_photos_help_community,"Honestly, Cancelled my subscription, moving everything to an external drive. Device: Pixel 8, Android 15.",google_photos_community:syn-goo-0027
google_photos_community,syn-goo-0028,2024-09-27T00:46:32,synthetic_user_68796,True,synthetic://google_photos_community/syn-goo-0028,Search not finding a photo I know exists,Google Photos Help Community > Search & browse,"[""Product Expert: Ask whoever was there, someone in the group chat usually still has it."", ""Product Expert: Name the face groups. Searching a person's name works way better than describing them.""]","{""same_question"": 49, ""recommended_answer"": false}",google_photos_help_community,"I've been looking for a photo of the biryani my grandmother made for days. I need it now because she passed away and I really want that picture. It means a lot to me. It was for Eid. I can't remember the date at all. I typed ""grandma serving biryani from a copper pot"" in search and it gave me hundreds of photos. All the results look the same as tiny thumbnails. Tried synonyms like ""rice"" too. I asked my sister if she still had it. Still haven't found it.",google_photos_community:syn-goo-0028
google_photos_community,syn-goo-0029,2025-05-09T10:30:41,synthetic_user_48038,True,synthetic://google_photos_community/syn-goo-0029,Search not finding a photo I know exists,Google Photos Help Community > Search & browse,"[""Product Expert: If it was a screenshot, open the Screenshots category first and then scroll by month."", ""Product Expert: Tip: if location history was on, try the map view and zoom into the area instead of searching the name.""]","{""same_question"": 23, ""recommended_answer"": false}",google_photos_help_community,"What worked for me: Check whether the photo was ever backed up. If it was from an old phone it might never have been uploaded. Device: iPhone 14, iOS 18.",google_photos_community:syn-goo-0029
google_photos_community,syn-goo-0030,2026-08-08T20:13:41,synthetic_user_39268,True,synthetic://google_photos_community/syn-goo-0030,Help finding an old photo in my library,Google Photos Help Community > Search & browse,"[""Product Expert: If it was a screenshot, open the Screenshots category first and then scroll by month."", ""Product Expert: You can search text inside photos sometimes, but it only works if the words are clear in the image.""]","{""same_question"": 15, ""recommended_answer"": false}",google_photos_help_community,"Something that helps: Search for the thing plus the city, e.g. ""cake bangalore"", works better than a sentence for me. Device: Pixel 8, Android 15.",google_photos_community:syn-goo-0030
google_photos_community,syn-goo-0031,2024-07-02T11:32:30,synthetic_user_69334,True,synthetic://google_photos_community/syn-goo-0031,Help finding an old photo in my library,Google Photos Help Community > Search & browse,"[""Product Expert: Search by year first, like \""2019\"", then scroll within that. Much faster than scrolling from today."", ""Product Expert: Check whether the photo was ever backed up. If it was from an old phone it might never have been uploaded.""]","{""same_question"": 9, ""recommended_answer"": false}",google_photos_help_community,"I search in Photos pretty much every day. I've been looking for the photo of the prescription for my mother's eye drops for days. I need it because the pharmacy needs the name. All I remember visually is a small slip with a clinic stamp. The photo shows a prescription. For context, the doctor's handwriting was unreadable. It was sometime after her cataract surgery. No idea what the thing is actually called. Searched for ""eye clinic"" but it just showed random photos. Tried ""doctor prescription eye drops"" and got a bunch of pictures that had nothing to do with it. Searched for ""prescription"" but it just showed random photos. I know exactly what it looks like but can't put it into search words. Ended up scrolling back through years of photos. Still haven't found it. Device: Pixel 8, Android 15.",google_photos_community:syn-goo-0031
google_photos_community,syn-goo-0032,2025-04-03T07:38:50,synthetic_user_10878,True,synthetic://google_photos_community/syn-goo-0032,Search not finding a photo I know exists,Google Photos Help Community > Search & browse,"[""Product Expert: If it was a screenshot, open the Screenshots category first and then scroll by month."", ""Product Expert: You can search text inside photos sometimes, but it only works if the words are clear in the image.""]","{""same_question"": 14, ""recommended_answer"": false}",google_photos_help_community,"On Android. I'm trying to find the photo from the Ganpati procession. I need it now because our society newsletter wanted old pictures. We were on the road near our society when I took it. I remember red gulal everywhere and the idol behind us. I remember my neighbours being in it. I don't remember when exactly. I typed ""september"" in search and got thousands of results to scroll through. All the results look the same as tiny thumbnails. I went through the face group for that person too. I scrolled for like 40 minutes. Got it eventually, after way too long. Device: iPhone 14, iOS 18.",google_photos_community:syn-goo-0032
google_photos_community,syn-goo-0033,2023-05-30T04:16:45,synthetic_user_78131,True,synthetic://google_photos_community/syn-goo-0033,Help finding an old photo in my library,Google Photos Help Community > Search & browse,"[""Product Expert: Name the face groups. Searching a person's name works way better than describing them."", ""Product Expert: Search by year first, like \""2019\"", then scroll within that. Much faster than scrolling from today.""]","{""same_question"": 78, ""recommended_answer"": false}",google_photos_help_community,"Does anyone know how to find the screenshot of the product I wanted to buy? I need it now because there's a sale now. It had the brand name on it. All I remember visually is a brass lamp with a curved neck. The photo shows a lamp. Timing wise it was a couple of months ago. I don't know what it's called. I can't recall what it said exactly. Tried ""lamp"" and got no results. I typed ""brass lamp with curved neck"" in search and got no results. I typed ""screenshot lamp"" in search and nothing came up. Text inside screenshots doesn't seem to be searchable. I scrolled for like 40 minutes. I found a similar one but not the exact photo I wanted.",google_photos_community:syn-goo-0033
google_photos_community,syn-goo-0034,2023-01-10T05:29:42,synthetic_user_52538,True,synthetic://google_photos_community/syn-goo-0034,Help finding an old photo in my library,Google Photos Help Community > Search & browse,"[""Product Expert: Search by year first, like \""2019\"", then scroll within that. Much faster than scrolling from today.""]","{""same_question"": 65, ""recommended_answer"": false}",google_photos_help_community,"On iOS. Looking for the picture of my college marksheet. I need it because background verification asked for it. It had my semester grades on it. It's a picture of my marksheet. I don't know what word the app would use for it. I have no idea what year it was. I searched ""marksheet"" and nothing came up. Tried ""college marksheet with blue border"" and got no results. It just doesn't show up in search even though I know it's there. I scrolled for like 40 minutes. I checked my Gmail in case I had sent it to someone. Still haven't found it. Device: Pixel 8, Android 15.",google_photos_community:syn-goo-0034
google_photos_community,syn-goo-0035,2023-05-28T03:03:44,synthetic_user_18385,True,synthetic://google_photos_community/syn-goo-0035,Search not finding a photo I know exists,Google Photos Help Community > Search & browse,"[""Product Expert: Check whether the photo was ever backed up. If it was from an old phone it might never have been uploaded.""]","{""same_question"": 55, ""recommended_answer"": true}",google_photos_help_community,"Pro tip: Use the date jump on the scrollbar, drag to the year and go month by month. Using photos.google.com on Windows.",google_photos_community:syn-goo-0035
google_photos_community,syn-goo-0036,2026-02-11T04:14:38,synthetic_user_95426,True,synthetic://google_photos_community/syn-goo-0036,How can I find a photo of the rental agreement when I don't remember the date?,Google Photos Help Community > Search & browse,"[""Product Expert: Try searching for something visible in the photo instead of what happened, like \""stage\"" or \""cake\""."", ""Product Expert: If it was a screenshot, open the Screenshots category first and then scroll by month.""]","{""same_question"": 12, ""recommended_answer"": false}",google_photos_help_community,"I search in Photos pretty much every day. I'm trying to find a photo of the rental agreement. I need it because the landlord is refusing to return the deposit. The photo shows the rental agreement. Timing wise it was when we moved into this flat, 2021 or so. For context, the landlord only gave us one copy so I photographed every page. I can't remember the date at all. I typed ""agreement 2021"" in search and nothing came up. I searched ""rent agreement document pages"" and got no results. The text in the photo doesn't seem to be searchable. Tried synonyms like ""contract"" too. I checked my Gmail in case I had sent it to someone. Finally found it after way too long. Using photos.google.com on Windows.",google_photos_community:syn-goo-0036
google_photos_community,syn-goo-0037,2026-01-20T19:51:48,synthetic_user_5746,True,synthetic://google_photos_community/syn-goo-0037,How can I find the photo of the stage when they announced the results when I don't remember the date?,Google Photos Help Community > Search & browse,"[""Product Expert: Search by year first, like \""2019\"", then scroll within that. Much faster than scrolling from today."", ""Product Expert: Try searching for something visible in the photo instead of what happened, like \""stage\"" or \""cake\"".""]","{""same_question"": 44, ""recommended_answer"": true}",google_photos_help_community,"Does anyone know how to find the photo of the stage when they announced the results? Timing wise it was around the end of the year, 2022 or 2023. I remember I was holding a trophy. It was at my company's annual awards night. I don't remember when exactly. I don't even remember what the event was called. I searched ""awards december"" and got no results. I searched ""award"" and got no results. Searched for ""me on stage with trophy under purple lights"" and got no results. It just doesn't show up in search even though I know it's there. I jumped to roughly that year with the scrollbar and went month by month. Found one that might be it, but I'm not sure it's the same one. Device: Pixel 8, Android 15.",google_photos_community:syn-goo-0037
google_photos_community,syn-goo-0038,2025-07-03T18:24:25,synthetic_user_70264,True,synthetic://google_photos_community/syn-goo-0038,General question,Google Photos Help Community > Search & browse,"[""Product Expert: Use the date jump on the scrollbar, drag to the year and go month by month.""]","{""same_question"": 5, ""recommended_answer"": false}",google_photos_help_community,Uploading in original quality eats my data plan.,google_photos_community:syn-goo-0038
google_photos_community,syn-goo-0039,2025-07-24T04:03:34,synthetic_user_21662,True,synthetic://google_photos_community/syn-goo-0039,Unable to locate an old photo,Google Photos Help Community > Search & browse,"[""Product Expert: Search for the thing plus the city, e.g. \""cake bangalore\"", works better than a sentence for me."", ""Product Expert: Name the face groups. Searching a person's name works way better than describing them.""]","{""same_question"": 10, ""recommended_answer"": false}",google_photos_help_community,"Spent an hour looking for the screenshot of a chat where my landlord agreed to the repair and it turns out I had deleted it years ago. Not the app's fault. Device: Pixel 8, Android 15.",google_photos_community:syn-goo-0039
google_photos_community,syn-goo-0040,2023-04-19T21:27:33,synthetic_user_62661,True,synthetic://google_photos_community/syn-goo-0040,How can I find the candid of my cousin laughing during the haldi when I don't remember the date?,Google Photos Help Community > Search & browse,"[""Product Expert: Use the date jump on the scrollbar, drag to the year and go month by month.""]","{""same_question"": 58, ""recommended_answer"": false}",google_photos_help_community,"My library is around 35k photos. I've been looking for the candid of my cousin laughing during the haldi for days. It was at my cousin's haldi. I remember my cousin being in it. All I remember visually is yellow everywhere and marigold flowers. I can't remember the date at all. Tried ""2023 wedding"" and got no results. I think it's in a shared album someone else made, not my library. I checked all my albums one by one. I asked my sister if she still had it. I gave up on finding it. Using photos.google.com on Windows.",google_photos_community:syn-goo-0040
google_photos_community,syn-goo-0041,2025-05-15T02:57:31,synthetic_user_52094,True,synthetic://google_photos_community/syn-goo-0041,Search not finding a photo I know exists,Google Photos Help Community > Search & browse,"[""Product Expert: Try searching for something visible in the photo instead of what happened, like \""stage\"" or \""cake\""."", ""Product Expert: Search by year first, like \""2019\"", then scroll within that. Much faster than scrolling from today.""]","{""same_question"": 33, ""recommended_answer"": false}",google_photos_help_community,"Spent an hour looking for the photo of us dancing at the sangeet and it turns out I had deleted it years ago. Not the app's fault. Device: iPhone 14, iOS 18.",google_photos_community:syn-goo-0041
google_photos_community,syn-goo-0042,2025-08-02T04:25:24,synthetic_user_69326,True,synthetic://google_photos_community/syn-goo-0042,Help finding an old photo in my library,Google Photos Help Community > Search & browse,"[""Product Expert: Name the face groups. Searching a person's name works way better than describing them."", ""Product Expert: Ask whoever was there, someone in the group chat usually still has it.""]","{""same_question"": 53, ""recommended_answer"": false}",google_photos_help_community,"On photos.google.com from my PC. Looking for the picture of my college marksheet. I need it now because background verification asked for it. I remember a certificate with a blue border. It was maybe 2020 when I was job hunting. I remember it showed my semester grades. It's a picture of my marksheet. No idea what to search for really. I searched ""2020 certificate"" and there it was. Searched for ""college marksheet with blue border"" and it popped up near the top. Eventually I searched my WhatsApp chats instead. Got it eventually, after three days.",google_photos_community:syn-goo-0042
google_photos_community,syn-goo-0043,2026-02-28T05:47:16,synthetic_user_97748,True,synthetic://google_photos_community/syn-goo-0043,Search not finding a photo I know exists,Google Photos Help Community > Search & browse,"[""Product Expert: You can search text inside photos sometimes, but it only works if the words are clear in the image.""]","{""same_question"": 40, ""recommended_answer"": false}",google_photos_help_community,"Honestly I've stopped using search and just scroll, it's more predictable.",google_photos_community:syn-goo-0043
google_photos_community,syn-goo-0044,2025-07-27T12:00:19,synthetic_user_76964,True,synthetic://google_photos_community/syn-goo-0044,General question,Google Photos Help Community > Search & browse,"[""Product Expert: Try searching for something visible in the photo instead of what happened, like \""stage\"" or \""cake\""."", ""Product Expert: Use the date jump on the scrollbar, drag to the year and go month by month.""]","{""same_question"": 27, ""recommended_answer"": false}",google_photos_help_community,"Honestly, Please add a dark mode for the web version. Device: iPhone 14, iOS 18.",google_photos_community:syn-goo-0044
google_photos_community,syn-goo-0045,2024-08-18T00:29:23,synthetic_user_6229,True,synthetic://google_photos_community/syn-goo-0045,Help finding an old photo in my library,Google Photos Help Community > Search & browse,"[""Product Expert: Ask whoever was there, someone in the group chat usually still has it.""]","{""same_question"": 42, ""recommended_answer"": false}",google_photos_help_community,Spent an hour looking for the photo of a plant I saw at a nursery and it turns out I had deleted it years ago. Not the app's fault. Using photos.google.com on Windows.,google_photos_community:syn-goo-0045
google_photos_community,syn-goo-0046,2023-06-28T00:41:03,synthetic_user_44142,True,synthetic://google_photos_community/syn-goo-0046,Search not finding a photo I know exists,Google Photos Help Community > Search & browse,"[""Product Expert: Search by year first, like \""2019\"", then scroll within that. Much faster than scrolling from today.""]","{""same_question"": 51, ""recommended_answer"": true}",google_photos_help_community,"I'm trying to find a picture of the sofa fabric sample. It's a picture of a fabric swatch. I know it was at the furniture shop. I can picture a mustard-coloured textured fabric. Not sure which month or year, honestly. I searched ""mustard fabric sample"" and got a bunch of pictures that had nothing to do with it. I searched ""furniture shop"" and got a bunch of pictures that had nothing to do with it. It doesn't understand what I'm describing at all. I even googled how to search Google Photos better. Tried synonyms like ""cloth"" too. Still haven't found it. Device: iPhone 14, iOS 18.",google_photos_community:syn-goo-0046
google_photos_community,syn-goo-0047,2024-06-28T08:31:36,synthetic_user_12451,True,synthetic://google_photos_community/syn-goo-0047,Help finding an old photo in my library,Google Photos Help Community > Search & browse,"[""Product Expert: Check whether the photo was ever backed up. If it was from an old phone it might never have been uploaded.""]","{""same_question"": 7, ""recommended_answer"": false}",google_photos_help_community,"I take a ridiculous number of screenshots. I've been looking for that picture from the trip where we stayed near the beach for days. I need it because I want to book the same homestay. This was during a long weekend trip. We were at a homestay near a quiet beach when I took it. Timing wise it was 2021 or 2022, not sure. The photo probably has no proper date on it. Tried ""beach 2021"" but it just showed random photos. I typed ""beach"" in search and nothing came up. Searched for ""hammock between coconut trees near beach homestay"" and got no results. I didn't know what else to try. I jumped to roughly that year with the scrollbar and went month by month. Finally found it after about an hour. Device: Pixel 8, Android 15.",google_photos_community:syn-goo-0047
google_photos_community,syn-goo-0048,2025-09-28T16:08:15,synthetic_user_58215,True,synthetic://google_photos_community/syn-goo-0048,Search not finding a photo I know exists,Google Photos Help Community > Search & browse,"[""Product Expert: Name the face groups. Searching a person's name works way better than describing them.""]","{""same_question"": 58, ""recommended_answer"": false}",google_photos_help_community,"I've been looking for a picture of the waterfall we hiked to for days. I need it now because my cousin asked for it for a reunion slideshow. I remember my cousins being in it. All I remember visually is mist everywhere and everyone in raincoats. This was during the Meghalaya road trip. Timing wise it was during monsoon, around 2020. I have no idea what year it was. I typed ""waterfall with people in raincoats and mist"" in search and got no results. Searched for ""waterfall"" and got no results. How do you even search for something like that? I jumped to roughly that year with the scrollbar and went month by month. Got it eventually, after way too long.",google_photos_community:syn-goo-0048
google_photos_community,syn-goo-0049,2023-07-30T20:54:21,synthetic_user_12185,True,synthetic://google_photos_community/syn-goo-0049,Unable to locate the video of my nephew saying his first word,Google Photos Help Community > Search & browse,"[""Product Expert: Ask whoever was there, someone in the group chat usually still has it.""]","{""same_question"": 48, ""recommended_answer"": false}",google_photos_help_community,"Does anyone know how to find the video of my nephew saying his first word? I need it now because it's his first birthday party. I know it was at my sister's house. It had my nephew in it. It was when he was around one. For context, it was a video call I screen-recorded. I have no idea what year it was. Tried ""baby saying first word video"" and nothing came up. It just doesn't show up in search even though I know it's there. I jumped to roughly that year with the scrollbar and went month by month. I found a similar one but not the exact photo I wanted. Device: iPhone 14, iOS 18.",google_photos_community:syn-goo-0049
google_photos_community,syn-goo-0050,2025-07-01T09:49:08,synthetic_user_48033,True,synthetic://google_photos_community/syn-goo-0050,Help finding an old photo in my library,Google Photos Help Community > Search & browse,"[""Product Expert: If it was a screenshot, open the Screenshots category first and then scroll by month."", ""Product Expert: Search for the thing plus the city, e.g. \""cake bangalore\"", works better than a sentence for me.""]","{""same_question"": 11, ""recommended_answer"": false}",google_photos_help_community,"I'm trying to find the photo of the shoes I tried on in the store. It was taken at a mall. It's a picture of running shoes. It was around Diwali sales. I can't recall where exactly it was. I typed ""grey running shoes with green sole"" in search and got a bunch of pictures that had nothing to do with it. I typed ""mall october"" in search and got a bunch of pictures that had nothing to do with it. Searched for ""shoes"" and got a bunch of pictures that had nothing to do with it. It seems like search ignores half of what I type and only matches one word. I scrolled for like 40 minutes. I even googled how to search Google Photos better. Never found it. Device: Pixel 8, Android 15.",google_photos_community:syn-goo-0050
google_photos_community,syn-goo-0051,2026-06-20T04:51:34,synthetic_user_18342,True,synthetic://google_photos_community/syn-goo-0051,How can I find an old photo when I don't remember the date?,Google Photos Help Community > Search & browse,"[""Product Expert: Name the face groups. Searching a person's name works way better than describing them."", ""Product Expert: If it was a screenshot, open the Screenshots category first and then scroll by month.""]","{""same_question"": 67, ""recommended_answer"": false}",google_photos_help_community,Found a screenshot of a recipe from Instagram by searching the person's face and then scrolling a bit. Took two minutes.,google_photos_community:syn-goo-0051
google_photos_community,syn-goo-0052,2025-09-30T11:42:53,synthetic_user_92146,True,synthetic://google_photos_community/syn-goo-0052,How can I find the photo from my friend's wedding where we were standing outside when I don't remember the date?,Google Photos Help Community > Search & browse,"[""Product Expert: You can search text inside photos sometimes, but it only works if the words are clear in the image.""]","{""same_question"": 30, ""recommended_answer"": false}",google_photos_help_community,"I've been looking for the photo from my friend's wedding where we were standing outside for days. I need it because it's their anniversary next week. It was taken outside the venue near the parking area. I can picture me in a maroon sherwani and fairy lights on a gate. It's from my friend's wedding. Timing wise it was a couple of years ago, winter. I can't recall where exactly it was. I don't remember when exactly. I searched ""wedding december"" but it just showed random photos. I searched ""friends standing outside wedding venue at night"" and got no results. I ran out of ideas pretty quickly. Ended up scrolling back through years of photos. In the end I texted my friend to send it again. Got it eventually, after about an hour. Using photos.google.com on Windows.",google_photos_community:syn-goo-0052
google_photos_community,syn-goo-0053,2023-01-22T06:24:50,synthetic_user_53087,True,synthetic://google_photos_community/syn-goo-0053,Help finding an old photo in my library,Google Photos Help Community > Search & browse,"[""Product Expert: Search for the thing plus the city, e.g. \""cake bangalore\"", works better than a sentence for me.""]","{""same_question"": 59, ""recommended_answer"": false}",google_photos_help_community,"I've been looking for a sunset photo from the hotel balcony for days. It was taken at the hotel near the lake. All I remember visually is an orange sky and a red railing in the corner. It's from that Switzerland trip. Timing wise it was in summer, I'm not sure which year. Not sure which month or year, honestly. I typed ""sunset"" in search and got thousands of results to scroll through. All the results look the same as tiny thumbnails. I went through the map view hoping to spot it. I asked my sister if she still had it. Eventually I just gave up. Using photos.google.com on Windows.",google_photos_community:syn-goo-0053
google_photos_community,syn-goo-0054,2023-04-07T04:26:49,synthetic_user_76390,True,synthetic://google_photos_community/syn-goo-0054,Search not finding a photo I know exists,Google Photos Help Community > Search & browse,"[""Product Expert: Search for the thing plus the city, e.g. \""cake bangalore\"", works better than a sentence for me."", ""Product Expert: Name the face groups. Searching a person's name works way better than describing them.""]","{""same_question"": 7, ""recommended_answer"": false}",google_photos_help_community,"I've got about 90k photos and videos. Looking for the photo of my car's insurance papers. The photo shows the insurance papers. I remember a folded paper on the dashboard. I have no idea what year it was. Searched for ""insurance"" and nothing came up. I typed ""car insurance paper on dashboard"" in search and got no results. Tried ""insurance"" and got no results. The photo is definitely in my library but search never shows it. Eventually I searched my WhatsApp chats instead. I kept retyping different searches. Still haven't found it.",google_photos_community:syn-goo-0054
google_photos_community,syn-goo-0055,2025-08-19T08:58:33,synthetic_user_42237,True,synthetic://google_photos_community/syn-goo-0055,Unable to locate the photo of the rash on my arm,Google Photos Help Community > Search & browse,"[""Product Expert: Ask whoever was there, someone in the group chat usually still has it.""]","{""same_question"": 3, ""recommended_answer"": false}",google_photos_help_community,"Does anyone know how to find the photo of the rash on my arm? The photo shows a rash. All I remember visually is red patches near my elbow. I remember I took it to show the dermatologist how it looked on day one. No idea what to search for really. I can't remember the date at all. Searched for ""red rash on arm"" but it just showed random photos. I typed ""skin"" in search and got no results. I didn't know what else to try. I scrolled for like 40 minutes. Got it eventually, after half an hour of scrolling. Device: iPhone 14, iOS 18.",google_photos_community:syn-goo-0055
google_photos_community,syn-goo-0056,2025-05-13T12:09:30,synthetic_user_94432,True,synthetic://google_photos_community/syn-goo-0056,Help finding an old photo in my library,Google Photos Help Community > Search & browse,"[""Product Expert: Try searching for something visible in the photo instead of what happened, like \""stage\"" or \""cake\"".""]","{""same_question"": 40, ""recommended_answer"": false}",google_photos_help_community,"On Android. I've been looking for the picture of my college marksheet for days. All I remember visually is a certificate with a blue border. It was maybe 2020 when I was job hunting. I remember it showed my semester grades. For context, I sent it to some HR at some point. I can't remember the date at all. Searched for ""2020 certificate"" and nothing came up. I know exactly what it looks like but can't put it into search words. Tried synonyms like ""certificate"" too. I checked my Gmail in case I had sent it to someone. Found one that might be it, but I'm not sure it's the same one. Using photos.google.com on Windows.",google_photos_community:syn-goo-0056
google_photos_community,syn-goo-0057,2024-07-31T10:11:10,synthetic_user_78059,True,synthetic://google_photos_community/syn-goo-0057,How can I find the photo of the stage when they announced the results when I don't remember the date?,Google Photos Help Community > Search & browse,"[""Product Expert: Search for the thing plus the city, e.g. \""cake bangalore\"", works better than a sentence for me.""]","{""same_question"": 76, ""recommended_answer"": true}",google_photos_help_community,"I've been looking for the photo of the stage when they announced the results for days. I need it now because I need it for my portfolio. It was around the end of the year, 2022 or 2023. For context, I was holding a trophy. It's from my company's annual awards night. I don't remember when exactly. I searched ""me on stage with trophy under purple lights"" and got a bunch of pictures that had nothing to do with it. Searched for ""awards december"" but it just showed random photos. Searched for ""award"" but it just showed random photos. It doesn't understand what I'm describing at all. Ended up scrolling back through years of photos. I gave up on finding it.",google_photos_community:syn-goo-0057
google_photos_community,syn-goo-0058,2024-01-11T18:26:28,synthetic_user_23340,True,synthetic://google_photos_community/syn-goo-0058,How can I find an old photo when I don't remember the date?,Google Photos Help Community > Search & browse,"[""Product Expert: If it was a screenshot, open the Screenshots category first and then scroll by month.""]","{""same_question"": 44, ""recommended_answer"": false}",google_photos_help_community,"Pro tip: Search for the thing plus the city, e.g. ""cake bangalore"", works better than a sentence for me. Using photos.google.com on Windows.",google_photos_community:syn-goo-0058
google_photos_community,syn-goo-0059,2024-05-14T06:34:21,synthetic_user_64183,True,synthetic://google_photos_community/syn-goo-0059,Search not finding a photo I know exists,Google Photos Help Community > Search & browse,"[""Product Expert: If it was a screenshot, open the Screenshots category first and then scroll by month."", ""Product Expert: Tip: if location history was on, try the map view and zoom into the area instead of searching the name.""]","{""same_question"": 2, ""recommended_answer"": false}",google_photos_help_community,"Looking for a picture of the sofa fabric sample. For context, the shop said to send them the photo when ordering. It's a picture of a fabric swatch. It was taken at the furniture shop. I don't know what it's called. Not sure which month or year, honestly. Tried ""furniture shop"" and it popped up near the top. I tried the screenshots category filter as well. I scrolled for like 40 minutes. Finally found it after three days. Using photos.google.com on Windows.",google_photos_community:syn-goo-0059
google_photos_community,syn-goo-0060,2023-04-22T05:04:36,synthetic_user_83604,True,synthetic://google_photos_community/syn-goo-0060,Search not finding a photo I know exists,Google Photos Help Community > Search & browse,"[""Product Expert: Search for the thing plus the city, e.g. \""cake bangalore\"", works better than a sentence for me.""]","{""same_question"": 55, ""recommended_answer"": false}",google_photos_help_community,"Half my library is screenshots. I've been looking for the old scanned photo of my grandparents' wedding for days. I need it because we're printing a family tree. I remember it came through WhatsApp at some point. It was a scan my uncle sent me. All I remember visually is black and white, grandma in a big necklace. I don't remember when exactly. Tried ""old photo"" and there it was. Searched for ""scan"" and it popped up near the top. I jumped to roughly that year with the scrollbar and went month by month. Got it eventually, after way too long. Device: Pixel 8, Android 15.",google_photos_community:syn-goo-0060
google_photos_community,syn-goo-0061,2024-07-01T08:54:41,synthetic_user_65566,True,synthetic://google_photos_community/syn-goo-0061,How can I find a picture of the waterfall we hiked to when I don't remember the date?,Google Photos Help Community > Search & browse,"[""Product Expert: Name the face groups. Searching a person's name works way better than describing them.""]","{""same_question"": 33, ""recommended_answer"": false}",google_photos_help_community,"Half my library is screenshots. Looking for a picture of the waterfall we hiked to. I need it because my cousin asked for it for a reunion slideshow. It had my cousins in it. I remember mist everywhere and everyone in raincoats. I don't remember the name of the place. I can't remember the date at all. Searched for ""waterfall with people in raincoats and mist"" and got thousands of results to scroll through. I typed ""waterfall"" in search and it gave me hundreds of photos. I typed ""meghalaya 2020"" in search and it gave me hundreds of photos. All the results look the same as tiny thumbnails. In the end I texted my friend to send it again. I scrolled for like 40 minutes. Still haven't found it.",google_photos_community:syn-goo-0061
google_photos_community,syn-goo-0062,2024-09-16T15:49:14,synthetic_user_21017,True,synthetic://google_photos_community/syn-goo-0062,How can I find the group photo from the night we all stayed up on the terrace when I don't remember the date?,Google Photos Help Community > Search & browse,"[""Product Expert: Use the date jump on the scrollbar, drag to the year and go month by month."", ""Product Expert: Search for the thing plus the city, e.g. \""cake bangalore\"", works better than a sentence for me.""]","{""same_question"": 44, ""recommended_answer"": false}",google_photos_help_community,"I've been looking for the group photo from the night we all stayed up on the terrace for days. I can picture fairy lights and everyone squinting because of the flash. It was final year of college, so around 2016. I know it was on my friend's terrace. I never knew his name. I don't remember when exactly. Searched for ""2016 night"" and it popped up near the top. Searched for ""terrace"" and it popped up near the top. I typed ""friends on terrace at night with fairy lights"" in search and it popped up near the top. I asked my sister if she still had it. Got it eventually, after three days. Using photos.google.com on Windows.",google_photos_community:syn-goo-0062
google_photos_community,syn-goo-0063,2023-07-09T21:40:48,synthetic_user_69318,True,synthetic://google_photos_community/syn-goo-0063,How can I find the photo of the street where we got lost when I don't remember the date?,Google Photos Help Community > Search & browse,"[""Product Expert: Search by year first, like \""2019\"", then scroll within that. Much faster than scrolling from today.""]","{""same_question"": 5, ""recommended_answer"": false}",google_photos_help_community,"Looking for the photo of the street where we got lost. Timing wise it was on the third or fourth day of the trip. I remember yellow tiles on the walls and a tram line. I know it was in some old town in Portugal. I remember my husband being in it. I don't remember the name of the place. I can't recall the name of the event. I typed ""street"" in search and got thousands of results to scroll through. I typed ""lisbon"" in search and got thousands of results to scroll through. I typed ""narrow street with yellow tiles and tram"" in search and got thousands of results to scroll through. All the results look the same as tiny thumbnails. I jumped to roughly that year with the scrollbar and went month by month. I went through the map view hoping to spot it. Eventually I just gave up. Device: iPhone 14, iOS 18.",google_photos_community:syn-goo-0063
google_photos_community,syn-goo-0064,2023-01-04T19:36:51,synthetic_user_15455,True,synthetic://google_photos_community/syn-goo-0064,Unable to locate the group photo from the night we all stayed up on the terrace,Google Photos Help Community > Search & browse,"[""Product Expert: You can search text inside photos sometimes, but it only works if the words are clear in the image.""]","{""same_question"": 74, ""recommended_answer"": false}",google_photos_help_community,"I've been looking for the group photo from the night we all stayed up on the terrace for days. I need it now because one of them is getting married and we're making a video. It had the whole hostel gang in it. It was final year of college, so around 2016. I remember it was the night before someone moved abroad. I know it was on my friend's terrace. I never knew his name. I can't remember the date at all. I typed ""friends on terrace at night with fairy lights"" in search and got no results. Tried ""2016 night"" and got no results. It just doesn't show up in search even though I know it's there. In the end I texted my friend to send it again. I jumped to roughly that year with the scrollbar and went month by month. Found one that might be it, but I'm not sure it's the same one. Using photos.google.com on Windows.",google_photos_community:syn-goo-0064
google_photos_community,syn-goo-0065,2026-01-18T08:04:16,synthetic_user_54237,True,synthetic://google_photos_community/syn-goo-0065,Search not finding a photo I know exists,Google Photos Help Community > Search & browse,"[""Product Expert: Check whether the photo was ever backed up. If it was from an old phone it might never have been uploaded.""]","{""same_question"": 57, ""recommended_answer"": false}",google_photos_help_community,"On iOS. I'm trying to find a picture of the site inspection issue. All I remember visually is a rusty pipe with a yellow tag. I remember I took it for the report and never sent it. It's a picture of a cracked pipe fitting. We were at the client's warehouse when I took it. Not sure which month or year, honestly. I don't know what it's called. I searched ""rusty pipe with yellow tag at warehouse"" and got no results. I just didn't know how to describe it in a way search would get. I went through the map view hoping to spot it. I went through the face group for that person too. Got it eventually, after about an hour.",google_photos_community:syn-goo-0065
google_photos_community,syn-goo-0066,2024-11-12T00:08:32,synthetic_user_50842,True,synthetic://google_photos_community/syn-goo-0066,Search not finding a photo I know exists,Google Photos Help Community > Search & browse,"[""Product Expert: Check whether the photo was ever backed up. If it was from an old phone it might never have been uploaded."", ""Product Expert: Search for the thing plus the city, e.g. \""cake bangalore\"", works better than a sentence for me.""]","{""same_question"": 77, ""recommended_answer"": false}",google_photos_help_community,What worked for me: Check whether the photo was ever backed up. If it was from an old phone it might never have been uploaded.,google_photos_community:syn-goo-0066
google_photos_community,syn-goo-0067,2023-09-29T03:15:03,synthetic_user_9009,True,synthetic://google_photos_community/syn-goo-0067,How can I find a photo of the biryani my grandmother made when I don't remember the date?,Google Photos Help Community > Search & browse,"[""Product Expert: Search for the thing plus the city, e.g. \""cake bangalore\"", works better than a sentence for me.""]","{""same_question"": 53, ""recommended_answer"": true}",google_photos_help_community,"On my iPhone. I'm trying to find a photo of the biryani my grandmother made. I need it because she passed away and I really want that picture. It had my grandmother in it. Honestly it means a lot to me. Timing wise it was a few Eids ago. I don't remember when exactly. Searched for ""grandma serving biryani from a copper pot"" and got no results. I just didn't know how to describe it in a way search would get. I went through the map view hoping to spot it. I kept retyping different searches. Still haven't found it. Device: iPhone 14, iOS 18.",google_photos_community:syn-goo-0067
google_photos_community,syn-goo-0068,2023-04-26T07:54:44,synthetic_user_80779,True,synthetic://google_photos_community/syn-goo-0068,How can I find that photo where I was wearing the blue shirt when I don't remember the date?,Google Photos Help Community > Search & browse,"[""Product Expert: You can search text inside photos sometimes, but it only works if the words are clear in the image."", ""Product Expert: Tip: if location history was on, try the map view and zoom into the area instead of searching the name.""]","{""same_question"": 52, ""recommended_answer"": false}",google_photos_help_community,"My wife and I share a partner library. Does anyone know how to find that photo where I was wearing the blue shirt? I need it now because I need a profile photo for a new job. I remember it was the best picture of me in years. I can picture me in a light blue linen shirt against a white wall. I know it was at a friend's place, I think. Timing wise it was maybe two summers ago. I don't remember when exactly. No clue what the place was called. Tried ""blue shirt"" but it just showed random photos. I searched ""me wearing blue shirt white wall"" and got a bunch of pictures that had nothing to do with it. Tried ""summer"" but it just showed random photos. It seems like search ignores half of what I type and only matches one word. I jumped to roughly that year with the scrollbar and went month by month. I went through the map view hoping to spot it. Finally found it after two evenings.",google_photos_community:syn-goo-0068
google_photos_community,syn-goo-0069,2023-12-15T17:10:12,synthetic_user_4955,True,synthetic://google_photos_community/syn-goo-0069,How can I find a shot of the fireworks at the new year party when I don't remember the date?,Google Photos Help Community > Search & browse,"[""Product Expert: Use the date jump on the scrollbar, drag to the year and go month by month.""]","{""same_question"": 5, ""recommended_answer"": true}",google_photos_help_community,"A lot of my photos come from shared albums. I've been looking for a shot of the fireworks at the new year party for days. I remember a bunch of friends being in it. I can picture green fireworks over a swimming pool. It's from the new year party at the club. Not sure which month or year, honestly. Searched for ""fireworks"" and got a bunch of pictures that had nothing to do with it. Searched for ""green fireworks over pool"" but it just showed random photos. Searched for ""31 december"" but it just showed random photos. It seems like search ignores half of what I type and only matches one word. Ended up scrolling back through years of photos. Eventually I just gave up. Using photos.google.com on Windows.",google_photos_community:syn-goo-0069
google_photos_community,syn-goo-0070,2026-03-15T16:13:39,synthetic_user_91516,True,synthetic://google_photos_community/syn-goo-0070,Unable to locate an old photo,Google Photos Help Community > Search & browse,"[""Product Expert: Search for the thing plus the city, e.g. \""cake bangalore\"", works better than a sentence for me.""]","{""same_question"": 76, ""recommended_answer"": false}",google_photos_help_community,"Couldn't find the photo of the temple on the hill anywhere, then realised it was on my old phone and never got backed up. Device: iPhone 14, iOS 18.",google_photos_community:syn-goo-0070
google_photos_community,syn-goo-0071,2025-05-13T00:10:58,synthetic_user_52468,True,synthetic://google_photos_community/syn-goo-0071,Unable to locate an old photo,Google Photos Help Community > Search & browse,"[""Product Expert: Try searching for something visible in the photo instead of what happened, like \""stage\"" or \""cake\""."", ""Product Expert: Tip: if location history was on, try the map view and zoom into the area instead of searching the name.""]","{""same_question"": 10, ""recommended_answer"": true}",google_photos_help_community,"Spent an hour looking for a sunset photo from the hotel balcony and it turns out I had deleted it years ago. Not the app's fault. Device: Pixel 8, Android 15.",google_photos_community:syn-goo-0071
google_photos_community,syn-goo-0072,2025-11-11T20:21:02,synthetic_user_64148,True,synthetic://google_photos_community/syn-goo-0072,How can I find the class photo from school farewell when I don't remember the date?,Google Photos Help Community > Search & browse,"[""Product Expert: You can search text inside photos sometimes, but it only works if the words are clear in the image."", ""Product Expert: Search for the thing plus the city, e.g. \""cake bangalore\"", works better than a sentence for me.""]","{""same_question"": 46, ""recommended_answer"": false}",google_photos_help_community,"Half my library is screenshots. Looking for the class photo from school farewell. I need it because our class WhatsApp group is collecting old photos. It was at school farewell. Timing wise it was 2010, I think. The location data was probably off. Not sure which month or year, honestly. I typed ""farewell"" in search and got no results. Searched for ""class photo on school steps sarees suits"" and nothing came up. I searched ""2010"" and nothing came up. It came from my old phone and I'm not sure it ever got backed up. I jumped to roughly that year with the scrollbar and went month by month. Tried synonyms like ""graduation"" too. Never found it. Using photos.google.com on Windows.",google_photos_community:syn-goo-0072
google_photos_community,syn-goo-0073,2025-09-15T21:27:01,synthetic_user_1448,True,synthetic://google_photos_community/syn-goo-0073,Help finding an old photo in my library,Google Photos Help Community > Search & browse,"[""Product Expert: You can search text inside photos sometimes, but it only works if the words are clear in the image."", ""Product Expert: Try searching for something visible in the photo instead of what happened, like \""stage\"" or \""cake\"".""]","{""same_question"": 67, ""recommended_answer"": false}",google_photos_help_community,"I've been looking for the video of my dog meeting the new puppy for days. I need it because our old dog passed away last week. It had our old dog in it. It was taken in our backyard. Timing wise it was right after we adopted the puppy, 2020. I can't remember the date at all. Tried ""2020 video"" and it gave me hundreds of photos. I searched ""video of old dog meeting new puppy"" and it gave me hundreds of photos. I have hundreds of similar shots and can't tell which one it was. Ended up scrolling back through years of photos. Still haven't found it. Device: Pixel 8, Android 15.",google_photos_community:syn-goo-0073
google_photos_community,syn-goo-0074,2025-05-09T10:58:07,synthetic_user_57001,True,synthetic://google_photos_community/syn-goo-0074,General question,Google Photos Help Community > Search & browse,"[""Product Expert: Check whether the photo was ever backed up. If it was from an old phone it might never have been uploaded."", ""Product Expert: If it was a screenshot, open the Screenshots category first and then scroll by month.""]","{""same_question"": 5, ""recommended_answer"": true}",google_photos_help_community,"Why did they move the sharing button? The new layout is confusing. Device: Pixel 8, Android 15.",google_photos_community:syn-goo-0074
google_photos_community,syn-goo-0075,2026-07-14T10:08:16,synthetic_user_5891,True,synthetic://google_photos_community/syn-goo-0075,Help finding an old photo in my library,Google Photos Help Community > Search & browse,"[""Product Expert: Name the face groups. Searching a person's name works way better than describing them.""]","{""same_question"": 19, ""recommended_answer"": true}",google_photos_help_community,"Does anyone know how to find the photo of the temple on the hill? I need it because my parents want to visit again. We were on a hill somewhere on the way to Mysore when I took it. All I remember visually is white steps going up and monkeys on the wall. It was a long time ago, maybe 2015. This was during a drive with my parents. No clue what the place was called. I can't recall the name of the event. I typed ""mysore 2015"" in search and it gave me hundreds of photos. I searched ""white temple on hill with steps"" and got thousands of results to scroll through. I have hundreds of similar shots and can't tell which one it was. I jumped to roughly that year with the scrollbar and went month by month. In the end I texted my friend to send it again. Never found it. Device: iPhone 14, iOS 18.",google_photos_community:syn-goo-0075
google_photos_community,syn-goo-0076,2024-08-10T06:30:27,synthetic_user_40920,True,synthetic://google_photos_community/syn-goo-0076,How can I find the photo I took of my passport page when I don't remember the date?,Google Photos Help Community > Search & browse,"[""Product Expert: Ask whoever was there, someone in the group chat usually still has it."", ""Product Expert: You can search text inside photos sometimes, but it only works if the words are clear in the image.""]","{""same_question"": 51, ""recommended_answer"": false}",google_photos_help_community,"I've been looking for the photo I took of my passport page for days. I need it because I need the number urgently for a booking. It's a picture of my passport. Timing wise it was two or three years ago. It had the passport number and expiry date on it. Not sure which month or year, honestly. I don't remember the exact words on it. Tried ""passport"" and got a bunch of pictures that had nothing to do with it. After that I had no idea what else to try. I scrolled for like 40 minutes. Eventually I searched my WhatsApp chats instead. Got it eventually, after two evenings. Device: Pixel 8, Android 15.",google_photos_community:syn-goo-0076
google_photos_community,syn-goo-0077,2024-08-26T20:37:55,synthetic_user_21920,True,synthetic://google_photos_community/syn-goo-0077,Help finding an old photo in my library,Google Photos Help Community > Search & browse,"[""Product Expert: Use the date jump on the scrollbar, drag to the year and go month by month."", ""Product Expert: Name the face groups. Searching a person's name works way better than describing them.""]","{""same_question"": 27, ""recommended_answer"": true}",google_photos_help_community,"I've been looking for the photo of us dancing at the sangeet for days. I need it now because I wanted it for our first anniversary post. I can picture a disco ball and me in a pink lehenga. It was the night before our wedding. It had my husband and his cousins in it. It's from the sangeet night. I don't remember which album it went into. Tried ""dance"" and got thousands of results to scroll through. I typed ""couple dancing under disco ball pink lehenga"" in search and got thousands of results to scroll through. I typed ""sangeet"" in search and got thousands of results to scroll through. All the results look the same as tiny thumbnails. In the end I texted my friend to send it again. I scrolled for like 40 minutes. I gave up on finding it.",google_photos_community:syn-goo-0077
google_photos_community,syn-goo-0078,2025-01-08T14:31:50,synthetic_user_60995,True,synthetic://google_photos_community/syn-goo-0078,Search not finding a photo I know exists,Google Photos Help Community > Search & browse,"[""Product Expert: Search by year first, like \""2019\"", then scroll within that. Much faster than scrolling from today.""]","{""same_question"": 43, ""recommended_answer"": false}",google_photos_help_community,"Couldn't find a screenshot of a map with a pin someone sent anywhere, then realised it was on my old phone and never got backed up. Device: iPhone 14, iOS 18.",google_photos_community:syn-goo-0078
google_photos_community,syn-goo-0079,2023-01-18T04:47:21,synthetic_user_70370,True,synthetic://google_photos_community/syn-goo-0079,Unable to locate an old photo,Google Photos Help Community > Search & browse,"[""Product Expert: You can search text inside photos sometimes, but it only works if the words are clear in the image."", ""Product Expert: Check whether the photo was ever backed up. If it was from an old phone it might never have been uploaded.""]","{""same_question"": 14, ""recommended_answer"": false}",google_photos_help_community,"Found the photo of us at the football match by searching the person's face and then scrolling a bit. Took two minutes. Device: iPhone 14, iOS 18.",google_photos_community:syn-goo-0079
google_photos_community,syn-goo-0080,2026-06-09T05:35:01,synthetic_user_84123,True,synthetic://google_photos_community/syn-goo-0080,How can I find the photo of the view from the train window when I don't remember the date?,Google Photos Help Community > Search & browse,"[""Product Expert: Try searching for something visible in the photo instead of what happened, like \""stage\"" or \""cake\""."", ""Product Expert: Search for the thing plus the city, e.g. \""cake bangalore\"", works better than a sentence for me.""]","{""same_question"": 7, ""recommended_answer"": false}",google_photos_help_community,"Looking for the photo of the view from the train window. I need it because I was telling someone about the trip and wanted to show them. This was during the Europe backpacking trip. I remember green hills and a reflection of my face in the glass. It had nobody, it was just me in it. Timing wise it was in 2018 or 2019, can't pin it down. I can't remember the date at all. Tried ""view from train window with green hills"" and it popped up near the top. I typed ""train 2018"" in search and it popped up near the top. Ended up scrolling back through years of photos. Got it eventually, after half an hour of scrolling.",google_photos_community:syn-goo-0080
google_photos_community,syn-goo-0081,2025-10-21T06:46:21,synthetic_user_37369,True,synthetic://google_photos_community/syn-goo-0081,Search not finding a photo I know exists,Google Photos Help Community > Search & browse,"[""Product Expert: If it was a screenshot, open the Screenshots category first and then scroll by month.""]","{""same_question"": 10, ""recommended_answer"": false}",google_photos_help_community,"A lot of my photos come from shared albums. Looking for a short video of the band at the pub. I need it now because I want to find the band name. It was while singing a cover of some old song. We were at a pub in the old part of town when I took it. Timing wise it was one weekend, maybe 2022. I don't even remember what the event was called. Searched for ""band"" and got no results. I typed ""video of band with violin red lights pub"" in search and nothing came up. Screen recordings don't seem to be indexed at all. I even googled how to search Google Photos better. Still haven't found it.",google_photos_community:syn-goo-0081
google_photos_community,syn-goo-0082,2023-07-20T03:08:09,synthetic_user_30964,True,synthetic://google_photos_community/syn-goo-0082,Help finding an old photo in my library,Google Photos Help Community > Search & browse,"[""Product Expert: Tip: if location history was on, try the map view and zoom into the area instead of searching the name.""]","{""same_question"": 76, ""recommended_answer"": false}",google_photos_help_community,"Looking for the picture of the pharmacy receipt. I need it now because the insurance claim deadline is this week. It was around when I was sick last year. For context, I needed it for insurance reimbursement. It had the medicine names and total on it. I can picture thermal paper that was already fading. I don't remember the exact words on it. I have no idea what year it was. I typed ""receipt"" in search and it popped up near the top. Searched for ""pharmacy medicine bill"" and it popped up near the top. Tried ""pharmacy"" and it popped up near the top. I scrolled for like 40 minutes. Eventually I searched my WhatsApp chats instead. Got it eventually, after about an hour.",google_photos_community:syn-goo-0082
google_photos_community,syn-goo-0083,2025-05-28T13:35:44,synthetic_user_6816,True,synthetic://google_photos_community/syn-goo-0083,Help finding an old photo in my library,Google Photos Help Community > Search & browse,"[""Product Expert: If it was a screenshot, open the Screenshots category first and then scroll by month.""]","{""same_question"": 32, ""recommended_answer"": false}",google_photos_help_community,"Looking for the old scanned photo of my grandparents' wedding. I need it because we're printing a family tree. It's a scan my uncle sent me. I remember it came through WhatsApp at some point. It was I scanned or received it maybe 5 years ago. I remember my grandparents being in it. The location data was probably off. I typed ""black and white wedding photo grandparents"" in search and got no results. Searched for ""old photo"" and nothing came up. After that I had no idea what else to try. I jumped to roughly that year with the scrollbar and went month by month. I went through the face group for that person too. I found a similar one but not the exact photo I wanted. Device: Pixel 8, Android 15.",google_photos_community:syn-goo-0083
google_photos_community,syn-goo-0084,2023-10-10T07:32:10,synthetic_user_76636,True,synthetic://google_photos_community/syn-goo-0084,Help finding an old photo in my library,Google Photos Help Community > Search & browse,"[""Product Expert: Tip: if location history was on, try the map view and zoom into the area instead of searching the name.""]","{""same_question"": 47, ""recommended_answer"": false}",google_photos_help_community,"I take a ridiculous number of screenshots. Looking for the picture of the houseboat we stayed on. I need it because I wanted to print it for my parents' anniversary. It was taken somewhere in the Kerala backwaters. This was during our family trip to Kerala. It was a few years ago, before covid I think. No clue what the place was called. I don't remember when exactly. I searched ""houseboat"" and it popped up near the top. I typed ""dad standing on a boat with a wooden roof"" in search and it popped up near the top. In the end I texted my friend to send it again. Finally found it after about an hour. Device: Pixel 8, Android 15.",google_photos_community:syn-goo-0084
google_photos_community,syn-goo-0085,2023-06-13T09:57:25,synthetic_user_17328,True,synthetic://google_photos_community/syn-goo-0085,Unable to locate an old photo,Google Photos Help Community > Search & browse,"[""Product Expert: Search for the thing plus the city, e.g. \""cake bangalore\"", works better than a sentence for me."", ""Product Expert: Use the date jump on the scrollbar, drag to the year and go month by month.""]","{""same_question"": 62, ""recommended_answer"": false}",google_photos_help_community,"Spent an hour looking for the class photo from school farewell and it turns out I had deleted it years ago. Not the app's fault. Device: Pixel 8, Android 15.",google_photos_community:syn-goo-0085
google_photos_community,syn-goo-0086,2025-06-15T10:00:50,synthetic_user_91199,True,synthetic://google_photos_community/syn-goo-0086,How can I find the photo from our college fest when I don't remember the date?,Google Photos Help Community > Search & browse,"[""Product Expert: If it was a screenshot, open the Screenshots category first and then scroll by month."", ""Product Expert: Name the face groups. Searching a person's name works way better than describing them.""]","{""same_question"": 58, ""recommended_answer"": true}",google_photos_help_community,"On iOS. I'm trying to find the photo from our college fest. I need it now because 10 year reunion is coming up. Timing wise it was second year, so 2014 or 2015. It was at the college cultural fest. I can't recall the name of the event. Not sure which month or year, honestly. Tried ""college fest"" and got no results. It came from my old phone and I'm not sure it ever got backed up. I jumped to roughly that year with the scrollbar and went month by month. In the end I texted my friend to send it again. I found a similar one but not the exact photo I wanted. Using photos.google.com on Windows.",google_photos_community:syn-goo-0086
google_photos_community,syn-goo-0087,2024-12-16T16:56:25,synthetic_user_65664,True,synthetic://google_photos_community/syn-goo-0087,How can I find an old photo when I don't remember the date?,Google Photos Help Community > Search & browse,"[""Product Expert: Check whether the photo was ever backed up. If it was from an old phone it might never have been uploaded."", ""Product Expert: Search for the thing plus the city, e.g. \""cake bangalore\"", works better than a sentence for me.""]","{""same_question"": 27, ""recommended_answer"": true}",google_photos_help_community,"Spent an hour looking for a photo of the biryani my grandmother made and it turns out I had deleted it years ago. Not the app's fault. Device: iPhone 14, iOS 18.",google_photos_community:syn-goo-0087
google_photos_community,syn-goo-0088,2023-08-17T18:01:55,synthetic_user_95886,True,synthetic://google_photos_community/syn-goo-0088,Search not finding a photo I know exists,Google Photos Help Community > Search & browse,"[""Product Expert: Use the date jump on the scrollbar, drag to the year and go month by month."", ""Product Expert: Search for the thing plus the city, e.g. \""cake bangalore\"", works better than a sentence for me.""]","{""same_question"": 42, ""recommended_answer"": false}",google_photos_help_community,"I've used Google Photos since it launched. Looking for the photo of my son's vaccination card. I need it because school admission needs it. I can picture a pink card with stamps. It had the dates of the last booster on it. It's a picture of the vaccination card. Timing wise it was when he was a baby. I don't remember the exact words on it. Tried ""vaccine"" and got a bunch of pictures that had nothing to do with it. Tried ""vaccination"" and got no results. How do you even search for something like that? I checked my Gmail in case I had sent it to someone. I scrolled for like 40 minutes. Still haven't found it. Device: Pixel 8, Android 15.",google_photos_community:syn-goo-0088
google_photos_community,syn-goo-0089,2023-06-18T07:20:27,synthetic_user_84402,True,synthetic://google_photos_community/syn-goo-0089,Help finding an old photo in my library,Google Photos Help Community > Search & browse,"[""Product Expert: You can search text inside photos sometimes, but it only works if the words are clear in the image."", ""Product Expert: Search by year first, like \""2019\"", then scroll within that. Much faster than scrolling from today.""]","{""same_question"": 52, ""recommended_answer"": false}",google_photos_help_community,"I'm trying to find a picture of the waterfall we hiked to. It was during monsoon, around 2020. All I remember visually is mist everywhere and everyone in raincoats. I have no idea what year it was. I don't remember the name of the place. I searched ""waterfall"" and it gave me hundreds of photos. All the results look the same as tiny thumbnails. I scrolled for like 40 minutes. Eventually I just gave up. Device: Pixel 8, Android 15.",google_photos_community:syn-goo-0089
google_photos_community,syn-goo-0090,2026-07-22T20:07:03,synthetic_user_25202,True,synthetic://google_photos_community/syn-goo-0090,Unable to locate the photo of the electrician's handwritten estimate,Google Photos Help Community > Search & browse,"[""Product Expert: Tip: if location history was on, try the map view and zoom into the area instead of searching the name."", ""Product Expert: Check whether the photo was ever backed up. If it was from an old phone it might never have been uploaded.""]","{""same_question"": 38, ""recommended_answer"": true}",google_photos_help_community,"Does anyone know how to find the photo of the electrician's handwritten estimate? I need it because he's charging way more now. It had the amount for rewiring on it. It's a picture of a handwritten estimate. I don't remember the exact words on it. I can't remember the date at all. Searched for ""estimate"" and got a bunch of pictures that had nothing to do with it. Tried ""handwritten estimate on notebook paper"" and got no results. I didn't know what else to try. I checked my Gmail in case I had sent it to someone. Still haven't found it. Device: iPhone 14, iOS 18.",google_photos_community:syn-goo-0090
google_photos_community,syn-goo-0091,2024-07-01T05:58:18,synthetic_user_33026,True,synthetic://google_photos_community/syn-goo-0091,Unable to locate a screenshot of a recipe from Instagram,Google Photos Help Community > Search & browse,"[""Product Expert: Ask whoever was there, someone in the group chat usually still has it.""]","{""same_question"": 77, ""recommended_answer"": false}",google_photos_help_community,"Does anyone know how to find a screenshot of a recipe from Instagram? I need it because guests are coming this weekend. I remember I screenshotted it from a reel. All I remember visually is a dark background with white text. Timing wise it was sometime this year. I don't remember the exact words on it. No idea what to search for really. I searched ""instagram screenshot"" and it popped up near the top. Tried ""recipe"" and there it was. I tried the screenshots category filter as well. Ended up scrolling back through years of photos. Finally found it after three days. Device: iPhone 14, iOS 18.",google_photos_community:syn-goo-0091
google_photos_community,syn-goo-0092,2023-10-10T19:46:24,synthetic_user_59203,True,synthetic://google_photos_community/syn-goo-0092,Search not finding a photo I know exists,Google Photos Help Community > Search & browse,"[""Product Expert: Check whether the photo was ever backed up. If it was from an old phone it might never have been uploaded.""]","{""same_question"": 61, ""recommended_answer"": false}",google_photos_help_community,"I'm trying to find the picture of the dent on my car. I need it now because the insurance surveyor wants the original photo. I can picture a scratch on the silver door near the handle. For context, a scooter hit my car in the parking lot. It's a picture of a dent on the car door. Timing wise it was maybe 6 months ago. Not sure which month or year, honestly. I searched ""dent on silver car door"" but it just showed random photos. I typed ""car"" in search but it just showed random photos. Tried ""car dent"" and got a bunch of pictures that had nothing to do with it. I know exactly what it looks like but can't put it into search words. Gave up for the day and tried again the next week. Still haven't found it.",google_photos_community:syn-goo-0092
google_photos_community,syn-goo-0093,2026-05-04T19:20:58,synthetic_user_21164,True,synthetic://google_photos_community/syn-goo-0093,Search not finding a photo I know exists,Google Photos Help Community > Search & browse,"[""Product Expert: Search for the thing plus the city, e.g. \""cake bangalore\"", works better than a sentence for me.""]","{""same_question"": 14, ""recommended_answer"": false}",google_photos_help_community,"On Android. Looking for the photo of the stage when they announced the results. I remember my team being in it. I remember purple lights and a big screen with my name. It's from my company's annual awards night. I don't even remember what the event was called. Searched for ""me on stage with trophy under purple lights"" and got a bunch of pictures that had nothing to do with it. I searched ""awards december"" but it just showed random photos. I searched ""award"" but it just showed random photos. It seems like search ignores half of what I type and only matches one word. I went through the face group for that person too. I found a similar one but not the exact photo I wanted. Device: iPhone 14, iOS 18.",google_photos_community:syn-goo-0093
google_photos_community,syn-goo-0094,2024-05-18T01:23:47,synthetic_user_23394,True,synthetic://google_photos_community/syn-goo-0094,Unable to locate the photo of the electrician's handwritten estimate,Google Photos Help Community > Search & browse,"[""Product Expert: Tip: if location history was on, try the map view and zoom into the area instead of searching the name."", ""Product Expert: Ask whoever was there, someone in the group chat usually still has it.""]","{""same_question"": 41, ""recommended_answer"": false}",google_photos_help_community,"I'm trying to find the photo of the electrician's handwritten estimate. I need it now because he's charging way more now. It was a few months ago. I remember he wrote it on a notebook page. It's a picture of a handwritten estimate. I don't remember the exact words on it. I searched ""handwritten estimate on notebook paper"" and nothing came up. The text on the bill isn't searchable as far as I can tell. Eventually I searched my WhatsApp chats instead. Never found it. Device: Pixel 8, Android 15.",google_photos_community:syn-goo-0094
google_photos_community,syn-goo-0095,2025-05-08T06:35:21,synthetic_user_18132,True,synthetic://google_photos_community/syn-goo-0095,How can I find an old photo when I don't remember the date?,Google Photos Help Community > Search & browse,"[""Product Expert: Search for the thing plus the city, e.g. \""cake bangalore\"", works better than a sentence for me."", ""Product Expert: You can search text inside photos sometimes, but it only works if the words are clear in the image.""]","{""same_question"": 38, ""recommended_answer"": false}",google_photos_help_community,"Pro tip: Search by year first, like ""2019"", then scroll within that. Much faster than scrolling from today. Device: iPhone 14, iOS 18.",google_photos_community:syn-goo-0095
google_photos_community,syn-goo-0096,2023-09-09T04:09:26,synthetic_user_22222,True,synthetic://google_photos_community/syn-goo-0096,How can I find the picture of my college marksheet when I don't remember the date?,Google Photos Help Community > Search & browse,"[""Product Expert: If it was a screenshot, open the Screenshots category first and then scroll by month.""]","{""same_question"": 64, ""recommended_answer"": true}",google_photos_help_community,"I've been looking for the picture of my college marksheet for days. I need it now because background verification asked for it. For context, I sent it to some HR at some point. All I remember visually is a certificate with a blue border. It was maybe 2020 when I was job hunting. I don't know what word the app would use for it. I have no idea what year it was. I searched ""2020 certificate"" and got no results. Searched for ""college marksheet with blue border"" but it just showed random photos. I ran out of ideas pretty quickly. Eventually I searched my WhatsApp chats instead. Tried synonyms like ""certificate"" too. Still haven't found it.",google_photos_community:syn-goo-0096
google_photos_community,syn-goo-0097,2024-10-29T19:28:38,synthetic_user_33222,True,synthetic://google_photos_community/syn-goo-0097,Unable to locate the photo from the Ganpati procession,Google Photos Help Community > Search & browse,"[""Product Expert: Ask whoever was there, someone in the group chat usually still has it.""]","{""same_question"": 16, ""recommended_answer"": true}",google_photos_help_community,"On my iPhone. Does anyone know how to find the photo from the Ganpati procession? I need it because our society newsletter wanted old pictures. I know it was on the road near our society. It's from the Ganpati visarjan. It was not sure which year. I have no idea what year it was. Searched for ""september"" and nothing came up. After that I had no idea what else to try. I went through the face group for that person too. I jumped to roughly that year with the scrollbar and went month by month. Got it eventually, after two evenings. Device: iPhone 14, iOS 18.",google_photos_community:syn-goo-0097
google_photos_community,syn-goo-0098,2025-01-24T06:00:10,synthetic_user_71735,True,synthetic://google_photos_community/syn-goo-0098,How can I find an old photo when I don't remember the date?,Google Photos Help Community > Search & browse,"[""Product Expert: If it was a screenshot, open the Screenshots category first and then scroll by month.""]","{""same_question"": 15, ""recommended_answer"": false}",google_photos_help_community,"From experience, Ask whoever was there, someone in the group chat usually still has it.",google_photos_community:syn-goo-0098
google_photos_community,syn-goo-0099,2024-06-19T06:03:29,synthetic_user_49407,True,synthetic://google_photos_community/syn-goo-0099,Help finding an old photo in my library,Google Photos Help Community > Search & browse,"[""Product Expert: Search by year first, like \""2019\"", then scroll within that. Much faster than scrolling from today.""]","{""same_question"": 76, ""recommended_answer"": true}",google_photos_help_community,"Couldn't find the photo of my son's vaccination card anywhere, then realised it was on my old phone and never got backed up. Using photos.google.com on Windows.",google_photos_community:syn-goo-0099
google_photos_community,syn-goo-0100,2024-09-11T15:03:24,synthetic_user_54742,True,synthetic://google_photos_community/syn-goo-0100,Help finding an old photo in my library,Google Photos Help Community > Search & browse,"[""Product Expert: Check whether the photo was ever backed up. If it was from an old phone it might never have been uploaded.""]","{""same_question"": 40, ""recommended_answer"": false}",google_photos_help_community,"I've been looking for the photo of the street where we got lost for days. We were in some old town in Portugal when I took it. I can picture yellow tiles on the walls and a tram line. It had my husband in it. I don't even remember what the event was called. No clue what the place was called. I searched ""lisbon"" and got thousands of results to scroll through. Searched for ""street"" and got thousands of results to scroll through. Searched for ""narrow street with yellow tiles and tram"" and it gave me hundreds of photos. All the results look the same as tiny thumbnails. I jumped to roughly that year with the scrollbar and went month by month. Found one that might be it, but I'm not sure it's the same one. Using photos.google.com on Windows.",google_photos_community:syn-goo-0100
google_photos_community,syn-goo-0101,2025-06-17T23:47:02,synthetic_user_62885,True,synthetic://google_photos_community/syn-goo-0101,How can I find an old photo when I don't remember the date?,Google Photos Help Community > Search & browse,"[""Product Expert: Use the date jump on the scrollbar, drag to the year and go month by month.""]","{""same_question"": 46, ""recommended_answer"": false}",google_photos_help_community,"Honestly I've stopped using search and just scroll, it's more predictable. Using photos.google.com on Windows.",google_photos_community:syn-goo-0101
google_photos_community,syn-goo-0102,2025-03-04T01:49:35,synthetic_user_15295,True,synthetic://google_photos_community/syn-goo-0102,Unable to locate the photo from the Ganpati procession,Google Photos Help Community > Search & browse,"[""Product Expert: Try searching for something visible in the photo instead of what happened, like \""stage\"" or \""cake\"".""]","{""same_question"": 50, ""recommended_answer"": false}",google_photos_help_community,"I'm trying to find the photo from the Ganpati procession. I need it now because our society newsletter wanted old pictures. Timing wise it was not sure which year. It had my neighbours in it. It's from the Ganpati visarjan. Not sure which month or year, honestly. Tried ""ganpati"" and nothing came up. I searched ""people covered in red colour with ganesh idol"" and got no results. After that I had no idea what else to try. I went through the face group for that person too. Ended up scrolling back through years of photos. I gave up on finding it. Device: Pixel 8, Android 15.",google_photos_community:syn-goo-0102
google_photos_community,syn-goo-0103,2025-12-29T07:42:47,synthetic_user_27275,True,synthetic://google_photos_community/syn-goo-0103,Search not finding a photo I know exists,Google Photos Help Community > Search & browse,"[""Product Expert: Search for the thing plus the city, e.g. \""cake bangalore\"", works better than a sentence for me.""]","{""same_question"": 18, ""recommended_answer"": false}",google_photos_help_community,"What worked for me: If it was a screenshot, open the Screenshots category first and then scroll by month. Device: Pixel 8, Android 15.",google_photos_community:syn-goo-0103
google_photos_community,syn-goo-0104,2025-03-08T03:44:21,synthetic_user_80703,True,synthetic://google_photos_community/syn-goo-0104,Search not finding a photo I know exists,Google Photos Help Community > Search & browse,"[""Product Expert: Search for the thing plus the city, e.g. \""cake bangalore\"", works better than a sentence for me.""]","{""same_question"": 61, ""recommended_answer"": false}",google_photos_help_community,"I search in Photos pretty much every day. Does anyone know how to find the old scanned photo of my grandparents' wedding? I need it because we're printing a family tree. I remember black and white, grandma in a big necklace. For context, it came through WhatsApp at some point. I have no idea what year it was. Searched for ""black and white wedding photo grandparents"" and got no results. I searched ""old photo"" and got no results. The photo is definitely in my library but search never shows it. I went through the face group for that person too. Never found it. Device: Pixel 8, Android 15.",google_photos_community:syn-goo-0104
google_photos_community,syn-goo-0105,2023-04-09T14:04:16,synthetic_user_2829,True,synthetic://google_photos_community/syn-goo-0105,Search not finding a photo I know exists,Google Photos Help Community > Search & browse,"[""Product Expert: Name the face groups. Searching a person's name works way better than describing them.""]","{""same_question"": 35, ""recommended_answer"": false}",google_photos_help_community,"I've used Google Photos since it launched. Looking for the picture of my college marksheet. I need it now because background verification asked for it. I remember it showed my semester grades. It was maybe 2020 when I was job hunting. It's a picture of my marksheet. Not sure which month or year, honestly. I don't know what word the app would use for it. Tried ""marksheet"" but it just showed random photos. How do you even search for something like that? I checked my Gmail in case I had sent it to someone. I scrolled for like 40 minutes. Eventually I just gave up. Device: Pixel 8, Android 15.",google_photos_community:syn-goo-0105
google_photos_community,syn-goo-0106,2024-12-22T17:32:56,synthetic_user_57689,True,synthetic://google_photos_community/syn-goo-0106,Help finding an old photo in my library,Google Photos Help Community > Search & browse,"[""Product Expert: If it was a screenshot, open the Screenshots category first and then scroll by month."", ""Product Expert: Search for the thing plus the city, e.g. \""cake bangalore\"", works better than a sentence for me.""]","{""same_question"": 69, ""recommended_answer"": false}",google_photos_help_community,"Thought search was broken but the photo of the warranty card for the washing machine was in my partner's library, not mine. Device: Pixel 8, Android 15.",google_photos_community:syn-goo-0106
google_photos_community,syn-goo-0107,2026-06-12T02:38:57,synthetic_user_56406,True,synthetic://google_photos_community/syn-goo-0107,Unable to locate the photo of the rash on my arm,Google Photos Help Community > Search & browse,"[""Product Expert: You can search text inside photos sometimes, but it only works if the words are clear in the image."", ""Product Expert: If it was a screenshot, open the Screenshots category first and then scroll by month.""]","{""same_question"": 48, ""recommended_answer"": false}",google_photos_help_community,"I've been looking for the photo of the rash on my arm for days. I can picture red patches near my elbow. It's a picture of a rash. For context, I took it to show the dermatologist how it looked on day one. Timing wise it was about eight months ago. No idea what to search for really. I don't remember when exactly. I typed ""red rash on arm"" in search and nothing came up. The photo is definitely in my library but search never shows it. Tried synonyms like ""allergy"" too. I scrolled for like 40 minutes. I gave up on finding it. Using photos.google.com on Windows.",google_photos_community:syn-goo-0107
google_photos_community,syn-goo-0108,2025-04-02T17:02:56,synthetic_user_97613,True,synthetic://google_photos_community/syn-goo-0108,Search not finding a photo I know exists,Google Photos Help Community > Search & browse,"[""Product Expert: If it was a screenshot, open the Screenshots category first and then scroll by month."", ""Product Expert: Search by year first, like \""2019\"", then scroll within that. Much faster than scrolling from today.""]","{""same_question"": 26, ""recommended_answer"": false}",google_photos_help_community,"My wife and I share a partner library. I've been looking for the photo of the warranty card for the washing machine for days. Timing wise it was when we bought it, 2 years ago maybe. It's a picture of the warranty card. All I remember visually is a small card taped to the invoice. I don't remember the exact words on it. I searched ""washing machine warranty card"" and got no results. I typed ""warranty 2024"" in search and got no results. I searched ""warranty"" and nothing came up. The text on the bill isn't searchable as far as I can tell. I checked my Gmail in case I had sent it to someone. Never found it. Using photos.google.com on Windows.",google_photos_community:syn-goo-0108
google_photos_community,syn-goo-0109,2024-08-26T00:51:19,synthetic_user_40480,True,synthetic://google_photos_community/syn-goo-0109,How can I find an old photo when I don't remember the date?,Google Photos Help Community > Search & browse,"[""Product Expert: If it was a screenshot, open the Screenshots category first and then scroll by month."", ""Product Expert: Search by year first, like \""2019\"", then scroll within that. Much faster than scrolling from today.""]","{""same_question"": 66, ""recommended_answer"": true}",google_photos_help_community,"Couldn't find a photo of the rental agreement anywhere, then realised it was on my old phone and never got backed up. Device: Pixel 8, Android 15.",google_photos_community:syn-goo-0109
google_photos_community,syn-goo-0110,2024-11-22T08:46:56,synthetic_user_58558,True,synthetic://google_photos_community/syn-goo-0110,Unable to locate an old photo,Google Photos Help Community > Search & browse,"[""Product Expert: Check whether the photo was ever backed up. If it was from an old phone it might never have been uploaded.""]","{""same_question"": 36, ""recommended_answer"": true}",google_photos_help_community,Check whether the photo was ever backed up. If it was from an old phone it might never have been uploaded. Using photos.google.com on Windows.,google_photos_community:syn-goo-0110
google_photos_community,syn-goo-0111,2025-09-19T13:53:30,synthetic_user_71107,True,synthetic://google_photos_community/syn-goo-0111,How can I find the photo of the team at the offsite when I don't remember the date?,Google Photos Help Community > Search & browse,"[""Product Expert: Check whether the photo was ever backed up. If it was from an old phone it might never have been uploaded."", ""Product Expert: Search by year first, like \""2019\"", then scroll within that. Much faster than scrolling from today.""]","{""same_question"": 58, ""recommended_answer"": false}",google_photos_help_community,"Looking for the photo of the team at the offsite. I need it because a colleague is leaving and we're making a card. I know it was at a resort outside the city. All I remember visually is everyone in matching t-shirts by a pool. It was before I switched jobs, 2021 maybe. I remember my old team being in it. I don't remember the name of the place. I searched ""team"" but it just showed random photos. I didn't know what else to try. Ended up scrolling back through years of photos. Tried synonyms like ""office trip"" too. I found a similar one but not the exact photo I wanted. Device: iPhone 14, iOS 18.",google_photos_community:syn-goo-0111
google_photos_community,syn-goo-0112,2026-05-24T05:20:31,synthetic_user_66364,True,synthetic://google_photos_community/syn-goo-0112,How can I find the photo of the menu at the street food stall when I don't remember the date?,Google Photos Help Community > Search & browse,"[""Product Expert: Search by year first, like \""2019\"", then scroll within that. Much faster than scrolling from today.""]","{""same_question"": 15, ""recommended_answer"": true}",google_photos_help_community,"Looking for the photo of the menu at the street food stall. I need it because I want to recommend it to someone visiting. It was while eating chaat after the market. I can picture a handwritten board in Hindi. It was a winter evening, not sure which year. I don't remember the exact words on it. Not sure which month or year, honestly. Tried ""menu"" but it just showed random photos. It doesn't understand what I'm describing at all. I jumped to roughly that year with the scrollbar and went month by month. Ended up scrolling back through years of photos. Still haven't found it.",google_photos_community:syn-goo-0112
google_photos_community,syn-goo-0113,2023-01-30T07:41:41,synthetic_user_19883,True,synthetic://google_photos_community/syn-goo-0113,Help finding an old photo in my library,Google Photos Help Community > Search & browse,"[""Product Expert: You can search text inside photos sometimes, but it only works if the words are clear in the image."", ""Product Expert: Tip: if location history was on, try the map view and zoom into the area instead of searching the name.""]","{""same_question"": 6, ""recommended_answer"": false}",google_photos_help_community,"On the web version on my laptop. I've been looking for a shot of the fireworks at the new year party for days. I need it because I wanted to post a throwback. I remember a bunch of friends being in it. Timing wise it was one of the new years, 2019 or 2020. It's from the new year party at the club. I remember it was just before midnight. Not sure which month or year, honestly. Searched for ""green fireworks over pool"" and got thousands of results to scroll through. Searched for ""31 december"" and got thousands of results to scroll through. There are so many almost identical shots from that day that I can't tell which one it is. Ended up scrolling back through years of photos. I found a similar one but not the exact photo I wanted. Device: Pixel 8, Android 15.",google_photos_community:syn-goo-0113
google_photos_community,syn-goo-0114,2026-05-12T04:37:36,synthetic_user_28832,True,synthetic://google_photos_community/syn-goo-0114,Unable to locate an old photo,Google Photos Help Community > Search & browse,"[""Product Expert: Tip: if location history was on, try the map view and zoom into the area instead of searching the name.""]","{""same_question"": 63, ""recommended_answer"": false}",google_photos_help_community,"I don't remember dates, nobody does. Searching by date is useless for old memories. Device: Pixel 8, Android 15.",google_photos_community:syn-goo-0114
google_photos_community,syn-goo-0115,2024-05-19T11:44:13,synthetic_user_76713,True,synthetic://google_photos_community/syn-goo-0115,Search not finding a photo I know exists,Google Photos Help Community > Search & browse,"[""Product Expert: Use the date jump on the scrollbar, drag to the year and go month by month."", ""Product Expert: Ask whoever was there, someone in the group chat usually still has it.""]","{""same_question"": 40, ""recommended_answer"": false}",google_photos_help_community,"Looking for the photo of the notes a friend shared before exams. It's a picture of handwritten notes. It had something about thermodynamics formulas on it. All I remember visually is pages with yellow highlighter. It was final semester. I have no idea what year it was. I don't remember the exact words on it. I typed ""handwritten thermodynamics notes"" in search and got no results. I searched ""notes"" and nothing came up. I think it's in my partner's library, not mine. I kept retyping different searches. In the end I texted my friend to send it again. I found a similar one but not the exact photo I wanted. Using photos.google.com on Windows.",google_photos_community:syn-goo-0115
google_photos_community,syn-goo-0116,2024-11-07T04:33:22,synthetic_user_43877,True,synthetic://google_photos_community/syn-goo-0116,Help finding an old photo in my library,Google Photos Help Community > Search & browse,"[""Product Expert: Ask whoever was there, someone in the group chat usually still has it."", ""Product Expert: If it was a screenshot, open the Screenshots category first and then scroll by month.""]","{""same_question"": 43, ""recommended_answer"": false}",google_photos_help_community,"A lot of my photos come from shared albums. I'm trying to find the photo with the bride and my grandmother. I need it because grandma wants a print. Timing wise it was reception night. I remember my grandmother and my sister-in-law being in it. All I remember visually is grandma in a green saree sitting on the stage. It's one that the photographer's assistant sent us. I don't remember which album it went into. Not sure which month or year, honestly. I typed ""grandmother"" in search and got no results. I searched ""old lady in green saree with bride on stage"" and nothing came up. Searched for ""reception"" and got no results. It just doesn't show up in search even though I know it's there. I asked my sister if she still had it. I found a similar one but not the exact photo I wanted. Device: iPhone 14, iOS 18.",google_photos_community:syn-goo-0116
google_photos_community,syn-goo-0117,2025-02-10T21:13:53,synthetic_user_24406,True,synthetic://google_photos_community/syn-goo-0117,Help finding an old photo in my library,Google Photos Help Community > Search & browse,"[""Product Expert: Search for the thing plus the city, e.g. \""cake bangalore\"", works better than a sentence for me.""]","{""same_question"": 24, ""recommended_answer"": true}",google_photos_help_community,"I've been looking for the photo of us at the football match for days. I need it because reunion group chat asked for it. I remember all of us with painted faces. I remember my school friends being in it. I don't remember when exactly. I can't recall the name of the event. I searched ""football"" and nothing came up. Tried ""friends with painted faces at football match"" and got no results. Tried ""stadium"" and got no results. I think it's in my partner's library, not mine. In the end I texted my friend to send it again. I gave up on finding it.",google_photos_community:syn-goo-0117
google_photos_community,syn-goo-0118,2023-01-06T02:07:21,synthetic_user_87162,True,synthetic://google_photos_community/syn-goo-0118,Unable to locate a screenshot of a recipe from Instagram,Google Photos Help Community > Search & browse,"[""Product Expert: Search for the thing plus the city, e.g. \""cake bangalore\"", works better than a sentence for me."", ""Product Expert: You can search text inside photos sometimes, but it only works if the words are clear in the image.""]","{""same_question"": 14, ""recommended_answer"": false}",google_photos_help_community,"I'm trying to find a screenshot of a recipe from Instagram. I need it now because guests are coming this weekend. For context, I screenshotted it from a reel. I remember it showed something with paneer and cashew paste. I don't remember the exact words on it. No idea what to search for really. Searched for ""instagram screenshot"" and got no results. Text inside screenshots doesn't seem to be searchable. I scrolled for like 40 minutes. Got it eventually, after half an hour of scrolling. Device: Pixel 8, Android 15.",google_photos_community:syn-goo-0118
google_photos_community,syn-goo-0119,2024-09-04T06:58:49,synthetic_user_88211,True,synthetic://google_photos_community/syn-goo-0119,Unable to locate the photo with the bride and my grandmother,Google Photos Help Community > Search & browse,"[""Product Expert: Use the date jump on the scrollbar, drag to the year and go month by month."", ""Product Expert: Search by year first, like \""2019\"", then scroll within that. Much faster than scrolling from today.""]","{""same_question"": 7, ""recommended_answer"": false}",google_photos_help_community,"I've been looking for the photo with the bride and my grandmother for days. It's from my brother's wedding. It had my grandmother and my sister-in-law in it. All I remember visually is grandma in a green saree sitting on the stage. Not sure which month or year, honestly. I'm not sure if I ever put it in an album. Tried ""old lady in green saree with bride on stage"" and it popped up near the top. I searched ""grandmother"" and it popped up near the top. Ended up scrolling back through years of photos. Got it eventually, after half an hour of scrolling. Device: iPhone 14, iOS 18.",google_photos_community:syn-goo-0119
social_media,syn-soc-0000,2024-09-04T19:10:28,synthetic_user_29310,True,synthetic://social_media/syn-soc-0000,,,[],"{""likes"": 25, ""reposts"": 186}",facebook,It would help if the app told me why a photo showed up in results.,social_media:syn-soc-0000
social_media,syn-soc-0001,2024-05-28T18:18:01,synthetic_user_14994,True,synthetic://social_media/syn-soc-0001,,,[],"{""likes"": 1511, ""reposts"": 13}",instagram_comments,"I'm trying to find a short video of the band at the pub. I know it was at a pub in the old part of town. I don't know what it's called. Searched for ""video of band with violin red lights pub"" and nothing came up. Screen recordings don't seem to be indexed at all. I jumped to roughly that year with the scrollbar and went month by month. Found one that might be it, but I'm not sure it's the same one. #GooglePhotos",social_media:syn-soc-0001
social_media,syn-soc-0002,2026-03-12T10:33:38,synthetic_user_8656,True,synthetic://social_media/syn-soc-0002,,,[],"{""likes"": 1252, ""reposts"": 48}",instagram_comments,Found the screenshot of the product I wanted to buy by searching the person's face and then scrolling a bit. Took two minutes.,social_media:syn-soc-0002
social_media,syn-soc-0003,2026-06-16T18:57:33,synthetic_user_54972,True,synthetic://social_media/syn-soc-0003,,,[],"{""likes"": 1447, ""reposts"": 177}",x,"Search should work the way I remember things, like 'parking pillar sign', not just single words. #help",social_media:syn-soc-0003
social_media,syn-soc-0004,2025-07-02T21:37:51,synthetic_user_57796,True,synthetic://social_media/syn-soc-0004,,,[],"{""likes"": 595, ""reposts"": 160}",facebook,Please add a dark mode for the web version. Too many notifications about 'memories' I didn't ask for. #help,social_media:syn-soc-0004
social_media,syn-soc-0005,2025-01-23T19:20:52,synthetic_user_49045,True,synthetic://social_media/syn-soc-0005,,,[],"{""likes"": 1395, ""reposts"": 2}",instagram_comments,"Honestly I've stopped using search and just scroll, it's more predictable.",social_media:syn-soc-0005
social_media,syn-soc-0006,2025-12-19T05:38:56,synthetic_user_38406,True,synthetic://social_media/syn-soc-0006,,,[],"{""likes"": 1730, ""reposts"": 57}",facebook,"Does anyone know how to find the picture of the medicine I took when I was sick last year? I can picture a silver strip with orange tablets. No idea what the thing is actually called. I searched ""fever medicine"" and got a bunch of pictures that had nothing to do with it. How do you even search for something like that? Ended up scrolling back through years of photos. I gave up on finding it. #help",social_media:syn-soc-0006
social_media,syn-soc-0007,2026-06-03T20:56:16,synthetic_user_20440,True,synthetic://social_media/syn-soc-0007,,,[],"{""likes"": 538, ""reposts"": 171}",facebook,"Does anyone know how to find the screenshot of the train booking confirmation? I need it because the TTE asked for the PNR. I remember it showed the PNR number. I can't recall what it said exactly. Tried ""train ticket booking confirmation screenshot"" and nothing came up. Text inside screenshots doesn't seem to be searchable. Never found it. @googlephotos",social_media:syn-soc-0007
social_media,syn-soc-0008,2026-01-26T13:38:29,synthetic_user_92178,True,synthetic://social_media/syn-soc-0008,,,[],"{""likes"": 151, ""reposts"": 120}",x,"looking for the photo of the menu at the street food stall. i need it because i want to recommend it to someone visiting. timing wise it was a winter evening, not sure which year. i don't remember the exact words on it. i searched ""menu"" and it gave me hundreds of photos. there are so many almost identical shots from that day that i can't tell which one it is. still haven't found it. #help",social_media:syn-soc-0008
social_media,syn-soc-0009,2024-01-12T16:20:39,synthetic_user_82812,True,synthetic://social_media/syn-soc-0009,,,[],"{""likes"": 1457, ""reposts"": 108}",instagram_comments,Minor gripe: The locked folder is a nice privacy feature. App keeps crashing when I open a large video. #help,social_media:syn-soc-0009
social_media,syn-soc-0010,2026-05-07T03:27:58,synthetic_user_31669,True,synthetic://social_media/syn-soc-0010,,,[],"{""likes"": 672, ""reposts"": 131}",threads,"I'm trying to find the family photo from Diwali where everyone is wearing white. I remember the whole extended family being in it. I can't remember the date at all. I searched ""diwali"" and got no results. The photo is definitely in my library but search never shows it. Finally found it after two evenings. @googlephotos",social_media:syn-soc-0010
social_media,syn-soc-0011,2024-10-28T04:29:54,synthetic_user_49546,True,synthetic://social_media/syn-soc-0011,,,[],"{""likes"": 1293, ""reposts"": 20}",threads,"Honestly I've stopped using search and just scroll, it's more predictable.",social_media:syn-soc-0011
social_media,syn-soc-0012,2023-08-25T12:00:36,synthetic_user_55852,True,synthetic://social_media/syn-soc-0012,,,[],"{""likes"": 905, ""reposts"": 79}",facebook,"Does anyone know how to find that photo where I was wearing the blue shirt? Timing wise it was maybe two summers ago. I can't recall where exactly it was. Searched for ""me wearing blue shirt white wall"" and nothing came up. I didn't know what else to try. I jumped to roughly that year with the scrollbar and went month by month. Got it eventually, after way too long.",social_media:syn-soc-0012
social_media,syn-soc-0013,2023-04-10T05:25:06,synthetic_user_72104,True,synthetic://social_media/syn-soc-0013,,,[],"{""likes"": 259, ""reposts"": 190}",threads,"Something that helps: Tip: if location history was on, try the map view and zoom into the area instead of searching the name. @googlephotos",social_media:syn-soc-0013
social_media,syn-soc-0014,2024-04-01T07:03:51,synthetic_user_90422,True,synthetic://social_media/syn-soc-0014,,,[],"{""likes"": 993, ""reposts"": 9}",facebook,Update: Storage is full again and now they want me to pay for more. Too expensive for what it is.,social_media:syn-soc-0014
social_media,syn-soc-0015,2024-06-25T18:09:06,synthetic_user_92369,True,synthetic://social_media/syn-soc-0015,,,[],"{""likes"": 1563, ""reposts"": 109}",x,Face grouping merged my twin daughters into one person lol. #help,social_media:syn-soc-0015
social_media,syn-soc-0016,2023-02-04T23:54:33,synthetic_user_6133,True,synthetic://social_media/syn-soc-0016,,,[],"{""likes"": 1906, ""reposts"": 177}",threads,"Search should work the way I remember things, like 'green fireworks over pool', not just single words.",social_media:syn-soc-0016
social_media,syn-soc-0017,2024-05-18T16:48:50,synthetic_user_6902,True,synthetic://social_media/syn-soc-0017,,,[],"{""likes"": 1181, ""reposts"": 101}",threads,"What worked for me: If it was a screenshot, open the Screenshots category first and then scroll by month. #help",social_media:syn-soc-0017
social_media,syn-soc-0018,2026-01-14T14:32:43,synthetic_user_67402,True,synthetic://social_media/syn-soc-0018,,,[],"{""likes"": 1644, ""reposts"": 189}",threads,It's frustrating that I have to guess what word the app uses for something. #GooglePhotos,social_media:syn-soc-0018
social_media,syn-soc-0019,2025-08-31T15:21:13,synthetic_user_32650,True,synthetic://social_media/syn-soc-0019,,,[],"{""likes"": 304, ""reposts"": 13}",facebook,"I've been looking for the screenshot of the train booking confirmation for days. I need it now because the TTE asked for the PNR. I remember a white screen with a green tick. I don't remember the exact words on it. Searched for ""ticket"" and nothing came up. I just didn't know how to describe it in a way search would get. Still haven't found it.",social_media:syn-soc-0019
social_media,syn-soc-0020,2025-08-07T05:22:02,synthetic_user_1730,True,synthetic://social_media/syn-soc-0020,,,[],"{""likes"": 752, ""reposts"": 168}",x,Two things. App keeps crashing when I open a large video. #help,social_media:syn-soc-0020
social_media,syn-soc-0021,2023-05-22T03:14:23,synthetic_user_13302,True,synthetic://social_media/syn-soc-0021,,,[],"{""likes"": 699, ""reposts"": 195}",threads,"I've been looking for the photo of the temple on the hill for days. Timing wise it was a long time ago, maybe 2015. I can't recall the name of the event. I searched ""white temple on hill with steps"" and nothing came up. After that I had no idea what else to try. Finally found it after three days. @googlephotos",social_media:syn-soc-0021
social_media,syn-soc-0022,2026-06-18T18:43:26,synthetic_user_2045,True,synthetic://social_media/syn-soc-0022,,,[],"{""likes"": 760, ""reposts"": 121}",threads,"looking for a shot of the fireworks at the new year party. it had a bunch of friends in it. i don't remember when exactly. tried ""green fireworks over pool"" and there it was. i went through the face group for that person too. finally found it after way too long. #help",social_media:syn-soc-0022
social_media,syn-soc-0023,2023-10-27T13:36:03,synthetic_user_77740,True,synthetic://social_media/syn-soc-0023,,,[],"{""likes"": 1805, ""reposts"": 130}",x,"Didn't remember anything except stamp paper with a purple stamp, searched for that and it showed up. Impressed. @googlephotos",social_media:syn-soc-0023
social_media,syn-soc-0024,2023-03-21T20:13:16,synthetic_user_55737,True,synthetic://social_media/syn-soc-0024,,,[],"{""likes"": 957, ""reposts"": 193}",threads,"Honestly search is amazing. I typed ""green fireworks over pool"" and it found a shot of the fireworks at the new year party in seconds.",social_media:syn-soc-0024
social_media,syn-soc-0025,2024-12-23T15:52:12,synthetic_user_34925,True,synthetic://social_media/syn-soc-0025,,,[],"{""likes"": 1101, ""reposts"": 149}",x,"I'm trying to find the photo of my car's insurance papers. It's a picture of the insurance papers. I don't remember the exact words on it. Tried ""car insurance paper on dashboard"" but it just showed random photos. How do you even search for something like that? Never found it. #GooglePhotos",social_media:syn-soc-0025
social_media,syn-soc-0026,2023-03-14T23:40:42,synthetic_user_40255,True,synthetic://social_media/syn-soc-0026,,,[],"{""likes"": 882, ""reposts"": 5}",facebook,"Does anyone know how to find that picture from the trip where we stayed near the beach? It's from a long weekend trip. I can't recall where exactly it was. I typed ""hammock between coconut trees near beach homestay"" in search and got no results. The location data was probably off so there's nothing to go on. I scrolled for like 40 minutes. Found one that might be it, but I'm not sure it's the same one.",social_media:syn-soc-0026
social_media,syn-soc-0027,2023-06-09T07:16:49,synthetic_user_30471,True,synthetic://social_media/syn-soc-0027,,,[],"{""likes"": 742, ""reposts"": 41}",x,"Does anyone know how to find a photo of the rental agreement? It's a picture of the rental agreement. Not sure which month or year, honestly. Tried ""agreement"" and nothing came up. It just doesn't show up in search even though I know it's there. Ended up scrolling back through years of photos. Still haven't found it.",social_media:syn-soc-0027
social_media,syn-soc-0028,2024-12-11T18:25:50,synthetic_user_98789,True,synthetic://social_media/syn-soc-0028,,,[],"{""likes"": 1489, ""reposts"": 73}",threads,"i've been looking for the photo of the rash on my arm for days. the photo shows a rash. i don't remember when exactly. i searched ""rash"" and got no results. the writing on it isn't searchable, it seems. i gave up on finding it. @googlephotos",social_media:syn-soc-0028
social_media,syn-soc-0029,2024-10-21T06:59:33,synthetic_user_22867,True,synthetic://social_media/syn-soc-0029,,,[],"{""likes"": 83, ""reposts"": 161}",x,"I'm trying to find the screenshot of the product I wanted to buy. I need it because there's a sale now. I remember I saw it in an ad and screenshotted it. I don't know what it's called. I searched ""screenshot lamp"" but it just showed random photos. I just didn't know how to describe it in a way search would get. I tried the screenshots category filter as well. I found a similar one but not the exact photo I wanted.",social_media:syn-soc-0029
social_media,syn-soc-0030,2024-02-08T19:42:41,synthetic_user_34931,True,synthetic://social_media/syn-soc-0030,,,[],"{""likes"": 1353, ""reposts"": 5}",threads,"I don't remember dates, nobody does. Searching by date is useless for old memories. #help",social_media:syn-soc-0030
social_media,syn-soc-0031,2025-06-03T21:16:23,synthetic_user_50455,True,synthetic://social_media/syn-soc-0031,,,[],"{""likes"": 608, ""reposts"": 139}",x,It would help if the app told me why a photo showed up in results. #help,social_media:syn-soc-0031
social_media,syn-soc-0032,2025-02-23T21:09:25,synthetic_user_78121,True,synthetic://social_media/syn-soc-0032,,,[],"{""likes"": 343, ""reposts"": 16}",instagram_comments,"Search should work the way I remember things, like 'people covered in red colour with ganesh idol', not just single words. #help",social_media:syn-soc-0032
social_media,syn-soc-0033,2023-11-09T00:33:02,synthetic_user_89562,True,synthetic://social_media/syn-soc-0033,,,[],"{""likes"": 353, ""reposts"": 144}",threads,update: the locked folder is a nice privacy feature. i wish the video editor had more music options.,social_media:syn-soc-0033
social_media,syn-soc-0034,2023-05-06T07:31:54,synthetic_user_67202,True,synthetic://social_media/syn-soc-0034,,,[],"{""likes"": 842, ""reposts"": 128}",threads,"Search should work the way I remember things, like 'selfie at concert with confetti', not just single words. #GooglePhotos",social_media:syn-soc-0034
social_media,syn-soc-0035,2023-04-21T07:19:32,synthetic_user_26013,True,synthetic://social_media/syn-soc-0035,,,[],"{""likes"": 1305, ""reposts"": 98}",threads,"I've been looking for the class photo from school farewell for days. It had my whole class in it. I can't remember the date at all. Searched for ""farewell"" and got no results. I think it's in my partner's library, not mine. Still haven't found it. #help",social_media:syn-soc-0035
social_media,syn-soc-0036,2026-06-15T11:04:47,synthetic_user_9315,True,synthetic://social_media/syn-soc-0036,,,[],"{""likes"": 1118, ""reposts"": 27}",facebook,It's frustrating that I have to guess what word the app uses for something. @googlephotos,social_media:syn-soc-0036
social_media,syn-soc-0037,2023-03-31T16:22:34,synthetic_user_86979,True,synthetic://social_media/syn-soc-0037,,,[],"{""likes"": 855, ""reposts"": 164}",threads,it would help if the app told me why a photo showed up in results. #googlephotos,social_media:syn-soc-0037
social_media,syn-soc-0038,2025-08-11T12:12:49,synthetic_user_85509,True,synthetic://social_media/syn-soc-0038,,,[],"{""likes"": 1207, ""reposts"": 41}",x,"honestly i've stopped using search and just scroll, it's more predictable. #help",social_media:syn-soc-0038
social_media,syn-soc-0039,2025-06-04T12:24:31,synthetic_user_61285,True,synthetic://social_media/syn-soc-0039,,,[],"{""likes"": 953, ""reposts"": 122}",threads,"Thought search was broken but the photo of us dancing at the sangeet was in my partner's library, not mine.",social_media:syn-soc-0039
social_media,syn-soc-0040,2025-08-09T14:04:32,synthetic_user_26537,True,synthetic://social_media/syn-soc-0040,,,[],"{""likes"": 281, ""reposts"": 147}",x,"Does anyone know how to find that picture from the trip where we stayed near the beach? This was during a long weekend trip. The photo probably has no proper date on it. Searched for ""beach"" and nothing came up. After that I had no idea what else to try. I even googled how to search Google Photos better. Never found it. @googlephotos",social_media:syn-soc-0040
social_media,syn-soc-0041,2025-05-28T23:36:49,synthetic_user_6413,True,synthetic://social_media/syn-soc-0041,,,[],"{""likes"": 874, ""reposts"": 68}",instagram_comments,Backup has been stuck on 'preparing' for three days. Very annoying. Storage is full again and now they want me to pay for more. Too expensive for what it is. #help,social_media:syn-soc-0041
social_media,syn-soc-0042,2024-06-03T09:47:36,synthetic_user_75355,True,synthetic://social_media/syn-soc-0042,,,[],"{""likes"": 1603, ""reposts"": 100}",threads,"i've been looking for a picture of my dad teaching my daughter to ride a bike for days. i need it now because it's for my dad's retirement card. i know it was in the park near my parents' place. i can't remember the date at all. tried ""grandfather teaching girl to ride pink bike"" and got no results. the photo is definitely in my library but search never shows it. i jumped to roughly that year with the scrollbar and went month by month. finally found it after three days.",social_media:syn-soc-0042
social_media,syn-soc-0043,2023-11-19T01:15:29,synthetic_user_70695,True,synthetic://social_media/syn-soc-0043,,,[],"{""likes"": 324, ""reposts"": 165}",facebook,"Looking for the group photo from the night we all stayed up on the terrace. I remember fairy lights and everyone squinting because of the flash. I don't remember the person's name. Tried ""terrace"" but it just showed random photos. How do you even search for something like that? I jumped to roughly that year with the scrollbar and went month by month. Finally found it after way too long.",social_media:syn-soc-0043
social_media,syn-soc-0044,2024-06-09T23:06:44,synthetic_user_94015,True,synthetic://social_media/syn-soc-0044,,,[],"{""likes"": 1881, ""reposts"": 188}",x,"Looking for the video of my nephew saying his first word. I need it because it's his first birthday party. I know it was at my sister's house. I can't remember the date at all. Tried ""baby video"" and got a bunch of pictures that had nothing to do with it. I know exactly what it looks like but can't put it into search words. Got it eventually, after about an hour. #GooglePhotos",social_media:syn-soc-0044
social_media,syn-soc-0045,2023-01-28T09:17:37,synthetic_user_7535,True,synthetic://social_media/syn-soc-0045,,,[],"{""likes"": 1544, ""reposts"": 141}",threads,"I've been looking for the photo of the shoes I tried on in the store for days. I remember I took it to check the price online later. No clue what the place was called. Searched for ""shoes"" and got a bunch of pictures that had nothing to do with it. It doesn't understand what I'm describing at all. Eventually I just gave up.",social_media:syn-soc-0045
social_media,syn-soc-0046,2024-10-06T22:53:26,synthetic_user_22139,True,synthetic://social_media/syn-soc-0046,,,[],"{""likes"": 1781, ""reposts"": 148}",instagram_comments,"Honestly I've stopped using search and just scroll, it's more predictable. #help",social_media:syn-soc-0046
social_media,syn-soc-0047,2025-06-01T03:16:27,synthetic_user_68758,True,synthetic://social_media/syn-soc-0047,,,[],"{""likes"": 605, ""reposts"": 19}",facebook,"I've been looking for the photo of my son's first steps for days. I can picture the green rug and him holding the sofa. I don't remember which album it went into. Tried ""baby standing holding sofa on green rug"" and it popped up near the top. Finally found it after two evenings. #help",social_media:syn-soc-0047
social_media,syn-soc-0048,2026-05-07T07:55:39,synthetic_user_79485,True,synthetic://social_media/syn-soc-0048,,,[],"{""likes"": 1369, ""reposts"": 56}",threads,"Something that helps: Search by year first, like ""2019"", then scroll within that. Much faster than scrolling from today. #GooglePhotos",social_media:syn-soc-0048
social_media,syn-soc-0049,2025-03-30T08:33:11,synthetic_user_18422,True,synthetic://social_media/syn-soc-0049,,,[],"{""likes"": 928, ""reposts"": 34}",x,"i'm trying to find the photo of the warranty card for the washing machine. i need it now because the machine broke and service wants the warranty. i remember it showed the serial number. i have no idea what year it was. i typed ""washing machine warranty card"" in search and got thousands of results to scroll through. there are so many almost identical shots from that day that i can't tell which one it is. i kept retyping different searches. never found it.",social_media:syn-soc-0049
social_media,syn-soc-0050,2025-08-10T20:55:09,synthetic_user_93346,True,synthetic://social_media/syn-soc-0050,,,[],"{""likes"": 705, ""reposts"": 59}",x,"Does anyone know how to find the photo of my handwritten letter to myself? I need it because I'm turning 30 and wanted to read it. I remember a cream paper with my messy handwriting. I don't remember the exact words on it. Tried ""birthday"" and got thousands of results to scroll through. There are so many almost identical shots from that day that I can't tell which one it is. In the end I texted my friend to send it again. Eventually I just gave up. @googlephotos",social_media:syn-soc-0050
social_media,syn-soc-0051,2026-06-25T19:24:23,synthetic_user_74440,True,synthetic://social_media/syn-soc-0051,,,[],"{""likes"": 974, ""reposts"": 190}",threads,"Something that helps: Search by year first, like ""2019"", then scroll within that. Much faster than scrolling from today.",social_media:syn-soc-0051
social_media,syn-soc-0052,2024-10-25T19:56:21,synthetic_user_69988,True,synthetic://social_media/syn-soc-0052,,,[],"{""likes"": 32, ""reposts"": 30}",threads,"I've been looking for a sunset photo from the hotel balcony for days. I need it because I want to use it as a wallpaper again. I remember my wife being in it. Not sure which month or year, honestly. Tried ""switzerland july"" and it gave me hundreds of photos. I have hundreds of similar shots and can't tell which one it was. Found one that might be it, but I'm not sure it's the same one. #GooglePhotos",social_media:syn-soc-0052
social_media,syn-soc-0053,2023-04-06T04:35:58,synthetic_user_2555,True,synthetic://social_media/syn-soc-0053,,,[],"{""likes"": 1217, ""reposts"": 136}",instagram_comments,"Does anyone know how to find the photo of the parking spot sign? Timing wise it was a few weeks ago. I don't remember the name of the place. Searched for ""parking pillar sign"" and there it was. I went through the map view hoping to spot it. Finally found it after way too long. #help",social_media:syn-soc-0053
social_media,syn-soc-0054,2025-02-11T11:11:02,synthetic_user_38235,True,synthetic://social_media/syn-soc-0054,,,[],"{""likes"": 1224, ""reposts"": 38}",instagram_comments,"Does anyone know how to find the photo of the stage when they announced the results? It's from my company's annual awards night. I don't even remember what the event was called. I typed ""me on stage with trophy under purple lights"" in search and it popped up near the top. Got it eventually, after half an hour of scrolling. #GooglePhotos",social_media:syn-soc-0054
social_media,syn-soc-0055,2025-02-15T11:39:04,synthetic_user_8150,True,synthetic://social_media/syn-soc-0055,,,[],"{""likes"": 656, ""reposts"": 54}",instagram_comments,"Looking for a shot of the fireworks at the new year party. For context, it was just before midnight. I can't remember the date at all. Searched for ""31 december"" and got a bunch of pictures that had nothing to do with it. It doesn't understand what I'm describing at all. Got it eventually, after two evenings.",social_media:syn-soc-0055
social_media,syn-soc-0056,2023-05-05T17:16:05,synthetic_user_18217,True,synthetic://social_media/syn-soc-0056,,,[],"{""likes"": 612, ""reposts"": 39}",facebook,"i'm trying to find the picture of the dent on my car. i need it because the insurance surveyor wants the original photo. i remember a scooter hit my car in the parking lot. i don't remember when exactly. tried ""dent on silver car door"" and got no results. it just doesn't show up in search even though i know it's there. i kept retyping different searches. i gave up on finding it.",social_media:syn-soc-0056
social_media,syn-soc-0057,2024-01-19T02:32:40,synthetic_user_76446,True,synthetic://social_media/syn-soc-0057,,,[],"{""likes"": 1849, ""reposts"": 107}",facebook,"honestly search is amazing. i typed ""video of old dog meeting new puppy"" and it found the video of my dog meeting the new puppy in seconds.",social_media:syn-soc-0057
social_media,syn-soc-0058,2025-02-02T13:52:07,synthetic_user_20453,True,synthetic://social_media/syn-soc-0058,,,[],"{""likes"": 1680, ""reposts"": 61}",facebook,"Was sure I'd never find the photo of the temple on the hill, but searching ""temple"" plus the year got it on the first try.",social_media:syn-soc-0058
social_media,syn-soc-0059,2023-10-26T15:59:28,synthetic_user_20382,True,synthetic://social_media/syn-soc-0059,,,[],"{""likes"": 1287, ""reposts"": 168}",x,"Two things. The widget on the home screen shows the same photo every day. Deleted photos don't free up space on the phone, confusing. @googlephotos",social_media:syn-soc-0059
social_media,syn-soc-0060,2024-01-23T18:31:43,synthetic_user_56124,True,synthetic://social_media/syn-soc-0060,,,[],"{""likes"": 757, ""reposts"": 32}",instagram_comments,"Looking for the video of my mom singing at the dinner table. It was while singing an old song. I can't remember the date at all. Searched for ""video of mom singing at dinner"" and it gave me hundreds of photos. All the results look the same as tiny thumbnails. Never found it. @googlephotos",social_media:syn-soc-0060
social_media,syn-soc-0061,2026-07-13T00:11:52,synthetic_user_4366,True,synthetic://social_media/syn-soc-0061,,,[],"{""likes"": 973, ""reposts"": 22}",facebook,"thought search was broken but the screenshot of a chat where my landlord agreed to the repair was in my partner's library, not mine. @googlephotos",social_media:syn-soc-0061
social_media,syn-soc-0062,2026-06-17T20:15:12,synthetic_user_56276,True,synthetic://social_media/syn-soc-0062,,,[],"{""likes"": 584, ""reposts"": 66}",facebook,"couldn't find the photo i took of my passport page anywhere, then realised it was on my old phone and never got backed up.",social_media:syn-soc-0062
social_media,syn-soc-0063,2026-06-15T16:52:10,synthetic_user_87761,True,synthetic://social_media/syn-soc-0063,,,[],"{""likes"": 1823, ""reposts"": 187}",instagram_comments,Spent an hour looking for the screenshot of a chat where my landlord agreed to the repair and it turns out I had deleted it years ago. Not the app's fault. #help,social_media:syn-soc-0063
social_media,syn-soc-0064,2024-07-25T20:33:15,synthetic_user_6708,True,synthetic://social_media/syn-soc-0064,,,[],"{""likes"": 11, ""reposts"": 152}",x,"I've been looking for a picture of the site inspection issue for days. I remember I took it for the report and never sent it. I don't know what it's called. I typed ""pipe"" in search but it just showed random photos. I know exactly what it looks like but can't put it into search words. Still haven't found it. #GooglePhotos",social_media:syn-soc-0064
social_media,syn-soc-0065,2024-11-25T15:54:23,synthetic_user_60933,True,synthetic://social_media/syn-soc-0065,,,[],"{""likes"": 1392, ""reposts"": 51}",threads,"Was sure I'd never find the photo of the parking spot sign, but searching ""parking"" plus the year got it on the first try.",social_media:syn-soc-0065
social_media,syn-soc-0066,2024-10-03T11:36:45,synthetic_user_18321,True,synthetic://social_media/syn-soc-0066,,,[],"{""likes"": 849, ""reposts"": 11}",facebook,"does anyone know how to find the candid of my cousin laughing during the haldi? i need it because she wants it for her album. i remember someone had just thrown haldi on her. not sure which month or year, honestly. i typed ""girl laughing covered in yellow with marigolds"" in search and there it was. got it eventually, after half an hour of scrolling.",social_media:syn-soc-0066
social_media,syn-soc-0067,2023-05-05T21:12:37,synthetic_user_32722,True,synthetic://social_media/syn-soc-0067,,,[],"{""likes"": 262, ""reposts"": 89}",threads,"Search should work the way I remember things, like 'green fireworks over pool', not just single words.",social_media:syn-soc-0067
social_media,syn-soc-0068,2023-04-02T02:45:37,synthetic_user_19082,True,synthetic://social_media/syn-soc-0068,,,[],"{""likes"": 363, ""reposts"": 172}",threads,The app is slow to load thumbnails on my old phone. @googlephotos,social_media:syn-soc-0068
social_media,syn-soc-0069,2024-03-01T12:22:13,synthetic_user_77682,True,synthetic://social_media/syn-soc-0069,,,[],"{""likes"": 1104, ""reposts"": 199}",instagram_comments,"Looking for the photo of the view from the train window. I need it now because I was telling someone about the trip and wanted to show them. It's from the Europe backpacking trip. No clue what the place was called. I searched ""train 2018"" and there it was. Got it eventually, after way too long. @googlephotos",social_media:syn-soc-0069
social_media,syn-soc-0070,2025-01-12T10:48:14,synthetic_user_23252,True,synthetic://social_media/syn-soc-0070,,,[],"{""likes"": 1517, ""reposts"": 138}",threads,"Looking for the video of my mom singing at the dinner table. I need it because I want to play it at her 60th. I remember mom laughing halfway through and the candle on the table. I don't remember when exactly. I typed ""sunday dinner"" in search and got a bunch of pictures that had nothing to do with it. I know exactly what it looks like but can't put it into search words. Ended up scrolling back through years of photos. Found one that might be it, but I'm not sure it's the same one. #help",social_media:syn-soc-0070
social_media,syn-soc-0071,2025-08-21T15:46:38,synthetic_user_19153,True,synthetic://social_media/syn-soc-0071,,,[],"{""likes"": 1261, ""reposts"": 195}",instagram_comments,"I don't remember dates, nobody does. Searching by date is useless for old memories.",social_media:syn-soc-0071
social_media,syn-soc-0072,2024-12-13T02:14:44,synthetic_user_1360,True,synthetic://social_media/syn-soc-0072,,,[],"{""likes"": 1016, ""reposts"": 103}",instagram_comments,Uploading in original quality eats my data plan. Why did they move the sharing button? The new layout is confusing. #GooglePhotos,social_media:syn-soc-0072
social_media,syn-soc-0073,2023-03-01T14:18:03,synthetic_user_58984,True,synthetic://social_media/syn-soc-0073,,,[],"{""likes"": 1054, ""reposts"": 27}",instagram_comments,"Honestly, Printing service delivery took two weeks. @googlephotos",social_media:syn-soc-0073
social_media,syn-soc-0074,2026-02-15T11:15:34,synthetic_user_30538,True,synthetic://social_media/syn-soc-0074,,,[],"{""likes"": 483, ""reposts"": 190}",instagram_comments,"Looking for the screenshot of the product I wanted to buy. I need it now because there's a sale now. It's a picture of a lamp. I can't recall what it said exactly. Searched for ""brass lamp with curved neck"" and nothing came up. Text inside screenshots doesn't seem to be searchable. I tried the screenshots category filter as well. Eventually I just gave up. #help",social_media:syn-soc-0074
social_media,syn-soc-0075,2025-12-27T10:28:51,synthetic_user_36423,True,synthetic://social_media/syn-soc-0075,,,[],"{""likes"": 685, ""reposts"": 30}",facebook,"What worked for me: Tip: if location history was on, try the map view and zoom into the area instead of searching the name.",social_media:syn-soc-0075
social_media,syn-soc-0076,2025-04-09T09:32:51,synthetic_user_51320,True,synthetic://social_media/syn-soc-0076,,,[],"{""likes"": 1133, ""reposts"": 187}",facebook,"Face grouping merged my twin daughters into one person lol. Deleted photos don't free up space on the phone, confusing. #help",social_media:syn-soc-0076
social_media,syn-soc-0077,2023-03-17T18:57:09,synthetic_user_507,True,synthetic://social_media/syn-soc-0077,,,[],"{""likes"": 1279, ""reposts"": 62}",x,Spent an hour looking for a sunset photo from the hotel balcony and it turns out I had deleted it years ago. Not the app's fault.,social_media:syn-soc-0077
social_media,syn-soc-0078,2023-12-22T02:24:09,synthetic_user_38588,True,synthetic://social_media/syn-soc-0078,,,[],"{""likes"": 828, ""reposts"": 29}",instagram_comments,"I've been looking for the photo of us dancing at the sangeet for days. I need it now because I wanted it for our first anniversary post. It's from the sangeet night. I don't remember which album it went into. Searched for ""sangeet"" and there it was. I asked my sister if she still had it. Got it eventually, after half an hour of scrolling. @googlephotos",social_media:syn-soc-0078
social_media,syn-soc-0079,2024-12-22T14:38:40,synthetic_user_68483,True,synthetic://social_media/syn-soc-0079,,,[],"{""likes"": 332, ""reposts"": 98}",instagram_comments,"Does anyone know how to find the screenshot of a chat where my landlord agreed to the repair? I need it because he's now saying he never agreed. It had my landlord in it. I can't remember the date at all. Searched for ""chat screenshot"" and got no results. The photo is definitely in my library but search never shows it. I tried the screenshots category filter as well. Never found it.",social_media:syn-soc-0079
social_media,syn-soc-0080,2024-10-22T01:11:57,synthetic_user_45181,True,synthetic://social_media/syn-soc-0080,,,[],"{""likes"": 889, ""reposts"": 188}",instagram_comments,"Honestly I've stopped using search and just scroll, it's more predictable. #GooglePhotos",social_media:syn-soc-0080
social_media,syn-soc-0081,2025-11-16T04:25:05,synthetic_user_3009,True,synthetic://social_media/syn-soc-0081,,,[],"{""likes"": 342, ""reposts"": 9}",facebook,"I've been looking for the photo of my son's first steps for days. All I remember visually is the green rug and him holding the sofa. I have no idea what year it was. I typed ""2019"" in search and got no results. I know exactly what it looks like but can't put it into search words. Finally found it after about an hour. #GooglePhotos",social_media:syn-soc-0081
social_media,syn-soc-0082,2023-01-18T11:01:32,synthetic_user_81406,True,synthetic://social_media/syn-soc-0082,,,[],"{""likes"": 761, ""reposts"": 13}",facebook,"Didn't remember anything except green fireworks over a swimming pool, searched for that and it showed up. Impressed. #GooglePhotos",social_media:syn-soc-0082
social_media,syn-soc-0083,2023-06-25T01:30:27,synthetic_user_29498,True,synthetic://social_media/syn-soc-0083,,,[],"{""likes"": 1457, ""reposts"": 167}",instagram_comments,"I've been looking for the picture of the wine label from our anniversary dinner for days. It was taken on our 5th anniversary. I don't know what it's called. Tried ""wine"" but it just showed random photos. It doesn't understand what I'm describing at all. I jumped to roughly that year with the scrollbar and went month by month. Got it eventually, after way too long.",social_media:syn-soc-0083
social_media,syn-soc-0084,2023-06-20T14:33:05,synthetic_user_55288,True,synthetic://social_media/syn-soc-0084,,,[],"{""likes"": 189, ""reposts"": 113}",facebook,"love the collage feature, made a nice one for my mom. #googlephotos",social_media:syn-soc-0084
social_media,syn-soc-0085,2023-06-01T05:18:16,synthetic_user_95303,True,synthetic://social_media/syn-soc-0085,,,[],"{""likes"": 788, ""reposts"": 148}",facebook,"looking for the picture of my college marksheet. it had my semester grades on it. no idea what to search for really. searched for ""college marksheet with blue border"" and nothing came up. the photo is definitely in my library but search never shows it. eventually i searched my whatsapp chats instead. i gave up on finding it. @googlephotos",social_media:syn-soc-0085
social_media,syn-soc-0086,2024-12-27T00:04:56,synthetic_user_3336,True,synthetic://social_media/syn-soc-0086,,,[],"{""likes"": 1418, ""reposts"": 160}",facebook,"I'm trying to find the picture of the dent on my car. I need it now because the insurance surveyor wants the original photo. I remember a scratch on the silver door near the handle. Not sure which month or year, honestly. Searched for ""dent on silver car door"" and got a bunch of pictures that had nothing to do with it. It took ""car"" literally and ignored everything else. I checked all my albums one by one. Found one that might be it, but I'm not sure it's the same one. @googlephotos",social_media:syn-soc-0086
social_media,syn-soc-0087,2023-03-15T22:06:13,synthetic_user_2919,True,synthetic://social_media/syn-soc-0087,,,[],"{""likes"": 63, ""reposts"": 1}",threads,Found a picture of the site inspection issue by searching the person's face and then scrolling a bit. Took two minutes.,social_media:syn-soc-0087
social_media,syn-soc-0088,2023-04-12T19:50:01,synthetic_user_71553,True,synthetic://social_media/syn-soc-0088,,,[],"{""likes"": 1541, ""reposts"": 50}",threads,It would help if the app told me why a photo showed up in results. #help,social_media:syn-soc-0088
social_media,syn-soc-0089,2026-08-04T20:52:44,synthetic_user_35479,True,synthetic://social_media/syn-soc-0089,,,[],"{""likes"": 1352, ""reposts"": 173}",instagram_comments,"I've been looking for a photo of the rental agreement for days. I need it because the landlord is refusing to return the deposit. It's a picture of the rental agreement. I have no idea what year it was. Tried ""agreement"" and got no results. I know exactly what it looks like but can't put it into search words. I scrolled for like 40 minutes. Still haven't found it. #GooglePhotos",social_media:syn-soc-0089
social_media,syn-soc-0090,2024-05-27T10:25:21,synthetic_user_90018,True,synthetic://social_media/syn-soc-0090,,,[],"{""likes"": 860, ""reposts"": 133}",x,"I've been looking for the photo of the warranty card for the washing machine for days. I need it now because the machine broke and service wants the warranty. Timing wise it was when we bought it, 2 years ago maybe. I can't recall what it said exactly. Searched for ""warranty 2024"" and got no results. After that I had no idea what else to try. I kept retyping different searches. Finally found it after two evenings. #GooglePhotos",social_media:syn-soc-0090
social_media,syn-soc-0091,2023-11-22T02:07:25,synthetic_user_8253,True,synthetic://social_media/syn-soc-0091,,,[],"{""likes"": 732, ""reposts"": 63}",facebook,"was sure i'd never find the video of my dog meeting the new puppy, but searching ""dog video"" plus the year got it on the first try. @googlephotos",social_media:syn-soc-0091
social_media,syn-soc-0092,2024-08-27T08:12:47,synthetic_user_88,True,synthetic://social_media/syn-soc-0092,,,[],"{""likes"": 1302, ""reposts"": 66}",x,"i've been looking for a screenshot of a map with a pin someone sent for days. i need it because i'm finally planning that trek. it was a year or two ago. i don't remember the name of the place. i searched ""map screenshot with pin in mountains"" and nothing came up. the photo is definitely in my library but search never shows it. got it eventually, after about an hour.",social_media:syn-soc-0092
social_media,syn-soc-0093,2024-12-21T16:57:28,synthetic_user_42861,True,synthetic://social_media/syn-soc-0093,,,[],"{""likes"": 1842, ""reposts"": 88}",threads,"Does anyone know how to find the screenshot where I had the information about that course? For context, someone posted it on LinkedIn. I have no idea what year it was. Searched for ""course"" and got no results. The photo is definitely in my library but search never shows it. Never found it.",social_media:syn-soc-0093
social_media,syn-soc-0094,2023-06-29T15:37:57,synthetic_user_99595,True,synthetic://social_media/syn-soc-0094,,,[],"{""likes"": 186, ""reposts"": 43}",instagram_comments,"I remember photos by who I was with and what we were doing, not by where the GPS says I was.",social_media:syn-soc-0094
social_media,syn-soc-0095,2024-10-25T16:37:40,synthetic_user_65402,True,synthetic://social_media/syn-soc-0095,,,[],"{""likes"": 177, ""reposts"": 74}",x,"looking for the photo of a plant i saw at a nursery. i need it because i want to buy it now that i have a balcony. i know it was at a nursery near my office. i don't remember the name of the place. i typed ""plant with purple striped leaves"" in search but it just showed random photos. i just didn't know how to describe it in a way search would get. finally found it after three days. #help",social_media:syn-soc-0095
social_media,syn-soc-0096,2024-12-08T15:55:29,synthetic_user_93415,True,synthetic://social_media/syn-soc-0096,,,[],"{""likes"": 578, ""reposts"": 116}",facebook,"two things. the widget on the home screen shows the same photo every day. love the collage feature, made a nice one for my mom. #help",social_media:syn-soc-0096
social_media,syn-soc-0097,2025-02-17T03:27:53,synthetic_user_90093,True,synthetic://social_media/syn-soc-0097,,,[],"{""likes"": 1115, ""reposts"": 28}",threads,"Update: Deleted photos don't free up space on the phone, confusing.",social_media:syn-soc-0097
social_media,syn-soc-0098,2024-04-23T23:52:04,synthetic_user_63107,True,synthetic://social_media/syn-soc-0098,,,[],"{""likes"": 247, ""reposts"": 114}",threads,"Was sure I'd never find the picture of the houseboat we stayed on, but searching ""houseboat"" plus the year got it on the first try.",social_media:syn-soc-0098
social_media,syn-soc-0099,2025-06-26T20:21:19,synthetic_user_24745,True,synthetic://social_media/syn-soc-0099,,,[],"{""likes"": 944, ""reposts"": 38}",facebook,Update: The app is slow to load thumbnails on my old phone. Too many notifications about 'memories' I didn't ask for. #GooglePhotos,social_media:syn-soc-0099
social_media,syn-soc-0100,2025-02-21T17:28:08,synthetic_user_58685,True,synthetic://social_media/syn-soc-0100,,,[],"{""likes"": 1974, ""reposts"": 27}",facebook,"Looking for the candid of my cousin laughing during the haldi. I remember someone had just thrown haldi on her. Not sure which month or year, honestly. I typed ""girl laughing covered in yellow with marigolds"" in search and it gave me hundreds of photos. All the results look the same as tiny thumbnails. I asked my sister if she still had it. Still haven't found it.",social_media:syn-soc-0100
social_media,syn-soc-0101,2023-09-19T09:07:36,synthetic_user_39835,True,synthetic://social_media/syn-soc-0101,,,[],"{""likes"": 264, ""reposts"": 15}",facebook,"I've been looking for that picture from the trip where we stayed near the beach for days. It was 2021 or 2022, not sure. Not sure which month or year, honestly. I searched ""beach"" and nothing came up. The location data was probably off so there's nothing to go on. I asked my sister if she still had it. Finally found it after three days. #GooglePhotos",social_media:syn-soc-0101
social_media,syn-soc-0102,2023-10-31T12:56:58,synthetic_user_37784,True,synthetic://social_media/syn-soc-0102,,,[],"{""likes"": 922, ""reposts"": 127}",x,"Honestly search is amazing. I typed ""narrow street with yellow tiles and tram"" and it found the photo of the street where we got lost in seconds. @googlephotos",social_media:syn-soc-0102
social_media,syn-soc-0103,2024-04-24T06:28:41,synthetic_user_84236,True,synthetic://social_media/syn-soc-0103,,,[],"{""likes"": 914, ""reposts"": 138}",x,"i'm trying to find the video of my nephew saying his first word. i need it now because it's his first birthday party. timing wise it was when he was around one. the photo probably has no proper date on it. searched for ""baby video"" and got no results. screen recordings don't seem to be indexed at all. i gave up on finding it. #googlephotos",social_media:syn-soc-0103
social_media,syn-soc-0104,2023-02-07T10:52:58,synthetic_user_98215,True,synthetic://social_media/syn-soc-0104,,,[],"{""likes"": 751, ""reposts"": 37}",facebook,"Honestly, The editing tools are great, the magic eraser is really good. The locked folder is a nice privacy feature. #GooglePhotos",social_media:syn-soc-0104
social_media,syn-soc-0105,2023-10-27T22:20:43,synthetic_user_99423,True,synthetic://social_media/syn-soc-0105,,,[],"{""likes"": 289, ""reposts"": 151}",facebook,"Does anyone know how to find the photo of my daughter on stage at her school play? It was at the annual day function. I can't remember the date at all. I typed ""school function"" in search and got thousands of results to scroll through. I have hundreds of similar shots and can't tell which one it was. Eventually I just gave up. #help",social_media:syn-soc-0105
social_media,syn-soc-0106,2025-06-07T15:21:23,synthetic_user_53437,True,synthetic://social_media/syn-soc-0106,,,[],"{""likes"": 1150, ""reposts"": 32}",facebook,Name the face groups. Searching a person's name works way better than describing them. @googlephotos,social_media:syn-soc-0106
social_media,syn-soc-0107,2023-07-06T13:10:35,synthetic_user_77278,True,synthetic://social_media/syn-soc-0107,,,[],"{""likes"": 787, ""reposts"": 105}",facebook,"Two things. Face grouping merged my twin daughters into one person lol. Deleted photos don't free up space on the phone, confusing.",social_media:syn-soc-0107
social_media,syn-soc-0108,2023-07-10T02:02:07,synthetic_user_84978,True,synthetic://social_media/syn-soc-0108,,,[],"{""likes"": 276, ""reposts"": 171}",facebook,"Honestly, Please add a dark mode for the web version. I wish the video editor had more music options.",social_media:syn-soc-0108
social_media,syn-soc-0109,2025-04-09T12:47:20,synthetic_user_15153,True,synthetic://social_media/syn-soc-0109,,,[],"{""likes"": 335, ""reposts"": 156}",x,"I've been looking for a picture of the site inspection issue for days. I know it was at the client's warehouse. I don't remember when exactly. Searched for ""rusty pipe with yellow tag at warehouse"" but it just showed random photos. How do you even search for something like that? Tried synonyms like ""plumbing"" too. Never found it.",social_media:syn-soc-0109
social_media,syn-soc-0110,2025-09-15T13:14:13,synthetic_user_99467,True,synthetic://social_media/syn-soc-0110,,,[],"{""likes"": 1271, ""reposts"": 111}",x,"Was sure I'd never find the photo from the Ganpati procession, but searching ""ganpati"" plus the year got it on the first try. #help",social_media:syn-soc-0110
social_media,syn-soc-0111,2023-03-06T19:53:44,synthetic_user_3048,True,synthetic://social_media/syn-soc-0111,,,[],"{""likes"": 929, ""reposts"": 178}",instagram_comments,It would help if the app told me why a photo showed up in results. #GooglePhotos,social_media:syn-soc-0111
social_media,syn-soc-0112,2025-05-23T05:51:28,synthetic_user_89658,True,synthetic://social_media/syn-soc-0112,,,[],"{""likes"": 56, ""reposts"": 132}",x,"Does anyone know how to find the photo of my car's insurance papers? It's a picture of the insurance papers. I don't remember the exact words on it. Searched for ""insurance"" and nothing came up. The text in the photo doesn't seem to be searchable. I kept retyping different searches. Never found it.",social_media:syn-soc-0112
social_media,syn-soc-0113,2025-04-09T20:10:03,synthetic_user_46542,True,synthetic://social_media/syn-soc-0113,,,[],"{""likes"": 1038, ""reposts"": 44}",instagram_comments,"Does anyone know how to find the picture of the houseboat we stayed on? It's from our family trip to Kerala. I have no idea what year it was. Searched for ""houseboat"" and it popped up near the top. I asked my sister if she still had it. Got it eventually, after three days. #help",social_media:syn-soc-0113
social_media,syn-soc-0114,2026-08-22T12:25:33,synthetic_user_68448,True,synthetic://social_media/syn-soc-0114,,,[],"{""likes"": 492, ""reposts"": 199}",instagram_comments,"Looking for the photo of a plant I saw at a nursery. I need it because I want to buy it now that I have a balcony. The photo shows a plant with striped leaves. I can't recall where exactly it was. Tried ""nursery"" and it popped up near the top. Finally found it after two evenings. @googlephotos",social_media:syn-soc-0114
social_media,syn-soc-0115,2024-07-19T10:34:27,synthetic_user_6401,True,synthetic://social_media/syn-soc-0115,,,[],"{""likes"": 721, ""reposts"": 19}",instagram_comments,"Honestly, App keeps crashing when I open a large video. @googlephotos",social_media:syn-soc-0115
social_media,syn-soc-0116,2026-05-15T03:02:48,synthetic_user_91586,True,synthetic://social_media/syn-soc-0116,,,[],"{""likes"": 264, ""reposts"": 74}",x,"Does anyone know how to find the photo of the prescription for my mother's eye drops? I remember the doctor's handwriting was unreadable. No idea what the thing is actually called. Tried ""eye clinic"" and got a bunch of pictures that had nothing to do with it. I know exactly what it looks like but can't put it into search words. I scrolled for like 40 minutes. Still haven't found it. #help",social_media:syn-soc-0116
social_media,syn-soc-0117,2023-10-08T09:41:38,synthetic_user_13338,True,synthetic://social_media/syn-soc-0117,,,[],"{""likes"": 138, ""reposts"": 154}",instagram_comments,"Was sure I'd never find the old scanned photo of my grandparents' wedding, but searching ""old photo"" plus the year got it on the first try. #GooglePhotos",social_media:syn-soc-0117
social_media,syn-soc-0118,2024-05-03T03:00:49,synthetic_user_83195,True,synthetic://social_media/syn-soc-0118,,,[],"{""likes"": 739, ""reposts"": 178}",x,"Didn't remember anything except a green pillar with a letter and number, searched for that and it showed up. Impressed. #help",social_media:syn-soc-0118
social_media,syn-soc-0119,2023-09-10T01:10:29,synthetic_user_32654,True,synthetic://social_media/syn-soc-0119,,,[],"{""likes"": 689, ""reposts"": 193}",x,"Looking for the photo of the stage when they announced the results. It was around the end of the year, 2022 or 2023. Not sure which month or year, honestly. Tried ""awards december"" and there it was. Ended up scrolling back through years of photos. Finally found it after about an hour. #help",social_media:syn-soc-0119
youtube,syn-you-0000,2023-07-08T11:44:30,synthetic_user_31937,True,synthetic://youtube/syn-you-0000,,"Organise 50,000 photos in one afternoon",[],"{""likes"": 121}",youtube_comments,Something that helps: Name the face groups. Searching a person's name works way better than describing them.,youtube:syn-you-0000
youtube,syn-you-0001,2025-09-09T09:31:41,synthetic_user_42197,True,synthetic://youtube/syn-you-0001,,Google Photos hidden features (2025),[],"{""likes"": 607}",youtube_comments,"update: please add a dark mode for the web version. love the collage feature, made a nice one for my mom.",youtube:syn-you-0001
youtube,syn-you-0002,2023-01-31T09:08:21,synthetic_user_3100,True,synthetic://youtube/syn-you-0002,,Google Photos vs iCloud Photos: which is better?,[],"{""likes"": 74}",youtube_comments,"This didn't help me: does anyone know how to find the old scanned photo of my grandparents' wedding? I remember my grandparents being in it. The location data was probably off. I typed ""scan"" in search and got thousands of results to scroll through. There are so many almost identical shots from that day that I can't tell which one it is. I found a similar one but not the exact photo I wanted.",youtube:syn-you-0002
youtube,syn-you-0003,2024-04-05T16:30:46,synthetic_user_29212,True,synthetic://youtube/syn-you-0003,,Google Photos hidden features (2025),[],"{""likes"": 290}",youtube_comments,"Honestly search is amazing. I typed ""handwritten letter on cream paper"" and it found the photo of my handwritten letter to myself in seconds.",youtube:syn-you-0003
youtube,syn-you-0004,2025-08-23T09:10:49,synthetic_user_16096,True,synthetic://youtube/syn-you-0004,,Google Photos vs iCloud Photos: which is better?,[],"{""likes"": 468}",youtube_comments,"This didn't help me: looking for the photo I took of my passport page. I need it because I need the number urgently for a booking. It was two or three years ago. I have no idea what year it was. I typed ""visa 2022"" in search and nothing came up. I know exactly what it looks like but can't put it into search words. Tried synonyms like ""id"" too. I gave up on finding it.",youtube:syn-you-0004
youtube,syn-you-0005,2026-07-21T16:14:50,synthetic_user_84931,True,synthetic://youtube/syn-you-0005,,How to find old photos fast on Android,[],"{""likes"": 933}",youtube_comments,"Tried the tips from this video but i'm trying to find the group photo from the night we all stayed up on the terrace. I remember fairy lights and everyone squinting because of the flash. I don't remember the person's name. Tried ""2016 night"" and nothing came up. I think it's in my partner's library, not mine. In the end I texted my friend to send it again. I gave up on finding it.",youtube:syn-you-0005
youtube,syn-you-0006,2023-03-13T09:16:45,synthetic_user_79911,True,synthetic://youtube/syn-you-0006,,Google Photos hidden features (2025),[],"{""likes"": 289}",youtube_comments,Found the photo of the dessert we ordered at that restaurant by searching the person's face and then scrolling a bit. Took two minutes.,youtube:syn-you-0006
youtube,syn-you-0007,2023-06-01T10:49:37,synthetic_user_57848,True,synthetic://youtube/syn-you-0007,,Google Photos hidden features (2025),[],"{""likes"": 655}",youtube_comments,"Update: The editing tools are great, the magic eraser is really good.",youtube:syn-you-0007
youtube,syn-you-0008,2025-08-27T19:32:25,synthetic_user_95453,True,synthetic://youtube/syn-you-0008,,"Organise 50,000 photos in one afternoon",[],"{""likes"": 650}",youtube_comments,"thought search was broken but the photo of the shoes i tried on in the store was in my partner's library, not mine.",youtube:syn-you-0008
youtube,syn-you-0009,2025-01-04T22:21:01,synthetic_user_1421,True,synthetic://youtube/syn-you-0009,,Google Photos hidden features (2025),[],"{""likes"": 1231}",youtube_comments,"Love the collage feature, made a nice one for my mom.",youtube:syn-you-0009
youtube,syn-you-0010,2023-08-26T10:04:30,synthetic_user_50878,True,synthetic://youtube/syn-you-0010,,How to find old photos fast on Android,[],"{""likes"": 801}",youtube_comments,Spent an hour looking for that photo where I was wearing the blue shirt and it turns out I had deleted it years ago. Not the app's fault.,youtube:syn-you-0010
youtube,syn-you-0011,2025-06-20T23:13:52,synthetic_user_8577,True,synthetic://youtube/syn-you-0011,,How to find old photos fast on Android,[],"{""likes"": 1461}",youtube_comments,"Tried the tips from this video but i'm trying to find a photo of the rental agreement. I remember stamp paper with a purple stamp. I don't remember when exactly. I typed ""rent agreement document pages"" in search and it popped up near the top. Ended up scrolling back through years of photos. Got it eventually, after two evenings.",youtube:syn-you-0011
youtube,syn-you-0012,2025-11-03T00:48:20,synthetic_user_88076,True,synthetic://youtube/syn-you-0012,,10 Google Photos search tricks you didn't know,[],"{""likes"": 989}",youtube_comments,"Does anyone know how to find the picture of the pharmacy receipt? It was around when I was sick last year. I can't recall what it said exactly. I searched ""receipt"" and got a bunch of pictures that had nothing to do with it. How do you even search for something like that? Eventually I searched my WhatsApp chats instead. Still haven't found it.",youtube:syn-you-0012
youtube,syn-you-0013,2025-09-28T06:19:34,synthetic_user_38848,True,synthetic://youtube/syn-you-0013,,"Organise 50,000 photos in one afternoon",[],"{""likes"": 121}",youtube_comments,"Looking for the photo of the view from the train window. I need it because I was telling someone about the trip and wanted to show them. All I remember visually is green hills and a reflection of my face in the glass. I don't remember when exactly. Searched for ""view from train window with green hills"" and got a bunch of pictures that had nothing to do with it. It doesn't understand what I'm describing at all. I scrolled for like 40 minutes. Finally found it after two evenings.",youtube:syn-you-0013
youtube,syn-you-0014,2024-12-24T05:24:04,synthetic_user_12339,True,synthetic://youtube/syn-you-0014,,"Organise 50,000 photos in one afternoon",[],"{""likes"": 1305}",youtube_comments,"does anyone know how to find a photo with a guy we met on a trek? i need it because i found him on instagram and wanted to send it. we were at the top of the trek when i took it. i never knew his name. tried ""trek"" and nothing came up. how do you even search for something like that? i found a similar one but not the exact photo i wanted.",youtube:syn-you-0014
youtube,syn-you-0015,2023-03-29T15:34:58,synthetic_user_17620,True,synthetic://youtube/syn-you-0015,,Google Photos hidden features (2025),[],"{""likes"": 194}",youtube_comments,"Tried the tips from this video but i've been looking for the photo from the Ganpati procession for days. I need it because our society newsletter wanted old pictures. It was not sure which year. I have no idea what year it was. Searched for ""people covered in red colour with ganesh idol"" and got thousands of results to scroll through. There are so many almost identical shots from that day that I can't tell which one it is. I found a similar one but not the exact photo I wanted.",youtube:syn-you-0015
youtube,syn-you-0016,2023-04-02T13:15:56,synthetic_user_54784,True,synthetic://youtube/syn-you-0016,,10 Google Photos search tricks you didn't know,[],"{""likes"": 108}",youtube_comments,Minor gripe: Please add a dark mode for the web version.,youtube:syn-you-0016
youtube,syn-you-0017,2025-10-21T18:18:46,synthetic_user_53664,True,synthetic://youtube/syn-you-0017,,Google Photos vs iCloud Photos: which is better?,[],"{""likes"": 698}",youtube_comments,"I've been looking for the screenshot of the train booking confirmation for days. I remember the email never came so I screenshotted the app. I can't recall what it said exactly. I searched ""train ticket booking confirmation screenshot"" and nothing came up. It just doesn't show up in search even though I know it's there. I scrolled for like 40 minutes. I found a similar one but not the exact photo I wanted.",youtube:syn-you-0017
youtube,syn-you-0018,2026-05-16T18:42:35,synthetic_user_83749,True,synthetic://youtube/syn-you-0018,,10 Google Photos search tricks you didn't know,[],"{""likes"": 911}",youtube_comments,"looking for the screenshot of the product i wanted to buy. i need it now because there's a sale now. i can picture a brass lamp with a curved neck. no idea what the thing is actually called. i typed ""lamp"" in search and it popped up near the top. i even googled how to search google photos better. finally found it after about an hour.",youtube:syn-you-0018
youtube,syn-you-0019,2023-08-05T16:42:44,synthetic_user_47359,True,synthetic://youtube/syn-you-0019,,How to find old photos fast on Android,[],"{""likes"": 1230}",youtube_comments,"This didn't help me: i'm trying to find the photo of my first tattoo right after I got it. I remember a small wave design on my wrist, all red around it. Not sure which month or year, honestly. I searched ""tattoo"" and got no results. How do you even search for something like that? Still haven't found it.",youtube:syn-you-0019
youtube,syn-you-0020,2024-06-16T06:39:38,synthetic_user_88409,True,synthetic://youtube/syn-you-0020,,10 Google Photos search tricks you didn't know,[],"{""likes"": 193}",youtube_comments,"If it was a screenshot, open the Screenshots category first and then scroll by month.",youtube:syn-you-0020
youtube,syn-you-0021,2025-04-07T05:04:42,synthetic_user_37805,True,synthetic://youtube/syn-you-0021,,10 Google Photos search tricks you didn't know,[],"{""likes"": 446}",youtube_comments,Found the photo of the parking spot sign by searching the person's face and then scrolling a bit. Took two minutes.,youtube:syn-you-0021
youtube,syn-you-0022,2025-11-10T16:28:00,synthetic_user_29893,True,synthetic://youtube/syn-you-0022,,Google Photos hidden features (2025),[],"{""likes"": 1074}",youtube_comments,"Does anyone know how to find a sunset photo from the hotel balcony? It's from that Switzerland trip. I don't remember the name of the place. I typed ""switzerland july"" in search and it gave me hundreds of photos. I have hundreds of similar shots and can't tell which one it was. Never found it.",youtube:syn-you-0022
youtube,syn-you-0023,2026-03-11T17:24:56,synthetic_user_43400,True,synthetic://youtube/syn-you-0023,,10 Google Photos search tricks you didn't know,[],"{""likes"": 306}",youtube_comments,"This didn't help me: looking for the photo of the temple on the hill. Timing wise it was a long time ago, maybe 2015. No clue what the place was called. I typed ""mysore 2015"" in search and it gave me hundreds of photos. I have hundreds of similar shots and can't tell which one it was. Finally found it after three days.",youtube:syn-you-0023
youtube,syn-you-0024,2023-03-16T08:06:01,synthetic_user_40592,True,synthetic://youtube/syn-you-0024,,How to find old photos fast on Android,[],"{""likes"": 629}",youtube_comments,"from experience, you can search text inside photos sometimes, but it only works if the words are clear in the image.",youtube:syn-you-0024
youtube,syn-you-0025,2026-03-05T17:45:24,synthetic_user_94206,True,synthetic://youtube/syn-you-0025,,How to find old photos fast on Android,[],"{""likes"": 377}",youtube_comments,"from experience, ask whoever was there, someone in the group chat usually still has it.",youtube:syn-you-0025
youtube,syn-you-0026,2024-03-13T22:47:11,synthetic_user_30635,True,synthetic://youtube/syn-you-0026,,10 Google Photos search tricks you didn't know,[],"{""likes"": 1019}",youtube_comments,"This didn't help me: does anyone know how to find the photo of the dessert we ordered at that restaurant? I need it because I want to go back but forgot the restaurant name. All I remember visually is a chocolate dome with gold stuff on top. I don't even remember what the event was called. Searched for ""bangalore october"" and it gave me hundreds of photos. All the results look the same as tiny thumbnails. I found a similar one but not the exact photo I wanted.",youtube:syn-you-0026
youtube,syn-you-0027,2025-12-19T19:40:40,synthetic_user_62579,True,synthetic://youtube/syn-you-0027,,"Organise 50,000 photos in one afternoon",[],"{""likes"": 697}",youtube_comments,"Something that helps: Use the date jump on the scrollbar, drag to the year and go month by month.",youtube:syn-you-0027
youtube,syn-you-0028,2025-06-29T19:55:19,synthetic_user_67280,True,synthetic://youtube/syn-you-0028,,"Organise 50,000 photos in one afternoon",[],"{""likes"": 1122}",youtube_comments,"Pro tip: Search for the thing plus the city, e.g. ""cake bangalore"", works better than a sentence for me.",youtube:syn-you-0028
youtube,syn-you-0029,2025-07-29T08:36:15,synthetic_user_74814,True,synthetic://youtube/syn-you-0029,,"Organise 50,000 photos in one afternoon",[],"{""likes"": 153}",youtube_comments,"I remember photos by who I was with and what we were doing, not by where the GPS says I was.",youtube:syn-you-0029
youtube,syn-you-0030,2025-02-25T11:10:56,synthetic_user_5988,True,synthetic://youtube/syn-you-0030,,"Organise 50,000 photos in one afternoon",[],"{""likes"": 686}",youtube_comments,It's frustrating that I have to guess what word the app uses for something.,youtube:syn-you-0030
youtube,syn-you-0031,2026-06-02T12:54:10,synthetic_user_20069,True,synthetic://youtube/syn-you-0031,,Google Photos hidden features (2025),[],"{""likes"": 1138}",youtube_comments,"This didn't help me: i'm trying to find the photo of my car's insurance papers. I need it because I had an accident and need the policy number. It's a picture of the insurance papers. I don't remember when exactly. I typed ""car insurance paper on dashboard"" in search and it popped up near the top. Got it eventually, after about an hour.",youtube:syn-you-0031
youtube,syn-you-0032,2023-11-06T18:20:23,synthetic_user_41208,True,synthetic://youtube/syn-you-0032,,How to find old photos fast on Android,[],"{""likes"": 733}",youtube_comments,It's frustrating that I have to guess what word the app uses for something.,youtube:syn-you-0032
youtube,syn-you-0033,2026-03-27T09:29:01,synthetic_user_65094,True,synthetic://youtube/syn-you-0033,,Google Photos vs iCloud Photos: which is better?,[],"{""likes"": 911}",youtube_comments,"Great video. Still, i've been looking for a picture of the sofa fabric sample for days. I need it because we're finally ordering the sofa. I remember the shop said to send them the photo when ordering. I can't remember the date at all. Tried ""furniture shop"" and nothing came up. I just didn't know how to describe it in a way search would get. Never found it.",youtube:syn-you-0033
youtube,syn-you-0034,2025-02-21T19:34:09,synthetic_user_30308,True,synthetic://youtube/syn-you-0034,,How to find old photos fast on Android,[],"{""likes"": 556}",youtube_comments,"From experience, Search for the thing plus the city, e.g. ""cake bangalore"", works better than a sentence for me.",youtube:syn-you-0034
youtube,syn-you-0035,2025-07-24T17:53:14,synthetic_user_60786,True,synthetic://youtube/syn-you-0035,,"Organise 50,000 photos in one afternoon",[],"{""likes"": 1198}",youtube_comments,"was sure i'd never find the photo of the view from the train window, but searching ""train"" plus the year got it on the first try.",youtube:syn-you-0035
youtube,syn-you-0036,2023-09-02T11:10:18,synthetic_user_79561,True,synthetic://youtube/syn-you-0036,,10 Google Photos search tricks you didn't know,[],"{""likes"": 542}",youtube_comments,Two things. Can't figure out how to download all my photos to a hard drive. The locked folder is a nice privacy feature.,youtube:syn-you-0036
youtube,syn-you-0037,2026-06-02T12:02:06,synthetic_user_54149,True,synthetic://youtube/syn-you-0037,,10 Google Photos search tricks you didn't know,[],"{""likes"": 425}",youtube_comments,"Does anyone know how to find the photo of the dessert we ordered at that restaurant? It's from my sister's birthday dinner. I don't even remember what the event was called. Searched for ""dessert"" and got no results. I know exactly what it looks like but can't put it into search words. I even googled how to search Google Photos better. I found a similar one but not the exact photo I wanted.",youtube:syn-you-0037
youtube,syn-you-0038,2023-07-13T01:59:45,synthetic_user_80642,True,synthetic://youtube/syn-you-0038,,"Organise 50,000 photos in one afternoon",[],"{""likes"": 1494}",youtube_comments,"Honestly search is amazing. I typed ""people covered in red colour with ganesh idol"" and it found the photo from the Ganpati procession in seconds.",youtube:syn-you-0038
youtube,syn-you-0039,2023-09-05T23:25:34,synthetic_user_35823,True,synthetic://youtube/syn-you-0039,,10 Google Photos search tricks you didn't know,[],"{""likes"": 1026}",youtube_comments,"Tried the tips from this video but i'm trying to find the photo of my son's first steps. I need it because we're making a birthday album. Timing wise it was when he was around one, so 2019 probably. Not sure which month or year, honestly. I typed ""baby walking"" in search and it popped up near the top. I jumped to roughly that year with the scrollbar and went month by month. Finally found it after about an hour.",youtube:syn-you-0039
youtube,syn-you-0040,2025-10-18T22:48:24,synthetic_user_14623,True,synthetic://youtube/syn-you-0040,,How to find old photos fast on Android,[],"{""likes"": 1065}",youtube_comments,"Pro tip: Search by year first, like ""2019"", then scroll within that. Much faster than scrolling from today.",youtube:syn-you-0040
youtube,syn-you-0041,2023-06-19T02:30:03,synthetic_user_50727,True,synthetic://youtube/syn-you-0041,,How to find old photos fast on Android,[],"{""likes"": 124}",youtube_comments,"Great video. Still, does anyone know how to find the group photo from the night we all stayed up on the terrace? I need it now because one of them is getting married and we're making a video. I remember it was the night before someone moved abroad. I can't remember the date at all. I typed ""terrace"" in search and got a bunch of pictures that had nothing to do with it. After that I had no idea what else to try. In the end I texted my friend to send it again. Never found it.",youtube:syn-you-0041
youtube,syn-you-0042,2024-05-20T19:28:31,synthetic_user_20284,True,synthetic://youtube/syn-you-0042,,10 Google Photos search tricks you didn't know,[],"{""likes"": 1412}",youtube_comments,"Honestly search is amazing. I typed ""doctor prescription eye drops"" and it found the photo of the prescription for my mother's eye drops in seconds.",youtube:syn-you-0042
youtube,syn-you-0043,2023-11-23T17:44:46,synthetic_user_4147,True,synthetic://youtube/syn-you-0043,,How to find old photos fast on Android,[],"{""likes"": 63}",youtube_comments,"Search should work the way I remember things, like 'me wearing blue shirt white wall', not just single words.",youtube:syn-you-0043
youtube,syn-you-0044,2024-02-20T08:11:17,synthetic_user_51800,True,synthetic://youtube/syn-you-0044,,How to find old photos fast on Android,[],"{""likes"": 1200}",youtube_comments,"Great video. Still, i've been looking for a photo of the rental agreement for days. Timing wise it was when we moved into this flat, 2021 or so. I can't remember the date at all. I searched ""agreement 2021"" and got no results. The text in the photo doesn't seem to be searchable. I checked my Gmail in case I had sent it to someone. I gave up on finding it.",youtube:syn-you-0044
youtube,syn-you-0045,2023-09-23T18:21:33,synthetic_user_11940,True,synthetic://youtube/syn-you-0045,,Google Photos vs iCloud Photos: which is better?,[],"{""likes"": 502}",youtube_comments,"didn't remember anything except a handwritten board in hindi, searched for that and it showed up. impressed.",youtube:syn-you-0045
youtube,syn-you-0046,2026-07-09T03:28:30,synthetic_user_72684,True,synthetic://youtube/syn-you-0046,,"Organise 50,000 photos in one afternoon",[],"{""likes"": 14}",youtube_comments,"what worked for me: search for the thing plus the city, e.g. ""cake bangalore"", works better than a sentence for me.",youtube:syn-you-0046
youtube,syn-you-0047,2025-06-06T08:51:39,synthetic_user_81815,True,synthetic://youtube/syn-you-0047,,"Organise 50,000 photos in one afternoon",[],"{""likes"": 277}",youtube_comments,"I remember photos by who I was with and what we were doing, not by where the GPS says I was.",youtube:syn-you-0047
youtube,syn-you-0048,2023-06-21T20:01:50,synthetic_user_15420,True,synthetic://youtube/syn-you-0048,,Google Photos hidden features (2025),[],"{""likes"": 254}",youtube_comments,"This didn't help me: does anyone know how to find the picture of the dent on my car? I remember a scooter hit my car in the parking lot. I have no idea what year it was. I typed ""dent on silver car door"" in search and nothing came up. I know exactly what it looks like but can't put it into search words. I gave up on finding it.",youtube:syn-you-0048
youtube,syn-you-0049,2024-02-07T02:53:52,synthetic_user_3475,True,synthetic://youtube/syn-you-0049,,"Organise 50,000 photos in one afternoon",[],"{""likes"": 796}",youtube_comments,"Thought search was broken but the photo from the Ganpati procession was in my partner's library, not mine.",youtube:syn-you-0049
youtube,syn-you-0050,2025-07-03T16:01:03,synthetic_user_78835,True,synthetic://youtube/syn-you-0050,,How to find old photos fast on Android,[],"{""likes"": 910}",youtube_comments,"Try searching for something visible in the photo instead of what happened, like ""stage"" or ""cake"".",youtube:syn-you-0050
youtube,syn-you-0051,2024-06-17T04:39:10,synthetic_user_84343,True,synthetic://youtube/syn-you-0051,,Google Photos vs iCloud Photos: which is better?,[],"{""likes"": 1449}",youtube_comments,"Pro tip: If it was a screenshot, open the Screenshots category first and then scroll by month.",youtube:syn-you-0051
youtube,syn-you-0052,2024-07-30T11:22:36,synthetic_user_53749,True,synthetic://youtube/syn-you-0052,,10 Google Photos search tricks you didn't know,[],"{""likes"": 113}",youtube_comments,"from experience, search by year first, like ""2019"", then scroll within that. much faster than scrolling from today.",youtube:syn-you-0052
youtube,syn-you-0053,2023-09-28T12:06:53,synthetic_user_23587,True,synthetic://youtube/syn-you-0053,,How to find old photos fast on Android,[],"{""likes"": 872}",youtube_comments,"Search by year first, like ""2019"", then scroll within that. Much faster than scrolling from today.",youtube:syn-you-0053
youtube,syn-you-0054,2025-07-20T13:50:27,synthetic_user_71613,True,synthetic://youtube/syn-you-0054,,Google Photos vs iCloud Photos: which is better?,[],"{""likes"": 653}",youtube_comments,"I remember photos by who I was with and what we were doing, not by where the GPS says I was.",youtube:syn-you-0054
youtube,syn-you-0055,2026-01-28T11:46:46,synthetic_user_139,True,synthetic://youtube/syn-you-0055,,10 Google Photos search tricks you didn't know,[],"{""likes"": 659}",youtube_comments,Spent an hour looking for the picture of my college marksheet and it turns out I had deleted it years ago. Not the app's fault.,youtube:syn-you-0055
youtube,syn-you-0056,2023-03-08T11:20:21,synthetic_user_30034,True,synthetic://youtube/syn-you-0056,,"Organise 50,000 photos in one afternoon",[],"{""likes"": 1041}",youtube_comments,"Looking for the photo of the whiteboard from our planning session. I need it because my manager needs the timeline. For context, we photographed it after the workshop. I don't remember the exact words on it. Tried ""whiteboard with launch timeline"" and got no results. I just didn't know how to describe it in a way search would get. I scrolled for like 40 minutes. Found one that might be it, but I'm not sure it's the same one.",youtube:syn-you-0056
youtube,syn-you-0057,2026-04-04T04:04:06,synthetic_user_62129,True,synthetic://youtube/syn-you-0057,,"Organise 50,000 photos in one afternoon",[],"{""likes"": 1310}",youtube_comments,"Great video. Still, looking for the photo with the bride and my grandmother. I can picture grandma in a green saree sitting on the stage. I don't remember which album it went into. I searched ""grandmother"" and nothing came up. The photo is definitely in my library but search never shows it. In the end I texted my friend to send it again. Found one that might be it, but I'm not sure it's the same one.",youtube:syn-you-0057
youtube,syn-you-0058,2025-10-30T20:48:32,synthetic_user_54037,True,synthetic://youtube/syn-you-0058,,10 Google Photos search tricks you didn't know,[],"{""likes"": 266}",youtube_comments,"Minor gripe: Backup has been stuck on 'preparing' for three days. Very annoying. Deleted photos don't free up space on the phone, confusing.",youtube:syn-you-0058
youtube,syn-you-0059,2026-01-24T06:40:55,synthetic_user_67971,True,synthetic://youtube/syn-you-0059,,Google Photos vs iCloud Photos: which is better?,[],"{""likes"": 1051}",youtube_comments,"Does anyone know how to find the photo of the whiteboard from our planning session? I need it now because my manager needs the timeline. We were in the small meeting room when I took it. I can't recall what it said exactly. Searched for ""whiteboard with launch timeline"" and nothing came up. I think it's on my old phone and never got backed up. I found a similar one but not the exact photo I wanted.",youtube:syn-you-0059
youtube,syn-you-0060,2023-01-26T05:50:31,synthetic_user_49462,True,synthetic://youtube/syn-you-0060,,10 Google Photos search tricks you didn't know,[],"{""likes"": 164}",youtube_comments,"Honestly, Syncing between my two phones is inconsistent. Please add a dark mode for the web version.",youtube:syn-you-0060
youtube,syn-you-0061,2024-08-16T07:23:28,synthetic_user_60676,True,synthetic://youtube/syn-you-0061,,How to find old photos fast on Android,[],"{""likes"": 456}",youtube_comments,"I remember photos by who I was with and what we were doing, not by where the GPS says I was.",youtube:syn-you-0061
youtube,syn-you-0062,2024-06-18T00:45:33,synthetic_user_56637,True,synthetic://youtube/syn-you-0062,,10 Google Photos search tricks you didn't know,[],"{""likes"": 965}",youtube_comments,"Does anyone know how to find the screenshot of the train booking confirmation? I can picture a white screen with a green tick. I can't recall what it said exactly. Tried ""ticket"" and nothing came up. Text inside screenshots doesn't seem to be searchable. Eventually I searched my WhatsApp chats instead. Got it eventually, after three days.",youtube:syn-you-0062
youtube,syn-you-0063,2025-07-30T11:13:51,synthetic_user_41302,True,synthetic://youtube/syn-you-0063,,Google Photos hidden features (2025),[],"{""likes"": 880}",youtube_comments,what worked for me: name the face groups. searching a person's name works way better than describing them.,youtube:syn-you-0063
youtube,syn-you-0064,2023-09-25T02:31:20,synthetic_user_75228,True,synthetic://youtube/syn-you-0064,,Google Photos hidden features (2025),[],"{""likes"": 6}",youtube_comments,"Great video. Still, looking for the video of my nephew saying his first word. Timing wise it was when he was around one. The location data was probably off. I searched ""screen recording"" and got no results. Screen recordings don't seem to be indexed at all. Never found it.",youtube:syn-you-0064
youtube,syn-you-0065,2024-04-03T06:59:59,synthetic_user_81636,True,synthetic://youtube/syn-you-0065,,Google Photos hidden features (2025),[],"{""likes"": 1057}",youtube_comments,It would help if the app told me why a photo showed up in results.,youtube:syn-you-0065
youtube,syn-you-0066,2023-04-26T03:15:04,synthetic_user_53474,True,synthetic://youtube/syn-you-0066,,10 Google Photos search tricks you didn't know,[],"{""likes"": 260}",youtube_comments,"looking for a photo of the rental agreement. i need it now because the landlord is refusing to return the deposit. it was when we moved into this flat, 2021 or so. i can't remember the date at all. i typed ""rent agreement document pages"" in search and it popped up near the top. got it eventually, after two evenings.",youtube:syn-you-0066
youtube,syn-you-0067,2025-10-15T04:47:22,synthetic_user_56105,True,synthetic://youtube/syn-you-0067,,Google Photos vs iCloud Photos: which is better?,[],"{""likes"": 1410}",youtube_comments,"I'm trying to find the picture of my college marksheet. I need it now because background verification asked for it. The photo shows my marksheet. I have no idea what year it was. Searched for ""college marksheet with blue border"" and nothing came up. After that I had no idea what else to try. I scrolled for like 40 minutes. Finally found it after about an hour.",youtube:syn-you-0067
youtube,syn-you-0068,2024-01-06T06:29:10,synthetic_user_29454,True,synthetic://youtube/syn-you-0068,,How to find old photos fast on Android,[],"{""likes"": 777}",youtube_comments,Minor gripe: Too many notifications about 'memories' I didn't ask for. Storage is full again and now they want me to pay for more. Too expensive for what it is.,youtube:syn-you-0068
youtube,syn-you-0069,2024-11-10T10:51:08,synthetic_user_77424,True,synthetic://youtube/syn-you-0069,,Google Photos vs iCloud Photos: which is better?,[],"{""likes"": 1200}",youtube_comments,Update: Too many notifications about 'memories' I didn't ask for.,youtube:syn-you-0069
youtube,syn-you-0070,2026-03-01T05:36:09,synthetic_user_64839,True,synthetic://youtube/syn-you-0070,,"Organise 50,000 photos in one afternoon",[],"{""likes"": 50}",youtube_comments,"Pro tip: Ask whoever was there, someone in the group chat usually still has it.",youtube:syn-you-0070
youtube,syn-you-0071,2025-06-15T09:17:41,synthetic_user_11673,True,synthetic://youtube/syn-you-0071,,10 Google Photos search tricks you didn't know,[],"{""likes"": 1280}",youtube_comments,"Minor gripe: The editing tools are great, the magic eraser is really good. Storage is full again and now they want me to pay for more. Too expensive for what it is.",youtube:syn-you-0071
youtube,syn-you-0072,2024-11-22T23:05:45,synthetic_user_15378,True,synthetic://youtube/syn-you-0072,,"Organise 50,000 photos in one afternoon",[],"{""likes"": 915}",youtube_comments,"I've been looking for a picture of the ramen bowl from the tiny shop for days. I know it was near the station in Tokyo. No clue what the place was called. I searched ""ramen bowl with egg at a small shop near station"" and got thousands of results to scroll through. There are so many almost identical shots from that day that I can't tell which one it is. I found a similar one but not the exact photo I wanted.",youtube:syn-you-0072
youtube,syn-you-0073,2025-11-20T16:01:52,synthetic_user_34970,True,synthetic://youtube/syn-you-0073,,Google Photos vs iCloud Photos: which is better?,[],"{""likes"": 843}",youtube_comments,"What worked for me: Tip: if location history was on, try the map view and zoom into the area instead of searching the name.",youtube:syn-you-0073
youtube,syn-you-0074,2024-11-05T18:42:17,synthetic_user_61697,True,synthetic://youtube/syn-you-0074,,How to find old photos fast on Android,[],"{""likes"": 703}",youtube_comments,minor gripe: too many notifications about 'memories' i didn't ask for.,youtube:syn-you-0074
youtube,syn-you-0075,2026-07-27T22:21:32,synthetic_user_18309,True,synthetic://youtube/syn-you-0075,,Google Photos hidden features (2025),[],"{""likes"": 396}",youtube_comments,found a picture of the waterfall we hiked to by searching the person's face and then scrolling a bit. took two minutes.,youtube:syn-you-0075
youtube,syn-you-0076,2023-12-04T10:16:30,synthetic_user_55194,True,synthetic://youtube/syn-you-0076,,How to find old photos fast on Android,[],"{""likes"": 1432}",youtube_comments,It's frustrating that I have to guess what word the app uses for something.,youtube:syn-you-0076
youtube,syn-you-0077,2023-05-24T13:32:27,synthetic_user_50323,True,synthetic://youtube/syn-you-0077,,10 Google Photos search tricks you didn't know,[],"{""likes"": 1477}",youtube_comments,Minor gripe: The app is slow to load thumbnails on my old phone.,youtube:syn-you-0077
youtube,syn-you-0078,2024-12-28T08:53:24,synthetic_user_12407,True,synthetic://youtube/syn-you-0078,,10 Google Photos search tricks you didn't know,[],"{""likes"": 430}",youtube_comments,"I've been looking for the photo of us dancing at the sangeet for days. It was the night before our wedding. I'm not sure if I ever put it in an album. Tried ""sangeet"" and got no results. I think it's in a shared album someone else made, not my library. I scrolled for like 40 minutes. Never found it.",youtube:syn-you-0078
youtube,syn-you-0079,2026-02-04T05:32:52,synthetic_user_93099,True,synthetic://youtube/syn-you-0079,,"Organise 50,000 photos in one afternoon",[],"{""likes"": 741}",youtube_comments,minor gripe: app keeps crashing when i open a large video.,youtube:syn-you-0079
youtube,syn-you-0080,2026-05-31T05:30:23,synthetic_user_66646,True,synthetic://youtube/syn-you-0080,,Google Photos vs iCloud Photos: which is better?,[],"{""likes"": 752}",youtube_comments,"From experience, You can search text inside photos sometimes, but it only works if the words are clear in the image.",youtube:syn-you-0080
youtube,syn-you-0081,2023-08-04T09:08:49,synthetic_user_60057,True,synthetic://youtube/syn-you-0081,,10 Google Photos search tricks you didn't know,[],"{""likes"": 1088}",youtube_comments,It would help if the app told me why a photo showed up in results.,youtube:syn-you-0081
youtube,syn-you-0082,2026-04-27T22:48:35,synthetic_user_86997,True,synthetic://youtube/syn-you-0082,,How to find old photos fast on Android,[],"{""likes"": 1116}",youtube_comments,It's frustrating that I have to guess what word the app uses for something.,youtube:syn-you-0082
youtube,syn-you-0083,2026-08-19T22:52:11,synthetic_user_94972,True,synthetic://youtube/syn-you-0083,,Google Photos hidden features (2025),[],"{""likes"": 1493}",youtube_comments,"Tried the tips from this video but i'm trying to find the photo with the bride and my grandmother. I need it because grandma wants a print. All I remember visually is grandma in a green saree sitting on the stage. I can't remember the date at all. Tried ""grandmother"" and nothing came up. I think it's in a shared album someone else made, not my library. Ended up scrolling back through years of photos. I gave up on finding it.",youtube:syn-you-0083
youtube,syn-you-0084,2023-03-13T17:46:11,synthetic_user_25848,True,synthetic://youtube/syn-you-0084,,Google Photos hidden features (2025),[],"{""likes"": 250}",youtube_comments,Found a picture of the ramen bowl from the tiny shop by searching the person's face and then scrolling a bit. Took two minutes.,youtube:syn-you-0084
youtube,syn-you-0085,2025-05-15T18:08:21,synthetic_user_91149,True,synthetic://youtube/syn-you-0085,,Google Photos hidden features (2025),[],"{""likes"": 292}",youtube_comments,"Something that helps: Ask whoever was there, someone in the group chat usually still has it.",youtube:syn-you-0085
youtube,syn-you-0086,2025-09-21T22:01:25,synthetic_user_62061,True,synthetic://youtube/syn-you-0086,,Google Photos vs iCloud Photos: which is better?,[],"{""likes"": 791}",youtube_comments,"Great video. Still, does anyone know how to find the photo of the electrician's handwritten estimate? I need it because he's charging way more now. The photo shows a handwritten estimate. I don't know what word the app would use for it. I searched ""estimate"" and got thousands of results to scroll through. I have hundreds of similar shots and can't tell which one it was. Never found it.",youtube:syn-you-0086
youtube,syn-you-0087,2024-04-18T13:43:22,synthetic_user_83393,True,synthetic://youtube/syn-you-0087,,10 Google Photos search tricks you didn't know,[],"{""likes"": 1456}",youtube_comments,"Does anyone know how to find a photo of the bookshelf I wanted to build? For context, I saw it at a friend's house. I don't know what it's called. Tried ""shelf"" and got no results. The photo is definitely in my library but search never shows it. Never found it.",youtube:syn-you-0087
youtube,syn-you-0088,2023-06-29T07:03:16,synthetic_user_3148,True,synthetic://youtube/syn-you-0088,,Google Photos hidden features (2025),[],"{""likes"": 342}",youtube_comments,"i'm trying to find the photo of the prescription for my mother's eye drops. the photo shows a prescription. no idea what the thing is actually called. i searched ""prescription"" and got no results. the writing on it isn't searchable, it seems. tried synonyms like ""doctor note"" too. still haven't found it.",youtube:syn-you-0088
youtube,syn-you-0089,2023-10-01T10:44:31,synthetic_user_13628,True,synthetic://youtube/syn-you-0089,,10 Google Photos search tricks you didn't know,[],"{""likes"": 409}",youtube_comments,"Pro tip: Ask whoever was there, someone in the group chat usually still has it.",youtube:syn-you-0089
youtube,syn-you-0090,2024-09-30T12:33:22,synthetic_user_48410,True,synthetic://youtube/syn-you-0090,,Google Photos hidden features (2025),[],"{""likes"": 514}",youtube_comments,"tried the tips from this video but i'm trying to find the picture of the pharmacy receipt. for context, i needed it for insurance reimbursement. i can't recall what it said exactly. i searched ""receipt"" and nothing came up. the text on the bill isn't searchable as far as i can tell. i checked my gmail in case i had sent it to someone. i gave up on finding it.",youtube:syn-you-0090
youtube,syn-you-0091,2023-01-13T07:50:42,synthetic_user_54638,True,synthetic://youtube/syn-you-0091,,Google Photos hidden features (2025),[],"{""likes"": 658}",youtube_comments,It's frustrating that I have to guess what word the app uses for something.,youtube:syn-you-0091
youtube,syn-you-0092,2024-10-20T23:37:46,synthetic_user_82741,True,synthetic://youtube/syn-you-0092,,Google Photos hidden features (2025),[],"{""likes"": 86}",youtube_comments,name the face groups. searching a person's name works way better than describing them.,youtube:syn-you-0092
youtube,syn-you-0093,2025-06-26T04:19:18,synthetic_user_69323,True,synthetic://youtube/syn-you-0093,,Google Photos vs iCloud Photos: which is better?,[],"{""likes"": 151}",youtube_comments,It's frustrating that I have to guess what word the app uses for something.,youtube:syn-you-0093
youtube,syn-you-0094,2025-11-22T01:36:20,synthetic_user_32979,True,synthetic://youtube/syn-you-0094,,Google Photos hidden features (2025),[],"{""likes"": 839}",youtube_comments,"I've been looking for the photo of the electrician's handwritten estimate for days. I need it now because he's charging way more now. I remember he wrote it on a notebook page. No idea what to search for really. Tried ""handwritten estimate on notebook paper"" and got no results. The text on the bill isn't searchable as far as I can tell. Eventually I just gave up.",youtube:syn-you-0094
youtube,syn-you-0095,2025-04-27T07:04:00,synthetic_user_39148,True,synthetic://youtube/syn-you-0095,,How to find old photos fast on Android,[],"{""likes"": 324}",youtube_comments,"Great video. Still, does anyone know how to find that picture from the trip where we stayed near the beach? For context, location was probably off on my phone. The location data was probably off. I searched ""beach 2021"" and nothing came up. The location data was probably off so there's nothing to go on. I found a similar one but not the exact photo I wanted.",youtube:syn-you-0095
youtube,syn-you-0096,2024-12-02T21:46:31,synthetic_user_84962,True,synthetic://youtube/syn-you-0096,,10 Google Photos search tricks you didn't know,[],"{""likes"": 1386}",youtube_comments,"Does anyone know how to find the photo from our college fest? I remember the photos were from an old phone that I backed up later. I don't even remember what the event was called. I typed ""students in black t shirts in front of banner"" in search and nothing came up. I didn't know what else to try. Tried synonyms like ""fest"" too. Still haven't found it.",youtube:syn-you-0096
youtube,syn-you-0097,2025-12-19T01:57:40,synthetic_user_4875,True,synthetic://youtube/syn-you-0097,,Google Photos vs iCloud Photos: which is better?,[],"{""likes"": 1106}",youtube_comments,"Honestly, Why did they move the sharing button? The new layout is confusing.",youtube:syn-you-0097
youtube,syn-you-0098,2023-11-20T12:55:16,synthetic_user_16024,True,synthetic://youtube/syn-you-0098,,How to find old photos fast on Android,[],"{""likes"": 215}",youtube_comments,"What worked for me: Use the date jump on the scrollbar, drag to the year and go month by month.",youtube:syn-you-0098
youtube,syn-you-0099,2024-03-09T05:14:31,synthetic_user_71217,True,synthetic://youtube/syn-you-0099,,Google Photos vs iCloud Photos: which is better?,[],"{""likes"": 311}",youtube_comments,"Great video. Still, i'm trying to find the photo of the stage when they announced the results. It had my team in it. I have no idea what year it was. I typed ""me on stage with trophy under purple lights"" in search and it gave me hundreds of photos. I have hundreds of similar shots and can't tell which one it was. Ended up scrolling back through years of photos. Eventually I just gave up.",youtube:syn-you-0099
youtube,syn-you-0100,2025-01-15T12:25:01,synthetic_user_56870,True,synthetic://youtube/syn-you-0100,,Google Photos hidden features (2025),[],"{""likes"": 568}",youtube_comments,"Great video. Still, looking for the old scanned photo of my grandparents' wedding. I remember my grandparents being in it. Not sure which month or year, honestly. I searched ""scan"" and got no results. After that I had no idea what else to try. I found a similar one but not the exact photo I wanted.",youtube:syn-you-0100
youtube,syn-you-0101,2024-01-22T15:40:51,synthetic_user_48882,True,synthetic://youtube/syn-you-0101,,10 Google Photos search tricks you didn't know,[],"{""likes"": 1245}",youtube_comments,"search should work the way i remember things, like 'family in white clothes with diyas', not just single words.",youtube:syn-you-0101
youtube,syn-you-0102,2024-06-12T06:19:13,synthetic_user_729,True,synthetic://youtube/syn-you-0102,,Google Photos hidden features (2025),[],"{""likes"": 411}",youtube_comments,"The search is fine if you know exactly what you want, but not when you only half remember it.",youtube:syn-you-0102
youtube,syn-you-0103,2024-01-11T09:43:36,synthetic_user_31189,True,synthetic://youtube/syn-you-0103,,10 Google Photos search tricks you didn't know,[],"{""likes"": 1372}",youtube_comments,"Honestly search is amazing. I typed ""family in white clothes with diyas"" and it found the family photo from Diwali where everyone is wearing white in seconds.",youtube:syn-you-0103
youtube,syn-you-0104,2023-12-05T06:01:30,synthetic_user_22699,True,synthetic://youtube/syn-you-0104,,Google Photos vs iCloud Photos: which is better?,[],"{""likes"": 1442}",youtube_comments,"Great video. Still, looking for a shot of the fireworks at the new year party. I need it now because I wanted to post a throwback. For context, it was just before midnight. I don't remember when exactly. Searched for ""31 december"" but it just showed random photos. It seems like search ignores half of what I type and only matches one word. Ended up scrolling back through years of photos. Found one that might be it, but I'm not sure it's the same one.",youtube:syn-you-0104
youtube,syn-you-0105,2024-12-31T17:57:11,synthetic_user_24182,True,synthetic://youtube/syn-you-0105,,10 Google Photos search tricks you didn't know,[],"{""likes"": 1065}",youtube_comments,"From experience, Search by year first, like ""2019"", then scroll within that. Much faster than scrolling from today.",youtube:syn-you-0105
youtube,syn-you-0106,2026-06-23T16:56:21,synthetic_user_4418,True,synthetic://youtube/syn-you-0106,,"Organise 50,000 photos in one afternoon",[],"{""likes"": 346}",youtube_comments,"Pro tip: Use the date jump on the scrollbar, drag to the year and go month by month.",youtube:syn-you-0106
youtube,syn-you-0107,2024-04-15T17:03:20,synthetic_user_60290,True,synthetic://youtube/syn-you-0107,,Google Photos vs iCloud Photos: which is better?,[],"{""likes"": 1019}",youtube_comments,"Didn't remember anything except a small card taped to the invoice, searched for that and it showed up. Impressed.",youtube:syn-you-0107
youtube,syn-you-0108,2024-08-03T20:50:22,synthetic_user_34270,True,synthetic://youtube/syn-you-0108,,How to find old photos fast on Android,[],"{""likes"": 1134}",youtube_comments,"I don't remember dates, nobody does. Searching by date is useless for old memories.",youtube:syn-you-0108
youtube,syn-you-0109,2023-12-20T07:23:42,synthetic_user_58722,True,synthetic://youtube/syn-you-0109,,10 Google Photos search tricks you didn't know,[],"{""likes"": 54}",youtube_comments,"I remember photos by who I was with and what we were doing, not by where the GPS says I was.",youtube:syn-you-0109
youtube,syn-you-0110,2024-08-09T17:12:33,synthetic_user_94556,True,synthetic://youtube/syn-you-0110,,"Organise 50,000 photos in one afternoon",[],"{""likes"": 286}",youtube_comments,"From experience, If it was a screenshot, open the Screenshots category first and then scroll by month.",youtube:syn-you-0110
youtube,syn-you-0111,2024-07-25T12:05:53,synthetic_user_2541,True,synthetic://youtube/syn-you-0111,,"Organise 50,000 photos in one afternoon",[],"{""likes"": 519}",youtube_comments,"Honestly search is amazing. I typed ""video of mom singing at dinner"" and it found the video of my mom singing at the dinner table in seconds.",youtube:syn-you-0111
youtube,syn-you-0112,2024-11-29T06:28:23,synthetic_user_70239,True,synthetic://youtube/syn-you-0112,,"Organise 50,000 photos in one afternoon",[],"{""likes"": 37}",youtube_comments,"From experience, Use the date jump on the scrollbar, drag to the year and go month by month.",youtube:syn-you-0112
youtube,syn-you-0113,2024-06-15T16:05:21,synthetic_user_75113,True,synthetic://youtube/syn-you-0113,,"Organise 50,000 photos in one afternoon",[],"{""likes"": 621}",youtube_comments,"Tried the tips from this video but i've been looking for the photo of my son's first steps for days. I know it was in our old apartment's living room. I'm not sure if I ever put it in an album. I searched ""baby standing holding sofa on green rug"" and nothing came up. It came from my old phone and I'm not sure it ever got backed up. Finally found it after three days.",youtube:syn-you-0113
youtube,syn-you-0114,2026-05-27T13:58:18,synthetic_user_37720,True,synthetic://youtube/syn-you-0114,,"Organise 50,000 photos in one afternoon",[],"{""likes"": 978}",youtube_comments,"This didn't help me: looking for the photo of my son's first steps. Timing wise it was when he was around one, so 2019 probably. I don't remember when exactly. Searched for ""baby walking"" and nothing came up. The photo is definitely in my library but search never shows it. Found one that might be it, but I'm not sure it's the same one.",youtube:syn-you-0114
youtube,syn-you-0115,2024-03-24T04:35:04,synthetic_user_66677,True,synthetic://youtube/syn-you-0115,,Google Photos vs iCloud Photos: which is better?,[],"{""likes"": 1059}",youtube_comments,"Thought search was broken but a photo of the tiny café we found in Goa was in my partner's library, not mine.",youtube:syn-you-0115
youtube,syn-you-0116,2023-12-22T03:07:07,synthetic_user_90729,True,synthetic://youtube/syn-you-0116,,Google Photos vs iCloud Photos: which is better?,[],"{""likes"": 1065}",youtube_comments,"The editing tools are great, the magic eraser is really good.",youtube:syn-you-0116
youtube,syn-you-0117,2025-01-31T16:30:33,synthetic_user_20518,True,synthetic://youtube/syn-you-0117,,10 Google Photos search tricks you didn't know,[],"{""likes"": 1011}",youtube_comments,"Search should work the way I remember things, like 'college marksheet with blue border', not just single words.",youtube:syn-you-0117
youtube,syn-you-0118,2023-08-02T19:20:33,synthetic_user_77653,True,synthetic://youtube/syn-you-0118,,How to find old photos fast on Android,[],"{""likes"": 790}",youtube_comments,"Does anyone know how to find the photo of us at the football match? I need it because reunion group chat asked for it. Timing wise it was some time after school ended. I can't remember the date at all. Searched for ""football"" and got a bunch of pictures that had nothing to do with it. I ran out of ideas pretty quickly. I asked my sister if she still had it. Never found it.",youtube:syn-you-0118
youtube,syn-you-0119,2024-10-31T00:49:04,synthetic_user_92054,True,synthetic://youtube/syn-you-0119,,"Organise 50,000 photos in one afternoon",[],"{""likes"": 345}",youtube_comments,"Looking for the photo of the view from the train window. All I remember visually is green hills and a reflection of my face in the glass. No clue what the place was called. Tried ""train 2018"" and nothing came up. I know exactly what it looks like but can't put it into search words. I went through the map view hoping to spot it. Still haven't found it.",youtube:syn-you-0119
forums,syn-for-0000,2024-01-11T07:43:43,synthetic_user_10579,True,synthetic://forums/syn-for-0000,Search vs scrolling for old memories,Apps & software,[],"{""views"": 15122, ""replies"": 31}",macrumors_forums,"On iOS. Does anyone know how to find that picture from the trip where we stayed near the beach? I need it now because I want to book the same homestay. I know it was at a homestay near a quiet beach. Timing wise it was 2021 or 2022, not sure. For context, location was probably off on my phone. This was during a long weekend trip. I can't remember the date at all. I typed ""beach 2021"" in search and got a bunch of pictures that had nothing to do with it. I didn't know what else to try. I went through the map view hoping to spot it. I kept retyping different searches. Found one that might be it, but I'm not sure it's the same one. Am I doing something wrong?",forums:syn-for-0000
forums,syn-for-0001,2023-11-21T23:54:20,synthetic_user_35994,True,synthetic://forums/syn-for-0001,Search vs scrolling for old memories,Apps & software,[],"{""views"": 13472, ""replies"": 16}",macrumors_forums,"Does anyone know how to find the photo of my first tattoo right after I got it? I need it because the artist asked for a before picture. I remember it was still covered with cling film. It's a picture of a tattoo. Not sure which month or year, honestly. I typed ""tattoo"" in search and got thousands of results to scroll through. Tried ""tattoo"" and got thousands of results to scroll through. Searched for ""fresh wave tattoo on wrist"" and got thousands of results to scroll through. I have hundreds of similar shots and can't tell which one it was. I scrolled for like 40 minutes. I went through the face group for that person too. Finally found it after half an hour of scrolling. Any tips?",forums:syn-for-0001
forums,syn-for-0002,2025-07-29T08:50:56,synthetic_user_17704,True,synthetic://forums/syn-for-0002,Tips for locating the photo of the electrician's handwritten estimate?,Apps & software,[],"{""views"": 3408, ""replies"": 21}",xda_forums,"Does anyone know how to find the photo of the electrician's handwritten estimate? I need it because he's charging way more now. It's a picture of a handwritten estimate. I remember it showed the amount for rewiring. All I remember visually is blue pen on lined paper. I can't recall what it said exactly. Tried ""handwritten estimate on notebook paper"" but it just showed random photos. Searched for ""estimate"" and nothing came up. Tried ""electrician"" and nothing came up. I just didn't know how to describe it in a way search would get. I scrolled for like 40 minutes. Finally found it after way too long.",forums:syn-for-0002
forums,syn-for-0003,2026-06-17T10:16:02,synthetic_user_29549,True,synthetic://forums/syn-for-0003,Google Photos search is failing me,Apps & software,[],"{""views"": 10176, ""replies"": 4}",toms_guide_forum,It's frustrating that I have to guess what word the app uses for something.,forums:syn-for-0003
forums,syn-for-0004,2026-02-26T18:23:35,synthetic_user_12911,True,synthetic://forums/syn-for-0004,Tips for locating the photo of the bill I took sometime last summer?,Apps & software,[],"{""views"": 6046, ""replies"": 30}",toms_guide_forum,"On my iPhone. Looking for the photo of the bill I took sometime last summer. I need it because a friend still hasn't paid me back and disputes the amount. Timing wise it was sometime last summer. I remember it showed the total and the GST number. I can picture a long crumpled receipt. For context, we were splitting it between six people. I don't remember the exact words on it. Tried ""bill"" and got no results. Tried ""restaurant bill split between friends"" and got a bunch of pictures that had nothing to do with it. I just didn't know how to describe it in a way search would get. Eventually I searched my WhatsApp chats instead. Still haven't found it. Any tips?",forums:syn-for-0004
forums,syn-for-0005,2026-06-16T23:19:25,synthetic_user_72937,True,synthetic://forums/syn-for-0005,Google Photos search is failing me,Apps & software,[],"{""views"": 7254, ""replies"": 18}",toms_guide_forum,"On Android. I've been looking for a picture of the site inspection issue for days. I need it now because the client is disputing the report. I remember I took it for the report and never sent it. It was taken at the client's warehouse. Timing wise it was a few months back. I can picture a rusty pipe with a yellow tag. No idea what the thing is actually called. Not sure which month or year, honestly. Searched for ""warehouse"" and got a bunch of pictures that had nothing to do with it. I searched ""pipe"" and got a bunch of pictures that had nothing to do with it. It doesn't understand what I'm describing at all. In the end I texted my friend to send it again. I went through the map view hoping to spot it. Never found it. Any tips?",forums:syn-for-0005
forums,syn-for-0006,2026-06-21T09:33:38,synthetic_user_25017,True,synthetic://forums/syn-for-0006,Finding a specific old photo in Google Photos,Apps & software,[],"{""views"": 14605, ""replies"": 34}",toms_guide_forum,"I've got about 90k photos and videos. Looking for a photo of the rental agreement. I need it now because the landlord is refusing to return the deposit. The photo shows the rental agreement. I remember stamp paper with a purple stamp. I don't remember when exactly. Searched for ""agreement"" and got a bunch of pictures that had nothing to do with it. I searched ""agreement 2021"" and nothing came up. I know exactly what it looks like but can't put it into search words. I checked my Gmail in case I had sent it to someone. I scrolled for like 40 minutes. I gave up on finding it. How do you all deal with this?",forums:syn-for-0006
forums,syn-for-0007,2025-04-24T11:58:38,synthetic_user_98917,True,synthetic://forums/syn-for-0007,Search vs scrolling for old memories,Apps & software,[],"{""views"": 13324, ""replies"": 25}",toms_guide_forum,"Does anyone know how to find a shot of the fireworks at the new year party? I need it now because I wanted to post a throwback. It's from the new year party at the club. It was one of the new years, 2019 or 2020. I can't remember the date at all. Tried ""green fireworks over pool"" and got no results. Tried ""fireworks"" and nothing came up. I searched ""31 december"" and got no results. The photo is definitely in my library but search never shows it. I jumped to roughly that year with the scrollbar and went month by month. I went through the face group for that person too. I found a similar one but not the exact photo I wanted.",forums:syn-for-0007
forums,syn-for-0008,2025-10-18T13:55:03,synthetic_user_97377,True,synthetic://forums/syn-for-0008,Google Photos search is failing me,Apps & software,[],"{""views"": 6023, ""replies"": 35}",android_central_forums,"On my Pixel. Looking for the photo of the bill I took sometime last summer. I need it now because a friend still hasn't paid me back and disputes the amount. I remember it showed the total and the GST number. The photo shows a restaurant bill. It was sometime last summer. I have no idea what year it was. Tried ""june bill"" but it just showed random photos. Tried ""bill"" but it just showed random photos. I just didn't know how to describe it in a way search would get. Eventually I searched my WhatsApp chats instead. Never found it. Is there a better way to search for stuff like this?",forums:syn-for-0008
forums,syn-for-0009,2025-11-13T16:44:20,synthetic_user_55238,True,synthetic://forums/syn-for-0009,Google Photos search is failing me,Apps & software,[],"{""views"": 408, ""replies"": 13}",android_central_forums,"Looking for the video of my dog meeting the new puppy. I need it because our old dog passed away last week. I remember our old dog being in it. I remember the puppy running circles around him. I don't remember when exactly. I typed ""2020 video"" in search and got a bunch of pictures that had nothing to do with it. How do you even search for something like that? In the end I texted my friend to send it again. Finally found it after three days. How do you all deal with this?",forums:syn-for-0009
forums,syn-for-0010,2023-06-03T16:19:38,synthetic_user_39631,True,synthetic://forums/syn-for-0010,Search vs scrolling for old memories,Apps & software,[],"{""views"": 8491, ""replies"": 25}",xda_forums,Pro tip: Name the face groups. Searching a person's name works way better than describing them.,forums:syn-for-0010
forums,syn-for-0011,2026-01-03T12:44:40,synthetic_user_11112,True,synthetic://forums/syn-for-0011,Finding a specific old photo in Google Photos,Apps & software,[],"{""views"": 8223, ""replies"": 5}",macrumors_forums,Pro tip: Check whether the photo was ever backed up. If it was from an old phone it might never have been uploaded.,forums:syn-for-0011
forums,syn-for-0012,2024-04-30T12:33:49,synthetic_user_27563,True,synthetic://forums/syn-for-0012,Google Photos search is failing me,Apps & software,[],"{""views"": 10331, ""replies"": 14}",macrumors_forums,"Pro tip: Use the date jump on the scrollbar, drag to the year and go month by month.",forums:syn-for-0012
forums,syn-for-0013,2024-03-08T07:45:28,synthetic_user_6380,True,synthetic://forums/syn-for-0013,Finding a specific old photo in Google Photos,Apps & software,[],"{""views"": 12923, ""replies"": 29}",macrumors_forums,"I'm trying to find the photo of the warranty card for the washing machine. I need it because the machine broke and service wants the warranty. Timing wise it was when we bought it, 2 years ago maybe. All I remember visually is a small card taped to the invoice. I don't remember when exactly. I can't recall what it said exactly. I typed ""warranty"" in search and got a bunch of pictures that had nothing to do with it. Searched for ""warranty 2024"" and got no results. Tried ""washing machine warranty card"" and got a bunch of pictures that had nothing to do with it. I didn't know what else to try. I checked my Gmail in case I had sent it to someone. I kept retyping different searches. I gave up on finding it. Is there a better way to search for stuff like this?",forums:syn-for-0013
forums,syn-for-0014,2023-09-10T23:48:33,synthetic_user_67074,True,synthetic://forums/syn-for-0014,Search vs scrolling for old memories,Apps & software,[],"{""views"": 18451, ""replies"": 12}",xda_forums,"I moved all my old phone photos in years ago. Does anyone know how to find the photo of the shoes I tried on in the store? I need it because I want to order them online. Timing wise it was around Diwali sales. It was taken at a mall. I don't remember the name of the place. I don't know what it's called. I searched ""shoes"" and got no results. Tried ""grey running shoes with green sole"" and nothing came up. Text inside screenshots doesn't seem to be searchable. I scrolled for like 40 minutes. I even googled how to search Google Photos better. Never found it. Any tips?",forums:syn-for-0014
forums,syn-for-0015,2025-09-21T04:09:04,synthetic_user_25674,True,synthetic://forums/syn-for-0015,Search vs scrolling for old memories,Apps & software,[],"{""views"": 19971, ""replies"": 27}",xda_forums,Two things. Uploading in original quality eats my data plan.,forums:syn-for-0015
forums,syn-for-0016,2023-01-27T08:13:37,synthetic_user_36050,True,synthetic://forums/syn-for-0016,Google Photos search is failing me,Apps & software,[],"{""views"": 16172, ""replies"": 31}",android_central_forums,"I'm trying to find the family photo from Diwali where everyone is wearing white. I need it because my aunt asked me to send it. I remember the whole extended family being in it. It was for Diwali. It was taken at my aunt's house. I remember everyone in white kurtas with diyas in front. I can't remember the date at all. I typed ""diwali 2018"" in search and got no results. Tried ""family in white clothes with diyas"" and got no results. I typed ""diwali"" in search and nothing came up. The photo is definitely in my library but search never shows it. Ended up scrolling back through years of photos. I jumped to roughly that year with the scrollbar and went month by month. Got it eventually, after three days. Any tips?",forums:syn-for-0016
forums,syn-for-0017,2026-04-23T10:55:46,synthetic_user_84555,True,synthetic://forums/syn-for-0017,Search vs scrolling for old memories,Apps & software,[],"{""views"": 3882, ""replies"": 17}",android_central_forums,"Honestly search is amazing. I typed ""college marksheet with blue border"" and it found the picture of my college marksheet in seconds.",forums:syn-for-0017
forums,syn-for-0018,2025-08-03T09:36:52,synthetic_user_71144,True,synthetic://forums/syn-for-0018,Google Photos search is failing me,Apps & software,[],"{""views"": 482, ""replies"": 25}",android_central_forums,"I'm trying to find a picture of the sofa fabric sample. I need it now because we're finally ordering the sofa. Timing wise it was when we were redoing the living room. I can picture a mustard-coloured textured fabric. It was taken at the furniture shop. No idea what the thing is actually called. I don't remember when exactly. I searched ""fabric"" and got no results. I searched ""furniture shop"" and nothing came up. I typed ""mustard fabric sample"" in search and nothing came up. Text inside screenshots doesn't seem to be searchable. I tried the screenshots category filter as well. Tried synonyms like ""cloth"" too. Never found it.",forums:syn-for-0018
forums,syn-for-0019,2024-06-21T22:46:41,synthetic_user_60232,True,synthetic://forums/syn-for-0019,Google Photos search is failing me,Apps & software,[],"{""views"": 15903, ""replies"": 34}",macrumors_forums,"Looking for the class photo from school farewell. I need it because our class WhatsApp group is collecting old photos. It was a photo of a printed photo my classmate sent. All I remember visually is everyone in sarees and suits on the school steps. I remember my whole class being in it. I don't remember when exactly. The photo probably has no proper date on it. Searched for ""2010"" and got thousands of results to scroll through. Tried ""farewell"" and it gave me hundreds of photos. I searched ""class photo on school steps sarees suits"" and got thousands of results to scroll through. All the results look the same as tiny thumbnails. I kept retyping different searches. I jumped to roughly that year with the scrollbar and went month by month. I gave up on finding it. How do you all deal with this?",forums:syn-for-0019
forums,syn-for-0020,2024-09-20T10:05:47,synthetic_user_46794,True,synthetic://forums/syn-for-0020,Tips for locating an old photo?,Apps & software,[],"{""views"": 6412, ""replies"": 23}",android_central_forums,"Couldn't find the photo of the menu at the street food stall anywhere, then realised it was on my old phone and never got backed up.",forums:syn-for-0020
forums,syn-for-0021,2025-09-04T07:34:30,synthetic_user_79760,True,synthetic://forums/syn-for-0021,Finding a specific old photo in Google Photos,Apps & software,[],"{""views"": 3007, ""replies"": 35}",android_central_forums,"Does anyone know how to find the group photo from the night we all stayed up on the terrace? It was final year of college, so around 2016. I can picture fairy lights and everyone squinting because of the flash. I never knew his name. Tried ""2016 night"" but it just showed random photos. I just didn't know how to describe it in a way search would get. I asked my sister if she still had it. I went through the face group for that person too. Still haven't found it. Any tips?",forums:syn-for-0021
forums,syn-for-0022,2024-01-04T18:59:08,synthetic_user_67033,True,synthetic://forums/syn-for-0022,Google Photos search is failing me,Apps & software,[],"{""views"": 10801, ""replies"": 36}",toms_guide_forum,"Search should work the way I remember things, like 'handwritten street food menu board', not just single words.",forums:syn-for-0022
forums,syn-for-0023,2023-05-27T13:52:20,synthetic_user_71887,True,synthetic://forums/syn-for-0023,Tips for locating the photo of my car's insurance papers?,Apps & software,[],"{""views"": 4262, ""replies"": 39}",macrumors_forums,"Looking for the photo of my car's insurance papers. I remember a folded paper on the dashboard. For context, I took it in the car when the traffic police stopped me once. Timing wise it was last year sometime. I don't remember when exactly. Searched for ""insurance"" and nothing came up. Searched for ""insurance"" and got no results. I just didn't know how to describe it in a way search would get. Eventually I searched my WhatsApp chats instead. I gave up on finding it. Any tips?",forums:syn-for-0023
forums,syn-for-0024,2023-10-24T07:11:08,synthetic_user_26436,True,synthetic://forums/syn-for-0024,Finding a specific old photo in Google Photos,Apps & software,[],"{""views"": 7989, ""replies"": 7}",android_central_forums,"Something that helps: Tip: if location history was on, try the map view and zoom into the area instead of searching the name.",forums:syn-for-0024
forums,syn-for-0025,2024-07-02T10:23:43,synthetic_user_25578,True,synthetic://forums/syn-for-0025,Search vs scrolling for old memories,Apps & software,[],"{""views"": 16485, ""replies"": 20}",macrumors_forums,Two things. App keeps crashing when I open a large video.,forums:syn-for-0025
forums,syn-for-0026,2023-05-25T05:02:45,synthetic_user_5886,True,synthetic://forums/syn-for-0026,Finding a specific old photo in Google Photos,Apps & software,[],"{""views"": 15822, ""replies"": 13}",android_central_forums,"I've been looking for the photo with the bride and my grandmother for days. I need it now because grandma wants a print. It had my grandmother and my sister-in-law in it. Timing wise it was reception night. Not sure which month or year, honestly. I don't remember which album it went into. Searched for ""old lady in green saree with bride on stage"" and got thousands of results to scroll through. All the results look the same as tiny thumbnails. I asked my sister if she still had it. Found one that might be it, but I'm not sure it's the same one.",forums:syn-for-0026
forums,syn-for-0027,2023-12-08T03:00:06,synthetic_user_88949,True,synthetic://forums/syn-for-0027,Google Photos search is failing me,Apps & software,[],"{""views"": 2494, ""replies"": 38}",macrumors_forums,"Looking for the old scanned photo of my grandparents' wedding. I need it because we're printing a family tree. It was a scan my uncle sent me. All I remember visually is black and white, grandma in a big necklace. I don't remember when exactly. I typed ""black and white wedding photo grandparents"" in search and it gave me hundreds of photos. I searched ""old photo"" and it gave me hundreds of photos. All the results look the same as tiny thumbnails. I went through the face group for that person too. I jumped to roughly that year with the scrollbar and went month by month. Never found it. Is there a better way to search for stuff like this?",forums:syn-for-0027
forums,syn-for-0028,2026-07-16T09:11:59,synthetic_user_59216,True,synthetic://forums/syn-for-0028,Search vs scrolling for old memories,Apps & software,[],"{""views"": 10116, ""replies"": 23}",toms_guide_forum,"Pro tip: You can search text inside photos sometimes, but it only works if the words are clear in the image.",forums:syn-for-0028
forums,syn-for-0029,2023-03-22T14:30:35,synthetic_user_7399,True,synthetic://forums/syn-for-0029,Tips for locating an old photo?,Apps & software,[],"{""views"": 15471, ""replies"": 19}",macrumors_forums,It's frustrating that I have to guess what word the app uses for something.,forums:syn-for-0029
forums,syn-for-0030,2025-07-15T09:10:00,synthetic_user_14603,True,synthetic://forums/syn-for-0030,Tips for locating the selfie from the concert?,Apps & software,[],"{""views"": 1519, ""replies"": 15}",toms_guide_forum,"I've been looking for the selfie from the concert for days. I need it because it's her birthday and I want to post it. It was not sure if it was the first or second day. All I remember visually is confetti in the air behind us. I remember my best friend being in it. Not sure which month or year, honestly. Tried ""coldplay"" and nothing came up. I searched ""concert"" and nothing came up. I didn't know what else to try. I jumped to roughly that year with the scrollbar and went month by month. I went through the face group for that person too. Got it eventually, after half an hour of scrolling.",forums:syn-for-0030
forums,syn-for-0031,2024-01-01T13:37:32,synthetic_user_12722,True,synthetic://forums/syn-for-0031,Tips for locating the picture of the medicine I took when I was sick last year?,Apps & software,[],"{""views"": 10012, ""replies"": 31}",xda_forums,"I'm trying to find the picture of the medicine I took when I was sick last year. I remember the doctor prescribed it when I had that bad fever. It's a picture of a strip of tablets. Timing wise it was last year, maybe during the rainy season. No idea what the thing is actually called. I have no idea what year it was. I searched ""medicine"" and got a bunch of pictures that had nothing to do with it. I typed ""medicine strip orange tablets"" in search and got a bunch of pictures that had nothing to do with it. I ran out of ideas pretty quickly. I scrolled for like 40 minutes. Never found it. Is there a better way to search for stuff like this?",forums:syn-for-0031
forums,syn-for-0032,2024-09-22T05:15:26,synthetic_user_22906,True,synthetic://forums/syn-for-0032,Finding a specific old photo in Google Photos,Apps & software,[],"{""views"": 15008, ""replies"": 10}",macrumors_forums,"Looking for the picture of the houseboat we stayed on. I need it because I wanted to print it for my parents' anniversary. It's from our family trip to Kerala. I remember my parents being in it. Timing wise it was a few years ago, before covid I think. I know it was somewhere in the Kerala backwaters. I have no idea what year it was. I typed ""dad standing on a boat with a wooden roof"" in search and got a bunch of pictures that had nothing to do with it. Searched for ""houseboat"" and got a bunch of pictures that had nothing to do with it. I didn't know what else to try. I jumped to roughly that year with the scrollbar and went month by month. I gave up on finding it. Is there a better way to search for stuff like this?",forums:syn-for-0032
forums,syn-for-0033,2025-01-06T21:39:36,synthetic_user_12035,True,synthetic://forums/syn-for-0033,Search vs scrolling for old memories,Apps & software,[],"{""views"": 17562, ""replies"": 15}",toms_guide_forum,"Does anyone know how to find the picture of my college marksheet? I can picture a certificate with a blue border. I remember it showed my semester grades. For context, I sent it to some HR at some point. I don't remember when exactly. Searched for ""2020 certificate"" and got no results. Tried ""marksheet"" but it just showed random photos. How do you even search for something like that? I kept retyping different searches. Tried synonyms like ""certificate"" too. Got it eventually, after way too long. Any tips?",forums:syn-for-0033
forums,syn-for-0034,2026-06-08T06:22:54,synthetic_user_92634,True,synthetic://forums/syn-for-0034,Tips for locating an old photo?,Apps & software,[],"{""views"": 16438, ""replies"": 4}",toms_guide_forum,"Didn't remember anything except baby video, searched for that and it showed up. Impressed.",forums:syn-for-0034
forums,syn-for-0035,2025-12-08T12:25:19,synthetic_user_43242,True,synthetic://forums/syn-for-0035,Search vs scrolling for old memories,Apps & software,[],"{""views"": 11628, ""replies"": 34}",toms_guide_forum,"Looking for the photo from our college fest. I need it now because 10 year reunion is coming up. It was at the college cultural fest. I remember the photos were from an old phone that I backed up later. I can't recall the name of the event. I searched ""students in black t shirts in front of banner"" and it popped up near the top. I jumped to roughly that year with the scrollbar and went month by month. I scrolled for like 40 minutes. Finally found it after two evenings.",forums:syn-for-0035
forums,syn-for-0036,2026-07-21T09:37:27,synthetic_user_87894,True,synthetic://forums/syn-for-0036,Tips for locating the photo of my car's insurance papers?,Apps & software,[],"{""views"": 917, ""replies"": 27}",toms_guide_forum,"I've been looking for the photo of my car's insurance papers for days. I remember it showed the policy number. All I remember visually is a folded paper on the dashboard. It was last year sometime. Not sure which month or year, honestly. I can't recall what it said exactly. I typed ""insurance"" in search and got no results. The text in the photo doesn't seem to be searchable. Tried synonyms like ""policy"" too. I found a similar one but not the exact photo I wanted. Any tips?",forums:syn-for-0036
forums,syn-for-0037,2024-01-03T20:59:49,synthetic_user_76787,True,synthetic://forums/syn-for-0037,Search vs scrolling for old memories,Apps & software,[],"{""views"": 15430, ""replies"": 23}",toms_guide_forum,Found the photo of the menu at the street food stall by searching the person's face and then scrolling a bit. Took two minutes.,forums:syn-for-0037
forums,syn-for-0038,2024-06-16T22:22:38,synthetic_user_19706,True,synthetic://forums/syn-for-0038,Finding a specific old photo in Google Photos,Apps & software,[],"{""views"": 14625, ""replies"": 37}",toms_guide_forum,"I've been looking for the candid of my cousin laughing during the haldi for days. Timing wise it was the morning before the wedding, 2023. I remember my cousin being in it. I remember someone had just thrown haldi on her. It's from my cousin's haldi. I can't remember the date at all. I typed ""girl laughing covered in yellow with marigolds"" in search and nothing came up. Searched for ""haldi"" and nothing came up. I searched ""2023 wedding"" and nothing came up. It just doesn't show up in search even though I know it's there. I scrolled for like 40 minutes. Never found it.",forums:syn-for-0038
forums,syn-for-0039,2023-02-11T23:19:27,synthetic_user_32901,True,synthetic://forums/syn-for-0039,Finding a specific old photo in Google Photos,Apps & software,[],"{""views"": 18166, ""replies"": 34}",toms_guide_forum,"I'm trying to find that photo where I was wearing the blue shirt. I need it now because I need a profile photo for a new job. I can picture me in a light blue linen shirt against a white wall. It was taken at a friend's place, I think. I don't remember when exactly. I don't remember the name of the place. Searched for ""blue shirt"" and it gave me hundreds of photos. I searched ""me wearing blue shirt white wall"" and it gave me hundreds of photos. I searched ""summer"" and got thousands of results to scroll through. I have hundreds of similar shots and can't tell which one it was. I scrolled for like 40 minutes. Found one that might be it, but I'm not sure it's the same one. Any tips?",forums:syn-for-0039
forums,syn-for-0040,2023-06-03T13:16:12,synthetic_user_88120,True,synthetic://forums/syn-for-0040,Finding a specific old photo in Google Photos,Apps & software,[],"{""views"": 2770, ""replies"": 32}",android_central_forums,"My library is around 35k photos. I'm trying to find the photo of my car's insurance papers. I need it now because I had an accident and need the policy number. All I remember visually is a folded paper on the dashboard. It was last year sometime. I have no idea what year it was. I don't remember the exact words on it. Searched for ""insurance"" and got no results. The text in the photo doesn't seem to be searchable. I kept retyping different searches. Found one that might be it, but I'm not sure it's the same one. Any tips?",forums:syn-for-0040
forums,syn-for-0041,2023-10-19T13:43:37,synthetic_user_70280,True,synthetic://forums/syn-for-0041,Search vs scrolling for old memories,Apps & software,[],"{""views"": 3089, ""replies"": 18}",android_central_forums,"Minor gripe: Love the collage feature, made a nice one for my mom. Cancelled my subscription, moving everything to an external drive.",forums:syn-for-0041
forums,syn-for-0042,2025-07-25T21:33:41,synthetic_user_79116,True,synthetic://forums/syn-for-0042,Tips for locating the photo of my car's insurance papers?,Apps & software,[],"{""views"": 11134, ""replies"": 5}",android_central_forums,"Looking for the photo of my car's insurance papers. I need it because I had an accident and need the policy number. I can picture a folded paper on the dashboard. It's a picture of the insurance papers. For context, I took it in the car when the traffic police stopped me once. It had the policy number on it. I can't remember the date at all. I can't recall what it said exactly. I typed ""insurance"" in search and got no results. I didn't know what else to try. Ended up scrolling back through years of photos. I kept retyping different searches. Never found it. How do you all deal with this?",forums:syn-for-0042
forums,syn-for-0043,2025-01-05T15:30:02,synthetic_user_92593,True,synthetic://forums/syn-for-0043,Search vs scrolling for old memories,Apps & software,[],"{""views"": 7943, ""replies"": 0}",macrumors_forums,"I moved all my old phone photos in years ago. Does anyone know how to find the photo of a plant I saw at a nursery? I need it because I want to buy it now that I have a balcony. All I remember visually is purple and green striped leaves in a hanging pot. I know it was at a nursery near my office. It was last spring. I don't know what it's called. I can't recall where exactly it was. Tried ""nursery"" but it just showed random photos. Tried ""plant"" and got no results. Searched for ""plant with purple striped leaves"" and got no results. After that I had no idea what else to try. Ended up scrolling back through years of photos. Tried synonyms like ""leaves"" too. Got it eventually, after about an hour. How do you all deal with this?",forums:syn-for-0043
forums,syn-for-0044,2025-07-01T12:03:51,synthetic_user_63773,True,synthetic://forums/syn-for-0044,Search vs scrolling for old memories,Apps & software,[],"{""views"": 16000, ""replies"": 27}",toms_guide_forum,"Looking for the picture of the pharmacy receipt. I need it now because the insurance claim deadline is this week. I can picture thermal paper that was already fading. It was around when I was sick last year. It had the medicine names and total on it. I can't remember the date at all. I can't recall what it said exactly. I searched ""pharmacy"" but it just showed random photos. I ran out of ideas pretty quickly. I checked my Gmail in case I had sent it to someone. Found one that might be it, but I'm not sure it's the same one. Am I doing something wrong?",forums:syn-for-0044
forums,syn-for-0045,2023-06-24T10:24:46,synthetic_user_90221,True,synthetic://forums/syn-for-0045,Finding a specific old photo in Google Photos,Apps & software,[],"{""views"": 2846, ""replies"": 19}",toms_guide_forum,"I'm trying to find the picture of the pharmacy receipt. I need it because the insurance claim deadline is this week. It's a picture of a pharmacy bill. It was around when I was sick last year. I remember it showed the medicine names and total. I can't recall what it said exactly. Not sure which month or year, honestly. I typed ""pharmacy medicine bill"" in search and nothing came up. It just doesn't show up in search even though I know it's there. I kept retyping different searches. Never found it.",forums:syn-for-0045
forums,syn-for-0046,2023-08-20T07:53:44,synthetic_user_49610,True,synthetic://forums/syn-for-0046,Google Photos search is failing me,Apps & software,[],"{""views"": 10268, ""replies"": 34}",toms_guide_forum,"Thought search was broken but the group photo from the night we all stayed up on the terrace was in my partner's library, not mine.",forums:syn-for-0046
forums,syn-for-0047,2023-04-20T23:44:21,synthetic_user_89012,True,synthetic://forums/syn-for-0047,Finding a specific old photo in Google Photos,Apps & software,[],"{""views"": 12876, ""replies"": 29}",macrumors_forums,"Honestly search is amazing. I typed ""blood test report hospital"" and it found the photo of my dad's blood test report in seconds.",forums:syn-for-0047
forums,syn-for-0048,2023-10-30T02:29:21,synthetic_user_53687,True,synthetic://forums/syn-for-0048,Google Photos search is failing me,Apps & software,[],"{""views"": 8207, ""replies"": 33}",android_central_forums,"I'm trying to find the photo of my son's vaccination card. I need it now because school admission needs it. It's a picture of the vaccination card. I remember a pink card with stamps. Timing wise it was when he was a baby. I remember it showed the dates of the last booster. I can't recall what it said exactly. Tried ""vaccination"" and got no results. Searched for ""vaccine"" and nothing came up. The photo is definitely in my library but search never shows it. I kept retyping different searches. I checked my Gmail in case I had sent it to someone. Never found it.",forums:syn-for-0048
forums,syn-for-0049,2024-10-06T22:19:39,synthetic_user_70819,True,synthetic://forums/syn-for-0049,Google Photos search is failing me,Apps & software,[],"{""views"": 8255, ""replies"": 23}",macrumors_forums,"I take a ridiculous number of screenshots. I'm trying to find the screenshot of a chat where my landlord agreed to the repair. Timing wise it was sometime last spring. I remember it showed him saying he would pay for it. I don't remember the exact words on it. Tried ""chat screenshot"" and got thousands of results to scroll through. I typed ""screenshot of chat with landlord about repair"" in search and it gave me hundreds of photos. I searched ""whatsapp"" and it gave me hundreds of photos. There are so many almost identical shots from that day that I can't tell which one it is. I tried the screenshots category filter as well. Finally found it after about an hour. Am I doing something wrong?",forums:syn-for-0049
forums,syn-for-0050,2025-03-11T14:25:39,synthetic_user_59584,True,synthetic://forums/syn-for-0050,Finding a specific old photo in Google Photos,Apps & software,[],"{""views"": 10002, ""replies"": 36}",android_central_forums,"I'm trying to find the photo of the prescription for my mother's eye drops. I need it because the pharmacy needs the name. The photo shows a prescription. I remember the doctor's handwriting was unreadable. It was sometime after her cataract surgery. I remember it showed the name of the eye drops. I don't remember the exact words on it. I don't know what it's called. Searched for ""eye clinic"" and got a bunch of pictures that had nothing to do with it. Searched for ""doctor prescription eye drops"" and got no results. I searched ""prescription"" and got no results. I ran out of ideas pretty quickly. I scrolled for like 40 minutes. Found one that might be it, but I'm not sure it's the same one.",forums:syn-for-0050
forums,syn-for-0051,2025-08-11T05:52:35,synthetic_user_23831,True,synthetic://forums/syn-for-0051,Search vs scrolling for old memories,Apps & software,[],"{""views"": 7032, ""replies"": 11}",toms_guide_forum,"My wife and I share a partner library. I'm trying to find the screenshot where I had the information about that course. I need it because the application deadline might be close. It had the course fees and the deadline on it. I remember a blue banner with a university logo. I don't remember the exact words on it. I searched ""course"" and got no results. I searched ""screenshot linkedin"" and got no results. Tried ""screenshot of course details with fees"" and got no results. It just doesn't show up in search even though I know it's there. I scrolled for like 40 minutes. Eventually I searched my WhatsApp chats instead. I gave up on finding it.",forums:syn-for-0051
forums,syn-for-0052,2024-07-24T04:25:55,synthetic_user_18078,True,synthetic://forums/syn-for-0052,Google Photos search is failing me,Apps & software,[],"{""views"": 17065, ""replies"": 39}",android_central_forums,Something that helps: Name the face groups. Searching a person's name works way better than describing them.,forums:syn-for-0052
forums,syn-for-0053,2024-01-11T15:56:31,synthetic_user_47911,True,synthetic://forums/syn-for-0053,Finding a specific old photo in Google Photos,Apps & software,[],"{""views"": 8249, ""replies"": 20}",toms_guide_forum,"On the web version on my laptop. Looking for the video of my dog meeting the new puppy. I need it because our old dog passed away last week. It was right after we adopted the puppy, 2020. I remember the puppy running circles around him. I remember our old dog being in it. We were in our backyard when I took it. I can't remember the date at all. I typed ""video of old dog meeting new puppy"" in search and nothing came up. I searched ""2020 video"" and nothing came up. Screen recordings don't seem to be indexed at all. In the end I texted my friend to send it again. Gave up for the day and tried again the next week. Never found it.",forums:syn-for-0053
forums,syn-for-0054,2023-01-23T09:28:02,synthetic_user_28942,True,synthetic://forums/syn-for-0054,Tips for locating the photo of the parking spot sign?,Apps & software,[],"{""views"": 5257, ""replies"": 10}",xda_forums,"I'm trying to find the photo of the parking spot sign. I need it now because I got a parking fine and need to prove where I was. It had the level and bay number on it. For context, I took it so I'd remember where I parked. I can't recall where exactly it was. I typed ""parking"" in search and got no results. Tried ""parking pillar sign"" and nothing came up. Searched for ""parking"" and got no results. It just doesn't show up in search even though I know it's there. I asked my sister if she still had it. Got it eventually, after two evenings.",forums:syn-for-0054
forums,syn-for-0055,2023-05-24T00:59:31,synthetic_user_99818,True,synthetic://forums/syn-for-0055,Google Photos search is failing me,Apps & software,[],"{""views"": 3266, ""replies"": 27}",macrumors_forums,"Half my library is screenshots. Does anyone know how to find the photo of the street where we got lost? I need it now because we want to frame it. It had my husband in it. Timing wise it was on the third or fourth day of the trip. It was taken in some old town in Portugal. I can't recall where exactly it was. I don't even remember what the event was called. I typed ""narrow street with yellow tiles and tram"" in search but it just showed random photos. I typed ""lisbon"" in search but it just showed random photos. It took ""street"" literally and ignored everything else. I asked my sister if she still had it. Got it eventually, after two evenings. Any tips?",forums:syn-for-0055
forums,syn-for-0056,2023-08-25T07:23:59,synthetic_user_14469,True,synthetic://forums/syn-for-0056,Google Photos search is failing me,Apps & software,[],"{""views"": 5339, ""replies"": 36}",android_central_forums,"Was sure I'd never find the photo of a plant I saw at a nursery, but searching ""plant"" plus the year got it on the first try.",forums:syn-for-0056
forums,syn-for-0057,2023-10-22T04:03:52,synthetic_user_36780,True,synthetic://forums/syn-for-0057,Tips for locating a photo of the bookshelf I wanted to build?,Apps & software,[],"{""views"": 15748, ""replies"": 30}",toms_guide_forum,"I moved all my old phone photos in years ago. I've been looking for a photo of the bookshelf I wanted to build for days. I need it now because the carpenter is coming tomorrow. It had my friend in it. It was sometime last year. The photo shows a wall shelf. I remember I saw it at a friend's house. No idea what the thing is actually called. I searched ""shelf"" and nothing came up. I typed ""hexagon wooden wall shelf"" in search and got a bunch of pictures that had nothing to do with it. I searched ""shelf"" and nothing came up. I ran out of ideas pretty quickly. I kept retyping different searches. I went through the map view hoping to spot it. Never found it.",forums:syn-for-0057
forums,syn-for-0058,2023-08-29T11:58:49,synthetic_user_74140,True,synthetic://forums/syn-for-0058,Tips for locating an old photo?,Apps & software,[],"{""views"": 19494, ""replies"": 28}",android_central_forums,"The search is fine if you know exactly what you want, but not when you only half remember it.",forums:syn-for-0058
forums,syn-for-0059,2024-11-22T09:27:15,synthetic_user_92330,True,synthetic://forums/syn-for-0059,Tips for locating a photo of the biryani my grandmother made?,Apps & software,[],"{""views"": 11016, ""replies"": 1}",android_central_forums,"Does anyone know how to find a photo of the biryani my grandmother made? I need it now because she passed away and I really want that picture. Honestly it means a lot to me. It had my grandmother in it. It was for Eid. I have no idea what year it was. I searched ""grandma serving biryani from a copper pot"" but it just showed random photos. I searched ""biryani"" but it just showed random photos. It seems like search ignores half of what I type and only matches one word. Ended up scrolling back through years of photos. I jumped to roughly that year with the scrollbar and went month by month. Finally found it after three days. Any tips?",forums:syn-for-0059
forums,syn-for-0060,2026-04-25T05:36:20,synthetic_user_59274,True,synthetic://forums/syn-for-0060,Search vs scrolling for old memories,Apps & software,[],"{""views"": 17102, ""replies"": 22}",xda_forums,"There are something like 45,000 pictures in my account. Looking for the photo of the dessert we ordered at that restaurant. It was taken at some rooftop place in Bangalore. It was at my sister's birthday dinner. No clue what the place was called. I can't recall the name of the event. I searched ""dessert"" and got a bunch of pictures that had nothing to do with it. I searched ""bangalore october"" and got a bunch of pictures that had nothing to do with it. Searched for ""chocolate dessert with gold on top"" and got a bunch of pictures that had nothing to do with it. It doesn't understand what I'm describing at all. Ended up scrolling back through years of photos. I kept retyping different searches. Never found it. Is there a better way to search for stuff like this?",forums:syn-for-0060
forums,syn-for-0061,2025-12-06T06:00:09,synthetic_user_81958,True,synthetic://forums/syn-for-0061,Google Photos search is failing me,Apps & software,[],"{""views"": 10232, ""replies"": 26}",toms_guide_forum,"Does anyone know how to find the photo of the electrician's handwritten estimate? I need it now because he's charging way more now. It was a few months ago. I remember it showed the amount for rewiring. I can picture blue pen on lined paper. I have no idea what year it was. I searched ""handwritten estimate on notebook paper"" but it just showed random photos. I ran out of ideas pretty quickly. I kept retyping different searches. Eventually I searched my WhatsApp chats instead. I gave up on finding it. Am I doing something wrong?",forums:syn-for-0061
forums,syn-for-0062,2024-10-06T06:58:24,synthetic_user_90575,True,synthetic://forums/syn-for-0062,Search vs scrolling for old memories,Apps & software,[],"{""views"": 2347, ""replies"": 9}",xda_forums,"I've been looking for that photo where I was wearing the blue shirt for days. I need it now because I need a profile photo for a new job. Timing wise it was maybe two summers ago. I remember me in a light blue linen shirt against a white wall. Not sure which month or year, honestly. Searched for ""me wearing blue shirt white wall"" and got a bunch of pictures that had nothing to do with it. I searched ""summer"" and got no results. How do you even search for something like that? I jumped to roughly that year with the scrollbar and went month by month. Finally found it after about an hour. Is there a better way to search for stuff like this?",forums:syn-for-0062
forums,syn-for-0063,2023-03-29T17:20:31,synthetic_user_84828,True,synthetic://forums/syn-for-0063,Google Photos search is failing me,Apps & software,[],"{""views"": 7130, ""replies"": 15}",xda_forums,"Looking for the photo of the view from the train window. I need it now because I was telling someone about the trip and wanted to show them. It was in 2018 or 2019, can't pin it down. I remember nobody, it was just me being in it. I know it was on the train somewhere between two cities. All I remember visually is green hills and a reflection of my face in the glass. I can't recall where exactly it was. I have no idea what year it was. I searched ""train"" and it gave me hundreds of photos. I searched ""train 2018"" and it gave me hundreds of photos. All the results look the same as tiny thumbnails. I asked my sister if she still had it. Eventually I just gave up. Any tips?",forums:syn-for-0063
forums,syn-for-0064,2026-02-02T14:31:57,synthetic_user_94283,True,synthetic://forums/syn-for-0064,Tips for locating an old photo?,Apps & software,[],"{""views"": 4071, ""replies"": 10}",toms_guide_forum,"Pro tip: Tip: if location history was on, try the map view and zoom into the area instead of searching the name.",forums:syn-for-0064
forums,syn-for-0065,2025-09-02T21:37:53,synthetic_user_4217,True,synthetic://forums/syn-for-0065,Finding a specific old photo in Google Photos,Apps & software,[],"{""views"": 15545, ""replies"": 34}",macrumors_forums,"I'm trying to find the photo of the view from the train window. I need it because I was telling someone about the trip and wanted to show them. It had nobody, it was just me in it. We were on the train somewhere between two cities when I took it. No clue what the place was called. I can't remember the date at all. I searched ""train 2018"" but it just showed random photos. After that I had no idea what else to try. I went through the map view hoping to spot it. I gave up on finding it. How do you all deal with this?",forums:syn-for-0065
forums,syn-for-0066,2023-05-11T15:32:48,synthetic_user_35108,True,synthetic://forums/syn-for-0066,Search vs scrolling for old memories,Apps & software,[],"{""views"": 3768, ""replies"": 19}",android_central_forums,"Search should work the way I remember things, like 'video of band with violin red lights pub', not just single words.",forums:syn-for-0066
forums,syn-for-0067,2023-10-14T01:27:44,synthetic_user_92026,True,synthetic://forums/syn-for-0067,Finding a specific old photo in Google Photos,Apps & software,[],"{""views"": 14882, ""replies"": 35}",toms_guide_forum,"Two things. Syncing between my two phones is inconsistent. Love the collage feature, made a nice one for my mom.",forums:syn-for-0067
forums,syn-for-0068,2025-08-21T09:50:43,synthetic_user_73121,True,synthetic://forums/syn-for-0068,Google Photos search is failing me,Apps & software,[],"{""views"": 10588, ""replies"": 19}",xda_forums,"Looking for the video of my dog meeting the new puppy. It's the funniest thing. It was taken in our backyard. I can picture the puppy running circles around him. I don't remember when exactly. I searched ""dog video"" and got a bunch of pictures that had nothing to do with it. Searched for ""video of old dog meeting new puppy"" and nothing came up. I searched ""2020 video"" and got a bunch of pictures that had nothing to do with it. How do you even search for something like that? Tried synonyms like ""puppy"" too. Still haven't found it. Is there a better way to search for stuff like this?",forums:syn-for-0068
forums,syn-for-0069,2024-03-17T19:06:04,synthetic_user_29231,True,synthetic://forums/syn-for-0069,Finding a specific old photo in Google Photos,Apps & software,[],"{""views"": 10480, ""replies"": 25}",android_central_forums,"Looking for the photo of my son's first steps. It was when he was around one, so 2019 probably. All I remember visually is the green rug and him holding the sofa. I don't remember when exactly. I typed ""baby walking"" in search and it gave me hundreds of photos. I searched ""2019"" and got thousands of results to scroll through. All the results look the same as tiny thumbnails. I went through the face group for that person too. Ended up scrolling back through years of photos. Eventually I just gave up. Is there a better way to search for stuff like this?",forums:syn-for-0069
forums,syn-for-0070,2023-02-05T02:30:37,synthetic_user_62884,True,synthetic://forums/syn-for-0070,Tips for locating a photo with a guy we met on a trek?,Apps & software,[],"{""views"": 14389, ""replies"": 5}",xda_forums,"Does anyone know how to find a photo with a guy we met on a trek? It was 2019 I think. I know it was at the top of the trek. This was during the Himachal trek. I remember a yellow jacket and a flag behind us. I don't remember the name of the place. I typed ""trek"" in search and nothing came up. Tried ""photo with foreigner in yellow jacket on mountain top"" and nothing came up. I know exactly what it looks like but can't put it into search words. I went through the face group for that person too. I jumped to roughly that year with the scrollbar and went month by month. I gave up on finding it.",forums:syn-for-0070
forums,syn-for-0071,2024-04-08T19:29:10,synthetic_user_75806,True,synthetic://forums/syn-for-0071,Finding a specific old photo in Google Photos,Apps & software,[],"{""views"": 16495, ""replies"": 2}",xda_forums,"I've been looking for the photo of the team at the offsite for days. I need it now because a colleague is leaving and we're making a card. It was taken at a resort outside the city. It was before I switched jobs, 2021 maybe. I remember everyone in matching t-shirts by a pool. I remember my old team being in it. I can't recall where exactly it was. I can't remember the date at all. I searched ""offsite 2021"" and got no results. I searched ""team in matching t shirts by a pool"" and got no results. Tried ""team"" and nothing came up. I know exactly what it looks like but can't put it into search words. Ended up scrolling back through years of photos. Tried synonyms like ""office trip"" too. I found a similar one but not the exact photo I wanted. How do you all deal with this?",forums:syn-for-0071
forums,syn-for-0072,2024-11-17T11:40:58,synthetic_user_77517,True,synthetic://forums/syn-for-0072,Finding a specific old photo in Google Photos,Apps & software,[],"{""views"": 10375, ""replies"": 39}",macrumors_forums,"A lot of my photos come from shared albums. Does anyone know how to find a picture of my dad teaching my daughter to ride a bike? I need it because it's for my dad's retirement card. It was one summer, 3 or 4 years ago. I can picture a pink bicycle and dad in his old cap. It was while learning to ride a bike. We were in the park near my parents' place when I took it. I can't remember the date at all. Tried ""summer 2022"" and got thousands of results to scroll through. There are so many almost identical shots from that day that I can't tell which one it is. Ended up scrolling back through years of photos. Got it eventually, after three days. Any tips?",forums:syn-for-0072
forums,syn-for-0073,2023-10-23T19:43:39,synthetic_user_55977,True,synthetic://forums/syn-for-0073,Search vs scrolling for old memories,Apps & software,[],"{""views"": 14460, ""replies"": 9}",xda_forums,"I've been looking for a picture of the waterfall we hiked to for days. It had my cousins in it. Timing wise it was during monsoon, around 2020. I remember mist everywhere and everyone in raincoats. I can't recall where exactly it was. I have no idea what year it was. I typed ""meghalaya 2020"" in search and got a bunch of pictures that had nothing to do with it. I typed ""waterfall"" in search and got no results. How do you even search for something like that? I went through the map view hoping to spot it. Found one that might be it, but I'm not sure it's the same one. How do you all deal with this?",forums:syn-for-0073
forums,syn-for-0074,2023-07-11T22:03:30,synthetic_user_91304,True,synthetic://forums/syn-for-0074,Finding a specific old photo in Google Photos,Apps & software,[],"{""views"": 1711, ""replies"": 21}",xda_forums,"Thought search was broken but the video of my dog meeting the new puppy was in my partner's library, not mine.",forums:syn-for-0074
forums,syn-for-0075,2026-02-15T01:02:03,synthetic_user_9791,True,synthetic://forums/syn-for-0075,Google Photos search is failing me,Apps & software,[],"{""views"": 11209, ""replies"": 26}",macrumors_forums,"Looking for the picture of the pharmacy receipt. I need it because the insurance claim deadline is this week. For context, I needed it for insurance reimbursement. I can picture thermal paper that was already fading. It had the medicine names and total on it. I have no idea what year it was. Searched for ""pharmacy"" and nothing came up. I searched ""receipt"" and nothing came up. I typed ""pharmacy medicine bill"" in search and got no results. The text on the bill isn't searchable as far as I can tell. Ended up scrolling back through years of photos. Found one that might be it, but I'm not sure it's the same one. Am I doing something wrong?",forums:syn-for-0075
forums,syn-for-0076,2023-05-28T20:02:07,synthetic_user_42526,True,synthetic://forums/syn-for-0076,Google Photos search is failing me,Apps & software,[],"{""views"": 9352, ""replies"": 38}",macrumors_forums,"I've been looking for the picture of my college marksheet for days. It's a picture of my marksheet. I remember it showed my semester grades. I remember a certificate with a blue border. It was maybe 2020 when I was job hunting. No idea what to search for really. I searched ""marksheet"" and nothing came up. The text in the photo doesn't seem to be searchable. Eventually I searched my WhatsApp chats instead. I kept retyping different searches. I gave up on finding it. Is there a better way to search for stuff like this?",forums:syn-for-0076
forums,syn-for-0077,2025-09-07T21:58:04,synthetic_user_51378,True,synthetic://forums/syn-for-0077,Finding a specific old photo in Google Photos,Apps & software,[],"{""views"": 18613, ""replies"": 3}",android_central_forums,"I'm trying to find a shot of the fireworks at the new year party. It had a bunch of friends in it. I remember green fireworks over a swimming pool. For context, it was just before midnight. I have no idea what year it was. Searched for ""green fireworks over pool"" and got a bunch of pictures that had nothing to do with it. I searched ""fireworks"" but it just showed random photos. Tried ""31 december"" but it just showed random photos. It took ""fireworks"" literally and ignored everything else. Ended up scrolling back through years of photos. I went through the face group for that person too. Got it eventually, after half an hour of scrolling. Is there a better way to search for stuff like this?",forums:syn-for-0077
forums,syn-for-0078,2025-07-19T17:45:23,synthetic_user_25948,True,synthetic://forums/syn-for-0078,Google Photos search is failing me,Apps & software,[],"{""views"": 12655, ""replies"": 19}",macrumors_forums,Spent an hour looking for the picture of the medicine I took when I was sick last year and it turns out I had deleted it years ago. Not the app's fault.,forums:syn-for-0078
forums,syn-for-0079,2025-03-16T02:01:09,synthetic_user_62485,True,synthetic://forums/syn-for-0079,Search vs scrolling for old memories,Apps & software,[],"{""views"": 4384, ""replies"": 4}",toms_guide_forum,"The search is fine if you know exactly what you want, but not when you only half remember it.",forums:syn-for-0079
forums,syn-for-0080,2023-09-15T14:12:55,synthetic_user_3261,True,synthetic://forums/syn-for-0080,Search vs scrolling for old memories,Apps & software,[],"{""views"": 5962, ""replies"": 30}",macrumors_forums,"Looking for the photo of the stage when they announced the results. It's from my company's annual awards night. I remember I was holding a trophy. I can picture purple lights and a big screen with my name. I don't even remember what the event was called. I can't remember the date at all. I searched ""award"" and got thousands of results to scroll through. Searched for ""awards december"" and got thousands of results to scroll through. All the results look the same as tiny thumbnails. I jumped to roughly that year with the scrollbar and went month by month. Finally found it after half an hour of scrolling. How do you all deal with this?",forums:syn-for-0080
forums,syn-for-0081,2026-01-14T18:46:30,synthetic_user_13451,True,synthetic://forums/syn-for-0081,Search vs scrolling for old memories,Apps & software,[],"{""views"": 15093, ""replies"": 13}",macrumors_forums,"On the web version on my laptop. Does anyone know how to find the picture of the dent on my car? I need it now because the insurance surveyor wants the original photo. The photo shows a dent on the car door. It was maybe 6 months ago. I have no idea what year it was. I searched ""car dent"" but it just showed random photos. I searched ""dent on silver car door"" and got a bunch of pictures that had nothing to do with it. I just didn't know how to describe it in a way search would get. I kept retyping different searches. I went through the map view hoping to spot it. Never found it.",forums:syn-for-0081
forums,syn-for-0082,2023-04-15T06:46:56,synthetic_user_76331,True,synthetic://forums/syn-for-0082,Tips for locating the photo of the team at the offsite?,Apps & software,[],"{""views"": 19589, ""replies"": 37}",android_central_forums,"Looking for the photo of the team at the offsite. I need it now because a colleague is leaving and we're making a card. I remember my old team being in it. We were at a resort outside the city when I took it. It was at the team offsite. I can't remember the date at all. No clue what the place was called. Tried ""team in matching t shirts by a pool"" and got a bunch of pictures that had nothing to do with it. I typed ""team"" in search but it just showed random photos. It seems like search ignores half of what I type and only matches one word. I jumped to roughly that year with the scrollbar and went month by month. Finally found it after half an hour of scrolling. How do you all deal with this?",forums:syn-for-0082
forums,syn-for-0083,2024-05-05T10:43:07,synthetic_user_46014,True,synthetic://forums/syn-for-0083,Tips for locating the video of my dog meeting the new puppy?,Apps & software,[],"{""views"": 18422, ""replies"": 39}",xda_forums,"I've been looking for the video of my dog meeting the new puppy for days. All I remember visually is the puppy running circles around him. It was taken in our backyard. Not sure which month or year, honestly. I typed ""dog video"" in search and it gave me hundreds of photos. Tried ""video of old dog meeting new puppy"" and it gave me hundreds of photos. I searched ""2020 video"" and got thousands of results to scroll through. All the results look the same as tiny thumbnails. Tried synonyms like ""puppy"" too. Gave up for the day and tried again the next week. Never found it. Any tips?",forums:syn-for-0083
forums,syn-for-0084,2025-01-16T05:00:25,synthetic_user_92919,True,synthetic://forums/syn-for-0084,Google Photos search is failing me,Apps & software,[],"{""views"": 1565, ""replies"": 11}",toms_guide_forum,"I've been looking for the picture of the wine label from our anniversary dinner for days. I need it because I want to buy the same wine again. I remember my partner being in it. All I remember visually is a label with a drawing of a bird. It was taken at the Italian place downtown. I don't remember the exact words on it. I typed ""wine bottle with bird drawing on label"" in search and got a bunch of pictures that had nothing to do with it. I searched ""anniversary 2023"" and got a bunch of pictures that had nothing to do with it. Searched for ""wine"" but it just showed random photos. It seems like search ignores half of what I type and only matches one word. Tried synonyms like ""bottle"" too. I jumped to roughly that year with the scrollbar and went month by month. Still haven't found it.",forums:syn-for-0084
forums,syn-for-0085,2024-11-24T22:26:57,synthetic_user_65166,True,synthetic://forums/syn-for-0085,Search vs scrolling for old memories,Apps & software,[],"{""views"": 6734, ""replies"": 4}",toms_guide_forum,"Does anyone know how to find a picture of the ramen bowl from the tiny shop? I need it now because a friend wants the shop name. I know it was near the station in Tokyo. This was during the Japan trip. I remember a black bowl with a soft egg cut in half. I can't recall where exactly it was. Searched for ""ramen"" but it just showed random photos. It took ""ramen"" literally and ignored everything else. I jumped to roughly that year with the scrollbar and went month by month. Ended up scrolling back through years of photos. I found a similar one but not the exact photo I wanted. Is there a better way to search for stuff like this?",forums:syn-for-0085
forums,syn-for-0086,2023-04-13T00:04:58,synthetic_user_67562,True,synthetic://forums/syn-for-0086,Tips for locating an old photo?,Apps & software,[],"{""views"": 16491, ""replies"": 35}",android_central_forums,"What worked for me: You can search text inside photos sometimes, but it only works if the words are clear in the image.",forums:syn-for-0086
forums,syn-for-0087,2025-08-22T01:57:51,synthetic_user_58440,True,synthetic://forums/syn-for-0087,Tips for locating an old photo?,Apps & software,[],"{""views"": 7738, ""replies"": 33}",toms_guide_forum,"Was sure I'd never find the family photo from Diwali where everyone is wearing white, but searching ""diwali"" plus the year got it on the first try.",forums:syn-for-0087
forums,syn-for-0088,2023-01-31T17:48:08,synthetic_user_63027,True,synthetic://forums/syn-for-0088,Finding a specific old photo in Google Photos,Apps & software,[],"{""views"": 4694, ""replies"": 17}",toms_guide_forum,Spent an hour looking for the candid of my cousin laughing during the haldi and it turns out I had deleted it years ago. Not the app's fault.,forums:syn-for-0088
forums,syn-for-0089,2023-02-02T04:55:38,synthetic_user_54827,True,synthetic://forums/syn-for-0089,Google Photos search is failing me,Apps & software,[],"{""views"": 306, ""replies"": 27}",android_central_forums,"I've been looking for the photo of us at the football match for days. I need it now because reunion group chat asked for it. I know it was in the stadium. It's from the derby match. It was some time after school ended. I don't remember when exactly. I typed ""football"" in search and got no results. Searched for ""friends with painted faces at football match"" and got no results. The photo is definitely in my library but search never shows it. I went through the face group for that person too. Finally found it after way too long. How do you all deal with this?",forums:syn-for-0089
forums,syn-for-0090,2026-04-01T00:50:40,synthetic_user_90265,True,synthetic://forums/syn-for-0090,Search vs scrolling for old memories,Apps & software,[],"{""views"": 17753, ""replies"": 15}",toms_guide_forum,"I've been looking for the photo of the dessert we ordered at that restaurant for days. I can picture a chocolate dome with gold stuff on top. It was last year, maybe around October. It was taken at some rooftop place in Bangalore. I can't recall the name of the event. No clue what the place was called. I searched ""chocolate dessert with gold on top"" and nothing came up. I searched ""bangalore october"" but it just showed random photos. I didn't know what else to try. Gave up for the day and tried again the next week. Still haven't found it. Am I doing something wrong?",forums:syn-for-0090
forums,syn-for-0091,2024-11-22T07:33:15,synthetic_user_71525,True,synthetic://forums/syn-for-0091,Tips for locating an old photo?,Apps & software,[],"{""views"": 17112, ""replies"": 18}",xda_forums,Pro tip: Name the face groups. Searching a person's name works way better than describing them.,forums:syn-for-0091
forums,syn-for-0092,2024-11-22T04:03:49,synthetic_user_76392,True,synthetic://forums/syn-for-0092,Tips for locating an old photo?,Apps & software,[],"{""views"": 576, ""replies"": 4}",xda_forums,"Thought search was broken but the photo of the warranty card for the washing machine was in my partner's library, not mine.",forums:syn-for-0092
forums,syn-for-0093,2023-05-01T21:08:15,synthetic_user_44002,True,synthetic://forums/syn-for-0093,Finding a specific old photo in Google Photos,Apps & software,[],"{""views"": 7831, ""replies"": 17}",macrumors_forums,"Looking for the photo of my daughter on stage at her school play. I need it because she wants to show her friends. All I remember visually is a sunflower costume and a blue curtain. I remember my daughter being in it. I don't even remember what the event was called. Searched for ""annual day"" and nothing came up. I searched ""school function"" and nothing came up. Tried ""girl in sunflower costume on stage"" and got no results. It just doesn't show up in search even though I know it's there. I scrolled for like 40 minutes. Found one that might be it, but I'm not sure it's the same one. Is there a better way to search for stuff like this?",forums:syn-for-0093
forums,syn-for-0094,2025-06-02T13:35:43,synthetic_user_65310,True,synthetic://forums/syn-for-0094,Search vs scrolling for old memories,Apps & software,[],"{""views"": 11407, ""replies"": 33}",macrumors_forums,"Two things. The editing tools are great, the magic eraser is really good.",forums:syn-for-0094
forums,syn-for-0095,2025-12-12T09:05:09,synthetic_user_44216,True,synthetic://forums/syn-for-0095,Google Photos search is failing me,Apps & software,[],"{""views"": 120, ""replies"": 23}",toms_guide_forum,Found the screenshot of the product I wanted to buy by searching the person's face and then scrolling a bit. Took two minutes.,forums:syn-for-0095
forums,syn-for-0096,2025-07-10T09:41:44,synthetic_user_61827,True,synthetic://forums/syn-for-0096,Search vs scrolling for old memories,Apps & software,[],"{""views"": 13320, ""replies"": 13}",android_central_forums,"I'm trying to find the picture of the medicine I took when I was sick last year. I need it because I'm sick again and want the same medicine. It was last year, maybe during the rainy season. I remember a silver strip with orange tablets. It's a picture of a strip of tablets. I don't remember the exact words on it. No idea what the thing is actually called. Tried ""fever medicine"" and got no results. I typed ""medicine"" in search and got no results. Tried ""medicine strip orange tablets"" and nothing came up. After that I had no idea what else to try. Tried synonyms like ""tablets"" too. I checked my Gmail in case I had sent it to someone. Still haven't found it. Is there a better way to search for stuff like this?",forums:syn-for-0096
forums,syn-for-0097,2025-09-09T08:16:16,synthetic_user_98581,True,synthetic://forums/syn-for-0097,Google Photos search is failing me,Apps & software,[],"{""views"": 2982, ""replies"": 9}",xda_forums,Found the old scanned photo of my grandparents' wedding by searching the person's face and then scrolling a bit. Took two minutes.,forums:syn-for-0097
forums,syn-for-0098,2024-01-06T08:02:17,synthetic_user_26593,True,synthetic://forums/syn-for-0098,Search vs scrolling for old memories,Apps & software,[],"{""views"": 12411, ""replies"": 30}",toms_guide_forum,"Does anyone know how to find a picture of my dad teaching my daughter to ride a bike? It was while learning to ride a bike. It had my dad and my daughter in it. It was taken in the park near my parents' place. It was one summer, 3 or 4 years ago. I have no idea what year it was. I searched ""grandfather teaching girl to ride pink bike"" and it gave me hundreds of photos. Tried ""bicycle"" and got thousands of results to scroll through. All the results look the same as tiny thumbnails. I went through the face group for that person too. Got it eventually, after half an hour of scrolling.",forums:syn-for-0098
forums,syn-for-0099,2025-07-19T06:38:01,synthetic_user_83410,True,synthetic://forums/syn-for-0099,Search vs scrolling for old memories,Apps & software,[],"{""views"": 18865, ""replies"": 13}",xda_forums,"I've used Google Photos since it launched. I'm trying to find a photo with a guy we met on a trek. It had a guy from Germany we met on the way in it. This was during the Himachal trek. All I remember visually is a yellow jacket and a flag behind us. I don't remember the person's name. I searched ""himachal 2019"" and got a bunch of pictures that had nothing to do with it. I searched ""trek"" and nothing came up. Searched for ""photo with foreigner in yellow jacket on mountain top"" and got a bunch of pictures that had nothing to do with it. I just didn't know how to describe it in a way search would get. I went through the face group for that person too. I found a similar one but not the exact photo I wanted. Any tips?",forums:syn-for-0099
forums,syn-for-0100,2026-07-07T04:16:40,synthetic_user_72129,True,synthetic://forums/syn-for-0100,Tips for locating the photo of my daughter on stage at her school play?,Apps & software,[],"{""views"": 6297, ""replies"": 24}",xda_forums,"On iOS. Does anyone know how to find the photo of my daughter on stage at her school play? I need it now because she wants to show her friends. It was at the annual day function. Timing wise it was when she was in 2nd or 3rd standard. I remember the lighting was bad so most shots were blurry. I can't recall the name of the event. Searched for ""annual day"" and nothing came up. I searched ""school function"" and got no results. Searched for ""girl in sunflower costume on stage"" and got no results. It just doesn't show up in search even though I know it's there. I went through the face group for that person too. I jumped to roughly that year with the scrollbar and went month by month. Eventually I just gave up. Am I doing something wrong?",forums:syn-for-0100
forums,syn-for-0101,2025-09-10T07:28:49,synthetic_user_93550,True,synthetic://forums/syn-for-0101,Tips for locating an old photo?,Apps & software,[],"{""views"": 15237, ""replies"": 27}",xda_forums,"Thought search was broken but a picture of the site inspection issue was in my partner's library, not mine.",forums:syn-for-0101
forums,syn-for-0102,2023-05-25T09:34:06,synthetic_user_59556,True,synthetic://forums/syn-for-0102,Google Photos search is failing me,Apps & software,[],"{""views"": 1077, ""replies"": 11}",macrumors_forums,"Pro tip: Try searching for something visible in the photo instead of what happened, like ""stage"" or ""cake"".",forums:syn-for-0102
forums,syn-for-0103,2023-06-03T12:03:19,synthetic_user_61491,True,synthetic://forums/syn-for-0103,Search vs scrolling for old memories,Apps & software,[],"{""views"": 7527, ""replies"": 31}",macrumors_forums,"Looking for the screenshot of the product I wanted to buy. It's a picture of a lamp. I remember I saw it in an ad and screenshotted it. I can't recall what it said exactly. I searched ""lamp"" and got a bunch of pictures that had nothing to do with it. I typed ""screenshot lamp"" in search but it just showed random photos. Searched for ""brass lamp with curved neck"" and got no results. I know exactly what it looks like but can't put it into search words. I tried the screenshots category filter as well. Got it eventually, after two evenings. Am I doing something wrong?",forums:syn-for-0103
forums,syn-for-0104,2024-09-04T01:07:11,synthetic_user_36525,True,synthetic://forums/syn-for-0104,Search vs scrolling for old memories,Apps & software,[],"{""views"": 3041, ""replies"": 39}",xda_forums,"Looking for the photo of the notes a friend shared before exams. I need it now because my younger brother needs them now. I remember it showed something about thermodynamics formulas. I remember a classmate being in it. It's a picture of handwritten notes. I don't remember when exactly. I can't recall what it said exactly. I searched ""handwritten thermodynamics notes"" and got no results. Tried ""notes"" and nothing came up. It just doesn't show up in search even though I know it's there. I even googled how to search Google Photos better. Ended up scrolling back through years of photos. Found one that might be it, but I'm not sure it's the same one. How do you all deal with this?",forums:syn-for-0104
forums,syn-for-0105,2023-08-26T04:47:07,synthetic_user_58739,True,synthetic://forums/syn-for-0105,Finding a specific old photo in Google Photos,Apps & software,[],"{""views"": 14563, ""replies"": 3}",android_central_forums,Minor gripe: Uploading in original quality eats my data plan.,forums:syn-for-0105
forums,syn-for-0106,2024-07-09T23:02:04,synthetic_user_67592,True,synthetic://forums/syn-for-0106,Finding a specific old photo in Google Photos,Apps & software,[],"{""views"": 8301, ""replies"": 34}",android_central_forums,"I've been looking for the photo of a plant I saw at a nursery for days. I need it now because I want to buy it now that I have a balcony. It's a picture of a plant with striped leaves. Timing wise it was last spring. I know it was at a nursery near my office. I don't know what it's called. Searched for ""nursery"" and nothing came up. I ran out of ideas pretty quickly. Tried synonyms like ""leaves"" too. Never found it. Am I doing something wrong?",forums:syn-for-0106
forums,syn-for-0107,2023-08-15T19:36:34,synthetic_user_12868,True,synthetic://forums/syn-for-0107,Finding a specific old photo in Google Photos,Apps & software,[],"{""views"": 11082, ""replies"": 4}",xda_forums,"I use search a lot for work stuff. I'm trying to find the photo of my son's vaccination card. I need it now because school admission needs it. I remember it showed the dates of the last booster. All I remember visually is a pink card with stamps. It's a picture of the vaccination card. For context, the doctor asked us to keep a copy. I don't remember the exact words on it. I don't know what it's called. Tried ""vaccination"" and got no results. The text in the photo doesn't seem to be searchable. I kept retyping different searches. I scrolled for like 40 minutes. Still haven't found it. Is there a better way to search for stuff like this?",forums:syn-for-0107
forums,syn-for-0108,2023-09-26T06:25:29,synthetic_user_31897,True,synthetic://forums/syn-for-0108,Google Photos search is failing me,Apps & software,[],"{""views"": 2271, ""replies"": 19}",android_central_forums,"I search in Photos pretty much every day. I've been looking for the picture of my college marksheet for days. I need it because background verification asked for it. The photo shows my marksheet. It was maybe 2020 when I was job hunting. I remember it showed my semester grades. I can't remember the date at all. I typed ""marksheet"" in search and got no results. Searched for ""college marksheet with blue border"" and got a bunch of pictures that had nothing to do with it. Searched for ""2020 certificate"" but it just showed random photos. I just didn't know how to describe it in a way search would get. I checked my Gmail in case I had sent it to someone. Ended up scrolling back through years of photos. Never found it. Any tips?",forums:syn-for-0108
forums,syn-for-0109,2023-10-04T10:24:19,synthetic_user_70625,True,synthetic://forums/syn-for-0109,Tips for locating an old photo?,Apps & software,[],"{""views"": 1187, ""replies"": 36}",android_central_forums,"From experience, Use the date jump on the scrollbar, drag to the year and go month by month.",forums:syn-for-0109
forums,syn-for-0110,2023-05-14T07:02:40,synthetic_user_58004,True,synthetic://forums/syn-for-0110,Google Photos search is failing me,Apps & software,[],"{""views"": 7487, ""replies"": 35}",toms_guide_forum,Face grouping merged my twin daughters into one person lol. Too many notifications about 'memories' I didn't ask for.,forums:syn-for-0110
forums,syn-for-0111,2025-09-25T22:28:09,synthetic_user_14932,True,synthetic://forums/syn-for-0111,Google Photos search is failing me,Apps & software,[],"{""views"": 17552, ""replies"": 6}",xda_forums,"I don't remember dates, nobody does. Searching by date is useless for old memories.",forums:syn-for-0111
forums,syn-for-0112,2023-11-27T04:25:02,synthetic_user_41338,True,synthetic://forums/syn-for-0112,Google Photos search is failing me,Apps & software,[],"{""views"": 17762, ""replies"": 4}",macrumors_forums,It would help if the app told me why a photo showed up in results.,forums:syn-for-0112
forums,syn-for-0113,2023-03-10T00:20:46,synthetic_user_48722,True,synthetic://forums/syn-for-0113,Google Photos search is failing me,Apps & software,[],"{""views"": 2962, ""replies"": 6}",android_central_forums,"There are something like 45,000 pictures in my account. I've been looking for the family photo from Diwali where everyone is wearing white for days. I need it because my aunt asked me to send it. We were at my aunt's house when I took it. I remember everyone in white kurtas with diyas in front. It was one of the Diwalis between 2017 and 2020. It was for Diwali. I have no idea what year it was. I typed ""diwali"" in search and nothing came up. It came from my old phone and I'm not sure it ever got backed up. I jumped to roughly that year with the scrollbar and went month by month. Ended up scrolling back through years of photos. Finally found it after half an hour of scrolling. Is there a better way to search for stuff like this?",forums:syn-for-0113
forums,syn-for-0114,2025-03-08T04:45:15,synthetic_user_5468,True,synthetic://forums/syn-for-0114,Search vs scrolling for old memories,Apps & software,[],"{""views"": 1128, ""replies"": 28}",xda_forums,"Thought search was broken but the picture of the houseboat we stayed on was in my partner's library, not mine.",forums:syn-for-0114
forums,syn-for-0115,2026-07-09T11:13:45,synthetic_user_49718,True,synthetic://forums/syn-for-0115,Finding a specific old photo in Google Photos,Apps & software,[],"{""views"": 6970, ""replies"": 0}",macrumors_forums,"Does anyone know how to find the photo of the team at the offsite? Timing wise it was before I switched jobs, 2021 maybe. It's from the team offsite. I can picture everyone in matching t-shirts by a pool. I remember my old team being in it. Not sure which month or year, honestly. I can't recall where exactly it was. Searched for ""team"" and got a bunch of pictures that had nothing to do with it. Tried ""team in matching t shirts by a pool"" but it just showed random photos. It doesn't understand what I'm describing at all. I kept retyping different searches. Found one that might be it, but I'm not sure it's the same one. Is there a better way to search for stuff like this?",forums:syn-for-0115
forums,syn-for-0116,2025-07-07T00:36:36,synthetic_user_67961,True,synthetic://forums/syn-for-0116,Search vs scrolling for old memories,Apps & software,[],"{""views"": 5599, ""replies"": 28}",toms_guide_forum,"Looking for a short video of the band at the pub. I need it now because I want to find the band name. It was while singing a cover of some old song. It was taken at a pub in the old part of town. I don't remember the name of the place. I can't recall the name of the event. I searched ""video of band with violin red lights pub"" and there it was. I jumped to roughly that year with the scrollbar and went month by month. I asked my sister if she still had it. Got it eventually, after way too long. Any tips?",forums:syn-for-0116
forums,syn-for-0117,2025-08-27T10:15:28,synthetic_user_43854,True,synthetic://forums/syn-for-0117,Tips for locating an old photo?,Apps & software,[],"{""views"": 7503, ""replies"": 32}",xda_forums,The app is slow to load thumbnails on my old phone. Uploading in original quality eats my data plan.,forums:syn-for-0117
forums,syn-for-0118,2024-10-09T20:26:06,synthetic_user_89317,True,synthetic://forums/syn-for-0118,Tips for locating the photo of the temple on the hill?,Apps & software,[],"{""views"": 10653, ""replies"": 12}",android_central_forums,"On my Pixel. I'm trying to find the photo of the temple on the hill. I need it now because my parents want to visit again. I can picture white steps going up and monkeys on the wall. Timing wise it was a long time ago, maybe 2015. I don't remember when exactly. Tried ""temple"" and got no results. I searched ""white temple on hill with steps"" and got no results. I searched ""mysore 2015"" and got no results. The location data was probably off so there's nothing to go on. Ended up scrolling back through years of photos. Still haven't found it. Any tips?",forums:syn-for-0118
forums,syn-for-0119,2023-03-15T22:23:04,synthetic_user_30153,True,synthetic://forums/syn-for-0119,Finding a specific old photo in Google Photos,Apps & software,[],"{""views"": 9594, ""replies"": 23}",macrumors_forums,"Pro tip: Ask whoever was there, someone in the group chat usually still has it.",forums:syn-for-0119
