record_id,source,platform,source_id,created_at,is_synthetic,source_url,title,text,text_chars,thread_context,reply_count,replies,engagement_rating,engagement_thumbs_up,engagement_app_version,engagement_score,engagement_num_comments,engagement_same_question,engagement_recommended_answer,engagement_likes,engagement_reposts,engagement_views,engagement_replies,truth_kind,truth_relevant,truth_attempt,truth_scenario,truth_outcome,truth_failure_stage,truth_remembered,truth_forgotten,truth_query_types,truth_queries,truth_query_outcomes,truth_workarounds,truth_segments,truth_counter_evidence
google_play:syn-goo-0000,google_play,android,syn-goo-0000,2023-05-01T07:56:40,True,synthetic://google_play/syn-goo-0000,,Found the photo of the stage when they announced the results by searching the person's face and then scrolling a bit. Took two minutes.,135,,0,,3,126,7.13.0,,,,,,,,,success,True,True,event_memory,found,none_observed,,,,,,,,vague_search_succeeded
google_play:syn-goo-0001,google_play,android,syn-goo-0001,2025-04-02T20:00:16,True,synthetic://google_play/syn-goo-0001,,Two things. Why did they move the sharing button? The new layout is confusing. App keeps crashing when I open a large video.,124,,0,,3,220,7.28.0,,,,,,,,,noise,False,False,,,,,,,,,,,
google_play:syn-goo-0002,google_play,android,syn-goo-0002,2026-06-18T23:50:47,True,synthetic://google_play/syn-goo-0002,,"Frustrating search. I've been looking for the screenshot of a chat where my landlord agreed to the repair for days. I remember green chat bubbles. I can't recall what it said exactly. Tried ""whatsapp"" and it popped up near the top. I scrolled for like 40 minutes. Finally found it after three days.",298,,0,,3,233,7.29.0,,,,,,,,,attempt,True,True,screenshot,found,none_observed,remembered_visual_appearance,exact_text_unknown,keyword,whatsapp,found,manual_scrolling,,
google_play:syn-goo-0003,google_play,android,syn-goo-0003,2026-02-19T14:17:09,True,synthetic://google_play/syn-goo-0003,,It would help if the app told me why a photo showed up in results.,66,,0,,2,53,7.16.0,,,,,,,,,opinion,True,False,,,,,,,,,,,
google_play:syn-goo-0004,google_play,android,syn-goo-0004,2025-01-15T17:15:47,True,synthetic://google_play/syn-goo-0004,,"Search is useless for old photos. I'm trying to find a photo of the tiny café we found in Goa. All I remember visually is blue wooden chairs and a hand-painted menu board. I don't remember the name of the place. I searched ""goa 2022"" and it gave me hundreds of photos. I have hundreds of similar shots and can't tell which one it was. I jumped to roughly that year with the scrollbar and went month by month. Never found it.",424,,0,,2,238,7.16.0,,,,,,,,,attempt,True,True,travel_memory,not_found,D_result_evaluation,remembered_visual_appearance,exact_location_unknown,metadata,goa 2022,too_many_results,date_browsing,,
google_play:syn-goo-0005,google_play,android,syn-goo-0005,2026-06-09T07:06:18,True,synthetic://google_play/syn-goo-0005,,"Does anyone know how to find a photo of the tiny café we found in Goa? I need it because my friend is going to Goa and asked for the name. It had my college friends in it. No clue what the place was called. I typed ""goa 2022"" in search and it gave me hundreds of photos. All the results look the same as tiny thumbnails. Never found it.",336,,0,,3,116,7.7.0,,,,,,,,,attempt,True,True,travel_memory,not_found,D_result_evaluation,remembered_person,exact_location_unknown,metadata,goa 2022,too_many_results,,,
google_play:syn-goo-0006,google_play,android,syn-goo-0006,2024-07-26T17:11:37,True,synthetic://google_play/syn-goo-0006,,"Honestly search is amazing. I typed ""me on stage with trophy under purple lights"" and it found the photo of the stage when they announced the results in seconds.",161,,0,,3,176,7.15.0,,,,,,,,,success,True,True,event_memory,found,none_observed,,,,,,,,vague_search_succeeded
google_play:syn-goo-0007,google_play,android,syn-goo-0007,2023-06-14T08:01:36,True,synthetic://google_play/syn-goo-0007,,"Couldn't find the screenshot of a chat where my landlord agreed to the repair anywhere, then realised it was on my old phone and never got backed up.",149,,0,,1,240,7.7.0,,,,,,,,,misattribution,True,True,screenshot,not_found,F_data_index_limitation,,,,,,,,failure_not_search_related
google_play:syn-goo-0008,google_play,android,syn-goo-0008,2026-08-30T12:31:29,True,synthetic://google_play/syn-goo-0008,,Two things. The widget on the home screen shows the same photo every day. Storage is full again and now they want me to pay for more. Too expensive for what it is.,163,,0,,3,61,7.30.0,,,,,,,,,noise,False,False,,,,,,,,,,,
google_play:syn-goo-0009,google_play,android,syn-goo-0009,2026-01-27T04:46:08,True,synthetic://google_play/syn-goo-0009,,"Search is useless for old photos. I've been looking for a screenshot of a recipe from Instagram for days. It was sometime this year. I don't know what word the app would use for it. Tried ""recipe"" and got no results. The photo is definitely in my library but search never shows it. I scrolled for like 40 minutes. Finally found it after three days.",348,,0,,5,52,7.17.0,,,,,,,,,attempt,True,True,screenshot,found,C_retrieval,remembered_time_approximation,exact_keyword_unknown,keyword,recipe,not_found,manual_scrolling,,
google_play:syn-goo-0010,google_play,android,syn-goo-0010,2026-05-31T00:08:35,True,synthetic://google_play/syn-goo-0010,,"Great backup app but search needs work. Does anyone know how to find a picture of the ramen bowl from the tiny shop? I need it now because a friend wants the shop name. It was taken near the station in Tokyo. I don't remember the name of the place. Tried ""ramen bowl with egg at a small shop near station"" but it just showed random photos. It doesn't understand what I'm describing at all. Never found it.",405,,0,,1,242,7.20.0,,,,,,,,,attempt,True,True,food_restaurant_memory,not_found,B_system_understanding,remembered_place,exact_location_unknown,natural_language,ramen bowl with egg at a small shop near station,wrong_results,,,
google_play:syn-goo-0011,google_play,android,syn-goo-0011,2024-06-15T20:22:16,True,synthetic://google_play/syn-goo-0011,,"I've been looking for the picture of the pharmacy receipt for days. It's a picture of a pharmacy bill. I can't recall what it said exactly. Tried ""pharmacy"" and it popped up near the top. I scrolled for like 40 minutes. Finally found it after three days.",254,,0,,3,213,7.4.0,,,,,,,,,attempt,True,True,receipt,found,none_observed,remembered_object,exact_text_unknown,metadata,pharmacy,found,manual_scrolling,,
google_play:syn-goo-0012,google_play,android,syn-goo-0012,2025-06-02T18:46:21,True,synthetic://google_play/syn-goo-0012,,"Search is hit or miss. Looking for the photo from the Ganpati procession. We were on the road near our society when I took it. I don't remember when exactly. Searched for ""people covered in red colour with ganesh idol"" and nothing came up. The photo is definitely in my library but search never shows it. I went through the face group for that person too. I found a similar one but not the exact photo I wanted.",411,,0,,2,100,7.12.0,,,,,,,,,attempt,True,True,event_memory,partially_found,C_retrieval,remembered_place,exact_date_unknown,natural_language,people covered in red colour with ganesh idol,not_found,people_browsing,,
google_play:syn-goo-0013,google_play,android,syn-goo-0013,2026-02-08T16:41:58,True,synthetic://google_play/syn-goo-0013,,Frustrating search. It's frustrating that I have to guess what word the app uses for something.,95,,0,,1,196,7.11.0,,,,,,,,,opinion,True,False,,,,,,,,,,,
google_play:syn-goo-0014,google_play,android,syn-goo-0014,2023-05-29T09:47:28,True,synthetic://google_play/syn-goo-0014,,"Frustrating search. Does anyone know how to find the group photo from the night we all stayed up on the terrace? It had the whole hostel gang in it. I don't remember when exactly. I typed ""terrace"" in search and nothing came up. It just doesn't show up in search even though I know it's there. Finally found it after way too long.",330,,0,,3,133,7.3.0,,,,,,,,,attempt,True,True,friend_memory,found,C_retrieval,remembered_person,exact_date_unknown,keyword,terrace,not_found,,,
google_play:syn-goo-0015,google_play,android,syn-goo-0015,2025-10-21T06:28:37,True,synthetic://google_play/syn-goo-0015,,"search is hit or miss. does anyone know how to find the family photo from diwali where everyone is wearing white? i remember everyone in white kurtas with diyas in front. i can't remember the date at all. i searched ""diwali"" and nothing came up. the photo is definitely in my library but search never shows it. i jumped to roughly that year with the scrollbar and went month by month. found one that might be it, but i'm not sure it's the same one.",448,,0,,1,128,7.2.0,,,,,,,,,attempt,True,True,family_memory,uncertain,C_retrieval,remembered_visual_appearance,exact_date_unknown,keyword,diwali,not_found,date_browsing,,
google_play:syn-goo-0016,google_play,android,syn-goo-0016,2023-04-22T04:43:35,True,synthetic://google_play/syn-goo-0016,,"search is useless for old photos. i've been looking for a screenshot of a map with a pin someone sent for days. for context, a friend shared the location of a trekking base camp. i can't recall what it said exactly. i typed ""map"" in search and there it was. got it eventually, after half an hour of scrolling.",309,,0,,5,130,7.14.0,,,,,,,,,attempt,True,True,screenshot,found,none_observed,remembered_context,exact_text_unknown,keyword,map,found,,,
google_play:syn-goo-0017,google_play,android,syn-goo-0017,2025-02-20T03:03:15,True,synthetic://google_play/syn-goo-0017,,"Search is hit or miss. I'm trying to find the photo of the street where we got lost. I need it now because we want to frame it. Timing wise it was on the third or fourth day of the trip. I don't even remember what the event was called. Tried ""narrow street with yellow tiles and tram"" and it popped up near the top. Finally found it after half an hour of scrolling.",365,,0,,5,102,7.8.0,,,,,,,,,attempt,True,True,travel_memory,found,none_observed,remembered_time_approximation,event_name_unknown,natural_language,narrow street with yellow tiles and tram,found,,,
google_play:syn-goo-0018,google_play,android,syn-goo-0018,2026-08-09T08:22:18,True,synthetic://google_play/syn-goo-0018,,"Search is useless for old photos. Looking for a sunset photo from the hotel balcony. I need it because I want to use it as a wallpaper again. This was during that Switzerland trip. I don't remember when exactly. Tried ""sunset"" and it gave me hundreds of photos. I have hundreds of similar shots and can't tell which one it was. Ended up scrolling back through years of photos. Still haven't found it.",400,,0,,1,68,7.21.0,,,,,,,,,attempt,True,True,travel_memory,not_found,D_result_evaluation,remembered_trip,exact_date_unknown,keyword,sunset,too_many_results,manual_scrolling,,
google_play:syn-goo-0019,google_play,android,syn-goo-0019,2026-02-17T01:50:55,True,synthetic://google_play/syn-goo-0019,,Two things. Uploading in original quality eats my data plan.,60,,0,,3,272,7.22.0,,,,,,,,,noise,False,False,,,,,,,,,,,
google_play:syn-goo-0020,google_play,android,syn-goo-0020,2023-05-24T18:18:45,True,synthetic://google_play/syn-goo-0020,,Search is useless for old photos. It would help if the app told me why a photo showed up in results.,100,,0,,3,269,7.3.0,,,,,,,,,opinion,True,False,,,,,,,,,,,
google_play:syn-goo-0021,google_play,android,syn-goo-0021,2024-06-27T08:32:53,True,synthetic://google_play/syn-goo-0021,,Great backup app but search needs work. It would help if the app told me why a photo showed up in results.,106,,0,,1,235,7.16.0,,,,,,,,,opinion,True,False,,,,,,,,,,,
google_play:syn-goo-0022,google_play,android,syn-goo-0022,2024-08-18T18:48:23,True,synthetic://google_play/syn-goo-0022,,"does anyone know how to find the photo of the view from the train window? it was taken on the train somewhere between two cities. i have no idea what year it was. i typed ""train"" in search and nothing came up. how do you even search for something like that? i gave up on finding it.",282,,0,,2,238,7.25.0,,,,,,,,,attempt,True,True,travel_memory,abandoned,A_memory_expression,remembered_place,exact_date_unknown,keyword,train,not_found,abandonment,,
google_play:syn-goo-0023,google_play,android,syn-goo-0023,2025-08-26T00:38:14,True,synthetic://google_play/syn-goo-0023,,The app is slow to load thumbnails on my old phone.,51,,0,,4,39,7.27.0,,,,,,,,,noise,False,False,,,,,,,,,,,
google_play:syn-goo-0024,google_play,android,syn-goo-0024,2025-07-12T14:45:39,True,synthetic://google_play/syn-goo-0024,,"Frustrating search. Does anyone know how to find a short video of the band at the pub? It was at a random Friday gig. I can't recall the name of the event. Tried ""friday 2022"" and got no results. It just doesn't show up in search even though I know it's there. Ended up scrolling back through years of photos. I gave up on finding it.",334,,0,,1,213,7.12.0,,,,,,,,,attempt,True,True,video,abandoned,C_retrieval,remembered_event,event_name_unknown,metadata,friday 2022,not_found,abandonment; manual_scrolling,,
google_play:syn-goo-0025,google_play,android,syn-goo-0025,2026-07-24T05:25:18,True,synthetic://google_play/syn-goo-0025,,"search is hit or miss. does anyone know how to find the photo of the menu at the street food stall? i need it because i want to recommend it to someone visiting. timing wise it was a winter evening, not sure which year. i can't recall where exactly it was. i typed ""handwritten street food menu board"" in search but it just showed random photos. i ran out of ideas pretty quickly. finally found it after half an hour of scrolling.",430,,0,,4,261,7.11.0,,,,,,,,,attempt,True,True,food_restaurant_memory,found,E_refinement,remembered_time_approximation,exact_location_unknown,natural_language,handwritten street food menu board,wrong_results,,,
google_play:syn-goo-0026,google_play,android,syn-goo-0026,2026-07-16T14:33:54,True,synthetic://google_play/syn-goo-0026,,"Search should work the way I remember things, like 'couple dancing under disco ball pink lehenga', not just single words.",121,,0,,1,41,7.2.0,,,,,,,,,opinion,True,False,,,,,,,,,,,
google_play:syn-goo-0027,google_play,android,syn-goo-0027,2025-09-21T01:46:59,True,synthetic://google_play/syn-goo-0027,,"Honestly, The locked folder is a nice privacy feature. Too many notifications about 'memories' I didn't ask for.",112,,0,,3,87,7.16.0,,,,,,,,,noise,False,False,,,,,,,,,,,
google_play:syn-goo-0028,google_play,android,syn-goo-0028,2025-04-11T23:53:02,True,synthetic://google_play/syn-goo-0028,,"Honestly, The app is slow to load thumbnails on my old phone. Face grouping merged my twin daughters into one person lol.",121,,0,,4,247,7.18.0,,,,,,,,,noise,False,False,,,,,,,,,,,
google_play:syn-goo-0029,google_play,android,syn-goo-0029,2025-02-23T15:04:08,True,synthetic://google_play/syn-goo-0029,,"I've been looking for a picture of the ramen bowl from the tiny shop for days. It's from the Japan trip. I don't remember the name of the place. I searched ""ramen"" and got a bunch of pictures that had nothing to do with it. It seems like search ignores half of what I type and only matches one word. I jumped to roughly that year with the scrollbar and went month by month. Still haven't found it.",397,,0,,1,192,7.9.0,,,,,,,,,attempt,True,True,food_restaurant_memory,not_found,B_system_understanding,remembered_trip,exact_location_unknown,keyword,ramen,wrong_results,date_browsing,,
google_play:syn-goo-0030,google_play,android,syn-goo-0030,2026-03-22T13:06:44,True,synthetic://google_play/syn-goo-0030,,"Honestly, I wish the video editor had more music options.",57,,0,,5,257,7.17.0,,,,,,,,,noise,False,False,,,,,,,,,,,
google_play:syn-goo-0031,google_play,android,syn-goo-0031,2023-08-12T08:08:53,True,synthetic://google_play/syn-goo-0031,,"Great backup app but search needs work. Does anyone know how to find the photo of a plant I saw at a nursery? I remember purple and green striped leaves in a hanging pot. I don't remember the name of the place. Searched for ""plant with purple striped leaves"" but it just showed random photos. It seems like search ignores half of what I type and only matches one word. Gave up for the day and tried again the next week. Never found it.",435,,0,,3,55,7.27.0,,,,,,,,,attempt,True,True,object_memory,not_found,B_system_understanding,remembered_visual_appearance,exact_location_unknown,natural_language,plant with purple striped leaves,wrong_results,return_later,,
google_play:syn-goo-0032,google_play,android,syn-goo-0032,2024-06-18T08:08:25,True,synthetic://google_play/syn-goo-0032,,"Search is useless for old photos. I'm trying to find the photo of the prescription for my mother's eye drops. For context, the doctor's handwriting was unreadable. I don't know what it's called. I searched ""eye clinic"" and nothing came up. I just didn't know how to describe it in a way search would get. Eventually I searched my WhatsApp chats instead. I gave up on finding it.",378,,0,,1,275,7.10.0,,,,,,,,,attempt,True,True,medical_or_health_image,abandoned,A_memory_expression,remembered_context,exact_object_name_unknown,metadata,eye clinic,not_found,abandonment; other_application,,
google_play:syn-goo-0033,google_play,android,syn-goo-0033,2025-01-12T14:25:51,True,synthetic://google_play/syn-goo-0033,,"Search is useless for old photos. I'm trying to find the selfie from the concert. I need it now because it's her birthday and I want to post it. Timing wise it was not sure if it was the first or second day. I have no idea what year it was. I typed ""concert"" in search and nothing came up. I know exactly what it looks like but can't put it into search words. Got it eventually, after way too long.",398,,0,,4,258,7.3.0,,,,,,,,,attempt,True,True,friend_memory,found,A_memory_expression,remembered_time_approximation,exact_date_unknown,keyword,concert,not_found,,,
google_play:syn-goo-0034,google_play,android,syn-goo-0034,2024-04-17T16:56:03,True,synthetic://google_play/syn-goo-0034,,Update: The app is slow to load thumbnails on my old phone.,59,,0,,4,151,7.4.0,,,,,,,,,noise,False,False,,,,,,,,,,,
google_play:syn-goo-0035,google_play,android,syn-goo-0035,2023-12-06T11:59:14,True,synthetic://google_play/syn-goo-0035,,"Great backup app but search needs work. I've been looking for a photo of the rental agreement for days. I need it because the landlord is refusing to return the deposit. It had something about the notice period on it. I can't recall what it said exactly. Tried ""agreement 2021"" and got no results. The text in the photo doesn't seem to be searchable. Tried synonyms like ""contract"" too. Found one that might be it, but I'm not sure it's the same one.",450,,0,,3,268,7.24.0,,,,,,,,,attempt,True,True,document,uncertain,F_data_index_limitation,remembered_text,exact_text_unknown,metadata,agreement 2021,not_found,synonym_search,,
google_play:syn-goo-0036,google_play,android,syn-goo-0036,2024-02-05T13:34:12,True,synthetic://google_play/syn-goo-0036,,"I've been looking for a shot of the fireworks at the new year party for days. I remember green fireworks over a swimming pool. I can't remember the date at all. I typed ""green fireworks over pool"" in search and it popped up near the top. Finally found it after way too long.",274,,0,,3,165,7.12.0,,,,,,,,,attempt,True,True,event_memory,found,none_observed,remembered_visual_appearance,exact_date_unknown,natural_language,green fireworks over pool,found,,,
google_play:syn-goo-0037,google_play,android,syn-goo-0037,2026-07-04T14:44:14,True,synthetic://google_play/syn-goo-0037,,"was sure i'd never find the photo of my son's vaccination card, but searching ""vaccination"" plus the year got it on the first try.",130,,0,,4,17,7.15.0,,,,,,,,,success,True,True,document,found,none_observed,,,,,,,,vague_search_succeeded
google_play:syn-goo-0038,google_play,android,syn-goo-0038,2025-05-30T17:58:00,True,synthetic://google_play/syn-goo-0038,,"Does anyone know how to find the photo of my handwritten letter to myself? The photo shows a letter. I can't recall what it said exactly. I searched ""letter"" and nothing came up. After that I had no idea what else to try. I asked my sister if she still had it. Got it eventually, after half an hour of scrolling.",312,,0,,3,4,7.26.0,,,,,,,,,attempt,True,True,personal_memory,found,E_refinement,remembered_object,exact_text_unknown,keyword,letter,not_found,ask_another_person,,
google_play:syn-goo-0039,google_play,android,syn-goo-0039,2024-11-02T11:38:03,True,synthetic://google_play/syn-goo-0039,,"was sure i'd never find the photo from the ganpati procession, but searching ""ganpati"" plus the year got it on the first try.",125,,0,,4,40,7.17.0,,,,,,,,,success,True,True,event_memory,found,none_observed,,,,,,,,vague_search_succeeded
google_play:syn-goo-0040,google_play,android,syn-goo-0040,2023-05-13T23:38:57,True,synthetic://google_play/syn-goo-0040,,"Two things. Love the collage feature, made a nice one for my mom.",65,,0,,4,282,7.18.0,,,,,,,,,noise,False,False,,,,,,,,,,,
google_play:syn-goo-0041,google_play,android,syn-goo-0041,2024-02-12T15:59:52,True,synthetic://google_play/syn-goo-0041,,"Great backup app but search needs work. I've been looking for the video of my dog meeting the new puppy for days. I need it because our old dog passed away last week. I can picture the puppy running circles around him. Not sure which month or year, honestly. I typed ""2020 video"" in search and got no results. Screen recordings don't seem to be indexed at all. Tried synonyms like ""puppy"" too. Got it eventually, after half an hour of scrolling.",445,,0,,3,120,7.5.0,,,,,,,,,attempt,True,True,video,found,F_data_index_limitation,remembered_visual_appearance,exact_date_unknown,metadata,2020 video,not_found,synonym_search,,
google_play:syn-goo-0042,google_play,android,syn-goo-0042,2023-05-13T14:25:13,True,synthetic://google_play/syn-goo-0042,,Great backup app but search needs work. It's frustrating that I have to guess what word the app uses for something.,115,,0,,3,269,7.8.0,,,,,,,,,opinion,True,False,,,,,,,,,,,
google_play:syn-goo-0043,google_play,android,syn-goo-0043,2023-07-29T00:09:48,True,synthetic://google_play/syn-goo-0043,,"Great backup app but search needs work. Search should work the way I remember things, like 'wine bottle with bird drawing on label', not just single words.",155,,0,,2,191,7.2.0,,,,,,,,,opinion,True,False,,,,,,,,,,,
google_play:syn-goo-0044,google_play,android,syn-goo-0044,2023-03-20T21:49:27,True,synthetic://google_play/syn-goo-0044,,"Frustrating search. I've been looking for the photo of my son's first steps for days. It's the one my wife took, not me. I have no idea what year it was. I typed ""baby walking"" in search and got a bunch of pictures that had nothing to do with it. I just didn't know how to describe it in a way search would get. Still haven't found it.",335,,0,,1,5,7.27.0,,,,,,,,,attempt,True,True,family_memory,not_found,A_memory_expression,remembered_relationship,exact_date_unknown,keyword,baby walking,wrong_results,,,
google_play:syn-goo-0045,google_play,android,syn-goo-0045,2024-10-01T20:37:34,True,synthetic://google_play/syn-goo-0045,,"I'm trying to find a screenshot of a recipe from Instagram. I can picture a dark background with white text. I don't remember the exact words on it. Searched for ""instagram screenshot"" and got thousands of results to scroll through. All the results look the same as tiny thumbnails. I checked my Gmail in case I had sent it to someone. Eventually I just gave up.",362,,0,,2,9,7.28.0,,,,,,,,,attempt,True,True,screenshot,abandoned,D_result_evaluation,remembered_visual_appearance,exact_text_unknown,metadata,instagram screenshot,too_many_results,abandonment; other_application,,
google_play:syn-goo-0046,google_play,android,syn-goo-0046,2026-03-19T22:39:12,True,synthetic://google_play/syn-goo-0046,,"Frustrating search. Looking for the photo of the temple on the hill. It was a long time ago, maybe 2015. I can't recall where exactly it was. Tried ""white temple on hill with steps"" and nothing came up. The photo is definitely in my library but search never shows it. Found one that might be it, but I'm not sure it's the same one.",331,,0,,3,87,7.5.0,,,,,,,,,attempt,True,True,location_memory,uncertain,C_retrieval,remembered_time_approximation,exact_location_unknown,natural_language,white temple on hill with steps,not_found,,,
google_play:syn-goo-0047,google_play,android,syn-goo-0047,2024-02-06T17:13:11,True,synthetic://google_play/syn-goo-0047,,"Looking for a picture of the ramen bowl from the tiny shop. I need it because a friend wants the shop name. I know it was near the station in Tokyo. No idea what the thing is actually called. I searched ""tokyo april 2023"" and nothing came up. How do you even search for something like that? I found a similar one but not the exact photo I wanted.",346,,0,,1,21,7.13.0,,,,,,,,,attempt,True,True,food_restaurant_memory,partially_found,A_memory_expression,remembered_place,exact_object_name_unknown,metadata,tokyo april 2023,not_found,,,
google_play:syn-goo-0048,google_play,android,syn-goo-0048,2025-01-22T16:16:01,True,synthetic://google_play/syn-goo-0048,,"I'm trying to find the photo of the menu at the street food stall. I can picture a handwritten board in Hindi. I have no idea what year it was. I typed ""delhi winter"" in search and got a bunch of pictures that had nothing to do with it. It took ""menu"" literally and ignored everything else. I found a similar one but not the exact photo I wanted.",346,,0,,1,11,7.1.0,,,,,,,,,attempt,True,True,food_restaurant_memory,partially_found,B_system_understanding,remembered_visual_appearance,exact_date_unknown,metadata,delhi winter,wrong_results,,,
google_play:syn-goo-0049,google_play,android,syn-goo-0049,2026-06-20T16:41:08,True,synthetic://google_play/syn-goo-0049,,"two things. the locked folder is a nice privacy feature. love the collage feature, made a nice one for my mom.",110,,0,,4,204,7.4.0,,,,,,,,,noise,False,False,,,,,,,,,,,
google_play:syn-goo-0050,google_play,android,syn-goo-0050,2025-06-24T18:21:45,True,synthetic://google_play/syn-goo-0050,,"Deleted photos don't free up space on the phone, confusing. Please add a dark mode for the web version.",103,,0,,5,20,7.2.0,,,,,,,,,noise,False,False,,,,,,,,,,,
google_play:syn-goo-0051,google_play,android,syn-goo-0051,2025-11-13T02:54:41,True,synthetic://google_play/syn-goo-0051,,"Didn't remember anything except green hills and a reflection of my face in the glass, searched for that and it showed up. Impressed.",132,,0,,5,193,7.21.0,,,,,,,,,success,True,True,travel_memory,found,none_observed,,,,,,,,vague_search_succeeded
google_play:syn-goo-0052,google_play,android,syn-goo-0052,2025-10-25T17:28:48,True,synthetic://google_play/syn-goo-0052,,"Looking for the photo of the dessert we ordered at that restaurant. It was at my sister's birthday dinner. I don't even remember what the event was called. Tried ""bangalore october"" and got a bunch of pictures that had nothing to do with it. I didn't know what else to try. Gave up for the day and tried again the next week. Still haven't found it.",348,,0,,2,259,7.8.0,,,,,,,,,attempt,True,True,food_restaurant_memory,not_found,E_refinement,remembered_event,event_name_unknown,metadata,bangalore october,wrong_results,return_later,,
google_play:syn-goo-0053,google_play,android,syn-goo-0053,2025-04-06T05:52:12,True,synthetic://google_play/syn-goo-0053,,Update: Can't figure out how to download all my photos to a hard drive.,71,,0,,4,167,7.29.0,,,,,,,,,noise,False,False,,,,,,,,,,,
google_play:syn-goo-0054,google_play,android,syn-goo-0054,2025-12-22T01:46:06,True,synthetic://google_play/syn-goo-0054,,"Search is hit or miss. Search should work the way I remember things, like 'parking pillar sign', not just single words.",119,,0,,2,284,7.17.0,,,,,,,,,opinion,True,False,,,,,,,,,,,
google_play:syn-goo-0055,google_play,android,syn-goo-0055,2026-01-02T22:55:46,True,synthetic://google_play/syn-goo-0055,,Frustrating search. It's frustrating that I have to guess what word the app uses for something.,95,,0,,2,135,7.13.0,,,,,,,,,opinion,True,False,,,,,,,,,,,
google_play:syn-goo-0056,google_play,android,syn-goo-0056,2023-06-16T16:06:10,True,synthetic://google_play/syn-goo-0056,,"Honestly, Please add a dark mode for the web version.",53,,0,,3,24,7.10.0,,,,,,,,,noise,False,False,,,,,,,,,,,
google_play:syn-goo-0057,google_play,android,syn-goo-0057,2023-01-04T01:13:49,True,synthetic://google_play/syn-goo-0057,,"Honestly, The app is slow to load thumbnails on my old phone. Printing service delivery took two weeks.",103,,0,,3,148,7.20.0,,,,,,,,,noise,False,False,,,,,,,,,,,
google_play:syn-goo-0058,google_play,android,syn-goo-0058,2023-09-28T17:46:54,True,synthetic://google_play/syn-goo-0058,,"honestly search is amazing. i typed ""old lady in green saree with bride on stage"" and it found the photo with the bride and my grandmother in seconds.",150,,0,,5,23,7.1.0,,,,,,,,,success,True,True,wedding_memory,found,none_observed,,,,,,,,vague_search_succeeded
google_play:syn-goo-0059,google_play,android,syn-goo-0059,2025-01-01T19:26:47,True,synthetic://google_play/syn-goo-0059,,"Minor gripe: The app is slow to load thumbnails on my old phone. The editing tools are great, the magic eraser is really good.",126,,0,,4,298,7.10.0,,,,,,,,,noise,False,False,,,,,,,,,,,
google_play:syn-goo-0060,google_play,android,syn-goo-0060,2023-12-05T00:00:52,True,synthetic://google_play/syn-goo-0060,,"search is useless for old photos. looking for the video of my mom singing at the dinner table. i remember my mom being in it. i can't remember the date at all. i searched ""video of mom singing at dinner"" and it gave me hundreds of photos. i have hundreds of similar shots and can't tell which one it was. i jumped to roughly that year with the scrollbar and went month by month. found one that might be it, but i'm not sure it's the same one.",442,,0,,3,12,7.13.0,,,,,,,,,attempt,True,True,family_memory,uncertain,D_result_evaluation,remembered_person,exact_date_unknown,natural_language,video of mom singing at dinner,too_many_results,date_browsing,,
google_play:syn-goo-0061,google_play,android,syn-goo-0061,2025-08-10T02:55:48,True,synthetic://google_play/syn-goo-0061,,"Frustrating search. I've been looking for the photo of the dessert we ordered at that restaurant for days. It was last year, maybe around October. No clue what the place was called. I searched ""dessert"" and got thousands of results to scroll through. I have hundreds of similar shots and can't tell which one it was. Never found it.",332,,0,,2,89,7.8.0,,,,,,,,,attempt,True,True,food_restaurant_memory,not_found,D_result_evaluation,remembered_time_approximation,exact_location_unknown,keyword,dessert,too_many_results,,,
google_play:syn-goo-0062,google_play,android,syn-goo-0062,2025-03-07T11:57:44,True,synthetic://google_play/syn-goo-0062,,"Great backup app but search needs work. Does anyone know how to find the group photo from the night we all stayed up on the terrace? I need it because one of them is getting married and we're making a video. I remember fairy lights and everyone squinting because of the flash. I have no idea what year it was. Tried ""friends on terrace at night with fairy lights"" and there it was. Got it eventually, after two evenings.",420,,0,,4,274,7.16.0,,,,,,,,,attempt,True,True,friend_memory,found,none_observed,remembered_visual_appearance,exact_date_unknown,natural_language,friends on terrace at night with fairy lights,found,,,
google_play:syn-goo-0063,google_play,android,syn-goo-0063,2024-04-23T20:45:55,True,synthetic://google_play/syn-goo-0063,,Two things. Storage is full again and now they want me to pay for more. Too expensive for what it is.,101,,0,,3,200,7.20.0,,,,,,,,,noise,False,False,,,,,,,,,,,
google_play:syn-goo-0064,google_play,android,syn-goo-0064,2023-03-09T00:58:46,True,synthetic://google_play/syn-goo-0064,,"Was sure I'd never find the photo of the warranty card for the washing machine, but searching ""warranty"" plus the year got it on the first try.",143,,0,,3,82,7.12.0,,,,,,,,,success,True,True,receipt,found,none_observed,,,,,,,,vague_search_succeeded
google_play:syn-goo-0065,google_play,android,syn-goo-0065,2025-09-04T03:38:11,True,synthetic://google_play/syn-goo-0065,,"Search is useless for old photos. Does anyone know how to find the screenshot where I had the information about that course? I need it because the application deadline might be close. Timing wise it was a few months ago. I have no idea what year it was. I searched ""course"" and nothing came up. Text inside screenshots doesn't seem to be searchable. Finally found it after half an hour of scrolling.",399,,0,,5,104,7.10.0,,,,,,,,,attempt,True,True,screenshot,found,F_data_index_limitation,remembered_time_approximation,exact_date_unknown,keyword,course,not_found,,,
google_play:syn-goo-0066,google_play,android,syn-goo-0066,2024-06-09T10:17:20,True,synthetic://google_play/syn-goo-0066,,Frustrating search. It's frustrating that I have to guess what word the app uses for something.,95,,0,,2,164,7.25.0,,,,,,,,,opinion,True,False,,,,,,,,,,,
google_play:syn-goo-0067,google_play,android,syn-goo-0067,2023-03-05T15:53:26,True,synthetic://google_play/syn-goo-0067,,Two things. The app is slow to load thumbnails on my old phone. Storage is full again and now they want me to pay for more. Too expensive for what it is.,153,,0,,3,177,7.16.0,,,,,,,,,noise,False,False,,,,,,,,,,,
google_play:syn-goo-0068,google_play,android,syn-goo-0068,2024-08-11T06:12:10,True,synthetic://google_play/syn-goo-0068,,Minor gripe: Why did they move the sharing button? The new layout is confusing.,79,,0,,3,268,7.7.0,,,,,,,,,noise,False,False,,,,,,,,,,,
google_play:syn-goo-0069,google_play,android,syn-goo-0069,2025-10-01T20:26:04,True,synthetic://google_play/syn-goo-0069,,"Frustrating search. Looking for the screenshot of the product I wanted to buy. Timing wise it was a couple of months ago. No idea what the thing is actually called. Tried ""brass lamp with curved neck"" and got no results. Text inside screenshots doesn't seem to be searchable. Still haven't found it.",299,,0,,2,182,7.4.0,,,,,,,,,attempt,True,True,purchase_related_image,not_found,F_data_index_limitation,remembered_time_approximation,exact_object_name_unknown,natural_language,brass lamp with curved neck,not_found,,,
google_play:syn-goo-0070,google_play,android,syn-goo-0070,2024-04-18T04:35:22,True,synthetic://google_play/syn-goo-0070,,"looking for the photo from my friend's wedding where we were standing outside. i need it because it's their anniversary next week. i know it was outside the venue near the parking area. i can't remember the date at all. tried ""friends standing outside wedding venue at night"" and got thousands of results to scroll through. i have hundreds of similar shots and can't tell which one it was. i asked my sister if she still had it. never found it.",444,,0,,3,121,7.17.0,,,,,,,,,attempt,True,True,wedding_memory,not_found,D_result_evaluation,remembered_place,exact_date_unknown,natural_language,friends standing outside wedding venue at night,too_many_results,ask_another_person,,
google_play:syn-goo-0071,google_play,android,syn-goo-0071,2024-02-27T14:08:20,True,synthetic://google_play/syn-goo-0071,,"Search is useless for old photos. I'm trying to find the photo from the Ganpati procession. I need it because our society newsletter wanted old pictures. It was at the Ganpati visarjan. Not sure which month or year, honestly. I typed ""ganpati"" in search and it popped up near the top. I jumped to roughly that year with the scrollbar and went month by month. Finally found it after half an hour of scrolling.",408,,0,,3,204,7.28.0,,,,,,,,,attempt,True,True,event_memory,found,none_observed,remembered_event,exact_date_unknown,keyword,ganpati,found,date_browsing,,
google_play:syn-goo-0072,google_play,android,syn-goo-0072,2024-10-03T09:27:33,True,synthetic://google_play/syn-goo-0072,,"Frustrating search. Looking for a screenshot of a map with a pin someone sent. For context, a friend shared the location of a trekking base camp. No clue what the place was called. Tried ""map"" and there it was. Got it eventually, after way too long.",249,,0,,3,214,7.8.0,,,,,,,,,attempt,True,True,screenshot,found,none_observed,remembered_context,exact_location_unknown,keyword,map,found,,,
google_play:syn-goo-0073,google_play,android,syn-goo-0073,2025-05-17T17:34:34,True,synthetic://google_play/syn-goo-0073,,Search is useless for old photos. It's frustrating that I have to guess what word the app uses for something.,109,,0,,3,209,7.17.0,,,,,,,,,opinion,True,False,,,,,,,,,,,
google_play:syn-goo-0074,google_play,android,syn-goo-0074,2023-02-02T23:16:29,True,synthetic://google_play/syn-goo-0074,,"Does anyone know how to find that photo where I was wearing the blue shirt? It was taken at a friend's place, I think. No clue what the place was called. I searched ""summer"" and got no results. How do you even search for something like that? Found one that might be it, but I'm not sure it's the same one.",305,,0,,2,210,7.24.0,,,,,,,,,attempt,True,True,personal_memory,uncertain,A_memory_expression,remembered_place,exact_location_unknown,metadata,summer,not_found,,,
google_play:syn-goo-0075,google_play,android,syn-goo-0075,2025-11-18T04:27:22,True,synthetic://google_play/syn-goo-0075,,"I remember photos by who I was with and what we were doing, not by where the GPS says I was.",92,,0,,2,28,7.9.0,,,,,,,,,opinion,True,False,,,,,,,,,,,
google_play:syn-goo-0076,google_play,android,syn-goo-0076,2025-05-07T15:18:41,True,synthetic://google_play/syn-goo-0076,,Backup has been stuck on 'preparing' for three days. Very annoying. Storage is full again and now they want me to pay for more. Too expensive for what it is.,157,,0,,5,180,7.19.0,,,,,,,,,noise,False,False,,,,,,,,,,,
google_play:syn-goo-0077,google_play,android,syn-goo-0077,2025-03-13T16:49:30,True,synthetic://google_play/syn-goo-0077,,"Was sure I'd never find the old scanned photo of my grandparents' wedding, but searching ""old photo"" plus the year got it on the first try.",139,,0,,3,66,7.30.0,,,,,,,,,success,True,True,family_memory,found,none_observed,,,,,,,,vague_search_succeeded
google_play:syn-goo-0078,google_play,android,syn-goo-0078,2023-01-06T10:14:18,True,synthetic://google_play/syn-goo-0078,,"Great backup app but search needs work. I've been looking for the photo of the temple on the hill for days. Timing wise it was a long time ago, maybe 2015. No clue what the place was called. Tried ""white temple on hill with steps"" and got thousands of results to scroll through. I have hundreds of similar shots and can't tell which one it was. I checked all my albums one by one. Still haven't found it.",404,,0,,3,154,7.11.0,,,,,,,,,attempt,True,True,location_memory,not_found,D_result_evaluation,remembered_time_approximation,exact_location_unknown,natural_language,white temple on hill with steps,too_many_results,album_browsing,,
google_play:syn-goo-0079,google_play,android,syn-goo-0079,2023-11-09T11:02:16,True,synthetic://google_play/syn-goo-0079,,"Honestly, The widget on the home screen shows the same photo every day. Why did they move the sharing button? The new layout is confusing.",138,,0,,3,43,7.27.0,,,,,,,,,noise,False,False,,,,,,,,,,,
google_play:syn-goo-0080,google_play,android,syn-goo-0080,2026-07-27T10:48:54,True,synthetic://google_play/syn-goo-0080,,"i'm trying to find the photo from the ganpati procession. it was not sure which year. i can't remember the date at all. tried ""people covered in red colour with ganesh idol"" and there it was. ended up scrolling back through years of photos. finally found it after three days.",275,,0,,5,109,7.17.0,,,,,,,,,attempt,True,True,event_memory,found,none_observed,remembered_time_approximation,exact_date_unknown,natural_language,people covered in red colour with ganesh idol,found,manual_scrolling,,
google_play:syn-goo-0081,google_play,android,syn-goo-0081,2025-02-06T15:30:12,True,synthetic://google_play/syn-goo-0081,,"Frustrating search. I'm trying to find the picture of the dent on my car. It's a picture of a dent on the car door. Not sure which month or year, honestly. I searched ""dent on silver car door"" but it just showed random photos. I know exactly what it looks like but can't put it into search words. I checked all my albums one by one. Got it eventually, after way too long.",371,,0,,3,92,7.21.0,,,,,,,,,attempt,True,True,object_memory,found,A_memory_expression,remembered_object,exact_date_unknown,natural_language,dent on silver car door,wrong_results,album_browsing,,
google_play:syn-goo-0082,google_play,android,syn-goo-0082,2023-04-04T12:01:53,True,synthetic://google_play/syn-goo-0082,,"Thought search was broken but the picture of the medicine I took when I was sick last year was in my partner's library, not mine.",129,,0,,3,247,7.16.0,,,,,,,,,misattribution,True,True,medical_or_health_image,not_found,F_data_index_limitation,,,,,,,,failure_not_search_related
google_play:syn-goo-0083,google_play,android,syn-goo-0083,2025-10-28T09:53:31,True,synthetic://google_play/syn-goo-0083,,"search is hit or miss. i've been looking for a picture of the ramen bowl from the tiny shop for days. it's from the japan trip. i can't recall where exactly it was. i typed ""ramen bowl with egg at a small shop near station"" in search and it gave me hundreds of photos. all the results look the same as tiny thumbnails. i jumped to roughly that year with the scrollbar and went month by month. i found a similar one but not the exact photo i wanted.",448,,0,,1,252,7.26.0,,,,,,,,,attempt,True,True,food_restaurant_memory,partially_found,D_result_evaluation,remembered_trip,exact_location_unknown,natural_language,ramen bowl with egg at a small shop near station,too_many_results,date_browsing,,
google_play:syn-goo-0084,google_play,android,syn-goo-0084,2023-09-19T21:21:07,True,synthetic://google_play/syn-goo-0084,,"Honestly, Shared album invite link doesn't work for my dad.",59,,0,,3,20,7.13.0,,,,,,,,,noise,False,False,,,,,,,,,,,
google_play:syn-goo-0085,google_play,android,syn-goo-0085,2025-03-27T10:56:14,True,synthetic://google_play/syn-goo-0085,,"Cancelled my subscription, moving everything to an external drive. Printing service delivery took two weeks.",108,,0,,3,23,7.7.0,,,,,,,,,noise,False,False,,,,,,,,,,,
google_play:syn-goo-0086,google_play,android,syn-goo-0086,2026-01-18T22:16:21,True,synthetic://google_play/syn-goo-0086,,Minor gripe: The widget on the home screen shows the same photo every day. Backup has been stuck on 'preparing' for three days. Very annoying.,142,,0,,5,75,7.21.0,,,,,,,,,noise,False,False,,,,,,,,,,,
google_play:syn-goo-0087,google_play,android,syn-goo-0087,2026-07-21T16:40:15,True,synthetic://google_play/syn-goo-0087,,can't figure out how to download all my photos to a hard drive.,63,,0,,3,51,7.22.0,,,,,,,,,noise,False,False,,,,,,,,,,,
google_play:syn-goo-0088,google_play,android,syn-goo-0088,2023-01-28T13:25:48,True,synthetic://google_play/syn-goo-0088,,"Thought search was broken but a photo of the tiny café we found in Goa was in my partner's library, not mine.",109,,0,,2,287,7.23.0,,,,,,,,,misattribution,True,True,travel_memory,not_found,F_data_index_limitation,,,,,,,,failure_not_search_related
google_play:syn-goo-0089,google_play,android,syn-goo-0089,2024-10-14T00:44:32,True,synthetic://google_play/syn-goo-0089,,"App keeps crashing when I open a large video. Deleted photos don't free up space on the phone, confusing.",105,,0,,5,296,7.30.0,,,,,,,,,noise,False,False,,,,,,,,,,,
google_play:syn-goo-0090,google_play,android,syn-goo-0090,2023-09-01T15:19:50,True,synthetic://google_play/syn-goo-0090,,printing service delivery took two weeks. syncing between my two phones is inconsistent.,88,,0,,5,207,7.15.0,,,,,,,,,noise,False,False,,,,,,,,,,,
google_play:syn-goo-0091,google_play,android,syn-goo-0091,2025-08-31T15:00:56,True,synthetic://google_play/syn-goo-0091,,Update: The widget on the home screen shows the same photo every day. Printing service delivery took two weeks.,111,,0,,3,42,7.21.0,,,,,,,,,noise,False,False,,,,,,,,,,,
google_play:syn-goo-0092,google_play,android,syn-goo-0092,2025-05-24T00:10:26,True,synthetic://google_play/syn-goo-0092,,"frustrating search. search should work the way i remember things, like 'class photo on school steps sarees suits', not just single words.",137,,0,,3,62,7.28.0,,,,,,,,,opinion,True,False,,,,,,,,,,,
google_play:syn-goo-0093,google_play,android,syn-goo-0093,2023-01-31T23:41:28,True,synthetic://google_play/syn-goo-0093,,"I'm trying to find the photo of a plant I saw at a nursery. I need it because I want to buy it now that I have a balcony. We were at a nursery near my office when I took it. I don't know what it's called. Searched for ""nursery"" and got no results. The photo is definitely in my library but search never shows it. Still haven't found it.",336,,0,,1,199,7.10.0,,,,,,,,,attempt,True,True,object_memory,not_found,C_retrieval,remembered_place,exact_object_name_unknown,metadata,nursery,not_found,,,
google_play:syn-goo-0094,google_play,android,syn-goo-0094,2026-05-25T00:33:51,True,synthetic://google_play/syn-goo-0094,,"Looking for the photo of the electrician's handwritten estimate. I need it because he's charging way more now. Timing wise it was a few months ago. I don't know what word the app would use for it. Searched for ""handwritten estimate on notebook paper"" and got no results. How do you even search for something like that? Eventually I searched my WhatsApp chats instead. I gave up on finding it.",392,,0,,2,299,7.14.0,,,,,,,,,attempt,True,True,receipt,abandoned,A_memory_expression,remembered_time_approximation,exact_keyword_unknown,natural_language,handwritten estimate on notebook paper,not_found,abandonment; other_application,,
google_play:syn-goo-0095,google_play,android,syn-goo-0095,2025-02-09T21:54:36,True,synthetic://google_play/syn-goo-0095,,"thought search was broken but the photo of us at the football match was in my partner's library, not mine.",106,,0,,2,145,7.23.0,,,,,,,,,misattribution,True,True,friend_memory,not_found,F_data_index_limitation,,,,,,,,failure_not_search_related
google_play:syn-goo-0096,google_play,android,syn-goo-0096,2026-04-16T01:32:23,True,synthetic://google_play/syn-goo-0096,,"Update: Face grouping merged my twin daughters into one person lol. Deleted photos don't free up space on the phone, confusing.",127,,0,,3,292,7.5.0,,,,,,,,,noise,False,False,,,,,,,,,,,
google_play:syn-goo-0097,google_play,android,syn-goo-0097,2023-05-09T08:28:42,True,synthetic://google_play/syn-goo-0097,,"Looking for the picture of the dent on my car. I need it because the insurance surveyor wants the original photo. Timing wise it was maybe 6 months ago. Not sure which month or year, honestly. Searched for ""dent on silver car door"" and got a bunch of pictures that had nothing to do with it. How do you even search for something like that? I gave up on finding it.",364,,0,,3,132,7.29.0,,,,,,,,,attempt,True,True,object_memory,abandoned,A_memory_expression,remembered_time_approximation,exact_date_unknown,natural_language,dent on silver car door,wrong_results,abandonment,,
google_play:syn-goo-0098,google_play,android,syn-goo-0098,2024-03-11T07:00:06,True,synthetic://google_play/syn-goo-0098,,Spent an hour looking for the photo from the Ganpati procession and it turns out I had deleted it years ago. Not the app's fault.,129,,0,,1,148,7.12.0,,,,,,,,,misattribution,True,True,event_memory,not_found,F_data_index_limitation,,,,,,,,failure_not_search_related
google_play:syn-goo-0099,google_play,android,syn-goo-0099,2024-05-19T01:37:25,True,synthetic://google_play/syn-goo-0099,,Update: Uploading in original quality eats my data plan. Syncing between my two phones is inconsistent.,103,,0,,4,54,7.12.0,,,,,,,,,noise,False,False,,,,,,,,,,,
google_play:syn-goo-0100,google_play,android,syn-goo-0100,2024-11-24T07:19:04,True,synthetic://google_play/syn-goo-0100,,"looking for the screenshot of the product i wanted to buy. for context, i saw it in an ad and screenshotted it. i don't remember the exact words on it. searched for ""brass lamp with curved neck"" and there it was. i even googled how to search google photos better. got it eventually, after about an hour.",303,,0,,3,14,7.2.0,,,,,,,,,attempt,True,True,purchase_related_image,found,none_observed,remembered_context,exact_text_unknown,natural_language,brass lamp with curved neck,found,external_search,,
google_play:syn-goo-0101,google_play,android,syn-goo-0101,2024-06-08T12:48:58,True,synthetic://google_play/syn-goo-0101,,"Does anyone know how to find the photo of us dancing at the sangeet? It was at the sangeet night. I don't remember which album it went into. I typed ""couple dancing under disco ball pink lehenga"" in search and it gave me hundreds of photos. I have hundreds of similar shots and can't tell which one it was. I found a similar one but not the exact photo I wanted.",362,,0,,1,24,7.9.0,,,,,,,,,attempt,True,True,wedding_memory,partially_found,D_result_evaluation,remembered_event,album_unknown,natural_language,couple dancing under disco ball pink lehenga,too_many_results,,,
google_play:syn-goo-0102,google_play,android,syn-goo-0102,2024-05-03T05:12:42,True,synthetic://google_play/syn-goo-0102,,"search is useless for old photos. does anyone know how to find the screenshot of the train booking confirmation? i can picture a white screen with a green tick. i don't remember the exact words on it. i typed ""train ticket booking confirmation screenshot"" in search and got no results. the photo is definitely in my library but search never shows it. ended up scrolling back through years of photos. i gave up on finding it.",424,,0,,2,99,7.26.0,,,,,,,,,attempt,True,True,screenshot,abandoned,C_retrieval,remembered_visual_appearance,exact_text_unknown,natural_language,train ticket booking confirmation screenshot,not_found,abandonment; manual_scrolling,,
google_play:syn-goo-0103,google_play,android,syn-goo-0103,2025-07-13T20:08:51,True,synthetic://google_play/syn-goo-0103,,"I've been looking for that photo where I was wearing the blue shirt for days. It was maybe two summers ago. I can't recall where exactly it was. Searched for ""me wearing blue shirt white wall"" and nothing came up. I didn't know what else to try. Ended up scrolling back through years of photos. Found one that might be it, but I'm not sure it's the same one.",358,,0,,1,136,7.14.0,,,,,,,,,attempt,True,True,personal_memory,uncertain,E_refinement,remembered_time_approximation,exact_location_unknown,natural_language,me wearing blue shirt white wall,not_found,manual_scrolling,,
google_play:syn-goo-0104,google_play,android,syn-goo-0104,2025-03-10T10:32:15,True,synthetic://google_play/syn-goo-0104,,"Great backup app but search needs work. I've been looking for the photo of the menu at the street food stall for days. I need it because I want to recommend it to someone visiting. It was a winter evening, not sure which year. No clue what the place was called. I typed ""handwritten street food menu board"" in search but it just showed random photos. It took ""menu"" literally and ignored everything else. I went through the face group for that person too. Still haven't found it.",479,,0,,1,150,7.5.0,,,,,,,,,attempt,True,True,food_restaurant_memory,not_found,B_system_understanding,remembered_time_approximation,exact_location_unknown,natural_language,handwritten street food menu board,wrong_results,people_browsing,,
google_play:syn-goo-0105,google_play,android,syn-goo-0105,2026-05-15T02:53:09,True,synthetic://google_play/syn-goo-0105,,"Looking for a picture of the waterfall we hiked to. I need it because my cousin asked for it for a reunion slideshow. Timing wise it was during monsoon, around 2020. I can't remember the date at all. Tried ""meghalaya 2020"" and nothing came up. I didn't know what else to try. Finally found it after two evenings.",312,,0,,5,253,7.25.0,,,,,,,,,attempt,True,True,travel_memory,found,E_refinement,remembered_time_approximation,exact_date_unknown,metadata,meghalaya 2020,not_found,,,
google_play:syn-goo-0106,google_play,android,syn-goo-0106,2026-02-27T13:21:56,True,synthetic://google_play/syn-goo-0106,,"Great backup app but search needs work. I'm trying to find the video of my mom singing at the dinner table. It was while singing an old song. I don't remember when exactly. I searched ""sunday dinner"" and nothing came up. I think it's in my partner's library, not mine. I went through the face group for that person too. Finally found it after two evenings.",356,,0,,5,190,7.19.0,,,,,,,,,attempt,True,True,family_memory,found,F_data_index_limitation,remembered_activity,exact_date_unknown,metadata,sunday dinner,not_found,people_browsing,,
google_play:syn-goo-0107,google_play,android,syn-goo-0107,2025-11-22T02:35:50,True,synthetic://google_play/syn-goo-0107,,Found a picture of the waterfall we hiked to by searching the person's face and then scrolling a bit. Took two minutes.,119,,0,,4,125,7.27.0,,,,,,,,,success,True,True,travel_memory,found,none_observed,,,,,,,,vague_search_succeeded
google_play:syn-goo-0108,google_play,android,syn-goo-0108,2024-02-04T09:31:04,True,synthetic://google_play/syn-goo-0108,,"I'm trying to find the photo of my first tattoo right after I got it. It's a picture of a tattoo. I have no idea what year it was. Tried ""tattoo"" but it just showed random photos. It seems like search ignores half of what I type and only matches one word. I jumped to roughly that year with the scrollbar and went month by month. Found one that might be it, but I'm not sure it's the same one.",393,,0,,3,295,7.15.0,,,,,,,,,attempt,True,True,personal_memory,uncertain,B_system_understanding,remembered_object,exact_date_unknown,keyword,tattoo,wrong_results,date_browsing,,
google_play:syn-goo-0109,google_play,android,syn-goo-0109,2023-07-12T06:30:58,True,synthetic://google_play/syn-goo-0109,,"Couldn't find the screenshot where I had the information about that course anywhere, then realised it was on my old phone and never got backed up.",146,,0,,2,63,7.15.0,,,,,,,,,misattribution,True,True,screenshot,not_found,F_data_index_limitation,,,,,,,,failure_not_search_related
google_play:syn-goo-0110,google_play,android,syn-goo-0110,2025-01-13T12:19:34,True,synthetic://google_play/syn-goo-0110,,"Great backup app but search needs work. Looking for the photo of my car's insurance papers. It's a picture of the insurance papers. I can't recall what it said exactly. Searched for ""insurance"" and got a bunch of pictures that had nothing to do with it. How do you even search for something like that? I found a similar one but not the exact photo I wanted.",357,,0,,2,223,7.27.0,,,,,,,,,attempt,True,True,document,partially_found,A_memory_expression,remembered_object,exact_text_unknown,keyword,insurance,wrong_results,,,
google_play:syn-goo-0111,google_play,android,syn-goo-0111,2023-10-13T15:19:05,True,synthetic://google_play/syn-goo-0111,,"Does anyone know how to find the photo of the parking spot sign? I need it now because I got a parking fine and need to prove where I was. I remember I took it so I'd remember where I parked. I can't recall where exactly it was. I searched ""parking"" and got no results. I ran out of ideas pretty quickly. Still haven't found it.",328,,0,,3,23,7.26.0,,,,,,,,,attempt,True,True,location_memory,not_found,E_refinement,remembered_context,exact_location_unknown,metadata,parking,not_found,,,
google_play:syn-goo-0112,google_play,android,syn-goo-0112,2026-08-06T22:36:26,True,synthetic://google_play/syn-goo-0112,,"Honestly search is amazing. I typed ""video of old dog meeting new puppy"" and it found the video of my dog meeting the new puppy in seconds.",139,,0,,5,139,7.21.0,,,,,,,,,success,True,True,video,found,none_observed,,,,,,,,vague_search_succeeded
google_play:syn-goo-0113,google_play,android,syn-goo-0113,2024-05-28T04:25:51,True,synthetic://google_play/syn-goo-0113,,The widget on the home screen shows the same photo every day.,61,,0,,3,222,7.8.0,,,,,,,,,noise,False,False,,,,,,,,,,,
google_play:syn-goo-0114,google_play,android,syn-goo-0114,2025-07-19T22:12:27,True,synthetic://google_play/syn-goo-0114,,"Does anyone know how to find the selfie from the concert? I need it because it's her birthday and I want to post it. It had my best friend in it. I have no idea what year it was. I typed ""selfie at concert with confetti"" in search and got a bunch of pictures that had nothing to do with it. After that I had no idea what else to try. I gave up on finding it.",358,,0,,1,197,7.7.0,,,,,,,,,attempt,True,True,friend_memory,abandoned,E_refinement,remembered_person,exact_date_unknown,natural_language,selfie at concert with confetti,wrong_results,abandonment,,
google_play:syn-goo-0115,google_play,android,syn-goo-0115,2023-02-14T05:46:23,True,synthetic://google_play/syn-goo-0115,,"Search is useless for old photos. I've been looking for the photo with the bride and my grandmother for days. Timing wise it was reception night. I'm not sure if I ever put it in an album. I typed ""grandmother"" in search and got thousands of results to scroll through. All the results look the same as tiny thumbnails. In the end I texted my friend to send it again. Got it eventually, after about an hour.",406,,0,,5,178,7.15.0,,,,,,,,,attempt,True,True,wedding_memory,found,D_result_evaluation,remembered_time_approximation,album_unknown,keyword,grandmother,too_many_results,ask_another_person,,
google_play:syn-goo-0116,google_play,android,syn-goo-0116,2023-08-12T18:57:59,True,synthetic://google_play/syn-goo-0116,,Frustrating search. It's frustrating that I have to guess what word the app uses for something.,95,,0,,3,79,7.14.0,,,,,,,,,opinion,True,False,,,,,,,,,,,
google_play:syn-goo-0117,google_play,android,syn-goo-0117,2026-06-26T22:06:44,True,synthetic://google_play/syn-goo-0117,,"Looking for the photo from the Ganpati procession. It was not sure which year. I have no idea what year it was. Searched for ""september"" and got a bunch of pictures that had nothing to do with it. It doesn't understand what I'm describing at all. Got it eventually, after half an hour of scrolling.",298,,0,,4,234,7.10.0,,,,,,,,,attempt,True,True,event_memory,found,B_system_understanding,remembered_time_approximation,exact_date_unknown,metadata,september,wrong_results,,,
google_play:syn-goo-0118,google_play,android,syn-goo-0118,2023-02-22T01:43:38,True,synthetic://google_play/syn-goo-0118,,"Does anyone know how to find the photo of us at the football match? It had my school friends in it. I can't recall the name of the event. I typed ""stadium"" in search and nothing came up. I know exactly what it looks like but can't put it into search words. Never found it.",272,,0,,2,153,7.30.0,,,,,,,,,attempt,True,True,friend_memory,not_found,A_memory_expression,remembered_person,event_name_unknown,keyword,stadium,not_found,,,
google_play:syn-goo-0119,google_play,android,syn-goo-0119,2025-01-12T11:34:51,True,synthetic://google_play/syn-goo-0119,,"search is useless for old photos. i'm trying to find a shot of the fireworks at the new year party. it was one of the new years, 2019 or 2020. i have no idea what year it was. tried ""green fireworks over pool"" but it just showed random photos. i ran out of ideas pretty quickly. i scrolled for like 40 minutes. finally found it after two evenings.",347,,0,,4,262,7.6.0,,,,,,,,,attempt,True,True,event_memory,found,E_refinement,remembered_time_approximation,exact_date_unknown,natural_language,green fireworks over pool,wrong_results,manual_scrolling,,
app_store:syn-app-0000,app_store,ios,syn-app-0000,2023-03-13T10:09:46,True,synthetic://app_store/syn-app-0000,Search can't find old photos,"I've been looking for the photo of us dancing at the sangeet for days. I need it because I wanted it for our first anniversary post. It had my husband and his cousins in it. I don't remember which album it went into. Searched for ""couple dancing under disco ball pink lehenga"" and it popped up near the top. Tried ""dance"" and it popped up near the top. I scrolled for like 40 minutes. Finally found it after way too long.",421,,0,,4,,,,,,,,,,,attempt,True,True,wedding_memory,found,none_observed,remembered_person,album_unknown,natural_language; keyword,couple dancing under disco ball pink lehenga; dance,found; found,manual_scrolling,,
app_store:syn-app-0001,app_store,ios,syn-app-0001,2025-01-23T19:27:59,True,synthetic://app_store/syn-app-0001,"Good backup, weak search","I've been looking for that picture from the trip where we stayed near the beach for days. It was taken at a homestay near a quiet beach. I can't remember the date at all. Searched for ""hammock between coconut trees near beach homestay"" and it gave me hundreds of photos. Searched for ""beach"" and it gave me hundreds of photos. There are so many almost identical shots from that day that I can't tell which one it is. I checked all my albums one by one. Never found it.",468,,0,,3,,,,,,,,,,,attempt,True,True,location_memory,not_found,D_result_evaluation,remembered_place,exact_date_unknown,natural_language; keyword,hammock between coconut trees near beach homestay; beach,too_many_results; too_many_results,album_browsing,,
app_store:syn-app-0002,app_store,ios,syn-app-0002,2024-12-29T14:41:11,True,synthetic://app_store/syn-app-0002,Almost perfect,"On my Samsung. I'm trying to find a photo of the rental agreement. I need it because the landlord is refusing to return the deposit. I remember the landlord only gave us one copy so I photographed every page. I can't remember the date at all. I typed ""agreement"" in search and got no results. I searched ""agreement 2021"" and got no results. The photo is definitely in my library but search never shows it. I checked my Gmail in case I had sent it to someone. I gave up on finding it.",483,,0,,3,,,,,,,,,,,attempt,True,True,document,abandoned,C_retrieval,remembered_context,exact_date_unknown,keyword; metadata,agreement; agreement 2021,not_found; not_found,abandonment; other_application,android_device,
app_store:syn-app-0003,app_store,ios,syn-app-0003,2023-03-02T13:20:48,True,synthetic://app_store/syn-app-0003,Almost perfect,Update: Face grouping merged my twin daughters into one person lol.,67,,0,,5,,,,,,,,,,,noise,False,False,,,,,,,,,,,
app_store:syn-app-0004,app_store,ios,syn-app-0004,2025-08-05T09:02:41,True,synthetic://app_store/syn-app-0004,Where did my photo go?,"Search should work the way I remember things, like 'train ticket booking confirmation screenshot', not just single words.",121,,0,,3,,,,,,,,,,,opinion,True,False,,,,,,,,,,,
app_store:syn-app-0005,app_store,ios,syn-app-0005,2024-07-08T22:10:11,True,synthetic://app_store/syn-app-0005,Love it but search is frustrating,"Search should work the way I remember things, like 'sunset from hotel balcony with red railing', not just single words.",119,,0,,3,,,,,,,,,,,opinion,True,False,,,,,,,,,,,
app_store:syn-app-0006,app_store,ios,syn-app-0006,2026-05-31T05:53:55,True,synthetic://app_store/syn-app-0006,Love it but search is frustrating,Uploading in original quality eats my data plan.,48,,0,,4,,,,,,,,,,,noise,False,False,,,,,,,,,,,
app_store:syn-app-0007,app_store,ios,syn-app-0007,2026-02-05T11:19:12,True,synthetic://app_store/syn-app-0007,Search needs to be smarter,Uploading in original quality eats my data plan.,48,,0,,3,,,,,,,,,,,noise,False,False,,,,,,,,,,,
app_store:syn-app-0008,app_store,ios,syn-app-0008,2025-12-15T03:16:27,True,synthetic://app_store/syn-app-0008,"Good backup, weak search","Does anyone know how to find the photo of the warranty card for the washing machine? I remember I photographed it right after installation. It was when we bought it, 2 years ago maybe. I don't remember the exact words on it. I typed ""washing machine warranty card"" in search and nothing came up. The text on the bill isn't searchable as far as I can tell. I scrolled for like 40 minutes. Found one that might be it, but I'm not sure it's the same one.",451,,0,,2,,,,,,,,,,,attempt,True,True,receipt,uncertain,F_data_index_limitation,remembered_context; remembered_time_approximation,exact_text_unknown,natural_language,washing machine warranty card,not_found,manual_scrolling,,
app_store:syn-app-0009,app_store,ios,syn-app-0009,2024-02-17T23:10:28,True,synthetic://app_store/syn-app-0009,Love it but search is frustrating,"I've been looking for the photo of my first tattoo right after I got it for days. It's a picture of a tattoo. Timing wise it was a few years back. I can't remember the date at all. I typed ""tattoo"" in search and it gave me hundreds of photos. There are so many almost identical shots from that day that I can't tell which one it is. I jumped to roughly that year with the scrollbar and went month by month. Eventually I just gave up.",433,,0,,1,,,,,,,,,,,attempt,True,True,personal_memory,abandoned,D_result_evaluation,remembered_object; remembered_time_approximation,exact_date_unknown,metadata,tattoo,too_many_results,abandonment; date_browsing,,
app_store:syn-app-0010,app_store,ios,syn-app-0010,2024-08-15T00:27:01,True,synthetic://app_store/syn-app-0010,"Good backup, weak search","Does anyone know how to find the screenshot of the train booking confirmation? I need it because the TTE asked for the PNR. It was last month. It had the PNR number on it. I can't recall what it said exactly. Tried ""pnr"" and nothing came up. How do you even search for something like that? I kept retyping different searches. Still haven't found it.",349,,0,,1,,,,,,,,,,,attempt,True,True,screenshot,not_found,A_memory_expression,remembered_text; remembered_time_approximation,exact_text_unknown,metadata,pnr,not_found,repeated_search,,
app_store:syn-app-0011,app_store,ios,syn-app-0011,2024-10-21T00:18:08,True,synthetic://app_store/syn-app-0011,Search can't find old photos,"I use search a lot for work stuff. Looking for a sunset photo from the hotel balcony. I need it because I want to use it as a wallpaper again. It's from that Switzerland trip. I know it was at the hotel near the lake. I can't recall where exactly it was. I typed ""switzerland july"" in search and it gave me hundreds of photos. I have hundreds of similar shots and can't tell which one it was. I asked my sister if she still had it. Found one that might be it, but I'm not sure it's the same one.",495,,0,,3,,,,,,,,,,,attempt,True,True,travel_memory,uncertain,D_result_evaluation,remembered_place; remembered_trip,exact_location_unknown,metadata,switzerland july,too_many_results,ask_another_person,frequent_searcher,
app_store:syn-app-0012,app_store,ios,syn-app-0012,2023-06-10T05:02:53,True,synthetic://app_store/syn-app-0012,Search can't find old photos,Update: The widget on the home screen shows the same photo every day. Face grouping merged my twin daughters into one person lol.,129,,0,,3,,,,,,,,,,,noise,False,False,,,,,,,,,,,
app_store:syn-app-0013,app_store,ios,syn-app-0013,2024-03-19T17:59:59,True,synthetic://app_store/syn-app-0013,"Good backup, weak search","Does anyone know how to find the screenshot of the product I wanted to buy? I need it now because there's a sale now. Timing wise it was a couple of months ago. I remember a brass lamp with a curved neck. No idea what the thing is actually called. I typed ""screenshot lamp"" in search and nothing came up. Text inside screenshots doesn't seem to be searchable. I tried the screenshots category filter as well. Eventually I just gave up.",435,,0,,3,,,,,,,,,,,attempt,True,True,purchase_related_image,abandoned,F_data_index_limitation,remembered_time_approximation; remembered_visual_appearance,exact_object_name_unknown,metadata,screenshot lamp,not_found,abandonment; filters,,
app_store:syn-app-0014,app_store,ios,syn-app-0014,2023-05-09T15:58:20,True,synthetic://app_store/syn-app-0014,Search needs to be smarter,"I've been looking for the photo of the menu at the street food stall for days. I need it because I want to recommend it to someone visiting. All I remember visually is a handwritten board in Hindi. I can't recall what it said exactly. Searched for ""menu"" and there it was. Ended up scrolling back through years of photos. Got it eventually, after half an hour of scrolling.",373,,0,,3,,,,,,,,,,,attempt,True,True,food_restaurant_memory,found,none_observed,remembered_visual_appearance,exact_text_unknown,keyword,menu,found,manual_scrolling,,
app_store:syn-app-0015,app_store,ios,syn-app-0015,2023-06-24T05:20:56,True,synthetic://app_store/syn-app-0015,Can't find anything older than a year,"I've been looking for the photo from our college fest for days. I need it because 10 year reunion is coming up. I can picture all of us in black t-shirts in front of a big banner. It was at the college cultural fest. I don't even remember what the event was called. I typed ""2014"" in search and got thousands of results to scroll through. I typed ""students in black t shirts in front of banner"" in search and got thousands of results to scroll through. I have hundreds of similar shots and can't tell which one it was. I went through the map view hoping to spot it. I gave up on finding it.",590,,0,,2,,,,,,,,,,,attempt,True,True,school_or_college_memory,abandoned,D_result_evaluation,remembered_event; remembered_visual_appearance,event_name_unknown,metadata; natural_language,2014; students in black t shirts in front of banner,too_many_results; too_many_results,abandonment; location_browsing,,
app_store:syn-app-0016,app_store,ios,syn-app-0016,2025-12-21T08:44:48,True,synthetic://app_store/syn-app-0016,"Good backup, weak search",It's frustrating that I have to guess what word the app uses for something.,75,,0,,2,,,,,,,,,,,opinion,True,False,,,,,,,,,,,
app_store:syn-app-0017,app_store,ios,syn-app-0017,2023-10-08T13:35:37,True,synthetic://app_store/syn-app-0017,Search can't find old photos,"On photos.google.com from my PC. Looking for a photo with a guy we met on a trek. I need it because I found him on Instagram and wanted to send it. It's from the Himachal trek. I never knew his name. Tried ""himachal 2019"" and nothing came up. Searched for ""trek"" and got a bunch of pictures that had nothing to do with it. How do you even search for something like that? I jumped to roughly that year with the scrollbar and went month by month. Found one that might be it, but I'm not sure it's the same one.",508,,0,,2,,,,,,,,,,,attempt,True,True,friend_memory,uncertain,A_memory_expression,remembered_trip,person_name_unknown,metadata; keyword,himachal 2019; trek,not_found; wrong_results,date_browsing,desktop_web,
app_store:syn-app-0018,app_store,ios,syn-app-0018,2026-01-29T11:55:08,True,synthetic://app_store/syn-app-0018,Search can't find old photos,"Looking for the family photo from Diwali where everyone is wearing white. I need it now because my aunt asked me to send it. It was taken at my aunt's house. I don't remember when exactly. I searched ""diwali 2018"" and there it was. I typed ""diwali"" in search and it popped up near the top. I went through the face group for that person too. Finally found it after half an hour of scrolling.",390,,0,,3,,,,,,,,,,,attempt,True,True,family_memory,found,none_observed,remembered_place,exact_date_unknown,metadata; keyword,diwali 2018; diwali,found; found,people_browsing,,
app_store:syn-app-0019,app_store,ios,syn-app-0019,2024-01-31T16:15:58,True,synthetic://app_store/syn-app-0019,Almost perfect,"Honestly, Face grouping merged my twin daughters into one person lol.",69,,0,,5,,,,,,,,,,,noise,False,False,,,,,,,,,,,
app_store:syn-app-0020,app_store,ios,syn-app-0020,2026-06-24T23:28:20,True,synthetic://app_store/syn-app-0020,Can't find anything older than a year,"Looking for the photo of the whiteboard from our planning session. I need it now because my manager needs the timeline. We were in the small meeting room when I took it. For context, we photographed it after the workshop. I can't recall what it said exactly. Tried ""whiteboard"" and got a bunch of pictures that had nothing to do with it. I didn't know what else to try. I even googled how to search Google Photos better. Finally found it after two evenings.",457,,0,,4,,,,,,,,,,,attempt,True,True,work_memory,found,E_refinement,remembered_context; remembered_place,exact_text_unknown,keyword,whiteboard,wrong_results,external_search,,
app_store:syn-app-0021,app_store,ios,syn-app-0021,2024-07-12T13:59:48,True,synthetic://app_store/syn-app-0021,Search can't find old photos,"I'm trying to find the photo of a plant I saw at a nursery. I need it now because I want to buy it now that I have a balcony. Timing wise it was last spring. I know it was at a nursery near my office. No clue what the place was called. I searched ""plant with purple striped leaves"" and got no results. I typed ""nursery"" in search and nothing came up. I just didn't know how to describe it in a way search would get. I kept retyping different searches. Still haven't found it.",475,,0,,3,,,,,,,,,,,attempt,True,True,object_memory,not_found,A_memory_expression,remembered_place; remembered_time_approximation,exact_location_unknown,natural_language; metadata,plant with purple striped leaves; nursery,not_found; not_found,repeated_search,,
app_store:syn-app-0022,app_store,ios,syn-app-0022,2023-03-11T20:24:42,True,synthetic://app_store/syn-app-0022,Almost perfect,"Was sure I'd never find a short video of the band at the pub, but searching ""band"" plus the year got it on the first try.",121,,0,,3,,,,,,,,,,,success,True,True,video,found,none_observed,,,,,,,,vague_search_succeeded
app_store:syn-app-0023,app_store,ios,syn-app-0023,2024-04-25T12:42:55,True,synthetic://app_store/syn-app-0023,Love it but search is frustrating,"Does anyone know how to find a picture of the sofa fabric sample? I can picture a mustard-coloured textured fabric. No idea what the thing is actually called. I typed ""mustard fabric sample"" in search and nothing came up. Text inside screenshots doesn't seem to be searchable. I even googled how to search Google Photos better. I found a similar one but not the exact photo I wanted.",383,,0,,1,,,,,,,,,,,attempt,True,True,purchase_related_image,partially_found,F_data_index_limitation,remembered_visual_appearance,exact_object_name_unknown,natural_language,mustard fabric sample,not_found,external_search,,
app_store:syn-app-0024,app_store,ios,syn-app-0024,2023-12-25T10:02:39,True,synthetic://app_store/syn-app-0024,Can't find anything older than a year,"On photos.google.com from my PC. Does anyone know how to find the photo of the view from the train window? I need it because I was telling someone about the trip and wanted to show them. All I remember visually is green hills and a reflection of my face in the glass. It was in 2018 or 2019, can't pin it down. No clue what the place was called. Searched for ""view from train window with green hills"" and got a bunch of pictures that had nothing to do with it. It doesn't understand what I'm describing at all. Ended up scrolling back through years of photos. Found one that might be it, but I'm not sure it's the same one.",623,,0,,1,,,,,,,,,,,attempt,True,True,travel_memory,uncertain,B_system_understanding,remembered_time_approximation; remembered_visual_appearance,exact_location_unknown,natural_language,view from train window with green hills,wrong_results,manual_scrolling,desktop_web,
app_store:syn-app-0025,app_store,ios,syn-app-0025,2024-03-10T11:42:25,True,synthetic://app_store/syn-app-0025,Almost perfect,"I'm trying to find a picture of the sofa fabric sample. I need it because we're finally ordering the sofa. It's a picture of a fabric swatch. We were at the furniture shop when I took it. I don't know what it's called. Tried ""fabric"" and nothing came up. I just didn't know how to describe it in a way search would get. Ended up scrolling back through years of photos. Never found it.",384,,0,,3,,,,,,,,,,,attempt,True,True,purchase_related_image,not_found,A_memory_expression,remembered_object; remembered_place,exact_object_name_unknown,keyword,fabric,not_found,manual_scrolling,,
app_store:syn-app-0026,app_store,ios,syn-app-0026,2026-06-02T12:17:52,True,synthetic://app_store/syn-app-0026,Search can't find old photos,"Couldn't find the photo of the street where we got lost anywhere, then realised it was on my old phone and never got backed up.",127,,0,,2,,,,,,,,,,,misattribution,True,True,travel_memory,not_found,F_data_index_limitation,,,,,,,,failure_not_search_related
app_store:syn-app-0027,app_store,ios,syn-app-0027,2026-06-08T12:10:46,True,synthetic://app_store/syn-app-0027,Can't find anything older than a year,"Thought search was broken but that picture from the trip where we stayed near the beach was in my partner's library, not mine.",126,,0,,2,,,,,,,,,,,misattribution,True,True,location_memory,not_found,F_data_index_limitation,,,,,,,,failure_not_search_related
app_store:syn-app-0028,app_store,ios,syn-app-0028,2023-01-19T20:19:15,True,synthetic://app_store/syn-app-0028,Search can't find old photos,"I've used Google Photos since it launched. Looking for the photo of us at the football match. I need it because reunion group chat asked for it. I know it was in the stadium. I can't recall the name of the event. Tried ""friends with painted faces at football match"" and got no results. I searched ""stadium"" and got no results. I think it's in my partner's library, not mine. I asked my sister if she still had it. Finally found it after half an hour of scrolling.",463,,0,,5,,,,,,,,,,,attempt,True,True,friend_memory,found,F_data_index_limitation,remembered_place,event_name_unknown,natural_language; keyword,friends with painted faces at football match; stadium,not_found; not_found,ask_another_person,long_tenure,
app_store:syn-app-0029,app_store,ios,syn-app-0029,2023-07-04T01:01:03,True,synthetic://app_store/syn-app-0029,Love it but search is frustrating,"Two things. Too many notifications about 'memories' I didn't ask for. Love the collage feature, made a nice one for my mom.",123,,0,,3,,,,,,,,,,,noise,False,False,,,,,,,,,,,
app_store:syn-app-0030,app_store,ios,syn-app-0030,2024-04-12T20:32:30,True,synthetic://app_store/syn-app-0030,"Good backup, weak search","On Android. Looking for a picture of the waterfall we hiked to. I need it now because my cousin asked for it for a reunion slideshow. It was during monsoon, around 2020. Not sure which month or year, honestly. Searched for ""waterfall"" and nothing came up. I searched ""waterfall with people in raincoats and mist"" and nothing came up. How do you even search for something like that? I jumped to roughly that year with the scrollbar and went month by month. Found one that might be it, but I'm not sure it's the same one.",519,,0,,2,,,,,,,,,,,attempt,True,True,travel_memory,uncertain,A_memory_expression,remembered_time_approximation,exact_date_unknown,keyword; natural_language,waterfall; waterfall with people in raincoats and mist,not_found; not_found,date_browsing,android_device,
app_store:syn-app-0031,app_store,ios,syn-app-0031,2023-03-04T09:10:20,True,synthetic://app_store/syn-app-0031,Where did my photo go?,"Was sure I'd never find the photo of my first tattoo right after I got it, but searching ""tattoo"" plus the year got it on the first try.",136,,0,,5,,,,,,,,,,,success,True,True,personal_memory,found,none_observed,,,,,,,,vague_search_succeeded
app_store:syn-app-0032,app_store,ios,syn-app-0032,2024-02-21T11:52:15,True,synthetic://app_store/syn-app-0032,"Good backup, weak search","Honestly, Love the collage feature, made a nice one for my mom. The widget on the home screen shows the same photo every day.",125,,0,,5,,,,,,,,,,,noise,False,False,,,,,,,,,,,
app_store:syn-app-0033,app_store,ios,syn-app-0033,2023-10-14T10:50:07,True,synthetic://app_store/syn-app-0033,Search can't find old photos,"On my Samsung. Does anyone know how to find the photo of us at the football match? I need it because reunion group chat asked for it. Timing wise it was some time after school ended. I don't even remember what the event was called. Tried ""friends with painted faces at football match"" but it just showed random photos. After that I had no idea what else to try. I asked my sister if she still had it. Found one that might be it, but I'm not sure it's the same one.",464,,0,,1,,,,,,,,,,,attempt,True,True,friend_memory,uncertain,E_refinement,remembered_time_approximation,event_name_unknown,natural_language,friends with painted faces at football match,wrong_results,ask_another_person,android_device,
app_store:syn-app-0034,app_store,ios,syn-app-0034,2024-09-11T05:29:25,True,synthetic://app_store/syn-app-0034,Search needs to be smarter,Update: Storage is full again and now they want me to pay for more. Too expensive for what it is.,97,,0,,4,,,,,,,,,,,noise,False,False,,,,,,,,,,,
app_store:syn-app-0035,app_store,ios,syn-app-0035,2025-09-25T04:56:40,True,synthetic://app_store/syn-app-0035,"Good backup, weak search","I search in Photos pretty much every day. Looking for the picture of the houseboat we stayed on. I need it because I wanted to print it for my parents' anniversary. I remember a wooden roof and my dad standing at the front. It was taken somewhere in the Kerala backwaters. No clue what the place was called. I searched ""kerala 2019"" but it just showed random photos. It seems like search ignores half of what I type and only matches one word. I jumped to roughly that year with the scrollbar and went month by month. Eventually I just gave up.",543,,0,,1,,,,,,,,,,,attempt,True,True,travel_memory,abandoned,B_system_understanding,remembered_place; remembered_visual_appearance,exact_location_unknown,metadata,kerala 2019,wrong_results,abandonment; date_browsing,frequent_searcher,
app_store:syn-app-0036,app_store,ios,syn-app-0036,2024-07-04T14:32:14,True,synthetic://app_store/syn-app-0036,Where did my photo go?,"On my iPhone. I'm trying to find the video of my mom singing at the dinner table. I need it because I want to play it at her 60th. It was while singing an old song. I don't remember when exactly. I searched ""mom singing"" and got a bunch of pictures that had nothing to do with it. I typed ""sunday dinner"" in search and nothing came up. I know exactly what it looks like but can't put it into search words. I jumped to roughly that year with the scrollbar and went month by month. Found one that might be it, but I'm not sure it's the same one.",543,,0,,3,,,,,,,,,,,attempt,True,True,family_memory,uncertain,A_memory_expression,remembered_activity,exact_date_unknown,keyword; metadata,mom singing; sunday dinner,wrong_results; not_found,date_browsing,ios_device,
app_store:syn-app-0037,app_store,ios,syn-app-0037,2023-01-02T17:14:18,True,synthetic://app_store/syn-app-0037,Search needs to be smarter,"I've been looking for the candid of my cousin laughing during the haldi for days. It was the morning before the wedding, 2023. I remember someone had just thrown haldi on her. I have no idea what year it was. Searched for ""2023 wedding"" and got no results. I think it's in a shared album someone else made, not my library. I scrolled for like 40 minutes. Got it eventually, after three days.",391,,0,,4,,,,,,,,,,,attempt,True,True,wedding_memory,found,F_data_index_limitation,remembered_context; remembered_time_approximation,exact_date_unknown,metadata,2023 wedding,not_found,manual_scrolling,,
app_store:syn-app-0038,app_store,ios,syn-app-0038,2025-07-31T06:28:13,True,synthetic://app_store/syn-app-0038,Almost perfect,"Does anyone know how to find the picture of my college marksheet? I need it because background verification asked for it. All I remember visually is a certificate with a blue border. I remember it showed my semester grades. I don't remember when exactly. Tried ""2020 certificate"" and nothing came up. I typed ""college marksheet with blue border"" in search but it just showed random photos. How do you even search for something like that? I kept retyping different searches. Still haven't found it.",497,,0,,3,,,,,,,,,,,attempt,True,True,document,not_found,A_memory_expression,remembered_text; remembered_visual_appearance,exact_date_unknown,metadata; natural_language,2020 certificate; college marksheet with blue border,not_found; wrong_results,repeated_search,,
app_store:syn-app-0039,app_store,ios,syn-app-0039,2024-11-27T13:52:35,True,synthetic://app_store/syn-app-0039,Search can't find old photos,"I use search a lot for work stuff. Does anyone know how to find the photo of a plant I saw at a nursery? I need it because I want to buy it now that I have a balcony. Timing wise it was last spring. The photo shows a plant with striped leaves. No idea what the thing is actually called. Searched for ""nursery"" and nothing came up. I searched ""plant"" and nothing came up. It just doesn't show up in search even though I know it's there. I kept retyping different searches. Never found it.",487,,0,,3,,,,,,,,,,,attempt,True,True,object_memory,not_found,C_retrieval,remembered_object; remembered_time_approximation,exact_object_name_unknown,metadata; keyword,nursery; plant,not_found; not_found,repeated_search,frequent_searcher,
app_store:syn-app-0040,app_store,ios,syn-app-0040,2025-02-28T21:04:11,True,synthetic://app_store/syn-app-0040,Can't find anything older than a year,"My wife and I share a partner library. I've been looking for the video of my mom singing at the dinner table for days. It was taken at home. I remember my mom being in it. Not sure which month or year, honestly. Searched for ""sunday dinner"" and got thousands of results to scroll through. I searched ""video of mom singing at dinner"" and got thousands of results to scroll through. All the results look the same as tiny thumbnails. I jumped to roughly that year with the scrollbar and went month by month. Found one that might be it, but I'm not sure it's the same one.",568,,0,,1,,,,,,,,,,,attempt,True,True,family_memory,uncertain,D_result_evaluation,remembered_person; remembered_place,exact_date_unknown,metadata; natural_language,sunday dinner; video of mom singing at dinner,too_many_results; too_many_results,date_browsing,shared_library,
app_store:syn-app-0041,app_store,ios,syn-app-0041,2025-04-02T19:43:17,True,synthetic://app_store/syn-app-0041,Search needs to be smarter,"Half my library is screenshots. I've been looking for the video of my nephew saying his first word for days. We were at my sister's house when I took it. It was when he was around one. The location data was probably off. Searched for ""baby saying first word video"" and nothing came up. Searched for ""screen recording"" and got no results. It just doesn't show up in search even though I know it's there. I kept retyping different searches. I found a similar one but not the exact photo I wanted.",494,,0,,2,,,,,,,,,,,attempt,True,True,video,partially_found,C_retrieval,remembered_place; remembered_time_approximation,metadata_unknown,natural_language; metadata,baby saying first word video; screen recording,not_found; not_found,repeated_search,screenshot_heavy,
app_store:syn-app-0042,app_store,ios,syn-app-0042,2023-08-30T03:16:43,True,synthetic://app_store/syn-app-0042,Almost perfect,"Couldn't find the photo of the electrician's handwritten estimate anywhere, then realised it was on my old phone and never got backed up.",137,,0,,1,,,,,,,,,,,misattribution,True,True,receipt,not_found,F_data_index_limitation,,,,,,,,failure_not_search_related
app_store:syn-app-0043,app_store,ios,syn-app-0043,2025-10-14T03:12:47,True,synthetic://app_store/syn-app-0043,Love it but search is frustrating,"Honestly search is amazing. I typed ""restaurant bill split between friends"" and it found the photo of the bill I took sometime last summer in seconds.",150,,0,,5,,,,,,,,,,,success,True,True,receipt,found,none_observed,,,,,,,,vague_search_succeeded
app_store:syn-app-0044,app_store,ios,syn-app-0044,2024-06-06T10:52:41,True,synthetic://app_store/syn-app-0044,"Good backup, weak search","Looking for the photo of the team at the offsite. I remember my old team being in it. No clue what the place was called. Tried ""team in matching t shirts by a pool"" but it just showed random photos. It seems like search ignores half of what I type and only matches one word. I kept retyping different searches. Never found it.",326,,0,,3,,,,,,,,,,,attempt,True,True,work_memory,not_found,B_system_understanding,remembered_person,exact_location_unknown,natural_language,team in matching t shirts by a pool,wrong_results,repeated_search,,
app_store:syn-app-0045,app_store,ios,syn-app-0045,2024-05-23T13:50:37,True,synthetic://app_store/syn-app-0045,Almost perfect,"Honestly, Backup has been stuck on 'preparing' for three days. Very annoying. The app is slow to load thumbnails on my old phone.",129,,0,,5,,,,,,,,,,,noise,False,False,,,,,,,,,,,
app_store:syn-app-0046,app_store,ios,syn-app-0046,2023-04-17T07:33:18,True,synthetic://app_store/syn-app-0046,Search needs to be smarter,Update: The app is slow to load thumbnails on my old phone. Can't figure out how to download all my photos to a hard drive.,123,,0,,4,,,,,,,,,,,noise,False,False,,,,,,,,,,,
app_store:syn-app-0047,app_store,ios,syn-app-0047,2025-01-19T12:26:34,True,synthetic://app_store/syn-app-0047,"Good backup, weak search",Update: I wish the video editor had more music options. Printing service delivery took two weeks.,97,,0,,5,,,,,,,,,,,noise,False,False,,,,,,,,,,,
app_store:syn-app-0048,app_store,ios,syn-app-0048,2024-10-05T00:18:35,True,synthetic://app_store/syn-app-0048,Search can't find old photos,"Honestly I've stopped using search and just scroll, it's more predictable.",74,,0,,2,,,,,,,,,,,opinion,True,False,,,,,,,,,,,
app_store:syn-app-0049,app_store,ios,syn-app-0049,2026-02-23T05:58:32,True,synthetic://app_store/syn-app-0049,Love it but search is frustrating,"I've been looking for a short video of the band at the pub for days. I need it now because I want to find the band name. I remember red lights and the singer with a violin. I don't remember the name of the place. I searched ""band"" and it gave me hundreds of photos. There are so many almost identical shots from that day that I can't tell which one it is. I went through the map view hoping to spot it. Still haven't found it.",426,,0,,3,,,,,,,,,,,attempt,True,True,video,not_found,D_result_evaluation,remembered_visual_appearance,exact_location_unknown,keyword,band,too_many_results,location_browsing,,
app_store:syn-app-0050,app_store,ios,syn-app-0050,2024-03-08T19:27:31,True,synthetic://app_store/syn-app-0050,Love it but search is frustrating,It would help if the app told me why a photo showed up in results.,66,,0,,3,,,,,,,,,,,opinion,True,False,,,,,,,,,,,
app_store:syn-app-0051,app_store,ios,syn-app-0051,2024-04-17T14:15:14,True,synthetic://app_store/syn-app-0051,Where did my photo go?,"A lot of my photos come from shared albums. Looking for the photo of my son's first steps. We were in our old apartment's living room when I took it. I remember my son being in it. I have no idea what year it was. Tried ""baby standing holding sofa on green rug"" and got no results. It came from my old phone and I'm not sure it ever got backed up. I scrolled for like 40 minutes. Still haven't found it.",403,,0,,2,,,,,,,,,,,attempt,True,True,family_memory,not_found,F_data_index_limitation,remembered_person; remembered_place,exact_date_unknown,natural_language,baby standing holding sofa on green rug,not_found,manual_scrolling,shared_library,
app_store:syn-app-0052,app_store,ios,syn-app-0052,2026-04-10T19:41:12,True,synthetic://app_store/syn-app-0052,Search can't find old photos,"I take a ridiculous number of screenshots. I'm trying to find the photo of the menu at the street food stall. It was while eating chaat after the market. I don't remember the exact words on it. I typed ""handwritten street food menu board"" in search and nothing came up. I know exactly what it looks like but can't put it into search words. I scrolled for like 40 minutes. Never found it.",387,,0,,1,,,,,,,,,,,attempt,True,True,food_restaurant_memory,not_found,A_memory_expression,remembered_activity,exact_text_unknown,natural_language,handwritten street food menu board,not_found,manual_scrolling,screenshot_heavy,
app_store:syn-app-0053,app_store,ios,syn-app-0053,2023-03-15T01:13:40,True,synthetic://app_store/syn-app-0053,Can't find anything older than a year,"On my iPhone. Does anyone know how to find the photo of the menu at the street food stall? I need it now because I want to recommend it to someone visiting. It was while eating chaat after the market. I can't recall what it said exactly. Tried ""menu"" but it just showed random photos. I searched ""handwritten street food menu board"" and got a bunch of pictures that had nothing to do with it. It seems like search ignores half of what I type and only matches one word. I asked my sister if she still had it. I gave up on finding it.",532,,0,,3,,,,,,,,,,,attempt,True,True,food_restaurant_memory,abandoned,B_system_understanding,remembered_activity,exact_text_unknown,keyword; natural_language,menu; handwritten street food menu board,wrong_results; wrong_results,abandonment; ask_another_person,ios_device,
app_store:syn-app-0054,app_store,ios,syn-app-0054,2023-09-28T15:07:17,True,synthetic://app_store/syn-app-0054,Almost perfect,"Honestly I've stopped using search and just scroll, it's more predictable.",74,,0,,2,,,,,,,,,,,opinion,True,False,,,,,,,,,,,
app_store:syn-app-0055,app_store,ios,syn-app-0055,2026-01-01T01:31:53,True,synthetic://app_store/syn-app-0055,Where did my photo go?,"I've been looking for the photo of the view from the train window for days. I need it now because I was telling someone about the trip and wanted to show them. I remember nobody, it was just me being in it. I have no idea what year it was. Searched for ""train"" and got no results. I didn't know what else to try. I jumped to roughly that year with the scrollbar and went month by month. Still haven't found it.",410,,0,,2,,,,,,,,,,,attempt,True,True,travel_memory,not_found,E_refinement,remembered_person,exact_date_unknown,keyword,train,not_found,date_browsing,,
app_store:syn-app-0056,app_store,ios,syn-app-0056,2026-02-11T07:24:27,True,synthetic://app_store/syn-app-0056,Love it but search is frustrating,Two things. The app is slow to load thumbnails on my old phone.,63,,0,,5,,,,,,,,,,,noise,False,False,,,,,,,,,,,
app_store:syn-app-0057,app_store,ios,syn-app-0057,2024-03-21T08:31:00,True,synthetic://app_store/syn-app-0057,Can't find anything older than a year,"Looking for the picture of the dent on my car. I need it because the insurance surveyor wants the original photo. It's a picture of a dent on the car door. I can't remember the date at all. Searched for ""dent on silver car door"" and got a bunch of pictures that had nothing to do with it. It doesn't understand what I'm describing at all. I jumped to roughly that year with the scrollbar and went month by month. Found one that might be it, but I'm not sure it's the same one.",476,,0,,3,,,,,,,,,,,attempt,True,True,object_memory,uncertain,B_system_understanding,remembered_object,exact_date_unknown,natural_language,dent on silver car door,wrong_results,date_browsing,,
app_store:syn-app-0058,app_store,ios,syn-app-0058,2023-10-15T07:25:04,True,synthetic://app_store/syn-app-0058,Love it but search is frustrating,"Does anyone know how to find the screenshot where I had the information about that course? I need it now because the application deadline might be close. All I remember visually is a blue banner with a university logo. I don't remember the exact words on it. Searched for ""screenshot of course details with fees"" and it gave me hundreds of photos. There are so many almost identical shots from that day that I can't tell which one it is. I tried the screenshots category filter as well. Finally found it after half an hour of scrolling.",536,,0,,5,,,,,,,,,,,attempt,True,True,screenshot,found,D_result_evaluation,remembered_visual_appearance,exact_text_unknown,natural_language,screenshot of course details with fees,too_many_results,filters,,
app_store:syn-app-0059,app_store,ios,syn-app-0059,2025-03-01T23:17:34,True,synthetic://app_store/syn-app-0059,Where did my photo go?,"I've used Google Photos since it launched. I'm trying to find the photo of the stage when they announced the results. Timing wise it was around the end of the year, 2022 or 2023. I don't even remember what the event was called. Searched for ""awards december"" and it gave me hundreds of photos. I typed ""award"" in search and it gave me hundreds of photos. I have hundreds of similar shots and can't tell which one it was. I went through the face group for that person too. I gave up on finding it.",496,,0,,3,,,,,,,,,,,attempt,True,True,event_memory,abandoned,D_result_evaluation,remembered_time_approximation,event_name_unknown,metadata; keyword,awards december; award,too_many_results; too_many_results,abandonment; people_browsing,long_tenure,
app_store:syn-app-0060,app_store,ios,syn-app-0060,2025-04-21T22:01:06,True,synthetic://app_store/syn-app-0060,"Good backup, weak search","I'm trying to find the video of my nephew saying his first word. I need it now because it's his first birthday party. We were at my sister's house when I took it. I don't remember when exactly. I typed ""baby saying first word video"" in search and got no results. I searched ""baby video"" and got no results. Screen recordings don't seem to be indexed at all. Tried synonyms like ""toddler talking"" too. Got it eventually, after way too long.",439,,0,,3,,,,,,,,,,,attempt,True,True,video,found,F_data_index_limitation,remembered_place,exact_date_unknown,natural_language; keyword,baby saying first word video; baby video,not_found; not_found,synonym_search,,
app_store:syn-app-0061,app_store,ios,syn-app-0061,2026-06-03T14:21:28,True,synthetic://app_store/syn-app-0061,"Good backup, weak search","On the web version on my laptop. I've been looking for the photo from the Ganpati procession for days. I need it because our society newsletter wanted old pictures. I remember my neighbours being in it. I can't remember the date at all. Searched for ""people covered in red colour with ganesh idol"" and got thousands of results to scroll through. All the results look the same as tiny thumbnails. I jumped to roughly that year with the scrollbar and went month by month. I gave up on finding it.",494,,0,,2,,,,,,,,,,,attempt,True,True,event_memory,abandoned,D_result_evaluation,remembered_person,exact_date_unknown,natural_language,people covered in red colour with ganesh idol,too_many_results,abandonment; date_browsing,desktop_web,
app_store:syn-app-0062,app_store,ios,syn-app-0062,2026-05-27T06:53:51,True,synthetic://app_store/syn-app-0062,"Good backup, weak search",It would help if the app told me why a photo showed up in results.,66,,0,,3,,,,,,,,,,,opinion,True,False,,,,,,,,,,,
app_store:syn-app-0063,app_store,ios,syn-app-0063,2023-08-01T08:57:07,True,synthetic://app_store/syn-app-0063,Can't find anything older than a year,Update: Storage is full again and now they want me to pay for more. Too expensive for what it is.,97,,0,,5,,,,,,,,,,,noise,False,False,,,,,,,,,,,
app_store:syn-app-0064,app_store,ios,syn-app-0064,2025-11-18T13:42:53,True,synthetic://app_store/syn-app-0064,Almost perfect,"Minor gripe: Please add a dark mode for the web version. The editing tools are great, the magic eraser is really good.",118,,0,,4,,,,,,,,,,,noise,False,False,,,,,,,,,,,
app_store:syn-app-0065,app_store,ios,syn-app-0065,2025-06-28T09:41:50,True,synthetic://app_store/syn-app-0065,Where did my photo go?,"Didn't remember anything except a blue banner with a university logo, searched for that and it showed up. Impressed.",116,,0,,4,,,,,,,,,,,success,True,True,screenshot,found,none_observed,,,,,,,,vague_search_succeeded
app_store:syn-app-0066,app_store,ios,syn-app-0066,2026-07-08T08:48:05,True,synthetic://app_store/syn-app-0066,Almost perfect,"I'm trying to find the photo of the prescription for my mother's eye drops. I need it now because the pharmacy needs the name. I remember it showed the name of the eye drops. I don't remember the exact words on it. Tried ""prescription"" and nothing came up. Tried ""doctor prescription eye drops"" and nothing came up. How do you even search for something like that? Tried synonyms like ""doctor note"" too. I gave up on finding it.",427,,0,,3,,,,,,,,,,,attempt,True,True,medical_or_health_image,abandoned,A_memory_expression,remembered_text,exact_text_unknown,keyword; natural_language,prescription; doctor prescription eye drops,not_found; not_found,abandonment; synonym_search,,
app_store:syn-app-0067,app_store,ios,syn-app-0067,2026-08-21T03:04:11,True,synthetic://app_store/syn-app-0067,Search needs to be smarter,"I remember photos by who I was with and what we were doing, not by where the GPS says I was.",92,,0,,2,,,,,,,,,,,opinion,True,False,,,,,,,,,,,
app_store:syn-app-0068,app_store,ios,syn-app-0068,2023-11-28T20:56:27,True,synthetic://app_store/syn-app-0068,Almost perfect,"Honestly, Please add a dark mode for the web version. Face grouping merged my twin daughters into one person lol.",113,,0,,3,,,,,,,,,,,noise,False,False,,,,,,,,,,,
app_store:syn-app-0069,app_store,ios,syn-app-0069,2024-02-22T22:40:22,True,synthetic://app_store/syn-app-0069,Can't find anything older than a year,"Does anyone know how to find the photo of the parking spot sign? I can picture a green pillar with a letter and number. I don't remember the exact words on it. I typed ""parking pillar sign"" in search and got no results. I searched ""parking"" and got no results. It just doesn't show up in search even though I know it's there. I jumped to roughly that year with the scrollbar and went month by month. Got it eventually, after about an hour.",439,,0,,4,,,,,,,,,,,attempt,True,True,location_memory,found,C_retrieval,remembered_visual_appearance,exact_text_unknown,natural_language; metadata,parking pillar sign; parking,not_found; not_found,date_browsing,,
app_store:syn-app-0070,app_store,ios,syn-app-0070,2023-11-08T10:09:16,True,synthetic://app_store/syn-app-0070,Can't find anything older than a year,Shared album invite link doesn't work for my dad.,49,,0,,4,,,,,,,,,,,noise,False,False,,,,,,,,,,,
app_store:syn-app-0071,app_store,ios,syn-app-0071,2024-07-17T14:15:33,True,synthetic://app_store/syn-app-0071,Search needs to be smarter,"Honestly search is amazing. I typed ""doctor prescription eye drops"" and it found the photo of the prescription for my mother's eye drops in seconds.",148,,0,,4,,,,,,,,,,,success,True,True,medical_or_health_image,found,none_observed,,,,,,,,vague_search_succeeded
app_store:syn-app-0072,app_store,ios,syn-app-0072,2025-10-20T12:15:49,True,synthetic://app_store/syn-app-0072,Almost perfect,"I use search a lot for work stuff. Looking for the photo of my car's insurance papers. It was last year sometime. Not sure which month or year, honestly. Tried ""car insurance paper on dashboard"" and nothing came up. I ran out of ideas pretty quickly. Tried synonyms like ""policy"" too. Got it eventually, after way too long.",323,,0,,3,,,,,,,,,,,attempt,True,True,document,found,E_refinement,remembered_time_approximation,exact_date_unknown,natural_language,car insurance paper on dashboard,not_found,synonym_search,frequent_searcher,
app_store:syn-app-0073,app_store,ios,syn-app-0073,2025-04-27T10:30:46,True,synthetic://app_store/syn-app-0073,Love it but search is frustrating,"Minor gripe: Cancelled my subscription, moving everything to an external drive.",79,,0,,4,,,,,,,,,,,noise,False,False,,,,,,,,,,,
app_store:syn-app-0074,app_store,ios,syn-app-0074,2025-10-25T00:06:47,True,synthetic://app_store/syn-app-0074,Search needs to be smarter,"Search should work the way I remember things, like 'train ticket booking confirmation screenshot', not just single words.",121,,0,,1,,,,,,,,,,,opinion,True,False,,,,,,,,,,,
app_store:syn-app-0075,app_store,ios,syn-app-0075,2026-03-20T09:58:09,True,synthetic://app_store/syn-app-0075,Almost perfect,"Was sure I'd never find the photo of the electrician's handwritten estimate, but searching ""estimate"" plus the year got it on the first try.",140,,0,,3,,,,,,,,,,,success,True,True,receipt,found,none_observed,,,,,,,,vague_search_succeeded
app_store:syn-app-0076,app_store,ios,syn-app-0076,2024-03-23T00:07:29,True,synthetic://app_store/syn-app-0076,Search needs to be smarter,"I've been looking for a picture of the ramen bowl from the tiny shop for days. I need it now because a friend wants the shop name. I remember my brother being in it. No idea what the thing is actually called. I searched ""ramen"" and got a bunch of pictures that had nothing to do with it. It doesn't understand what I'm describing at all. I jumped to roughly that year with the scrollbar and went month by month. I found a similar one but not the exact photo I wanted.",467,,0,,1,,,,,,,,,,,attempt,True,True,food_restaurant_memory,partially_found,B_system_understanding,remembered_person,exact_object_name_unknown,keyword,ramen,wrong_results,date_browsing,,
app_store:syn-app-0077,app_store,ios,syn-app-0077,2025-02-05T02:17:44,True,synthetic://app_store/syn-app-0077,Where did my photo go?,"Does anyone know how to find the photo of the team at the offsite? I need it now because a colleague is leaving and we're making a card. I can picture everyone in matching t-shirts by a pool. No clue what the place was called. I typed ""team"" in search and nothing came up. I think it's on my old phone and never got backed up. In the end I texted my friend to send it again. Never found it.",390,,0,,3,,,,,,,,,,,attempt,True,True,work_memory,not_found,F_data_index_limitation,remembered_visual_appearance,exact_location_unknown,keyword,team,not_found,ask_another_person,,
app_store:syn-app-0078,app_store,ios,syn-app-0078,2026-02-21T10:47:07,True,synthetic://app_store/syn-app-0078,Almost perfect,"On the web version on my laptop. I've been looking for a photo of the tiny café we found in Goa for days. I need it now because my friend is going to Goa and asked for the name. I can picture blue wooden chairs and a hand-painted menu board. Timing wise it was sometime in December, maybe 2021 or 2022. I don't remember the name of the place. Searched for ""goa 2022"" and nothing came up. Tried ""cafe"" and nothing came up. The photo is definitely in my library but search never shows it. Ended up scrolling back through years of photos. I found a similar one but not the exact photo I wanted.",591,,0,,1,,,,,,,,,,,attempt,True,True,travel_memory,partially_found,C_retrieval,remembered_time_approximation; remembered_visual_appearance,exact_location_unknown,metadata; keyword,goa 2022; cafe,not_found; not_found,manual_scrolling,desktop_web,
app_store:syn-app-0079,app_store,ios,syn-app-0079,2023-02-02T02:17:02,True,synthetic://app_store/syn-app-0079,Love it but search is frustrating,"The search is fine if you know exactly what you want, but not when you only half remember it.",93,,0,,2,,,,,,,,,,,opinion,True,False,,,,,,,,,,,
app_store:syn-app-0080,app_store,ios,syn-app-0080,2026-07-14T19:34:42,True,synthetic://app_store/syn-app-0080,Can't find anything older than a year,"Thought search was broken but the photo of the view from the train window was in my partner's library, not mine.",112,,0,,2,,,,,,,,,,,misattribution,True,True,travel_memory,not_found,F_data_index_limitation,,,,,,,,failure_not_search_related
app_store:syn-app-0081,app_store,ios,syn-app-0081,2024-05-30T23:53:46,True,synthetic://app_store/syn-app-0081,Love it but search is frustrating,"My wife and I share a partner library. Does anyone know how to find the photo of my dad's blood test report? I need it because the new doctor wants old values. Timing wise it was before his surgery, early last year. The photo shows a lab report. I can't recall what it said exactly. Searched for ""blood test report hospital"" and nothing came up. The photo is definitely in my library but search never shows it. Eventually I searched my WhatsApp chats instead. I gave up on finding it.",484,,0,,3,,,,,,,,,,,attempt,True,True,medical_or_health_image,abandoned,C_retrieval,remembered_object; remembered_time_approximation,exact_text_unknown,natural_language,blood test report hospital,not_found,abandonment; other_application,shared_library,
app_store:syn-app-0082,app_store,ios,syn-app-0082,2025-07-23T20:49:40,True,synthetic://app_store/syn-app-0082,Search needs to be smarter,"I have over 60,000 photos. I've been looking for the photo of us at the football match for days. It was at the derby match. All I remember visually is all of us with painted faces. I have no idea what year it was. Tried ""friends with painted faces at football match"" and nothing came up. Tried ""football"" and got no results. It just doesn't show up in search even though I know it's there. In the end I texted my friend to send it again. Finally found it after way too long.",474,,0,,5,,,,,,,,,,,attempt,True,True,friend_memory,found,C_retrieval,remembered_event; remembered_visual_appearance,exact_date_unknown,natural_language; metadata,friends with painted faces at football match; football,not_found; not_found,ask_another_person,large_library,
app_store:syn-app-0083,app_store,ios,syn-app-0083,2026-03-05T08:09:43,True,synthetic://app_store/syn-app-0083,Search needs to be smarter,"Looking for the screenshot of the train booking confirmation. I need it now because the TTE asked for the PNR. All I remember visually is a white screen with a green tick. I can't recall what it said exactly. Searched for ""ticket"" and it gave me hundreds of photos. I have hundreds of similar shots and can't tell which one it was. Eventually I searched my WhatsApp chats instead. Still haven't found it.",404,,0,,3,,,,,,,,,,,attempt,True,True,screenshot,not_found,D_result_evaluation,remembered_visual_appearance,exact_text_unknown,keyword,ticket,too_many_results,other_application,,
app_store:syn-app-0084,app_store,ios,syn-app-0084,2024-02-14T00:02:03,True,synthetic://app_store/syn-app-0084,"Good backup, weak search","Search should work the way I remember things, like 'red rash on arm', not just single words.",92,,0,,1,,,,,,,,,,,opinion,True,False,,,,,,,,,,,
app_store:syn-app-0085,app_store,ios,syn-app-0085,2026-02-13T23:15:07,True,synthetic://app_store/syn-app-0085,"Good backup, weak search","Honestly search is amazing. I typed ""girl laughing covered in yellow with marigolds"" and it found the candid of my cousin laughing during the haldi in seconds.",159,,0,,4,,,,,,,,,,,success,True,True,wedding_memory,found,none_observed,,,,,,,,vague_search_succeeded
app_store:syn-app-0086,app_store,ios,syn-app-0086,2023-01-16T20:23:07,True,synthetic://app_store/syn-app-0086,Love it but search is frustrating,"I'm trying to find the photo of the street where we got lost. I need it now because we want to frame it. I remember yellow tiles on the walls and a tram line. I don't remember the name of the place. I searched ""lisbon"" and there it was. I scrolled for like 40 minutes. Got it eventually, after way too long.",307,,0,,3,,,,,,,,,,,attempt,True,True,travel_memory,found,none_observed,remembered_visual_appearance,exact_location_unknown,metadata,lisbon,found,manual_scrolling,,
app_store:syn-app-0087,app_store,ios,syn-app-0087,2025-04-14T22:14:47,True,synthetic://app_store/syn-app-0087,Search needs to be smarter,"I search in Photos pretty much every day. I'm trying to find the video of my mom singing at the dinner table. I need it because I want to play it at her 60th. I remember my mom being in it. I know it was at home. I don't remember when exactly. Searched for ""video of mom singing at dinner"" and got no results. I searched ""sunday dinner"" and nothing came up. It came from my old phone and I'm not sure it ever got backed up. I went through the face group for that person too. Found one that might be it, but I'm not sure it's the same one.",538,,0,,1,,,,,,,,,,,attempt,True,True,family_memory,uncertain,F_data_index_limitation,remembered_person; remembered_place,exact_date_unknown,natural_language; metadata,video of mom singing at dinner; sunday dinner,not_found; not_found,people_browsing,frequent_searcher,
app_store:syn-app-0088,app_store,ios,syn-app-0088,2025-08-27T22:41:04,True,synthetic://app_store/syn-app-0088,Almost perfect,"I'm trying to find the photo of my first tattoo right after I got it. I need it now because the artist asked for a before picture. The photo shows a tattoo. I don't remember when exactly. I typed ""fresh wave tattoo on wrist"" in search and nothing came up. I know exactly what it looks like but can't put it into search words. I scrolled for like 40 minutes. Eventually I just gave up.",384,,0,,2,,,,,,,,,,,attempt,True,True,personal_memory,abandoned,A_memory_expression,remembered_object,exact_date_unknown,natural_language,fresh wave tattoo on wrist,not_found,abandonment; manual_scrolling,,
app_store:syn-app-0089,app_store,ios,syn-app-0089,2026-01-06T00:45:42,True,synthetic://app_store/syn-app-0089,Love it but search is frustrating,"Two things. Love the collage feature, made a nice one for my mom. Storage is full again and now they want me to pay for more. Too expensive for what it is.",155,,0,,5,,,,,,,,,,,noise,False,False,,,,,,,,,,,
app_store:syn-app-0090,app_store,ios,syn-app-0090,2024-12-02T02:53:12,True,synthetic://app_store/syn-app-0090,Love it but search is frustrating,Update: Shared album invite link doesn't work for my dad. Storage is full again and now they want me to pay for more. Too expensive for what it is.,147,,0,,3,,,,,,,,,,,noise,False,False,,,,,,,,,,,
app_store:syn-app-0091,app_store,ios,syn-app-0091,2023-12-07T10:21:04,True,synthetic://app_store/syn-app-0091,"Good backup, weak search","Looking for a sunset photo from the hotel balcony. It had my wife in it. It was in summer, I'm not sure which year. I can't remember the date at all. I typed ""sunset from hotel balcony with red railing"" in search and got thousands of results to scroll through. I have hundreds of similar shots and can't tell which one it was. In the end I texted my friend to send it again. Found one that might be it, but I'm not sure it's the same one.",438,,0,,1,,,,,,,,,,,attempt,True,True,travel_memory,uncertain,D_result_evaluation,remembered_person; remembered_time_approximation,exact_date_unknown,natural_language,sunset from hotel balcony with red railing,too_many_results,ask_another_person,,
app_store:syn-app-0092,app_store,ios,syn-app-0092,2024-03-04T23:20:35,True,synthetic://app_store/syn-app-0092,Can't find anything older than a year,"Search should work the way I remember things, like 'me on stage with trophy under purple lights', not just single words.",120,,0,,3,,,,,,,,,,,opinion,True,False,,,,,,,,,,,
app_store:syn-app-0093,app_store,ios,syn-app-0093,2023-05-20T14:14:26,True,synthetic://app_store/syn-app-0093,Search can't find old photos,Minor gripe: Why did they move the sharing button? The new layout is confusing.,79,,0,,3,,,,,,,,,,,noise,False,False,,,,,,,,,,,
app_store:syn-app-0094,app_store,ios,syn-app-0094,2023-05-31T13:09:42,True,synthetic://app_store/syn-app-0094,Love it but search is frustrating,"Cancelled my subscription, moving everything to an external drive.",66,,0,,5,,,,,,,,,,,noise,False,False,,,,,,,,,,,
app_store:syn-app-0095,app_store,ios,syn-app-0095,2026-04-17T11:21:30,True,synthetic://app_store/syn-app-0095,Where did my photo go?,"I've been looking for the picture of the wine label from our anniversary dinner for days. I remember a label with a drawing of a bird. It was taken on our 5th anniversary. I can't recall what it said exactly. Tried ""wine"" and it gave me hundreds of photos. I typed ""anniversary 2023"" in search and got thousands of results to scroll through. All the results look the same as tiny thumbnails. I went through the map view hoping to spot it. Still haven't found it.",462,,0,,1,,,,,,,,,,,attempt,True,True,food_restaurant_memory,not_found,D_result_evaluation,remembered_occasion; remembered_visual_appearance,exact_text_unknown,keyword; metadata,wine; anniversary 2023,too_many_results; too_many_results,location_browsing,,
app_store:syn-app-0096,app_store,ios,syn-app-0096,2023-12-06T10:23:12,True,synthetic://app_store/syn-app-0096,"Good backup, weak search","Been backing up everything since 2015. I'm trying to find the photo of the street where we got lost. I need it because we want to frame it. I know it was in some old town in Portugal. I can't recall the name of the event. I typed ""street"" in search and got a bunch of pictures that had nothing to do with it. It took ""street"" literally and ignored everything else. I went through the map view hoping to spot it. Eventually I just gave up.",438,,0,,1,,,,,,,,,,,attempt,True,True,travel_memory,abandoned,B_system_understanding,remembered_place,event_name_unknown,keyword,street,wrong_results,abandonment; location_browsing,long_tenure,
app_store:syn-app-0097,app_store,ios,syn-app-0097,2025-02-25T13:18:07,True,synthetic://app_store/syn-app-0097,Search needs to be smarter,Spent an hour looking for a picture of my dad teaching my daughter to ride a bike and it turns out I had deleted it years ago. Not the app's fault.,147,,0,,2,,,,,,,,,,,misattribution,True,True,family_memory,not_found,F_data_index_limitation,,,,,,,,failure_not_search_related
app_store:syn-app-0098,app_store,ios,syn-app-0098,2023-07-23T13:44:28,True,synthetic://app_store/syn-app-0098,Love it but search is frustrating,Spent an hour looking for the group photo from the night we all stayed up on the terrace and it turns out I had deleted it years ago. Not the app's fault.,154,,0,,2,,,,,,,,,,,misattribution,True,True,friend_memory,not_found,F_data_index_limitation,,,,,,,,failure_not_search_related
app_store:syn-app-0099,app_store,ios,syn-app-0099,2025-09-25T04:13:03,True,synthetic://app_store/syn-app-0099,"Good backup, weak search",Two things. I wish the video editor had more music options.,59,,0,,5,,,,,,,,,,,noise,False,False,,,,,,,,,,,
app_store:syn-app-0100,app_store,ios,syn-app-0100,2024-10-09T07:43:57,True,synthetic://app_store/syn-app-0100,Search can't find old photos,"Half my library is screenshots. I've been looking for the screenshot where I had the information about that course for days. I need it now because the application deadline might be close. All I remember visually is a blue banner with a university logo. It was a few months ago. I don't remember the exact words on it. Searched for ""screenshot of course details with fees"" but it just showed random photos. I just didn't know how to describe it in a way search would get. Ended up scrolling back through years of photos. Found one that might be it, but I'm not sure it's the same one.",583,,0,,2,,,,,,,,,,,attempt,True,True,screenshot,uncertain,A_memory_expression,remembered_time_approximation; remembered_visual_appearance,exact_text_unknown,natural_language,screenshot of course details with fees,wrong_results,manual_scrolling,screenshot_heavy,
app_store:syn-app-0101,app_store,ios,syn-app-0101,2023-02-02T21:46:15,True,synthetic://app_store/syn-app-0101,Search needs to be smarter,"A lot of my photos come from shared albums. Does anyone know how to find the photo of us at the football match? I need it because reunion group chat asked for it. We were in the stadium when I took it. I don't even remember what the event was called. Searched for ""football"" but it just showed random photos. Tried ""stadium"" and got no results. I know exactly what it looks like but can't put it into search words. I jumped to roughly that year with the scrollbar and went month by month. Finally found it after two evenings.",525,,0,,3,,,,,,,,,,,attempt,True,True,friend_memory,found,A_memory_expression,remembered_place,event_name_unknown,metadata; keyword,football; stadium,wrong_results; not_found,date_browsing,shared_library,
app_store:syn-app-0102,app_store,ios,syn-app-0102,2025-08-21T07:21:04,True,synthetic://app_store/syn-app-0102,Almost perfect,"I've been looking for the photo of the whiteboard from our planning session for days. I need it because my manager needs the timeline. It had something about the launch timeline on it. I can picture boxes and arrows in red and blue marker. Not sure which month or year, honestly. I typed ""whiteboard"" in search and got no results. I think it's on my old phone and never got backed up. Tried synonyms like ""board"" too. Eventually I just gave up.",444,,0,,2,,,,,,,,,,,attempt,True,True,work_memory,abandoned,F_data_index_limitation,remembered_text; remembered_visual_appearance,exact_date_unknown,keyword,whiteboard,not_found,abandonment; synonym_search,,
app_store:syn-app-0103,app_store,ios,syn-app-0103,2023-12-10T08:31:51,True,synthetic://app_store/syn-app-0103,Love it but search is frustrating,"Looking for the selfie from the concert. I need it because it's her birthday and I want to post it. It was not sure if it was the first or second day. I don't remember when exactly. I typed ""selfie at concert with confetti"" in search and nothing came up. I typed ""coldplay"" in search and got no results. After that I had no idea what else to try. I jumped to roughly that year with the scrollbar and went month by month. Never found it.",436,,0,,1,,,,,,,,,,,attempt,True,True,friend_memory,not_found,E_refinement,remembered_time_approximation,exact_date_unknown,natural_language; metadata,selfie at concert with confetti; coldplay,not_found; not_found,date_browsing,,
app_store:syn-app-0104,app_store,ios,syn-app-0104,2024-06-02T20:45:33,True,synthetic://app_store/syn-app-0104,Love it but search is frustrating,Found the photo of the electrician's handwritten estimate by searching the person's face and then scrolling a bit. Took two minutes.,132,,0,,3,,,,,,,,,,,success,True,True,receipt,found,none_observed,,,,,,,,vague_search_succeeded
app_store:syn-app-0105,app_store,ios,syn-app-0105,2025-04-23T13:20:07,True,synthetic://app_store/syn-app-0105,Where did my photo go?,"On my Pixel. I've been looking for a short video of the band at the pub for days. I need it now because I want to find the band name. I know it was at a pub in the old part of town. It was while singing a cover of some old song. I can't recall the name of the event. Tried ""video of band with violin red lights pub"" and got no results. I just didn't know how to describe it in a way search would get. Tried synonyms like ""live music"" too. Found one that might be it, but I'm not sure it's the same one.",502,,0,,3,,,,,,,,,,,attempt,True,True,video,uncertain,A_memory_expression,remembered_activity; remembered_place,event_name_unknown,natural_language,video of band with violin red lights pub,not_found,synonym_search,android_device,
app_store:syn-app-0106,app_store,ios,syn-app-0106,2025-08-24T07:43:51,True,synthetic://app_store/syn-app-0106,Where did my photo go?,Minor gripe: Backup has been stuck on 'preparing' for three days. Very annoying.,80,,0,,3,,,,,,,,,,,noise,False,False,,,,,,,,,,,
app_store:syn-app-0107,app_store,ios,syn-app-0107,2025-08-11T11:48:22,True,synthetic://app_store/syn-app-0107,"Good backup, weak search",Update: I wish the video editor had more music options. Shared album invite link doesn't work for my dad.,105,,0,,3,,,,,,,,,,,noise,False,False,,,,,,,,,,,
app_store:syn-app-0108,app_store,ios,syn-app-0108,2025-04-01T04:52:34,True,synthetic://app_store/syn-app-0108,Love it but search is frustrating,"Two things. Cancelled my subscription, moving everything to an external drive.",78,,0,,4,,,,,,,,,,,noise,False,False,,,,,,,,,,,
app_store:syn-app-0109,app_store,ios,syn-app-0109,2025-10-09T13:17:09,True,synthetic://app_store/syn-app-0109,Love it but search is frustrating,Found the screenshot of a chat where my landlord agreed to the repair by searching the person's face and then scrolling a bit. Took two minutes.,144,,0,,5,,,,,,,,,,,success,True,True,screenshot,found,none_observed,,,,,,,,vague_search_succeeded
app_store:syn-app-0110,app_store,ios,syn-app-0110,2026-07-23T09:03:00,True,synthetic://app_store/syn-app-0110,Can't find anything older than a year,"I've been looking for the family photo from Diwali where everyone is wearing white for days. We were at my aunt's house when I took it. I don't remember when exactly. Tried ""diwali 2018"" and got no results. Tried ""family in white clothes with diyas"" and got no results. I think it's in my partner's library, not mine. I scrolled for like 40 minutes. Eventually I just gave up.",376,,0,,1,,,,,,,,,,,attempt,True,True,family_memory,abandoned,F_data_index_limitation,remembered_place,exact_date_unknown,metadata; natural_language,diwali 2018; family in white clothes with diyas,not_found; not_found,abandonment; manual_scrolling,,
app_store:syn-app-0111,app_store,ios,syn-app-0111,2024-06-07T05:56:58,True,synthetic://app_store/syn-app-0111,Can't find anything older than a year,"Honestly I've stopped using search and just scroll, it's more predictable.",74,,0,,2,,,,,,,,,,,opinion,True,False,,,,,,,,,,,
app_store:syn-app-0112,app_store,ios,syn-app-0112,2025-08-20T12:12:35,True,synthetic://app_store/syn-app-0112,Can't find anything older than a year,"My library is around 35k photos. I'm trying to find the picture of the dent on my car. I need it because the insurance surveyor wants the original photo. I remember a scratch on the silver door near the handle. I can't remember the date at all. I searched ""dent on silver car door"" but it just showed random photos. I just didn't know how to describe it in a way search would get. Gave up for the day and tried again the next week. Eventually I just gave up.",458,,0,,2,,,,,,,,,,,attempt,True,True,object_memory,abandoned,A_memory_expression,remembered_visual_appearance,exact_date_unknown,natural_language,dent on silver car door,wrong_results,abandonment; return_later,large_library,
app_store:syn-app-0113,app_store,ios,syn-app-0113,2024-06-13T12:07:28,True,synthetic://app_store/syn-app-0113,Search can't find old photos,"Two things. The app is slow to load thumbnails on my old phone. Deleted photos don't free up space on the phone, confusing.",123,,0,,4,,,,,,,,,,,noise,False,False,,,,,,,,,,,
app_store:syn-app-0114,app_store,ios,syn-app-0114,2026-07-02T01:54:18,True,synthetic://app_store/syn-app-0114,Where did my photo go?,"Honestly search is amazing. I typed ""chocolate dessert with gold on top"" and it found the photo of the dessert we ordered at that restaurant in seconds.",152,,0,,3,,,,,,,,,,,success,True,True,food_restaurant_memory,found,none_observed,,,,,,,,vague_search_succeeded
app_store:syn-app-0115,app_store,ios,syn-app-0115,2023-10-16T06:51:33,True,synthetic://app_store/syn-app-0115,Can't find anything older than a year,Two things. Shared album invite link doesn't work for my dad. Syncing between my two phones is inconsistent.,108,,0,,3,,,,,,,,,,,noise,False,False,,,,,,,,,,,
app_store:syn-app-0116,app_store,ios,syn-app-0116,2024-05-08T09:24:46,True,synthetic://app_store/syn-app-0116,"Good backup, weak search","I'm trying to find a picture of the sofa fabric sample. I need it because we're finally ordering the sofa. Timing wise it was when we were redoing the living room. I can picture a mustard-coloured textured fabric. I don't know what it's called. Searched for ""furniture shop"" and nothing came up. I just didn't know how to describe it in a way search would get. Tried synonyms like ""cloth"" too. Still haven't found it.",417,,0,,3,,,,,,,,,,,attempt,True,True,purchase_related_image,not_found,A_memory_expression,remembered_time_approximation; remembered_visual_appearance,exact_object_name_unknown,metadata,furniture shop,not_found,synonym_search,,
app_store:syn-app-0117,app_store,ios,syn-app-0117,2024-04-13T00:51:21,True,synthetic://app_store/syn-app-0117,Can't find anything older than a year,"Search should work the way I remember things, like 'photo of passport page', not just single words.",99,,0,,2,,,,,,,,,,,opinion,True,False,,,,,,,,,,,
app_store:syn-app-0118,app_store,ios,syn-app-0118,2024-02-09T11:40:19,True,synthetic://app_store/syn-app-0118,Almost perfect,"My library is around 35k photos. I've been looking for the old scanned photo of my grandparents' wedding for days. All I remember visually is black and white, grandma in a big necklace. The photo probably has no proper date on it. I typed ""black and white wedding photo grandparents"" in search but it just showed random photos. I searched ""scan"" and got no results. How do you even search for something like that? I went through the face group for that person too. Found one that might be it, but I'm not sure it's the same one.",528,,0,,3,,,,,,,,,,,attempt,True,True,family_memory,uncertain,A_memory_expression,remembered_visual_appearance,metadata_unknown,natural_language; metadata,black and white wedding photo grandparents; scan,wrong_results; not_found,people_browsing,large_library,
app_store:syn-app-0119,app_store,ios,syn-app-0119,2023-06-03T03:52:01,True,synthetic://app_store/syn-app-0119,Search can't find old photos,"Honestly, I wish the video editor had more music options. Syncing between my two phones is inconsistent.",104,,0,,5,,,,,,,,,,,noise,False,False,,,,,,,,,,,
reddit:syn-red-0000,reddit,reddit/r/datahoarder,syn-red-0000,2026-01-16T23:45:18,True,synthetic://reddit/syn-red-0000,Search can't find the photo of my daughter on stage at her school play,"Looking for the photo of my daughter on stage at her school play. It was when she was in 2nd or 3rd standard. All I remember visually is a sunflower costume and a blue curtain. It was at the annual day function. I can't remember the date at all. Searched for ""girl in sunflower costume on stage"" and got thousands of results to scroll through. Tried ""annual day"" and got thousands of results to scroll through. I have hundreds of similar shots and can't tell which one it was. I jumped to roughly that year with the scrollbar and went month by month. Found one that might be it, but I'm not sure it's the same one.",614,,3,"Ask whoever was there, someone in the group chat usually still has it. || If it was a screenshot, open the Screenshots category first and then scroll by month. || Check whether the photo was ever backed up. If it was from an old phone it might never have been uploaded.",,,,370,31,,,,,,,attempt,True,True,event_memory,uncertain,D_result_evaluation,remembered_event; remembered_time_approximation; remembered_visual_appearance,exact_date_unknown,natural_language; metadata,girl in sunflower costume on stage; annual day,too_many_results; too_many_results,date_browsing,,
reddit:syn-red-0001,reddit,reddit/r/android,syn-red-0001,2026-03-10T01:16:12,True,synthetic://reddit/syn-red-0001,Lost a photo of the tiny café we found in Goa somewhere in 40k photos,"I've been looking for a photo of the tiny café we found in Goa for days. I need it now because my friend is going to Goa and asked for the name. I know it was somewhere near the beach in north Goa. Timing wise it was sometime in December, maybe 2021 or 2022. All I remember visually is blue wooden chairs and a hand-painted menu board. No clue what the place was called. Not sure which month or year, honestly. I searched ""small cafe with blue chairs near the beach"" and it gave me hundreds of photos. Searched for ""goa 2022"" and got thousands of results to scroll through. There are so many almost identical shots from that day that I can't tell which one it is. I jumped to roughly that year with the scrollbar and went month by month. Never found it.",753,,0,,,,,735,16,,,,,,,attempt,True,True,travel_memory,not_found,D_result_evaluation,remembered_place; remembered_time_approximation; remembered_visual_appearance,exact_date_unknown; exact_location_unknown,natural_language; metadata,small cafe with blue chairs near the beach; goa 2022,too_many_results; too_many_results,date_browsing,,
reddit:syn-red-0002,reddit,reddit/r/iphone,syn-red-0002,2025-12-08T10:35:41,True,synthetic://reddit/syn-red-0002,Can't find an old photo. Any tips?,"I don't remember dates, nobody does. Searching by date is useless for old memories.",83,,1,"Use the date jump on the scrollbar, drag to the year and go month by month.",,,,821,7,,,,,,,opinion,True,False,,,,,,,,,,,
reddit:syn-red-0003,reddit,reddit/r/datahoarder,syn-red-0003,2026-02-20T07:46:08,True,synthetic://reddit/syn-red-0003,Can't find the old scanned photo of my grandparents' wedding. Any tips?,"Looking for the old scanned photo of my grandparents' wedding. I need it because we're printing a family tree. I remember it came through WhatsApp at some point. It had my grandparents in it. I can't remember the date at all. The location data was probably off. I typed ""scan"" in search and nothing came up. The photo is definitely in my library but search never shows it. I jumped to roughly that year with the scrollbar and went month by month. Never found it. Is there a better way to search for stuff like this?",515,,3,"Try searching for something visible in the photo instead of what happened, like ""stage"" or ""cake"". || You can search text inside photos sometimes, but it only works if the words are clear in the image. || Search for the thing plus the city, e.g. ""cake bangalore"", works better than a sentence for me.",,,,240,53,,,,,,,attempt,True,True,family_memory,not_found,C_retrieval,remembered_context; remembered_person,exact_date_unknown; metadata_unknown,metadata,scan,not_found,date_browsing,,
reddit:syn-red-0004,reddit,reddit/r/android,syn-red-0004,2024-04-11T05:52:12,True,synthetic://reddit/syn-red-0004,Lost the old scanned photo of my grandparents' wedding somewhere in 40k photos,"Looking for the old scanned photo of my grandparents' wedding. I need it because we're printing a family tree. I remember my grandparents being in it. It was a scan my uncle sent me. I can't remember the date at all. The photo probably has no proper date on it. I searched ""scan"" and got thousands of results to scroll through. I searched ""old photo"" and got thousands of results to scroll through. There are so many almost identical shots from that day that I can't tell which one it is. I jumped to roughly that year with the scrollbar and went month by month. I scrolled for like 40 minutes. Still haven't found it. Am I doing something wrong?",646,,2,"You can search text inside photos sometimes, but it only works if the words are clear in the image. || Try searching for something visible in the photo instead of what happened, like ""stage"" or ""cake"".",,,,651,27,,,,,,,attempt,True,True,family_memory,not_found,D_result_evaluation,remembered_person; remembered_relationship,exact_date_unknown; metadata_unknown,metadata; keyword,scan; old photo,too_many_results; too_many_results,date_browsing; manual_scrolling,,
reddit:syn-red-0005,reddit,reddit/r/iphone,syn-red-0005,2026-01-27T00:14:00,True,synthetic://reddit/syn-red-0005,Is there a better way to search for stuff like this?,"I've been looking for the photo of the whiteboard from our planning session for days. I need it now because my manager needs the timeline. For context, we photographed it after the workshop. It was sometime last quarter. Not sure which month or year, honestly. I searched ""whiteboard march"" and it popped up near the top. I searched ""whiteboard"" and it popped up near the top. I searched ""whiteboard with launch timeline"" and it popped up near the top. I jumped to roughly that year with the scrollbar and went month by month. In the end I texted my friend to send it again. Got it eventually, after three days. How do you all deal with this?",642,,3,"Name the face groups. Searching a person's name works way better than describing them. || You can search text inside photos sometimes, but it only works if the words are clear in the image. || Try searching for something visible in the photo instead of what happened, like ""stage"" or ""cake"".",,,,568,83,,,,,,,attempt,True,True,work_memory,found,none_observed,remembered_context; remembered_time_approximation,exact_date_unknown,metadata; keyword; natural_language,whiteboard march; whiteboard; whiteboard with launch timeline,found; found; found,ask_another_person; date_browsing,,
reddit:syn-red-0006,reddit,reddit/r/googlephotos,syn-red-0006,2023-05-18T13:12:40,True,synthetic://reddit/syn-red-0006,Search can't find the picture of the medicine I took when I was sick last year,"I've been looking for the picture of the medicine I took when I was sick last year for days. I need it now because I'm sick again and want the same medicine. I remember a silver strip with orange tablets. It was last year, maybe during the rainy season. It had the medicine name on it. For context, the doctor prescribed it when I had that bad fever. Not sure which month or year, honestly. No idea what the thing is actually called. I typed ""medicine strip orange tablets"" in search and got no results. I searched ""fever medicine"" and got a bunch of pictures that had nothing to do with it. I ran out of ideas pretty quickly. I checked my Gmail in case I had sent it to someone. Tried synonyms like ""tablets"" too. Never found it.",730,,2,"You can search text inside photos sometimes, but it only works if the words are clear in the image. || Ask whoever was there, someone in the group chat usually still has it.",,,,165,88,,,,,,,attempt,True,True,medical_or_health_image,not_found,E_refinement,remembered_context; remembered_text; remembered_time_approximation; remembered_visual_appearance,exact_date_unknown; exact_object_name_unknown,natural_language; metadata,medicine strip orange tablets; fever medicine,not_found; wrong_results,other_application; synonym_search,,
reddit:syn-red-0007,reddit,reddit/r/googlephotos,syn-red-0007,2023-04-25T05:50:30,True,synthetic://reddit/syn-red-0007,Search can't find the photo from my friend's wedding where we were standing outside,"I moved all my old phone photos in years ago. I'm trying to find the photo from my friend's wedding where we were standing outside. It was at my friend's wedding. It was taken outside the venue near the parking area. Not sure which month or year, honestly. Searched for ""wedding"" and got thousands of results to scroll through. There are so many almost identical shots from that day that I can't tell which one it is. I scrolled for like 40 minutes. Still haven't found it. Any tips?",483,,1,"Search by year first, like ""2019"", then scroll within that. Much faster than scrolling from today.",,,,475,20,,,,,,,attempt,True,True,wedding_memory,not_found,D_result_evaluation,remembered_event; remembered_place,exact_date_unknown,keyword,wedding,too_many_results,manual_scrolling,long_tenure,
reddit:syn-red-0008,reddit,reddit/r/datahoarder,syn-red-0008,2025-10-21T18:44:40,True,synthetic://reddit/syn-red-0008,How do you find a photo when you only half remember it?,"I'm trying to find a picture of the ramen bowl from the tiny shop. I remember my brother being in it. It's from the Japan trip. I remember a black bowl with a soft egg cut in half. It was taken near the station in Tokyo. No idea what the thing is actually called. No clue what the place was called. Searched for ""tokyo april 2023"" and it gave me hundreds of photos. Searched for ""ramen"" and it gave me hundreds of photos. Searched for ""ramen bowl with egg at a small shop near station"" and it gave me hundreds of photos. There are so many almost identical shots from that day that I can't tell which one it is. I kept retyping different searches. Still haven't found it. Am I doing something wrong?",698,,3,"Name the face groups. Searching a person's name works way better than describing them. || Check whether the photo was ever backed up. If it was from an old phone it might never have been uploaded. || Ask whoever was there, someone in the group chat usually still has it.",,,,594,118,,,,,,,attempt,True,True,food_restaurant_memory,not_found,D_result_evaluation,remembered_person; remembered_place; remembered_trip; remembered_visual_appearance,exact_location_unknown; exact_object_name_unknown,metadata; keyword; natural_language,tokyo april 2023; ramen; ramen bowl with egg at a small shop near station,too_many_results; too_many_results; too_many_results,repeated_search,,
reddit:syn-red-0009,reddit,reddit/r/GooglePixel,syn-red-0009,2025-02-10T06:56:56,True,synthetic://reddit/syn-red-0009,Is there a better way to search for stuff like this?,"Didn't remember anything except the puppy running circles around him, searched for that and it showed up. Impressed.",116,,0,,,,,594,88,,,,,,,success,True,True,video,found,none_observed,,,,,,,,vague_search_succeeded
reddit:syn-red-0010,reddit,reddit/r/android,syn-red-0010,2024-06-12T10:07:04,True,synthetic://reddit/syn-red-0010,Is there a better way to search for stuff like this?,"I moved all my old phone photos in years ago. I've been looking for the photo of my daughter on stage at her school play for days. All I remember visually is a sunflower costume and a blue curtain. It had my daughter in it. I remember the lighting was bad so most shots were blurry. It was when she was in 2nd or 3rd standard. I can't remember the date at all. I don't even remember what the event was called. Searched for ""girl in sunflower costume on stage"" and got a bunch of pictures that had nothing to do with it. Searched for ""school function"" and got no results. After that I had no idea what else to try. I scrolled for like 40 minutes. Found one that might be it, but I'm not sure it's the same one. Is there a better way to search for stuff like this?",762,,3,"Use the date jump on the scrollbar, drag to the year and go month by month. || You can search text inside photos sometimes, but it only works if the words are clear in the image. || Ask whoever was there, someone in the group chat usually still has it.",,,,659,110,,,,,,,attempt,True,True,event_memory,uncertain,E_refinement,remembered_context; remembered_person; remembered_time_approximation; remembered_visual_appearance,event_name_unknown; exact_date_unknown,natural_language; keyword,girl in sunflower costume on stage; school function,wrong_results; not_found,manual_scrolling,long_tenure,
reddit:syn-red-0011,reddit,reddit/r/iphone,syn-red-0011,2026-08-14T06:46:10,True,synthetic://reddit/syn-red-0011,How do you find a photo when you only half remember it?,"Looking for a shot of the fireworks at the new year party. I need it now because I wanted to post a throwback. It was at the new year party at the club. It had a bunch of friends in it. I have no idea what year it was. I searched ""green fireworks over pool"" and nothing came up. Searched for ""fireworks"" and got no results. The photo is definitely in my library but search never shows it. I jumped to roughly that year with the scrollbar and went month by month. I went through the face group for that person too. Eventually I just gave up. Am I doing something wrong?",568,,1,"If it was a screenshot, open the Screenshots category first and then scroll by month.",,,,486,109,,,,,,,attempt,True,True,event_memory,abandoned,C_retrieval,remembered_event; remembered_person,exact_date_unknown,natural_language; keyword,green fireworks over pool; fireworks,not_found; not_found,abandonment; date_browsing; people_browsing,,
reddit:syn-red-0012,reddit,reddit/r/datahoarder,syn-red-0012,2026-02-27T13:23:09,True,synthetic://reddit/syn-red-0012,Is there a better way to search for stuff like this?,"Been backing up everything since 2015. I've been looking for the photo of the shoes I tried on in the store for days. We were at a mall when I took it. It's a picture of running shoes. For context, I took it to check the price online later. I don't know what it's called. No clue what the place was called. Tried ""grey running shoes with green sole"" and nothing came up. Searched for ""shoes"" and nothing came up. Text inside screenshots doesn't seem to be searchable. Tried synonyms like ""sneakers"" too. Never found it.",519,,2,"Try searching for something visible in the photo instead of what happened, like ""stage"" or ""cake"". || Check whether the photo was ever backed up. If it was from an old phone it might never have been uploaded.",,,,98,47,,,,,,,attempt,True,True,purchase_related_image,not_found,F_data_index_limitation,remembered_context; remembered_object; remembered_place,exact_location_unknown; exact_object_name_unknown,natural_language; keyword,grey running shoes with green sole; shoes,not_found; not_found,synonym_search,long_tenure,
reddit:syn-red-0013,reddit,reddit/r/iphone,syn-red-0013,2023-10-15T18:09:21,True,synthetic://reddit/syn-red-0013,Search can't find an old photo,"From experience, Search by year first, like ""2019"", then scroll within that. Much faster than scrolling from today.",115,,3,"Use the date jump on the scrollbar, drag to the year and go month by month. || Search for the thing plus the city, e.g. ""cake bangalore"", works better than a sentence for me. || Try searching for something visible in the photo instead of what happened, like ""stage"" or ""cake"".",,,,322,98,,,,,,,advice,True,False,,,,,,,,,,,
reddit:syn-red-0014,reddit,reddit/r/android,syn-red-0014,2025-05-23T03:11:15,True,synthetic://reddit/syn-red-0014,Can't find the picture of the houseboat we stayed on. Any tips?,"Looking for the picture of the houseboat we stayed on. I need it because I wanted to print it for my parents' anniversary. I know it was somewhere in the Kerala backwaters. It had my parents in it. It's from our family trip to Kerala. No clue what the place was called. I have no idea what year it was. Tried ""houseboat"" but it just showed random photos. I searched ""kerala 2019"" and got a bunch of pictures that had nothing to do with it. It seems like search ignores half of what I type and only matches one word. Ended up scrolling back through years of photos. Found one that might be it, but I'm not sure it's the same one. Am I doing something wrong?",656,,3,"Check whether the photo was ever backed up. If it was from an old phone it might never have been uploaded. || Search for the thing plus the city, e.g. ""cake bangalore"", works better than a sentence for me. || Try searching for something visible in the photo instead of what happened, like ""stage"" or ""cake"".",,,,14,73,,,,,,,attempt,True,True,travel_memory,uncertain,B_system_understanding,remembered_person; remembered_place; remembered_trip,exact_date_unknown; exact_location_unknown,keyword; metadata,houseboat; kerala 2019,wrong_results; wrong_results,manual_scrolling,,
reddit:syn-red-0015,reddit,reddit/r/GooglePixel,syn-red-0015,2026-01-18T05:09:28,True,synthetic://reddit/syn-red-0015,How do you find a photo when you only half remember it?,"I've been looking for a picture of my dad teaching my daughter to ride a bike for days. I need it because it's for my dad's retirement card. It was taken in the park near my parents' place. It had my dad and my daughter in it. I have no idea what year it was. I searched ""grandfather teaching girl to ride pink bike"" but it just showed random photos. Searched for ""bicycle"" and got no results. I typed ""summer 2022"" in search and got no results. I didn't know what else to try. I went through the face group for that person too. I gave up on finding it. Is there a better way to search for stuff like this?",606,,0,,,,,603,101,,,,,,,attempt,True,True,family_memory,abandoned,E_refinement,remembered_person; remembered_place,exact_date_unknown,natural_language; keyword; metadata,grandfather teaching girl to ride pink bike; bicycle; summer 2022,wrong_results; not_found; not_found,abandonment; people_browsing,,
reddit:syn-red-0016,reddit,reddit/r/googlephotos,syn-red-0016,2025-10-26T20:38:52,True,synthetic://reddit/syn-red-0016,Quick question,"Honestly, App keeps crashing when I open a large video.",55,,3,"Name the face groups. Searching a person's name works way better than describing them. || Ask whoever was there, someone in the group chat usually still has it. || Tip: if location history was on, try the map view and zoom into the area instead of searching the name.",,,,745,7,,,,,,,noise,False,False,,,,,,,,,,,
reddit:syn-red-0017,reddit,reddit/r/googlephotos,syn-red-0017,2023-12-19T11:07:02,True,synthetic://reddit/syn-red-0017,Is there a better way to search for stuff like this?,"I've been looking for a picture of my dad teaching my daughter to ride a bike for days. I need it because it's for my dad's retirement card. It was taken in the park near my parents' place. I remember my dad and my daughter being in it. Not sure which month or year, honestly. I searched ""bicycle"" and got no results. I typed ""summer 2022"" in search and nothing came up. I searched ""grandfather teaching girl to ride pink bike"" and got a bunch of pictures that had nothing to do with it. I ran out of ideas pretty quickly. I jumped to roughly that year with the scrollbar and went month by month. I found a similar one but not the exact photo I wanted. Am I doing something wrong?",680,,3,"Try searching for something visible in the photo instead of what happened, like ""stage"" or ""cake"". || Tip: if location history was on, try the map view and zoom into the area instead of searching the name. || Ask whoever was there, someone in the group chat usually still has it.",,,,126,108,,,,,,,attempt,True,True,family_memory,partially_found,E_refinement,remembered_person; remembered_place,exact_date_unknown,keyword; metadata; natural_language,bicycle; summer 2022; grandfather teaching girl to ride pink bike,not_found; not_found; wrong_results,date_browsing,,
reddit:syn-red-0018,reddit,reddit/r/googlephotos,syn-red-0018,2025-11-04T01:26:33,True,synthetic://reddit/syn-red-0018,Rant,"Honestly, Backup has been stuck on 'preparing' for three days. Very annoying.",77,,1,"Search for the thing plus the city, e.g. ""cake bangalore"", works better than a sentence for me.",,,,415,21,,,,,,,noise,False,False,,,,,,,,,,,
reddit:syn-red-0019,reddit,reddit/r/GooglePixel,syn-red-0019,2024-06-14T16:31:29,True,synthetic://reddit/syn-red-0019,Anyone else?,Two things. Can't figure out how to download all my photos to a hard drive.,75,,0,,,,,719,28,,,,,,,noise,False,False,,,,,,,,,,,
reddit:syn-red-0020,reddit,reddit/r/GooglePixel,syn-red-0020,2025-09-17T15:55:21,True,synthetic://reddit/syn-red-0020,Is there a better way to search for stuff like this?,"Half my library is screenshots. I'm trying to find the picture of the medicine I took when I was sick last year. I need it because I'm sick again and want the same medicine. It had the medicine name on it. It's a picture of a strip of tablets. I can't recall what it said exactly. I have no idea what year it was. Tried ""fever medicine"" and there it was. Searched for ""medicine strip orange tablets"" and it popped up near the top. I scrolled for like 40 minutes. Tried synonyms like ""tablets"" too. Finally found it after about an hour. Any tips?",545,,0,,,,,809,91,,,,,,,attempt,True,True,medical_or_health_image,found,none_observed,remembered_object; remembered_text,exact_date_unknown; exact_text_unknown,metadata; natural_language,fever medicine; medicine strip orange tablets,found; found,manual_scrolling; synonym_search,screenshot_heavy,
reddit:syn-red-0021,reddit,reddit/r/iphone,syn-red-0021,2023-11-10T01:32:26,True,synthetic://reddit/syn-red-0021,Is there a better way to search for stuff like this?,"I use search a lot for work stuff. Does anyone know how to find that picture from the trip where we stayed near the beach? I need it now because I want to book the same homestay. I can picture a hammock between two coconut trees. It's from a long weekend trip. I don't remember the name of the place. Tried ""beach"" and it gave me hundreds of photos. I have hundreds of similar shots and can't tell which one it was. I asked my sister if she still had it. Ended up scrolling back through years of photos. Still haven't found it. Any tips?",537,,2,"Search for the thing plus the city, e.g. ""cake bangalore"", works better than a sentence for me. || Ask whoever was there, someone in the group chat usually still has it.",,,,660,100,,,,,,,attempt,True,True,location_memory,not_found,D_result_evaluation,remembered_trip; remembered_visual_appearance,exact_location_unknown,keyword,beach,too_many_results,ask_another_person; manual_scrolling,frequent_searcher,
reddit:syn-red-0022,reddit,reddit/r/iphone,syn-red-0022,2025-04-03T01:09:33,True,synthetic://reddit/syn-red-0022,How do you find a photo when you only half remember it?,"Looking for the photo of my first tattoo right after I got it. I need it because the artist asked for a before picture. All I remember visually is a small wave design on my wrist, all red around it. I remember it was still covered with cling film. The photo shows a tattoo. Timing wise it was a few years back. I can't remember the date at all. I typed ""tattoo"" in search but it just showed random photos. It doesn't understand what I'm describing at all. In the end I texted my friend to send it again. I kept retyping different searches. Never found it. How do you all deal with this?",586,,3,"Check whether the photo was ever backed up. If it was from an old phone it might never have been uploaded. || You can search text inside photos sometimes, but it only works if the words are clear in the image. || Ask whoever was there, someone in the group chat usually still has it.",,,,369,11,,,,,,,attempt,True,True,personal_memory,not_found,B_system_understanding,remembered_context; remembered_object; remembered_time_approximation; remembered_visual_appearance,exact_date_unknown,metadata,tattoo,wrong_results,ask_another_person; repeated_search,,
reddit:syn-red-0023,reddit,reddit/r/googlephotos,syn-red-0023,2024-05-17T12:04:10,True,synthetic://reddit/syn-red-0023,Lost a picture of the sofa fabric sample somewhere in 40k photos,"Half my library is screenshots. Looking for a picture of the sofa fabric sample. I need it now because we're finally ordering the sofa. It's a picture of a fabric swatch. I remember the shop said to send them the photo when ordering. Timing wise it was when we were redoing the living room. I remember a mustard-coloured textured fabric. No idea what the thing is actually called. I can't remember the date at all. I typed ""mustard fabric sample"" in search and got a bunch of pictures that had nothing to do with it. I typed ""fabric"" in search and got a bunch of pictures that had nothing to do with it. It seems like search ignores half of what I type and only matches one word. I tried the screenshots category filter as well. I even googled how to search Google Photos better. Never found it. Is there a better way to search for stuff like this?",848,,3,"If it was a screenshot, open the Screenshots category first and then scroll by month. || Try searching for something visible in the photo instead of what happened, like ""stage"" or ""cake"". || Check whether the photo was ever backed up. If it was from an old phone it might never have been uploaded.",,,,522,15,,,,,,,attempt,True,True,purchase_related_image,not_found,B_system_understanding,remembered_context; remembered_object; remembered_time_approximation; remembered_visual_appearance,exact_date_unknown; exact_object_name_unknown,natural_language; keyword,mustard fabric sample; fabric,wrong_results; wrong_results,external_search; filters,screenshot_heavy,
reddit:syn-red-0024,reddit,reddit/r/iphone,syn-red-0024,2024-03-11T16:02:18,True,synthetic://reddit/syn-red-0024,Can't find the photo of the menu at the street food stall. Any tips?,"I search in Photos pretty much every day. Does anyone know how to find the photo of the menu at the street food stall? I need it because I want to recommend it to someone visiting. It was while eating chaat after the market. It had the prices and the name of the stall on it. It was a winter evening, not sure which year. I don't remember the exact words on it. I can't recall where exactly it was. Tried ""menu"" and got thousands of results to scroll through. I have hundreds of similar shots and can't tell which one it was. Ended up scrolling back through years of photos. I checked all my albums one by one. Still haven't found it. How do you all deal with this?",665,,1,"Search by year first, like ""2019"", then scroll within that. Much faster than scrolling from today.",,,,340,51,,,,,,,attempt,True,True,food_restaurant_memory,not_found,D_result_evaluation,remembered_activity; remembered_text; remembered_time_approximation,exact_location_unknown; exact_text_unknown,keyword,menu,too_many_results,album_browsing; manual_scrolling,frequent_searcher,
reddit:syn-red-0025,reddit,reddit/r/android,syn-red-0025,2025-07-21T10:31:57,True,synthetic://reddit/syn-red-0025,Search can't find the old scanned photo of my grandparents' wedding,"I'm trying to find the old scanned photo of my grandparents' wedding. I need it now because we're printing a family tree. It was I scanned or received it maybe 5 years ago. All I remember visually is black and white, grandma in a big necklace. I can't remember the date at all. The photo probably has no proper date on it. Searched for ""black and white wedding photo grandparents"" but it just showed random photos. Searched for ""old photo"" but it just showed random photos. I searched ""scan"" and nothing came up. After that I had no idea what else to try. I jumped to roughly that year with the scrollbar and went month by month. Got it eventually, after three days. Am I doing something wrong?",694,,1,"Search by year first, like ""2019"", then scroll within that. Much faster than scrolling from today.",,,,523,67,,,,,,,attempt,True,True,family_memory,found,E_refinement,remembered_time_approximation; remembered_visual_appearance,exact_date_unknown; metadata_unknown,natural_language; keyword; metadata,black and white wedding photo grandparents; old photo; scan,wrong_results; wrong_results; not_found,date_browsing,,
reddit:syn-red-0026,reddit,reddit/r/GooglePixel,syn-red-0026,2025-01-31T10:34:03,True,synthetic://reddit/syn-red-0026,How do you find a photo when you only half remember it?,"From experience, Search by year first, like ""2019"", then scroll within that. Much faster than scrolling from today.",115,,3,"Check whether the photo was ever backed up. If it was from an old phone it might never have been uploaded. || Use the date jump on the scrollbar, drag to the year and go month by month. || You can search text inside photos sometimes, but it only works if the words are clear in the image.",,,,291,97,,,,,,,advice,True,False,,,,,,,,,,,
reddit:syn-red-0027,reddit,reddit/r/android,syn-red-0027,2023-08-23T13:19:37,True,synthetic://reddit/syn-red-0027,Search can't find an old photo,"Couldn't find the photo of the view from the train window anywhere, then realised it was on my old phone and never got backed up.",129,,1,Check whether the photo was ever backed up. If it was from an old phone it might never have been uploaded.,,,,691,108,,,,,,,misattribution,True,True,travel_memory,not_found,F_data_index_limitation,,,,,,,,failure_not_search_related
reddit:syn-red-0028,reddit,reddit/r/GooglePixel,syn-red-0028,2023-12-21T02:27:23,True,synthetic://reddit/syn-red-0028,Search can't find a picture of the ramen bowl from the tiny shop,"Does anyone know how to find a picture of the ramen bowl from the tiny shop? I need it because a friend wants the shop name. It was taken near the station in Tokyo. It had my brother in it. It was spring 2023 I think. I can't recall where exactly it was. I don't know what it's called. I typed ""ramen bowl with egg at a small shop near station"" in search and got a bunch of pictures that had nothing to do with it. It doesn't understand what I'm describing at all. I kept retyping different searches. Found one that might be it, but I'm not sure it's the same one. Is there a better way to search for stuff like this?",617,,1,"Use the date jump on the scrollbar, drag to the year and go month by month.",,,,789,21,,,,,,,attempt,True,True,food_restaurant_memory,uncertain,B_system_understanding,remembered_person; remembered_place; remembered_time_approximation,exact_location_unknown; exact_object_name_unknown,natural_language,ramen bowl with egg at a small shop near station,wrong_results,repeated_search,,
reddit:syn-red-0029,reddit,reddit/r/android,syn-red-0029,2023-10-02T17:35:57,True,synthetic://reddit/syn-red-0029,Rant,"Minor gripe: The app is slow to load thumbnails on my old phone. Cancelled my subscription, moving everything to an external drive.",131,,1,"You can search text inside photos sometimes, but it only works if the words are clear in the image.",,,,317,38,,,,,,,noise,False,False,,,,,,,,,,,
reddit:syn-red-0030,reddit,reddit/r/googlephotos,syn-red-0030,2023-02-23T04:47:41,True,synthetic://reddit/syn-red-0030,Can't find a screenshot of a map with a pin someone sent. Any tips?,"I have over 60,000 photos. I'm trying to find a screenshot of a map with a pin someone sent. I need it because I'm finally planning that trek. It was a year or two ago. I remember it showed the name of the village. I remember a friend shared the location of a trekking base camp. I remember a Google Maps screen with a red pin in the hills. I don't remember the exact words on it. Searched for ""maps screenshot"" and it gave me hundreds of photos. I have hundreds of similar shots and can't tell which one it was. Ended up scrolling back through years of photos. I kept retyping different searches. Never found it. Am I doing something wrong?",641,,0,,,,,640,92,,,,,,,attempt,True,True,screenshot,not_found,D_result_evaluation,remembered_context; remembered_text; remembered_time_approximation; remembered_visual_appearance,exact_text_unknown,metadata,maps screenshot,too_many_results,manual_scrolling; repeated_search,large_library,
reddit:syn-red-0031,reddit,reddit/r/googlephotos,syn-red-0031,2024-07-24T10:56:54,True,synthetic://reddit/syn-red-0031,How do you find a photo when you only half remember it?,"Didn't remember anything except a black bowl with a soft egg cut in half, searched for that and it showed up. Impressed.",120,,3,"Use the date jump on the scrollbar, drag to the year and go month by month. || You can search text inside photos sometimes, but it only works if the words are clear in the image. || Tip: if location history was on, try the map view and zoom into the area instead of searching the name.",,,,831,7,,,,,,,success,True,True,food_restaurant_memory,found,none_observed,,,,,,,,vague_search_succeeded
reddit:syn-red-0032,reddit,reddit/r/android,syn-red-0032,2026-02-04T17:37:20,True,synthetic://reddit/syn-red-0032,Rant,"Love the collage feature, made a nice one for my mom. The app is slow to load thumbnails on my old phone.",105,,3,"Search for the thing plus the city, e.g. ""cake bangalore"", works better than a sentence for me. || Ask whoever was there, someone in the group chat usually still has it. || Name the face groups. Searching a person's name works way better than describing them.",,,,805,103,,,,,,,noise,False,False,,,,,,,,,,,
reddit:syn-red-0033,reddit,reddit/r/iphone,syn-red-0033,2024-05-24T12:51:46,True,synthetic://reddit/syn-red-0033,Search can't find the photo of the whiteboard from our planning session,"On iOS. Does anyone know how to find the photo of the whiteboard from our planning session? I need it now because my manager needs the timeline. Timing wise it was sometime last quarter. I remember we photographed it after the workshop. I can't recall what it said exactly. Searched for ""whiteboard"" and got no results. Tried ""whiteboard march"" and got no results. I think it's on my old phone and never got backed up. I kept retyping different searches. Eventually I just gave up. Any tips?",491,,2,"Search by year first, like ""2019"", then scroll within that. Much faster than scrolling from today. || Ask whoever was there, someone in the group chat usually still has it.",,,,289,48,,,,,,,attempt,True,True,work_memory,abandoned,F_data_index_limitation,remembered_context; remembered_time_approximation,exact_text_unknown,keyword; metadata,whiteboard; whiteboard march,not_found; not_found,abandonment; repeated_search,ios_device,
reddit:syn-red-0034,reddit,reddit/r/GooglePixel,syn-red-0034,2023-07-24T06:39:40,True,synthetic://reddit/syn-red-0034,How do you find a photo when you only half remember it?,"I'm trying to find the photo of the warranty card for the washing machine. I remember it showed the serial number. The photo shows the warranty card. I can picture a small card taped to the invoice. Not sure which month or year, honestly. I don't remember the exact words on it. Tried ""warranty"" and nothing came up. The text on the bill isn't searchable as far as I can tell. I checked my Gmail in case I had sent it to someone. I kept retyping different searches. Eventually I just gave up.",492,,3,"Use the date jump on the scrollbar, drag to the year and go month by month. || Search for the thing plus the city, e.g. ""cake bangalore"", works better than a sentence for me. || If it was a screenshot, open the Screenshots category first and then scroll by month.",,,,451,82,,,,,,,attempt,True,True,receipt,abandoned,F_data_index_limitation,remembered_object; remembered_text; remembered_visual_appearance,exact_date_unknown; exact_text_unknown,keyword,warranty,not_found,abandonment; other_application; repeated_search,,
reddit:syn-red-0035,reddit,reddit/r/googlephotos,syn-red-0035,2024-02-26T03:03:38,True,synthetic://reddit/syn-red-0035,Search can't find the photo I took of my passport page,"Does anyone know how to find the photo I took of my passport page? I need it because I need the number urgently for a booking. All I remember visually is my thumb covering one corner. It had the passport number and expiry date on it. I don't remember when exactly. Tried ""passport"" and got no results. I typed ""photo of passport page"" in search and nothing came up. The text in the photo doesn't seem to be searchable. Tried synonyms like ""id"" too. Still haven't found it. Am I doing something wrong?",500,,3,"Try searching for something visible in the photo instead of what happened, like ""stage"" or ""cake"". || You can search text inside photos sometimes, but it only works if the words are clear in the image. || Tip: if location history was on, try the map view and zoom into the area instead of searching the name.",,,,308,117,,,,,,,attempt,True,True,document,not_found,F_data_index_limitation,remembered_text; remembered_visual_appearance,exact_date_unknown,keyword; natural_language,passport; photo of passport page,not_found; not_found,synonym_search,,
reddit:syn-red-0036,reddit,reddit/r/GooglePixel,syn-red-0036,2025-04-26T04:09:12,True,synthetic://reddit/syn-red-0036,Can't find an old photo. Any tips?,"I don't remember dates, nobody does. Searching by date is useless for old memories.",83,,0,,,,,338,95,,,,,,,opinion,True,False,,,,,,,,,,,
reddit:syn-red-0037,reddit,reddit/r/GooglePixel,syn-red-0037,2023-01-28T09:25:31,True,synthetic://reddit/syn-red-0037,How do you find a photo when you only half remember it?,"I've been looking for the picture of the wine label from our anniversary dinner for days. I need it now because I want to buy the same wine again. It was for our 5th anniversary. Timing wise it was a couple of years back. No idea what the thing is actually called. I can't recall what it said exactly. Tried ""wine"" and it gave me hundreds of photos. Searched for ""wine bottle with bird drawing on label"" and it gave me hundreds of photos. I have hundreds of similar shots and can't tell which one it was. I scrolled for like 40 minutes. I found a similar one but not the exact photo I wanted. How do you all deal with this?",623,,3,"Try searching for something visible in the photo instead of what happened, like ""stage"" or ""cake"". || You can search text inside photos sometimes, but it only works if the words are clear in the image. || Name the face groups. Searching a person's name works way better than describing them.",,,,730,81,,,,,,,attempt,True,True,food_restaurant_memory,partially_found,D_result_evaluation,remembered_occasion; remembered_time_approximation,exact_object_name_unknown; exact_text_unknown,keyword; natural_language,wine; wine bottle with bird drawing on label,too_many_results; too_many_results,manual_scrolling,,
reddit:syn-red-0038,reddit,reddit/r/datahoarder,syn-red-0038,2025-08-08T10:55:35,True,synthetic://reddit/syn-red-0038,Can't find a screenshot of a recipe from Instagram. Any tips?,"Does anyone know how to find a screenshot of a recipe from Instagram? I need it because guests are coming this weekend. I remember I screenshotted it from a reel. I remember it showed something with paneer and cashew paste. I don't know what word the app would use for it. I searched ""paneer recipe screenshot"" and there it was. I typed ""recipe"" in search and there it was. I checked my Gmail in case I had sent it to someone. Ended up scrolling back through years of photos. Finally found it after three days. How do you all deal with this?",541,,3,"If it was a screenshot, open the Screenshots category first and then scroll by month. || Name the face groups. Searching a person's name works way better than describing them. || Use the date jump on the scrollbar, drag to the year and go month by month.",,,,330,61,,,,,,,attempt,True,True,screenshot,found,none_observed,remembered_context; remembered_text,exact_keyword_unknown,natural_language; keyword,paneer recipe screenshot; recipe,found; found,manual_scrolling; other_application,,
reddit:syn-red-0039,reddit,reddit/r/googlephotos,syn-red-0039,2025-11-29T20:14:58,True,synthetic://reddit/syn-red-0039,Is there a better way to search for stuff like this?,"Couldn't find the photo of the prescription for my mother's eye drops anywhere, then realised it was on my old phone and never got backed up.",141,,0,,,,,668,57,,,,,,,misattribution,True,True,medical_or_health_image,not_found,F_data_index_limitation,,,,,,,,failure_not_search_related
reddit:syn-red-0040,reddit,reddit/r/android,syn-red-0040,2023-07-05T20:07:31,True,synthetic://reddit/syn-red-0040,Can't find a photo with a guy we met on a trek. Any tips?,"On the web version on my laptop. I'm trying to find a photo with a guy we met on a trek. I need it now because I found him on Instagram and wanted to send it. I remember a yellow jacket and a flag behind us. It was 2019 I think. No clue what the place was called. I don't remember the person's name. I searched ""photo with foreigner in yellow jacket on mountain top"" and got no results. I searched ""himachal 2019"" and got no results. Tried ""trek"" and got no results. The photo is definitely in my library but search never shows it. In the end I texted my friend to send it again. Eventually I just gave up.",606,,1,"You can search text inside photos sometimes, but it only works if the words are clear in the image.",,,,841,53,,,,,,,attempt,True,True,friend_memory,abandoned,C_retrieval,remembered_time_approximation; remembered_visual_appearance,exact_location_unknown; person_name_unknown,natural_language; metadata; keyword,photo with foreigner in yellow jacket on mountain top; himachal 2019; trek,not_found; not_found; not_found,abandonment; ask_another_person,desktop_web,
reddit:syn-red-0041,reddit,reddit/r/googlephotos,syn-red-0041,2024-10-02T01:42:28,True,synthetic://reddit/syn-red-0041,Is there a better way to search for stuff like this?,"Was sure I'd never find the photo of the team at the offsite, but searching ""team"" plus the year got it on the first try.",121,,3,"You can search text inside photos sometimes, but it only works if the words are clear in the image. || Tip: if location history was on, try the map view and zoom into the area instead of searching the name. || Search by year first, like ""2019"", then scroll within that. Much faster than scrolling from today.",,,,103,54,,,,,,,success,True,True,work_memory,found,none_observed,,,,,,,,vague_search_succeeded
reddit:syn-red-0042,reddit,reddit/r/iphone,syn-red-0042,2024-03-16T21:23:38,True,synthetic://reddit/syn-red-0042,Lost an old photo somewhere in 40k photos,"Use the date jump on the scrollbar, drag to the year and go month by month.",75,,2,"Try searching for something visible in the photo instead of what happened, like ""stage"" or ""cake"". || Name the face groups. Searching a person's name works way better than describing them.",,,,22,36,,,,,,,advice,True,False,,,,,,,,,,,
reddit:syn-red-0043,reddit,reddit/r/googlephotos,syn-red-0043,2023-12-23T23:41:24,True,synthetic://reddit/syn-red-0043,How do you find a photo when you only half remember it?,"Been backing up everything since 2015. Does anyone know how to find a picture of the site inspection issue? I need it now because the client is disputing the report. I remember I took it for the report and never sent it. I can picture a rusty pipe with a yellow tag. Timing wise it was a few months back. I can't remember the date at all. Tried ""rusty pipe with yellow tag at warehouse"" and nothing came up. I searched ""warehouse"" and got no results. I think it's on my old phone and never got backed up. I jumped to roughly that year with the scrollbar and went month by month. I found a similar one but not the exact photo I wanted. Am I doing something wrong?",662,,3,"Search for the thing plus the city, e.g. ""cake bangalore"", works better than a sentence for me. || Name the face groups. Searching a person's name works way better than describing them. || Tip: if location history was on, try the map view and zoom into the area instead of searching the name.",,,,196,50,,,,,,,attempt,True,True,work_memory,partially_found,F_data_index_limitation,remembered_context; remembered_time_approximation; remembered_visual_appearance,exact_date_unknown,natural_language; metadata,rusty pipe with yellow tag at warehouse; warehouse,not_found; not_found,date_browsing,long_tenure,
reddit:syn-red-0044,reddit,reddit/r/android,syn-red-0044,2023-12-15T03:13:31,True,synthetic://reddit/syn-red-0044,How do you find a photo when you only half remember it?,"Does anyone know how to find the photo of us dancing at the sangeet? I can picture a disco ball and me in a pink lehenga. I remember we had practised that dance for weeks. I'm not sure if I ever put it in an album. Tried ""sangeet"" and got thousands of results to scroll through. All the results look the same as tiny thumbnails. I scrolled for like 40 minutes. In the end I texted my friend to send it again. Eventually I just gave up.",435,,3,"Check whether the photo was ever backed up. If it was from an old phone it might never have been uploaded. || Search by year first, like ""2019"", then scroll within that. Much faster than scrolling from today. || Try searching for something visible in the photo instead of what happened, like ""stage"" or ""cake"".",,,,147,91,,,,,,,attempt,True,True,wedding_memory,abandoned,D_result_evaluation,remembered_context; remembered_visual_appearance,album_unknown,metadata,sangeet,too_many_results,abandonment; ask_another_person; manual_scrolling,,
reddit:syn-red-0045,reddit,reddit/r/GooglePixel,syn-red-0045,2025-09-20T20:01:01,True,synthetic://reddit/syn-red-0045,Is there a better way to search for stuff like this?,"My wife and I share a partner library. I've been looking for the picture of the pharmacy receipt for days. Timing wise it was around when I was sick last year. It's a picture of a pharmacy bill. I remember thermal paper that was already fading. I can't remember the date at all. I searched ""pharmacy medicine bill"" and got no results. I searched ""receipt"" but it just showed random photos. I ran out of ideas pretty quickly. Eventually I searched my WhatsApp chats instead. Ended up scrolling back through years of photos. Found one that might be it, but I'm not sure it's the same one. How do you all deal with this?",617,,3,"You can search text inside photos sometimes, but it only works if the words are clear in the image. || Check whether the photo was ever backed up. If it was from an old phone it might never have been uploaded. || Name the face groups. Searching a person's name works way better than describing them.",,,,165,24,,,,,,,attempt,True,True,receipt,uncertain,E_refinement,remembered_object; remembered_time_approximation; remembered_visual_appearance,exact_date_unknown,natural_language; keyword,pharmacy medicine bill; receipt,not_found; wrong_results,manual_scrolling; other_application,shared_library,
reddit:syn-red-0046,reddit,reddit/r/datahoarder,syn-red-0046,2024-01-21T12:08:07,True,synthetic://reddit/syn-red-0046,Can't find a picture of the waterfall we hiked to. Any tips?,"On photos.google.com from my PC. I've been looking for a picture of the waterfall we hiked to for days. It had my cousins in it. I can picture mist everywhere and everyone in raincoats. I know it was a couple of hours from the homestay. This was during the Meghalaya road trip. No clue what the place was called. I don't remember when exactly. I searched ""meghalaya 2020"" and it gave me hundreds of photos. I have hundreds of similar shots and can't tell which one it was. I jumped to roughly that year with the scrollbar and went month by month. Never found it. How do you all deal with this?",593,,1,"Tip: if location history was on, try the map view and zoom into the area instead of searching the name.",,,,179,57,,,,,,,attempt,True,True,travel_memory,not_found,D_result_evaluation,remembered_person; remembered_place; remembered_trip; remembered_visual_appearance,exact_date_unknown; exact_location_unknown,metadata,meghalaya 2020,too_many_results,date_browsing,desktop_web,
reddit:syn-red-0047,reddit,reddit/r/datahoarder,syn-red-0047,2023-02-06T17:30:12,True,synthetic://reddit/syn-red-0047,Is there a better way to search for stuff like this?,"Honestly search is amazing. I typed ""narrow street with yellow tiles and tram"" and it found the photo of the street where we got lost in seconds.",145,,0,,,,,424,29,,,,,,,success,True,True,travel_memory,found,none_observed,,,,,,,,vague_search_succeeded
reddit:syn-red-0048,reddit,reddit/r/datahoarder,syn-red-0048,2023-07-20T14:43:24,True,synthetic://reddit/syn-red-0048,Lost the photo of a plant I saw at a nursery somewhere in 40k photos,"I take a ridiculous number of screenshots. Looking for the photo of a plant I saw at a nursery. I need it because I want to buy it now that I have a balcony. It was last spring. It was taken at a nursery near my office. It's a picture of a plant with striped leaves. I can picture purple and green striped leaves in a hanging pot. I can't recall where exactly it was. No idea what the thing is actually called. I searched ""plant"" and it popped up near the top. I typed ""plant with purple striped leaves"" in search and it popped up near the top. I kept retyping different searches. Finally found it after way too long. Any tips?",627,,0,,,,,119,93,,,,,,,attempt,True,True,object_memory,found,none_observed,remembered_object; remembered_place; remembered_time_approximation; remembered_visual_appearance,exact_location_unknown; exact_object_name_unknown,keyword; natural_language,plant; plant with purple striped leaves,found; found,repeated_search,screenshot_heavy,
reddit:syn-red-0049,reddit,reddit/r/datahoarder,syn-red-0049,2024-09-14T01:39:58,True,synthetic://reddit/syn-red-0049,Is there a better way to search for stuff like this?,"Something that helps: Ask whoever was there, someone in the group chat usually still has it.",92,,2,"Tip: if location history was on, try the map view and zoom into the area instead of searching the name. || Ask whoever was there, someone in the group chat usually still has it.",,,,254,44,,,,,,,advice,True,False,,,,,,,,,,,
reddit:syn-red-0050,reddit,reddit/r/android,syn-red-0050,2025-02-14T03:46:05,True,synthetic://reddit/syn-red-0050,Is there a better way to search for stuff like this?,"Something that helps: Ask whoever was there, someone in the group chat usually still has it.",92,,0,,,,,340,39,,,,,,,advice,True,False,,,,,,,,,,,
reddit:syn-red-0051,reddit,reddit/r/datahoarder,syn-red-0051,2025-11-22T14:02:33,True,synthetic://reddit/syn-red-0051,How do you find a photo when you only half remember it?,"On the web version on my laptop. Looking for the picture of my college marksheet. I need it because background verification asked for it. I remember I sent it to some HR at some point. It's a picture of my marksheet. All I remember visually is a certificate with a blue border. I can't remember the date at all. No idea what to search for really. Tried ""2020 certificate"" and got a bunch of pictures that had nothing to do with it. I didn't know what else to try. Tried synonyms like ""certificate"" too. Still haven't found it. Is there a better way to search for stuff like this?",579,,2,"Check whether the photo was ever backed up. If it was from an old phone it might never have been uploaded. || Tip: if location history was on, try the map view and zoom into the area instead of searching the name.",,,,541,34,,,,,,,attempt,True,True,document,not_found,E_refinement,remembered_context; remembered_object; remembered_visual_appearance,exact_date_unknown; exact_keyword_unknown,metadata,2020 certificate,wrong_results,synonym_search,desktop_web,
reddit:syn-red-0052,reddit,reddit/r/iphone,syn-red-0052,2024-01-08T15:56:53,True,synthetic://reddit/syn-red-0052,How do you find a photo when you only half remember it?,"I'm trying to find that picture from the trip where we stayed near the beach. I need it because I want to book the same homestay. This was during a long weekend trip. We were at a homestay near a quiet beach when I took it. The location data was probably off. I can't recall where exactly it was. Tried ""beach"" and it popped up near the top. Gave up for the day and tried again the next week. Got it eventually, after about an hour.",432,,1,Check whether the photo was ever backed up. If it was from an old phone it might never have been uploaded.,,,,724,87,,,,,,,attempt,True,True,location_memory,found,none_observed,remembered_place; remembered_trip,exact_location_unknown; metadata_unknown,keyword,beach,found,return_later,,
reddit:syn-red-0053,reddit,reddit/r/GooglePixel,syn-red-0053,2023-08-28T01:07:53,True,synthetic://reddit/syn-red-0053,How do you find a photo when you only half remember it?,"I have over 60,000 photos. Looking for the candid of my cousin laughing during the haldi. I remember someone had just thrown haldi on her. Timing wise it was the morning before the wedding, 2023. It had my cousin in it. I remember yellow everywhere and marigold flowers. I don't remember when exactly. I searched ""girl laughing covered in yellow with marigolds"" and got thousands of results to scroll through. Tried ""haldi"" and it gave me hundreds of photos. I searched ""2023 wedding"" and it gave me hundreds of photos. There are so many almost identical shots from that day that I can't tell which one it is. In the end I texted my friend to send it again. I scrolled for like 40 minutes. I gave up on finding it. Am I doing something wrong?",742,,3,"Check whether the photo was ever backed up. If it was from an old phone it might never have been uploaded. || Ask whoever was there, someone in the group chat usually still has it. || Use the date jump on the scrollbar, drag to the year and go month by month.",,,,717,108,,,,,,,attempt,True,True,wedding_memory,abandoned,D_result_evaluation,remembered_context; remembered_person; remembered_time_approximation; remembered_visual_appearance,exact_date_unknown,natural_language; keyword; metadata,girl laughing covered in yellow with marigolds; haldi; 2023 wedding,too_many_results; too_many_results; too_many_results,abandonment; ask_another_person; manual_scrolling,large_library,
reddit:syn-red-0054,reddit,reddit/r/datahoarder,syn-red-0054,2026-02-14T23:10:34,True,synthetic://reddit/syn-red-0054,How do you find a photo when you only half remember it?,"I've been looking for the picture of the wine label from our anniversary dinner for days. I need it because I want to buy the same wine again. I remember my partner being in it. I can picture a label with a drawing of a bird. I don't remember the exact words on it. No idea what the thing is actually called. Searched for ""wine bottle with bird drawing on label"" and there it was. Tried ""anniversary 2023"" and there it was. I scrolled for like 40 minutes. I jumped to roughly that year with the scrollbar and went month by month. Got it eventually, after about an hour. Any tips?",579,,2,"Name the face groups. Searching a person's name works way better than describing them. || Search for the thing plus the city, e.g. ""cake bangalore"", works better than a sentence for me.",,,,132,36,,,,,,,attempt,True,True,food_restaurant_memory,found,none_observed,remembered_person; remembered_visual_appearance,exact_object_name_unknown; exact_text_unknown,natural_language; metadata,wine bottle with bird drawing on label; anniversary 2023,found; found,date_browsing; manual_scrolling,,
reddit:syn-red-0055,reddit,reddit/r/iphone,syn-red-0055,2025-03-07T03:54:41,True,synthetic://reddit/syn-red-0055,Is there a better way to search for stuff like this?,"I've been looking for a shot of the fireworks at the new year party for days. I need it because I wanted to post a throwback. For context, it was just before midnight. Timing wise it was one of the new years, 2019 or 2020. I can picture green fireworks over a swimming pool. I can't remember the date at all. Tried ""fireworks"" but it just showed random photos. Tried ""green fireworks over pool"" and got a bunch of pictures that had nothing to do with it. It took ""fireworks"" literally and ignored everything else. I scrolled for like 40 minutes. Found one that might be it, but I'm not sure it's the same one. Any tips?",619,,0,,,,,598,95,,,,,,,attempt,True,True,event_memory,uncertain,B_system_understanding,remembered_context; remembered_time_approximation; remembered_visual_appearance,exact_date_unknown,keyword; natural_language,fireworks; green fireworks over pool,wrong_results; wrong_results,manual_scrolling,,
reddit:syn-red-0056,reddit,reddit/r/iphone,syn-red-0056,2023-07-09T13:50:53,True,synthetic://reddit/syn-red-0056,Search can't find a picture of the site inspection issue,"I'm trying to find a picture of the site inspection issue. All I remember visually is a rusty pipe with a yellow tag. It was a few months back. I remember I took it for the report and never sent it. It was taken at the client's warehouse. I don't know what it's called. Tried ""rusty pipe with yellow tag at warehouse"" and got no results. Searched for ""pipe"" and got no results. I think it's on my old phone and never got backed up. Ended up scrolling back through years of photos. Finally found it after two evenings.",517,,0,,,,,146,70,,,,,,,attempt,True,True,work_memory,found,F_data_index_limitation,remembered_context; remembered_place; remembered_time_approximation; remembered_visual_appearance,exact_object_name_unknown,natural_language; keyword,rusty pipe with yellow tag at warehouse; pipe,not_found; not_found,manual_scrolling,,
reddit:syn-red-0057,reddit,reddit/r/iphone,syn-red-0057,2024-04-28T23:15:19,True,synthetic://reddit/syn-red-0057,Lost a shot of the fireworks at the new year party somewhere in 40k photos,"On photos.google.com from my PC. I've been looking for a shot of the fireworks at the new year party for days. It's from the new year party at the club. I remember it was just before midnight. Not sure which month or year, honestly. I typed ""fireworks"" in search and nothing came up. It just doesn't show up in search even though I know it's there. I jumped to roughly that year with the scrollbar and went month by month. Never found it.",438,,1,"Use the date jump on the scrollbar, drag to the year and go month by month.",,,,864,40,,,,,,,attempt,True,True,event_memory,not_found,C_retrieval,remembered_context; remembered_event,exact_date_unknown,keyword,fireworks,not_found,date_browsing,desktop_web,
reddit:syn-red-0058,reddit,reddit/r/datahoarder,syn-red-0058,2026-07-02T07:30:00,True,synthetic://reddit/syn-red-0058,Is there a better way to search for stuff like this?,"Does anyone know how to find the photo of the street where we got lost? I can picture yellow tiles on the walls and a tram line. I remember my husband being in it. It's from our honeymoon. It was on the third or fourth day of the trip. No clue what the place was called. Tried ""lisbon"" and it popped up near the top. Searched for ""narrow street with yellow tiles and tram"" and there it was. Searched for ""street"" and there it was. I went through the map view hoping to spot it. I jumped to roughly that year with the scrollbar and went month by month. Finally found it after way too long.",588,,1,"If it was a screenshot, open the Screenshots category first and then scroll by month.",,,,319,50,,,,,,,attempt,True,True,travel_memory,found,none_observed,remembered_person; remembered_time_approximation; remembered_trip; remembered_visual_appearance,exact_location_unknown,metadata; natural_language; keyword,lisbon; narrow street with yellow tiles and tram; street,found; found; found,date_browsing; location_browsing,,
reddit:syn-red-0059,reddit,reddit/r/googlephotos,syn-red-0059,2024-07-11T05:00:01,True,synthetic://reddit/syn-red-0059,Search can't find the photo of the stage when they announced the results,"On my Pixel. Does anyone know how to find the photo of the stage when they announced the results? I need it now because I need it for my portfolio. I can picture purple lights and a big screen with my name. It had my team in it. For context, I was holding a trophy. I don't remember when exactly. I typed ""awards december"" in search and it gave me hundreds of photos. Tried ""award"" and got thousands of results to scroll through. All the results look the same as tiny thumbnails. I jumped to roughly that year with the scrollbar and went month by month. I went through the face group for that person too. Still haven't found it. Am I doing something wrong?",656,,2,"Search by year first, like ""2019"", then scroll within that. Much faster than scrolling from today. || Search for the thing plus the city, e.g. ""cake bangalore"", works better than a sentence for me.",,,,185,54,,,,,,,attempt,True,True,event_memory,not_found,D_result_evaluation,remembered_context; remembered_person; remembered_visual_appearance,exact_date_unknown,metadata; keyword,awards december; award,too_many_results; too_many_results,date_browsing; people_browsing,android_device,
reddit:syn-red-0060,reddit,reddit/r/datahoarder,syn-red-0060,2025-02-03T02:06:19,True,synthetic://reddit/syn-red-0060,Is there a better way to search for stuff like this?,"On my Samsung. I've been looking for the photo of us at the football match for days. I need it because reunion group chat asked for it. I remember my school friends being in it. Timing wise it was some time after school ended. All I remember visually is all of us with painted faces. I don't even remember what the event was called. I searched ""stadium"" and nothing came up. It came from my old phone and I'm not sure it ever got backed up. I went through the face group for that person too. Never found it. Is there a better way to search for stuff like this?",560,,3,"If it was a screenshot, open the Screenshots category first and then scroll by month. || Tip: if location history was on, try the map view and zoom into the area instead of searching the name. || Check whether the photo was ever backed up. If it was from an old phone it might never have been uploaded.",,,,43,10,,,,,,,attempt,True,True,friend_memory,not_found,F_data_index_limitation,remembered_person; remembered_time_approximation; remembered_visual_appearance,event_name_unknown,keyword,stadium,not_found,people_browsing,android_device,
reddit:syn-red-0061,reddit,reddit/r/GooglePixel,syn-red-0061,2023-11-01T18:40:56,True,synthetic://reddit/syn-red-0061,Can't find an old photo. Any tips?,"Couldn't find the group photo from the night we all stayed up on the terrace anywhere, then realised it was on my old phone and never got backed up.",148,,1,Name the face groups. Searching a person's name works way better than describing them.,,,,130,38,,,,,,,misattribution,True,True,friend_memory,not_found,F_data_index_limitation,,,,,,,,failure_not_search_related
reddit:syn-red-0062,reddit,reddit/r/datahoarder,syn-red-0062,2024-09-08T19:50:50,True,synthetic://reddit/syn-red-0062,How do you find a photo when you only half remember it?,"I've been looking for the family photo from Diwali where everyone is wearing white for days. I need it because my aunt asked me to send it. We were at my aunt's house when I took it. I can picture everyone in white kurtas with diyas in front. It was for Diwali. I have no idea what year it was. I typed ""diwali"" in search and got no results. Searched for ""diwali 2018"" and nothing came up. The photo is definitely in my library but search never shows it. I scrolled for like 40 minutes. I went through the face group for that person too. Found one that might be it, but I'm not sure it's the same one. Is there a better way to search for stuff like this?",654,,0,,,,,210,109,,,,,,,attempt,True,True,family_memory,uncertain,C_retrieval,remembered_occasion; remembered_place; remembered_visual_appearance,exact_date_unknown,keyword; metadata,diwali; diwali 2018,not_found; not_found,manual_scrolling; people_browsing,,
reddit:syn-red-0063,reddit,reddit/r/googlephotos,syn-red-0063,2025-11-02T03:48:01,True,synthetic://reddit/syn-red-0063,Lost a shot of the fireworks at the new year party somewhere in 40k photos,"Does anyone know how to find a shot of the fireworks at the new year party? I need it because I wanted to post a throwback. It's from the new year party at the club. For context, it was just before midnight. I have no idea what year it was. Tried ""fireworks"" and there it was. Tried ""green fireworks over pool"" and there it was. I jumped to roughly that year with the scrollbar and went month by month. I scrolled for like 40 minutes. Got it eventually, after about an hour.",474,,1,"Ask whoever was there, someone in the group chat usually still has it.",,,,790,62,,,,,,,attempt,True,True,event_memory,found,none_observed,remembered_context; remembered_event,exact_date_unknown,keyword; natural_language,fireworks; green fireworks over pool,found; found,date_browsing; manual_scrolling,,
reddit:syn-red-0064,reddit,reddit/r/datahoarder,syn-red-0064,2023-10-21T20:12:04,True,synthetic://reddit/syn-red-0064,Lost the video of my mom singing at the dinner table somewhere in 40k photos,"Looking for the video of my mom singing at the dinner table. I remember my mom being in it. It was some Sunday a couple of years ago. It was while singing an old song. I have no idea what year it was. I searched ""mom singing"" and nothing came up. Tried ""video of mom singing at dinner"" and nothing came up. The photo is definitely in my library but search never shows it. I jumped to roughly that year with the scrollbar and went month by month. I scrolled for like 40 minutes. Got it eventually, after two evenings.",516,,1,"Tip: if location history was on, try the map view and zoom into the area instead of searching the name.",,,,353,71,,,,,,,attempt,True,True,family_memory,found,C_retrieval,remembered_activity; remembered_person; remembered_time_approximation,exact_date_unknown,keyword; natural_language,mom singing; video of mom singing at dinner,not_found; not_found,date_browsing; manual_scrolling,,
reddit:syn-red-0065,reddit,reddit/r/datahoarder,syn-red-0065,2023-02-04T11:46:23,True,synthetic://reddit/syn-red-0065,Lost the photo of the parking spot sign somewhere in 40k photos,"Looking for the photo of the parking spot sign. All I remember visually is a green pillar with a letter and number. It had the level and bay number on it. I can't recall what it said exactly. Tried ""parking"" and got thousands of results to scroll through. Searched for ""parking pillar sign"" and it gave me hundreds of photos. Tried ""parking"" and got thousands of results to scroll through. I have hundreds of similar shots and can't tell which one it was. I scrolled for like 40 minutes. I kept retyping different searches. I gave up on finding it. Any tips?",558,,3,"Try searching for something visible in the photo instead of what happened, like ""stage"" or ""cake"". || Search by year first, like ""2019"", then scroll within that. Much faster than scrolling from today. || Check whether the photo was ever backed up. If it was from an old phone it might never have been uploaded.",,,,38,30,,,,,,,attempt,True,True,location_memory,abandoned,D_result_evaluation,remembered_text; remembered_visual_appearance,exact_text_unknown,keyword; natural_language; metadata,parking; parking pillar sign; parking,too_many_results; too_many_results; too_many_results,abandonment; manual_scrolling; repeated_search,,
reddit:syn-red-0066,reddit,reddit/r/iphone,syn-red-0066,2023-11-06T01:52:12,True,synthetic://reddit/syn-red-0066,Lost an old photo somewhere in 40k photos,"Something that helps: Tip: if location history was on, try the map view and zoom into the area instead of searching the name.",125,,2,"Tip: if location history was on, try the map view and zoom into the area instead of searching the name. || If it was a screenshot, open the Screenshots category first and then scroll by month.",,,,857,85,,,,,,,advice,True,False,,,,,,,,,,,
reddit:syn-red-0067,reddit,reddit/r/android,syn-red-0067,2024-04-13T16:00:08,True,synthetic://reddit/syn-red-0067,Search can't find the family photo from Diwali where everyone is wearing white,"I'm trying to find the family photo from Diwali where everyone is wearing white. I need it now because my aunt asked me to send it. I remember everyone in white kurtas with diyas in front. It was one of the Diwalis between 2017 and 2020. It was taken on Diwali. We were at my aunt's house when I took it. I can't remember the date at all. Searched for ""diwali 2018"" and nothing came up. I just didn't know how to describe it in a way search would get. I jumped to roughly that year with the scrollbar and went month by month. I found a similar one but not the exact photo I wanted. Is there a better way to search for stuff like this?",634,,0,,,,,451,78,,,,,,,attempt,True,True,family_memory,partially_found,A_memory_expression,remembered_occasion; remembered_place; remembered_time_approximation; remembered_visual_appearance,exact_date_unknown,metadata,diwali 2018,not_found,date_browsing,,
reddit:syn-red-0068,reddit,reddit/r/googlephotos,syn-red-0068,2025-11-26T12:02:18,True,synthetic://reddit/syn-red-0068,Search can't find an old photo,"Thought search was broken but that picture from the trip where we stayed near the beach was in my partner's library, not mine.",126,,0,,,,,114,32,,,,,,,misattribution,True,True,location_memory,not_found,F_data_index_limitation,,,,,,,,failure_not_search_related
reddit:syn-red-0069,reddit,reddit/r/datahoarder,syn-red-0069,2023-12-28T19:07:38,True,synthetic://reddit/syn-red-0069,Search can't find the candid of my cousin laughing during the haldi,"On Android. Does anyone know how to find the candid of my cousin laughing during the haldi? I need it now because she wants it for her album. For context, someone had just thrown haldi on her. All I remember visually is yellow everywhere and marigold flowers. It was at my cousin's haldi. It had my cousin in it. I don't remember when exactly. Searched for ""girl laughing covered in yellow with marigolds"" and it gave me hundreds of photos. I typed ""haldi"" in search and it gave me hundreds of photos. I typed ""2023 wedding"" in search and got thousands of results to scroll through. All the results look the same as tiny thumbnails. In the end I texted my friend to send it again. I scrolled for like 40 minutes. I gave up on finding it. Is there a better way to search for stuff like this?",790,,1,"Try searching for something visible in the photo instead of what happened, like ""stage"" or ""cake"".",,,,369,89,,,,,,,attempt,True,True,wedding_memory,abandoned,D_result_evaluation,remembered_context; remembered_event; remembered_person; remembered_visual_appearance,exact_date_unknown,natural_language; keyword; metadata,girl laughing covered in yellow with marigolds; haldi; 2023 wedding,too_many_results; too_many_results; too_many_results,abandonment; ask_another_person; manual_scrolling,android_device,
reddit:syn-red-0070,reddit,reddit/r/GooglePixel,syn-red-0070,2025-12-14T21:44:43,True,synthetic://reddit/syn-red-0070,How do you find a photo when you only half remember it?,"From experience, Search for the thing plus the city, e.g. ""cake bangalore"", works better than a sentence for me.",112,,2,"Search for the thing plus the city, e.g. ""cake bangalore"", works better than a sentence for me. || You can search text inside photos sometimes, but it only works if the words are clear in the image.",,,,3,86,,,,,,,advice,True,False,,,,,,,,,,,
reddit:syn-red-0071,reddit,reddit/r/iphone,syn-red-0071,2024-02-12T22:02:25,True,synthetic://reddit/syn-red-0071,Search can't find the screenshot of the train booking confirmation,"Does anyone know how to find the screenshot of the train booking confirmation? I can picture a white screen with a green tick. It was last month. I don't remember the exact words on it. I searched ""ticket"" and got no results. Tried ""pnr"" and got a bunch of pictures that had nothing to do with it. Searched for ""train ticket booking confirmation screenshot"" and nothing came up. I know exactly what it looks like but can't put it into search words. I kept retyping different searches. I scrolled for like 40 minutes. Got it eventually, after about an hour. Am I doing something wrong?",584,,2,"Use the date jump on the scrollbar, drag to the year and go month by month. || Search by year first, like ""2019"", then scroll within that. Much faster than scrolling from today.",,,,240,99,,,,,,,attempt,True,True,screenshot,found,A_memory_expression,remembered_time_approximation; remembered_visual_appearance,exact_text_unknown,keyword; metadata; natural_language,ticket; pnr; train ticket booking confirmation screenshot,not_found; wrong_results; not_found,manual_scrolling; repeated_search,,
reddit:syn-red-0072,reddit,reddit/r/datahoarder,syn-red-0072,2024-12-17T20:54:47,True,synthetic://reddit/syn-red-0072,Search can't find an old photo,Found a picture of the waterfall we hiked to by searching the person's face and then scrolling a bit. Took two minutes.,119,,2,"If it was a screenshot, open the Screenshots category first and then scroll by month. || Try searching for something visible in the photo instead of what happened, like ""stage"" or ""cake"".",,,,887,80,,,,,,,success,True,True,travel_memory,found,none_observed,,,,,,,,vague_search_succeeded
reddit:syn-red-0073,reddit,reddit/r/googlephotos,syn-red-0073,2024-08-27T06:32:23,True,synthetic://reddit/syn-red-0073,Is there a better way to search for stuff like this?,"The search is fine if you know exactly what you want, but not when you only half remember it.",93,,1,"Tip: if location history was on, try the map view and zoom into the area instead of searching the name.",,,,248,47,,,,,,,opinion,True,False,,,,,,,,,,,
reddit:syn-red-0074,reddit,reddit/r/iphone,syn-red-0074,2024-10-25T20:06:06,True,synthetic://reddit/syn-red-0074,Can't find the photo of my son's vaccination card. Any tips?,"Looking for the photo of my son's vaccination card. I need it because school admission needs it. I remember the doctor asked us to keep a copy. It had the dates of the last booster on it. I can't recall what it said exactly. No idea what the thing is actually called. I typed ""vaccination"" in search and got no results. Tried ""vaccine"" and got no results. Searched for ""baby vaccination card pink"" and got no results. The text in the photo doesn't seem to be searchable. I checked my Gmail in case I had sent it to someone. Still haven't found it. How do you all deal with this?",578,,2,"Use the date jump on the scrollbar, drag to the year and go month by month. || Ask whoever was there, someone in the group chat usually still has it.",,,,886,95,,,,,,,attempt,True,True,document,not_found,F_data_index_limitation,remembered_context; remembered_text,exact_object_name_unknown; exact_text_unknown,keyword; metadata; natural_language,vaccination; vaccine; baby vaccination card pink,not_found; not_found; not_found,other_application,,
reddit:syn-red-0075,reddit,reddit/r/googlephotos,syn-red-0075,2024-07-14T05:01:24,True,synthetic://reddit/syn-red-0075,How do you find a photo when you only half remember it?,"I'm trying to find the photo of my first tattoo right after I got it. I need it now because the artist asked for a before picture. The photo shows a tattoo. Timing wise it was a few years back. I remember a small wave design on my wrist, all red around it. I remember it was still covered with cling film. I don't remember when exactly. Tried ""tattoo"" and got a bunch of pictures that had nothing to do with it. I searched ""fresh wave tattoo on wrist"" and got a bunch of pictures that had nothing to do with it. I typed ""tattoo"" in search but it just showed random photos. It doesn't understand what I'm describing at all. I even googled how to search Google Photos better. I jumped to roughly that year with the scrollbar and went month by month. Never found it. Am I doing something wrong?",791,,3,"Tip: if location history was on, try the map view and zoom into the area instead of searching the name. || Use the date jump on the scrollbar, drag to the year and go month by month. || You can search text inside photos sometimes, but it only works if the words are clear in the image.",,,,568,117,,,,,,,attempt,True,True,personal_memory,not_found,B_system_understanding,remembered_context; remembered_object; remembered_time_approximation; remembered_visual_appearance,exact_date_unknown,keyword; natural_language; metadata,tattoo; fresh wave tattoo on wrist; tattoo,wrong_results; wrong_results; wrong_results,date_browsing; external_search,,
reddit:syn-red-0076,reddit,reddit/r/android,syn-red-0076,2023-09-16T22:42:01,True,synthetic://reddit/syn-red-0076,Is there a better way to search for stuff like this?,"I'm trying to find the photo of my son's vaccination card. I remember the doctor asked us to keep a copy. It's a picture of the vaccination card. It had the dates of the last booster on it. It was when he was a baby. I don't remember the exact words on it. Searched for ""vaccine"" and got a bunch of pictures that had nothing to do with it. I searched ""vaccination"" and nothing came up. How do you even search for something like that? I checked my Gmail in case I had sent it to someone. Tried synonyms like ""immunisation"" too. Found one that might be it, but I'm not sure it's the same one. Is there a better way to search for stuff like this?",643,,2,"Tip: if location history was on, try the map view and zoom into the area instead of searching the name. || Ask whoever was there, someone in the group chat usually still has it.",,,,566,108,,,,,,,attempt,True,True,document,uncertain,A_memory_expression,remembered_context; remembered_object; remembered_text; remembered_time_approximation,exact_text_unknown,metadata; keyword,vaccine; vaccination,wrong_results; not_found,other_application; synonym_search,,
reddit:syn-red-0077,reddit,reddit/r/iphone,syn-red-0077,2024-11-29T00:51:06,True,synthetic://reddit/syn-red-0077,Can't find the photo of the bill I took sometime last summer. Any tips?,"Does anyone know how to find the photo of the bill I took sometime last summer? I need it now because a friend still hasn't paid me back and disputes the amount. It had the total and the GST number on it. For context, we were splitting it between six people. All I remember visually is a long crumpled receipt. I can't recall what it said exactly. Searched for ""restaurant bill split between friends"" and there it was. I searched ""june bill"" and it popped up near the top. Tried ""bill"" and it popped up near the top. I kept retyping different searches. Finally found it after two evenings. Am I doing something wrong?",617,,0,,,,,541,53,,,,,,,attempt,True,True,receipt,found,none_observed,remembered_context; remembered_text; remembered_visual_appearance,exact_text_unknown,natural_language; metadata; keyword,restaurant bill split between friends; june bill; bill,found; found; found,repeated_search,,
reddit:syn-red-0078,reddit,reddit/r/googlephotos,syn-red-0078,2024-06-12T12:03:41,True,synthetic://reddit/syn-red-0078,Can't find the photo of us at the football match. Any tips?,"I have 12 years of photos in there. Looking for the photo of us at the football match. I need it now because reunion group chat asked for it. I remember my school friends being in it. It's from the derby match. I remember all of us with painted faces. Timing wise it was some time after school ended. I can't recall the name of the event. Not sure which month or year, honestly. I typed ""stadium"" in search and nothing came up. I searched ""friends with painted faces at football match"" but it just showed random photos. I typed ""football"" in search and nothing came up. How do you even search for something like that? In the end I texted my friend to send it again. Got it eventually, after three days.",702,,2,"Search for the thing plus the city, e.g. ""cake bangalore"", works better than a sentence for me. || Check whether the photo was ever backed up. If it was from an old phone it might never have been uploaded.",,,,75,73,,,,,,,attempt,True,True,friend_memory,found,A_memory_expression,remembered_event; remembered_person; remembered_time_approximation; remembered_visual_appearance,event_name_unknown; exact_date_unknown,keyword; natural_language; metadata,stadium; friends with painted faces at football match; football,not_found; wrong_results; not_found,ask_another_person,large_library,
reddit:syn-red-0079,reddit,reddit/r/iphone,syn-red-0079,2024-12-10T15:09:36,True,synthetic://reddit/syn-red-0079,Anyone else?,Printing service delivery took two weeks. Face grouping merged my twin daughters into one person lol.,101,,0,,,,,377,6,,,,,,,noise,False,False,,,,,,,,,,,
reddit:syn-red-0080,reddit,reddit/r/GooglePixel,syn-red-0080,2023-01-06T03:21:48,True,synthetic://reddit/syn-red-0080,How do you find a photo when you only half remember it?,"A lot of my photos come from shared albums. Looking for the photo of the warranty card for the washing machine. For context, I photographed it right after installation. I remember it showed the serial number. The photo shows the warranty card. All I remember visually is a small card taped to the invoice. I can't recall what it said exactly. I searched ""warranty 2024"" and nothing came up. Searched for ""warranty"" and got no results. The text on the bill isn't searchable as far as I can tell. I checked my Gmail in case I had sent it to someone. Never found it.",563,,2,"Ask whoever was there, someone in the group chat usually still has it. || Try searching for something visible in the photo instead of what happened, like ""stage"" or ""cake"".",,,,732,0,,,,,,,attempt,True,True,receipt,not_found,F_data_index_limitation,remembered_context; remembered_object; remembered_text; remembered_visual_appearance,exact_text_unknown,metadata; keyword,warranty 2024; warranty,not_found; not_found,other_application,shared_library,
reddit:syn-red-0081,reddit,reddit/r/datahoarder,syn-red-0081,2024-10-17T00:40:28,True,synthetic://reddit/syn-red-0081,Search can't find an old photo,"Didn't remember anything except the puppy running circles around him, searched for that and it showed up. Impressed.",116,,1,"If it was a screenshot, open the Screenshots category first and then scroll by month.",,,,603,13,,,,,,,success,True,True,video,found,none_observed,,,,,,,,vague_search_succeeded
reddit:syn-red-0082,reddit,reddit/r/datahoarder,syn-red-0082,2023-06-21T22:16:38,True,synthetic://reddit/syn-red-0082,Lost the video of my dog meeting the new puppy somewhere in 40k photos,"My wife and I share a partner library. I've been looking for the video of my dog meeting the new puppy for days. I need it because our old dog passed away last week. It had our old dog in it. I know it was in our backyard. Not sure which month or year, honestly. I searched ""2020 video"" and there it was. Tried synonyms like ""puppy"" too. I kept retyping different searches. Got it eventually, after two evenings. How do you all deal with this?",443,,3,"Try searching for something visible in the photo instead of what happened, like ""stage"" or ""cake"". || Name the face groups. Searching a person's name works way better than describing them. || Ask whoever was there, someone in the group chat usually still has it.",,,,191,119,,,,,,,attempt,True,True,video,found,none_observed,remembered_person; remembered_place,exact_date_unknown,metadata,2020 video,found,repeated_search; synonym_search,shared_library,
reddit:syn-red-0083,reddit,reddit/r/iphone,syn-red-0083,2026-05-13T20:16:18,True,synthetic://reddit/syn-red-0083,Search can't find an old photo,Spent an hour looking for the picture of my college marksheet and it turns out I had deleted it years ago. Not the app's fault.,127,,1,"Use the date jump on the scrollbar, drag to the year and go month by month.",,,,646,104,,,,,,,misattribution,True,True,document,not_found,F_data_index_limitation,,,,,,,,failure_not_search_related
reddit:syn-red-0084,reddit,reddit/r/datahoarder,syn-red-0084,2025-03-12T18:20:02,True,synthetic://reddit/syn-red-0084,Is there a better way to search for stuff like this?,"I remember photos by who I was with and what we were doing, not by where the GPS says I was.",92,,1,"If it was a screenshot, open the Screenshots category first and then scroll by month.",,,,234,44,,,,,,,opinion,True,False,,,,,,,,,,,
reddit:syn-red-0085,reddit,reddit/r/googlephotos,syn-red-0085,2024-05-26T11:40:37,True,synthetic://reddit/syn-red-0085,Can't find a photo of the bookshelf I wanted to build. Any tips?,"I've been looking for a photo of the bookshelf I wanted to build for days. I need it because the carpenter is coming tomorrow. I remember my friend being in it. All I remember visually is wooden shelves shaped like a hexagon. Not sure which month or year, honestly. Tried ""shelf"" and got a bunch of pictures that had nothing to do with it. It took ""shelf"" literally and ignored everything else. I went through the face group for that person too. I jumped to roughly that year with the scrollbar and went month by month. Finally found it after about an hour.",557,,2,"Tip: if location history was on, try the map view and zoom into the area instead of searching the name. || Search by year first, like ""2019"", then scroll within that. Much faster than scrolling from today.",,,,26,99,,,,,,,attempt,True,True,object_memory,found,B_system_understanding,remembered_person; remembered_visual_appearance,exact_date_unknown,keyword,shelf,wrong_results,date_browsing; people_browsing,,
reddit:syn-red-0086,reddit,reddit/r/android,syn-red-0086,2024-12-30T00:36:08,True,synthetic://reddit/syn-red-0086,Quick question,"Two things. Syncing between my two phones is inconsistent. Deleted photos don't free up space on the phone, confusing.",118,,3,"Try searching for something visible in the photo instead of what happened, like ""stage"" or ""cake"". || Tip: if location history was on, try the map view and zoom into the area instead of searching the name. || Use the date jump on the scrollbar, drag to the year and go month by month.",,,,851,106,,,,,,,noise,False,False,,,,,,,,,,,
reddit:syn-red-0087,reddit,reddit/r/googlephotos,syn-red-0087,2026-04-04T06:01:13,True,synthetic://reddit/syn-red-0087,How do you find a photo when you only half remember it?,"I've used Google Photos since it launched. I've been looking for the screenshot of the train booking confirmation for days. I remember it showed the PNR number. I remember the email never came so I screenshotted the app. It was last month. I can't recall what it said exactly. Tried ""train ticket booking confirmation screenshot"" and got a bunch of pictures that had nothing to do with it. I just didn't know how to describe it in a way search would get. Eventually I searched my WhatsApp chats instead. Never found it. Any tips?",529,,1,"If it was a screenshot, open the Screenshots category first and then scroll by month.",,,,179,41,,,,,,,attempt,True,True,screenshot,not_found,A_memory_expression,remembered_context; remembered_text; remembered_time_approximation,exact_text_unknown,natural_language,train ticket booking confirmation screenshot,wrong_results,other_application,long_tenure,
reddit:syn-red-0088,reddit,reddit/r/googlephotos,syn-red-0088,2023-06-29T22:25:10,True,synthetic://reddit/syn-red-0088,How do you find a photo when you only half remember it?,"I'm trying to find a short video of the band at the pub. I can picture red lights and the singer with a violin. Timing wise it was one weekend, maybe 2022. I don't know what it's called. I typed ""video of band with violin red lights pub"" in search and got no results. Searched for ""band"" and got no results. I searched ""friday 2022"" and nothing came up. Screen recordings don't seem to be indexed at all. I jumped to roughly that year with the scrollbar and went month by month. Found one that might be it, but I'm not sure it's the same one. Is there a better way to search for stuff like this?",595,,1,"Use the date jump on the scrollbar, drag to the year and go month by month.",,,,579,53,,,,,,,attempt,True,True,video,uncertain,F_data_index_limitation,remembered_time_approximation; remembered_visual_appearance,exact_object_name_unknown,natural_language; keyword; metadata,video of band with violin red lights pub; band; friday 2022,not_found; not_found; not_found,date_browsing,,
reddit:syn-red-0089,reddit,reddit/r/iphone,syn-red-0089,2023-01-06T09:27:56,True,synthetic://reddit/syn-red-0089,How do you find a photo when you only half remember it?,"On the web version on my laptop. Looking for the photo with the bride and my grandmother. I need it now because grandma wants a print. I remember my grandmother and my sister-in-law being in it. All I remember visually is grandma in a green saree sitting on the stage. It was reception night. I'm not sure if I ever put it in an album. I have no idea what year it was. I searched ""reception"" and nothing came up. I think it's in a shared album someone else made, not my library. I asked my sister if she still had it. I checked all my albums one by one. Still haven't found it. Is there a better way to search for stuff like this?",630,,3,"You can search text inside photos sometimes, but it only works if the words are clear in the image. || Check whether the photo was ever backed up. If it was from an old phone it might never have been uploaded. || Search for the thing plus the city, e.g. ""cake bangalore"", works better than a sentence for me.",,,,332,18,,,,,,,attempt,True,True,wedding_memory,not_found,F_data_index_limitation,remembered_person; remembered_time_approximation; remembered_visual_appearance,album_unknown; exact_date_unknown,metadata,reception,not_found,album_browsing; ask_another_person,desktop_web,
reddit:syn-red-0090,reddit,reddit/r/GooglePixel,syn-red-0090,2023-12-18T16:10:38,True,synthetic://reddit/syn-red-0090,Is there a better way to search for stuff like this?,"My wife and I share a partner library. I'm trying to find a sunset photo from the hotel balcony. Timing wise it was in summer, I'm not sure which year. All I remember visually is an orange sky and a red railing in the corner. I remember my wife being in it. It was taken at the hotel near the lake. I don't remember when exactly. Searched for ""switzerland july"" but it just showed random photos. How do you even search for something like that? I jumped to roughly that year with the scrollbar and went month by month. Found one that might be it, but I'm not sure it's the same one. Any tips?",591,,3,"You can search text inside photos sometimes, but it only works if the words are clear in the image. || If it was a screenshot, open the Screenshots category first and then scroll by month. || Use the date jump on the scrollbar, drag to the year and go month by month.",,,,415,73,,,,,,,attempt,True,True,travel_memory,uncertain,A_memory_expression,remembered_person; remembered_place; remembered_time_approximation; remembered_visual_appearance,exact_date_unknown,metadata,switzerland july,wrong_results,date_browsing,shared_library,
reddit:syn-red-0091,reddit,reddit/r/android,syn-red-0091,2025-12-20T00:38:56,True,synthetic://reddit/syn-red-0091,Is there a better way to search for stuff like this?,"On the web version on my laptop. Looking for the picture of the wine label from our anniversary dinner. I need it because I want to buy the same wine again. It had my partner in it. All I remember visually is a label with a drawing of a bird. I don't know what it's called. I don't remember the exact words on it. Searched for ""wine"" but it just showed random photos. It took ""wine"" literally and ignored everything else. I checked all my albums one by one. I jumped to roughly that year with the scrollbar and went month by month. I found a similar one but not the exact photo I wanted. Any tips?",597,,0,,,,,108,98,,,,,,,attempt,True,True,food_restaurant_memory,partially_found,B_system_understanding,remembered_person; remembered_visual_appearance,exact_object_name_unknown; exact_text_unknown,keyword,wine,wrong_results,album_browsing; date_browsing,desktop_web,
reddit:syn-red-0092,reddit,reddit/r/datahoarder,syn-red-0092,2025-02-05T14:24:11,True,synthetic://reddit/syn-red-0092,Is there a better way to search for stuff like this?,"Didn't remember anything except a disco ball and me in a pink lehenga, searched for that and it showed up. Impressed.",117,,1,"Search for the thing plus the city, e.g. ""cake bangalore"", works better than a sentence for me.",,,,735,102,,,,,,,success,True,True,wedding_memory,found,none_observed,,,,,,,,vague_search_succeeded
reddit:syn-red-0093,reddit,reddit/r/datahoarder,syn-red-0093,2025-10-21T10:05:15,True,synthetic://reddit/syn-red-0093,Is there a better way to search for stuff like this?,"I'm trying to find the picture of the medicine I took when I was sick last year. I need it now because I'm sick again and want the same medicine. I can picture a silver strip with orange tablets. For context, the doctor prescribed it when I had that bad fever. The photo shows a strip of tablets. I can't recall what it said exactly. No idea what the thing is actually called. Searched for ""fever medicine"" and got no results. Searched for ""medicine strip orange tablets"" and nothing came up. I typed ""medicine"" in search and nothing came up. It just doesn't show up in search even though I know it's there. I scrolled for like 40 minutes. Tried synonyms like ""tablets"" too. Never found it. Am I doing something wrong?",718,,1,"Ask whoever was there, someone in the group chat usually still has it.",,,,19,80,,,,,,,attempt,True,True,medical_or_health_image,not_found,C_retrieval,remembered_context; remembered_object; remembered_visual_appearance,exact_object_name_unknown; exact_text_unknown,metadata; natural_language; keyword,fever medicine; medicine strip orange tablets; medicine,not_found; not_found; not_found,manual_scrolling; synonym_search,,
reddit:syn-red-0094,reddit,reddit/r/datahoarder,syn-red-0094,2025-09-24T19:56:17,True,synthetic://reddit/syn-red-0094,Can't find the picture of the pharmacy receipt. Any tips?,"On iOS. Looking for the picture of the pharmacy receipt. I need it now because the insurance claim deadline is this week. I remember thermal paper that was already fading. Timing wise it was around when I was sick last year. I remember I needed it for insurance reimbursement. I can't remember the date at all. I can't recall what it said exactly. I typed ""receipt"" in search and got thousands of results to scroll through. I typed ""pharmacy"" in search and got thousands of results to scroll through. Tried ""pharmacy medicine bill"" and got thousands of results to scroll through. I have hundreds of similar shots and can't tell which one it was. I checked my Gmail in case I had sent it to someone. Eventually I just gave up. Is there a better way to search for stuff like this?",778,,3,"Search for the thing plus the city, e.g. ""cake bangalore"", works better than a sentence for me. || You can search text inside photos sometimes, but it only works if the words are clear in the image. || Search by year first, like ""2019"", then scroll within that. Much faster than scrolling from today.",,,,121,98,,,,,,,attempt,True,True,receipt,abandoned,D_result_evaluation,remembered_context; remembered_time_approximation; remembered_visual_appearance,exact_date_unknown; exact_text_unknown,keyword; metadata; natural_language,receipt; pharmacy; pharmacy medicine bill,too_many_results; too_many_results; too_many_results,abandonment; other_application,ios_device,
reddit:syn-red-0095,reddit,reddit/r/datahoarder,syn-red-0095,2025-11-14T21:12:38,True,synthetic://reddit/syn-red-0095,Can't find the photo of the notes a friend shared before exams. Any tips?,"On Android. Looking for the photo of the notes a friend shared before exams. I need it because my younger brother needs them now. It's a picture of handwritten notes. Timing wise it was final semester. It had a classmate in it. Not sure which month or year, honestly. I don't remember the exact words on it. Tried ""handwritten thermodynamics notes"" and got no results. The photo is definitely in my library but search never shows it. Tried synonyms like ""study notes"" too. Ended up scrolling back through years of photos. I found a similar one but not the exact photo I wanted. Is there a better way to search for stuff like this?",630,,1,"If it was a screenshot, open the Screenshots category first and then scroll by month.",,,,736,100,,,,,,,attempt,True,True,school_or_college_memory,partially_found,C_retrieval,remembered_object; remembered_person; remembered_time_approximation,exact_date_unknown; exact_text_unknown,natural_language,handwritten thermodynamics notes,not_found,manual_scrolling; synonym_search,android_device,
reddit:syn-red-0096,reddit,reddit/r/googlephotos,syn-red-0096,2024-04-11T08:34:01,True,synthetic://reddit/syn-red-0096,Can't find the photo of my car's insurance papers. Any tips?,"I've used Google Photos since it launched. Looking for the photo of my car's insurance papers. I need it because I had an accident and need the policy number. The photo shows the insurance papers. It was last year sometime. I remember a folded paper on the dashboard. I don't remember when exactly. Tried ""car insurance paper on dashboard"" but it just showed random photos. Searched for ""insurance"" and nothing came up. How do you even search for something like that? I checked my Gmail in case I had sent it to someone. Tried synonyms like ""policy"" too. Still haven't found it. Am I doing something wrong?",606,,3,"Search for the thing plus the city, e.g. ""cake bangalore"", works better than a sentence for me. || Check whether the photo was ever backed up. If it was from an old phone it might never have been uploaded. || Search by year first, like ""2019"", then scroll within that. Much faster than scrolling from today.",,,,734,89,,,,,,,attempt,True,True,document,not_found,A_memory_expression,remembered_object; remembered_time_approximation; remembered_visual_appearance,exact_date_unknown,natural_language; metadata,car insurance paper on dashboard; insurance,wrong_results; not_found,other_application; synonym_search,long_tenure,
reddit:syn-red-0097,reddit,reddit/r/GooglePixel,syn-red-0097,2023-12-26T09:32:42,True,synthetic://reddit/syn-red-0097,Can't find a picture of the waterfall we hiked to. Any tips?,"I search in Photos pretty much every day. Looking for a picture of the waterfall we hiked to. I need it because my cousin asked for it for a reunion slideshow. Timing wise it was during monsoon, around 2020. I know it was a couple of hours from the homestay. I have no idea what year it was. No clue what the place was called. Tried ""waterfall"" and there it was. Tried ""waterfall with people in raincoats and mist"" and there it was. I went through the map view hoping to spot it. Finally found it after about an hour. Am I doing something wrong?",545,,0,,,,,812,43,,,,,,,attempt,True,True,travel_memory,found,none_observed,remembered_place; remembered_time_approximation,exact_date_unknown; exact_location_unknown,keyword; natural_language,waterfall; waterfall with people in raincoats and mist,found; found,location_browsing,frequent_searcher,
reddit:syn-red-0098,reddit,reddit/r/android,syn-red-0098,2026-05-31T00:12:51,True,synthetic://reddit/syn-red-0098,How do you find a photo when you only half remember it?,"What worked for me: Search for the thing plus the city, e.g. ""cake bangalore"", works better than a sentence for me.",115,,3,"Search for the thing plus the city, e.g. ""cake bangalore"", works better than a sentence for me. || Use the date jump on the scrollbar, drag to the year and go month by month. || Tip: if location history was on, try the map view and zoom into the area instead of searching the name.",,,,117,12,,,,,,,advice,True,False,,,,,,,,,,,
reddit:syn-red-0099,reddit,reddit/r/datahoarder,syn-red-0099,2023-08-07T10:30:45,True,synthetic://reddit/syn-red-0099,Is there a better way to search for stuff like this?,Spent an hour looking for the photo of my son's first steps and it turns out I had deleted it years ago. Not the app's fault.,125,,3,"Check whether the photo was ever backed up. If it was from an old phone it might never have been uploaded. || Ask whoever was there, someone in the group chat usually still has it. || Tip: if location history was on, try the map view and zoom into the area instead of searching the name.",,,,595,116,,,,,,,misattribution,True,True,family_memory,not_found,F_data_index_limitation,,,,,,,,failure_not_search_related
reddit:syn-red-0100,reddit,reddit/r/datahoarder,syn-red-0100,2023-04-29T13:25:02,True,synthetic://reddit/syn-red-0100,Lost an old photo somewhere in 40k photos,"I remember photos by who I was with and what we were doing, not by where the GPS says I was.",92,,3,"Use the date jump on the scrollbar, drag to the year and go month by month. || Name the face groups. Searching a person's name works way better than describing them. || Try searching for something visible in the photo instead of what happened, like ""stage"" or ""cake"".",,,,54,74,,,,,,,opinion,True,False,,,,,,,,,,,
reddit:syn-red-0101,reddit,reddit/r/GooglePixel,syn-red-0101,2025-08-27T00:27:24,True,synthetic://reddit/syn-red-0101,Can't find an old photo. Any tips?,"Pro tip: Use the date jump on the scrollbar, drag to the year and go month by month.",84,,2,"Check whether the photo was ever backed up. If it was from an old phone it might never have been uploaded. || Search for the thing plus the city, e.g. ""cake bangalore"", works better than a sentence for me.",,,,614,63,,,,,,,advice,True,False,,,,,,,,,,,
reddit:syn-red-0102,reddit,reddit/r/android,syn-red-0102,2024-04-15T03:14:49,True,synthetic://reddit/syn-red-0102,Can't find the photo of the parking spot sign. Any tips?,"I've been looking for the photo of the parking spot sign for days. I need it now because I got a parking fine and need to prove where I was. I know it was in a multi-level parking. It was a few weeks ago. For context, I took it so I'd remember where I parked. All I remember visually is a green pillar with a letter and number. I can't recall what it said exactly. I searched ""parking pillar sign"" and nothing came up. The location data was probably off so there's nothing to go on. I jumped to roughly that year with the scrollbar and went month by month. I kept retyping different searches. Never found it. How do you all deal with this?",639,,0,,,,,223,66,,,,,,,attempt,True,True,location_memory,not_found,F_data_index_limitation,remembered_context; remembered_place; remembered_time_approximation; remembered_visual_appearance,exact_text_unknown,natural_language,parking pillar sign,not_found,date_browsing; repeated_search,,
reddit:syn-red-0103,reddit,reddit/r/googlephotos,syn-red-0103,2023-10-28T01:36:31,True,synthetic://reddit/syn-red-0103,Is there a better way to search for stuff like this?,"I've been looking for the group photo from the night we all stayed up on the terrace for days. I need it now because one of them is getting married and we're making a video. For context, it was the night before someone moved abroad. It was final year of college, so around 2016. I remember the whole hostel gang being in it. I never knew his name. Not sure which month or year, honestly. Searched for ""terrace"" but it just showed random photos. Searched for ""2016 night"" and nothing came up. How do you even search for something like that? I asked my sister if she still had it. Still haven't found it. Any tips?",612,,1,"If it was a screenshot, open the Screenshots category first and then scroll by month.",,,,724,107,,,,,,,attempt,True,True,friend_memory,not_found,A_memory_expression,remembered_context; remembered_person; remembered_time_approximation,exact_date_unknown; person_name_unknown,keyword; metadata,terrace; 2016 night,wrong_results; not_found,ask_another_person,,
reddit:syn-red-0104,reddit,reddit/r/iphone,syn-red-0104,2024-07-04T16:52:27,True,synthetic://reddit/syn-red-0104,How do you find a photo when you only half remember it?,Spent an hour looking for the photo of my first tattoo right after I got it and it turns out I had deleted it years ago. Not the app's fault.,141,,1,"Use the date jump on the scrollbar, drag to the year and go month by month.",,,,722,45,,,,,,,misattribution,True,True,personal_memory,not_found,F_data_index_limitation,,,,,,,,failure_not_search_related
reddit:syn-red-0105,reddit,reddit/r/android,syn-red-0105,2026-06-19T16:02:10,True,synthetic://reddit/syn-red-0105,Is there a better way to search for stuff like this?,"The search is fine if you know exactly what you want, but not when you only half remember it.",93,,2,"Try searching for something visible in the photo instead of what happened, like ""stage"" or ""cake"". || Check whether the photo was ever backed up. If it was from an old phone it might never have been uploaded.",,,,153,115,,,,,,,opinion,True,False,,,,,,,,,,,
reddit:syn-red-0106,reddit,reddit/r/android,syn-red-0106,2025-09-22T05:25:24,True,synthetic://reddit/syn-red-0106,Lost the photo I took of my passport page somewhere in 40k photos,"Looking for the photo I took of my passport page. I need it now because I need the number urgently for a booking. I can picture my thumb covering one corner. For context, I took it when applying for a visa. It's a picture of my passport. Timing wise it was two or three years ago. I can't recall what it said exactly. Not sure which month or year, honestly. Tried ""visa 2022"" and got a bunch of pictures that had nothing to do with it. I typed ""passport"" in search and got no results. I just didn't know how to describe it in a way search would get. I scrolled for like 40 minutes. Eventually I searched my WhatsApp chats instead. Found one that might be it, but I'm not sure it's the same one. Any tips?",704,,3,"If it was a screenshot, open the Screenshots category first and then scroll by month. || Search for the thing plus the city, e.g. ""cake bangalore"", works better than a sentence for me. || Try searching for something visible in the photo instead of what happened, like ""stage"" or ""cake"".",,,,76,89,,,,,,,attempt,True,True,document,uncertain,A_memory_expression,remembered_context; remembered_object; remembered_time_approximation; remembered_visual_appearance,exact_date_unknown; exact_text_unknown,metadata; keyword,visa 2022; passport,wrong_results; not_found,manual_scrolling; other_application,,
reddit:syn-red-0107,reddit,reddit/r/datahoarder,syn-red-0107,2023-08-24T20:41:15,True,synthetic://reddit/syn-red-0107,Lost an old photo somewhere in 40k photos,"Couldn't find the photo of my car's insurance papers anywhere, then realised it was on my old phone and never got backed up.",124,,1,Name the face groups. Searching a person's name works way better than describing them.,,,,566,83,,,,,,,misattribution,True,True,document,not_found,F_data_index_limitation,,,,,,,,failure_not_search_related
reddit:syn-red-0108,reddit,reddit/r/googlephotos,syn-red-0108,2023-03-22T09:20:28,True,synthetic://reddit/syn-red-0108,Quick question,Two things. Please add a dark mode for the web version.,55,,2,"Try searching for something visible in the photo instead of what happened, like ""stage"" or ""cake"". || Ask whoever was there, someone in the group chat usually still has it.",,,,876,30,,,,,,,noise,False,False,,,,,,,,,,,
reddit:syn-red-0109,reddit,reddit/r/iphone,syn-red-0109,2025-10-24T04:26:50,True,synthetic://reddit/syn-red-0109,Search can't find the group photo from the night we all stayed up on the terrace,"Does anyone know how to find the group photo from the night we all stayed up on the terrace? I need it now because one of them is getting married and we're making a video. I remember the whole hostel gang being in it. I remember fairy lights and everyone squinting because of the flash. For context, it was the night before someone moved abroad. It was taken on my friend's terrace. I can't remember the date at all. I never knew his name. I searched ""2016 night"" and got no results. I typed ""friends on terrace at night with fairy lights"" in search and got no results. It came from my old phone and I'm not sure it ever got backed up. I asked my sister if she still had it. Still haven't found it. Is there a better way to search for stuff like this?",751,,0,,,,,738,108,,,,,,,attempt,True,True,friend_memory,not_found,F_data_index_limitation,remembered_context; remembered_person; remembered_place; remembered_visual_appearance,exact_date_unknown; person_name_unknown,metadata; natural_language,2016 night; friends on terrace at night with fairy lights,not_found; not_found,ask_another_person,,
reddit:syn-red-0110,reddit,reddit/r/android,syn-red-0110,2025-09-12T07:16:48,True,synthetic://reddit/syn-red-0110,Can't find the photo of the warranty card for the washing machine. Any tips?,"Does anyone know how to find the photo of the warranty card for the washing machine? I need it because the machine broke and service wants the warranty. I can picture a small card taped to the invoice. It had the serial number on it. I don't remember the exact words on it. I don't remember when exactly. I searched ""washing machine warranty card"" and got no results. Tried ""warranty"" and got no results. I typed ""warranty 2024"" in search and nothing came up. I didn't know what else to try. I kept retyping different searches. I scrolled for like 40 minutes. Still haven't found it. How do you all deal with this?",614,,0,,,,,64,59,,,,,,,attempt,True,True,receipt,not_found,E_refinement,remembered_text; remembered_visual_appearance,exact_date_unknown; exact_text_unknown,natural_language; keyword; metadata,washing machine warranty card; warranty; warranty 2024,not_found; not_found; not_found,manual_scrolling; repeated_search,,
reddit:syn-red-0111,reddit,reddit/r/android,syn-red-0111,2025-11-17T06:55:54,True,synthetic://reddit/syn-red-0111,Search can't find the photo of the stage when they announced the results,"Does anyone know how to find the photo of the stage when they announced the results? I need it now because I need it for my portfolio. I remember my team being in it. I remember purple lights and a big screen with my name. I remember I was holding a trophy. It was around the end of the year, 2022 or 2023. Not sure which month or year, honestly. Tried ""award"" and it gave me hundreds of photos. I typed ""awards december"" in search and got thousands of results to scroll through. There are so many almost identical shots from that day that I can't tell which one it is. I scrolled for like 40 minutes. I jumped to roughly that year with the scrollbar and went month by month. Eventually I just gave up. Is there a better way to search for stuff like this?",755,,1,Check whether the photo was ever backed up. If it was from an old phone it might never have been uploaded.,,,,41,44,,,,,,,attempt,True,True,event_memory,abandoned,D_result_evaluation,remembered_context; remembered_person; remembered_time_approximation; remembered_visual_appearance,exact_date_unknown,keyword; metadata,award; awards december,too_many_results; too_many_results,abandonment; date_browsing; manual_scrolling,,
reddit:syn-red-0112,reddit,reddit/r/datahoarder,syn-red-0112,2026-03-30T09:08:59,True,synthetic://reddit/syn-red-0112,Lost the screenshot of a chat where my landlord agreed to the repair somewhere in 40k photos,"I've been looking for the screenshot of a chat where my landlord agreed to the repair for days. I need it now because he's now saying he never agreed. Timing wise it was sometime last spring. It had him saying he would pay for it on it. Not sure which month or year, honestly. I searched ""chat screenshot"" and got no results. Searched for ""screenshot of chat with landlord about repair"" and nothing came up. Tried ""whatsapp"" and nothing came up. Text inside screenshots doesn't seem to be searchable. I tried the screenshots category filter as well. I kept retyping different searches. Never found it. Any tips?",611,,3,"Search by year first, like ""2019"", then scroll within that. Much faster than scrolling from today. || Check whether the photo was ever backed up. If it was from an old phone it might never have been uploaded. || Ask whoever was there, someone in the group chat usually still has it.",,,,383,14,,,,,,,attempt,True,True,screenshot,not_found,F_data_index_limitation,remembered_text; remembered_time_approximation,exact_date_unknown,metadata; natural_language; keyword,chat screenshot; screenshot of chat with landlord about repair; whatsapp,not_found; not_found; not_found,filters; repeated_search,,
reddit:syn-red-0113,reddit,reddit/r/iphone,syn-red-0113,2023-05-09T13:35:05,True,synthetic://reddit/syn-red-0113,Is there a better way to search for stuff like this?,Found the picture of the medicine I took when I was sick last year by searching the person's face and then scrolling a bit. Took two minutes.,141,,2,"Tip: if location history was on, try the map view and zoom into the area instead of searching the name. || If it was a screenshot, open the Screenshots category first and then scroll by month.",,,,884,16,,,,,,,success,True,True,medical_or_health_image,found,none_observed,,,,,,,,vague_search_succeeded
reddit:syn-red-0114,reddit,reddit/r/GooglePixel,syn-red-0114,2024-05-01T13:38:28,True,synthetic://reddit/syn-red-0114,Lost an old photo somewhere in 40k photos,"Search for the thing plus the city, e.g. ""cake bangalore"", works better than a sentence for me.",95,,0,,,,,877,16,,,,,,,advice,True,False,,,,,,,,,,,
reddit:syn-red-0115,reddit,reddit/r/GooglePixel,syn-red-0115,2025-11-15T11:07:20,True,synthetic://reddit/syn-red-0115,How do you find a photo when you only half remember it?,"Looking for the family photo from Diwali where everyone is wearing white. I need it now because my aunt asked me to send it. Timing wise it was one of the Diwalis between 2017 and 2020. It had the whole extended family in it. I remember everyone in white kurtas with diyas in front. I have no idea what year it was. I typed ""diwali 2018"" in search and nothing came up. It came from my old phone and I'm not sure it ever got backed up. I jumped to roughly that year with the scrollbar and went month by month. Got it eventually, after two evenings. Any tips?",557,,1,"Tip: if location history was on, try the map view and zoom into the area instead of searching the name.",,,,524,10,,,,,,,attempt,True,True,family_memory,found,F_data_index_limitation,remembered_person; remembered_time_approximation; remembered_visual_appearance,exact_date_unknown,metadata,diwali 2018,not_found,date_browsing,,
reddit:syn-red-0116,reddit,reddit/r/datahoarder,syn-red-0116,2025-06-11T19:00:36,True,synthetic://reddit/syn-red-0116,Lost the video of my nephew saying his first word somewhere in 40k photos,"I search in Photos pretty much every day. Does anyone know how to find the video of my nephew saying his first word? Timing wise it was when he was around one. We were at my sister's house when I took it. I remember my nephew being in it. The location data was probably off. I have no idea what year it was. I searched ""screen recording"" and got no results. Screen recordings don't seem to be indexed at all. I went through the map view hoping to spot it. Still haven't found it. Any tips?",489,,0,,,,,220,106,,,,,,,attempt,True,True,video,not_found,F_data_index_limitation,remembered_person; remembered_place; remembered_time_approximation,exact_date_unknown; metadata_unknown,metadata,screen recording,not_found,location_browsing,frequent_searcher,
reddit:syn-red-0117,reddit,reddit/r/GooglePixel,syn-red-0117,2025-06-04T23:49:56,True,synthetic://reddit/syn-red-0117,Can't find that photo where I was wearing the blue shirt. Any tips?,"I'm trying to find that photo where I was wearing the blue shirt. I need it now because I need a profile photo for a new job. I know it was at a friend's place, I think. All I remember visually is me in a light blue linen shirt against a white wall. I don't remember the name of the place. Searched for ""me wearing blue shirt white wall"" and there it was. I searched ""blue shirt"" and there it was. I kept retyping different searches. I scrolled for like 40 minutes. Got it eventually, after half an hour of scrolling.",517,,0,,,,,247,59,,,,,,,attempt,True,True,personal_memory,found,none_observed,remembered_place; remembered_visual_appearance,exact_location_unknown,natural_language; keyword,me wearing blue shirt white wall; blue shirt,found; found,manual_scrolling; repeated_search,,
reddit:syn-red-0118,reddit,reddit/r/GooglePixel,syn-red-0118,2024-02-18T17:28:27,True,synthetic://reddit/syn-red-0118,How do you find a photo when you only half remember it?,"I'm trying to find the photo of the warranty card for the washing machine. I need it because the machine broke and service wants the warranty. The photo shows the warranty card. I can picture a small card taped to the invoice. I can't remember the date at all. I searched ""warranty"" and got thousands of results to scroll through. I typed ""warranty 2024"" in search and it gave me hundreds of photos. I have hundreds of similar shots and can't tell which one it was. Ended up scrolling back through years of photos. Never found it. How do you all deal with this?",561,,2,"Use the date jump on the scrollbar, drag to the year and go month by month. || Search for the thing plus the city, e.g. ""cake bangalore"", works better than a sentence for me.",,,,745,30,,,,,,,attempt,True,True,receipt,not_found,D_result_evaluation,remembered_object; remembered_visual_appearance,exact_date_unknown,keyword; metadata,warranty; warranty 2024,too_many_results; too_many_results,manual_scrolling,,
reddit:syn-red-0119,reddit,reddit/r/iphone,syn-red-0119,2024-07-10T18:36:30,True,synthetic://reddit/syn-red-0119,How do you find a photo when you only half remember it?,"I've been looking for a picture of the site inspection issue for days. It was a few months back. I know it was at the client's warehouse. The photo shows a cracked pipe fitting. I don't remember when exactly. I don't know what it's called. Tried ""pipe"" and got no results. I think it's on my old phone and never got backed up. Gave up for the day and tried again the next week. Still haven't found it. Is there a better way to search for stuff like this?",454,,3,"Search for the thing plus the city, e.g. ""cake bangalore"", works better than a sentence for me. || If it was a screenshot, open the Screenshots category first and then scroll by month. || Search by year first, like ""2019"", then scroll within that. Much faster than scrolling from today.",,,,116,84,,,,,,,attempt,True,True,work_memory,not_found,F_data_index_limitation,remembered_object; remembered_place; remembered_time_approximation,exact_date_unknown; exact_object_name_unknown,keyword,pipe,not_found,return_later,,
google_photos_community:syn-goo-0000,google_photos_community,google_photos_help_community,syn-goo-0000,2026-01-10T07:05:58,True,synthetic://google_photos_community/syn-goo-0000,Unable to locate a shot of the fireworks at the new year party,"Does anyone know how to find a shot of the fireworks at the new year party? I need it because I wanted to post a throwback. Timing wise it was one of the new years, 2019 or 2020. It's from the new year party at the club. All I remember visually is green fireworks over a swimming pool. I remember it was just before midnight. I have no idea what year it was. Searched for ""31 december"" and it gave me hundreds of photos. Searched for ""green fireworks over pool"" and it gave me hundreds of photos. I typed ""fireworks"" in search and it gave me hundreds of photos. All the results look the same as tiny thumbnails. I jumped to roughly that year with the scrollbar and went month by month. Still haven't found it. Using photos.google.com on Windows.",745,Google Photos Help Community > Search & browse,1,"Product Expert: Search for the thing plus the city, e.g. ""cake bangalore"", works better than a sentence for me.",,,,,,51,False,,,,,attempt,True,True,event_memory,not_found,D_result_evaluation,remembered_context; remembered_event; remembered_time_approximation; remembered_visual_appearance,exact_date_unknown,metadata; natural_language; keyword,31 december; green fireworks over pool; fireworks,too_many_results; too_many_results; too_many_results,date_browsing,,
google_photos_community:syn-goo-0001,google_photos_community,google_photos_help_community,syn-goo-0001,2024-06-18T18:02:26,True,synthetic://google_photos_community/syn-goo-0001,Unable to locate an old photo,"I don't remember dates, nobody does. Searching by date is useless for old memories. Device: iPhone 14, iOS 18.",110,Google Photos Help Community > Search & browse,1,"Product Expert: Search for the thing plus the city, e.g. ""cake bangalore"", works better than a sentence for me.",,,,,,73,True,,,,,opinion,True,False,,,,,,,,,,,
google_photos_community:syn-goo-0002,google_photos_community,google_photos_help_community,syn-goo-0002,2023-06-05T01:30:52,True,synthetic://google_photos_community/syn-goo-0002,Unable to locate the photo of my son's vaccination card,"I take a ridiculous number of screenshots. Does anyone know how to find the photo of my son's vaccination card? I need it now because school admission needs it. I remember it showed the dates of the last booster. All I remember visually is a pink card with stamps. For context, the doctor asked us to keep a copy. I can't recall what it said exactly. I don't know what it's called. I searched ""vaccination"" and it popped up near the top. Eventually I searched my WhatsApp chats instead. Tried synonyms like ""immunisation"" too. Got it eventually, after three days. Device: Pixel 8, Android 15.",592,Google Photos Help Community > Search & browse,1,"Product Expert: Try searching for something visible in the photo instead of what happened, like ""stage"" or ""cake"".",,,,,,41,False,,,,,attempt,True,True,document,found,none_observed,remembered_context; remembered_text; remembered_visual_appearance,exact_object_name_unknown; exact_text_unknown,keyword,vaccination,found,other_application; synonym_search,screenshot_heavy,
google_photos_community:syn-goo-0003,google_photos_community,google_photos_help_community,syn-goo-0003,2025-07-22T04:46:56,True,synthetic://google_photos_community/syn-goo-0003,Unable to locate the photo of the whiteboard from our planning session,"Does anyone know how to find the photo of the whiteboard from our planning session? It was taken in the small meeting room. I can picture boxes and arrows in red and blue marker. I can't recall what it said exactly. I have no idea what year it was. I typed ""whiteboard march"" in search and got no results. I searched ""whiteboard with launch timeline"" and nothing came up. I typed ""whiteboard"" in search and got a bunch of pictures that had nothing to do with it. How do you even search for something like that? I checked all my albums one by one. I scrolled for like 40 minutes. Never found it. Using photos.google.com on Windows.",630,Google Photos Help Community > Search & browse,2,"Product Expert: You can search text inside photos sometimes, but it only works if the words are clear in the image. || Product Expert: Try searching for something visible in the photo instead of what happened, like ""stage"" or ""cake"".",,,,,,14,False,,,,,attempt,True,True,work_memory,not_found,A_memory_expression,remembered_place; remembered_visual_appearance,exact_date_unknown; exact_text_unknown,metadata; natural_language; keyword,whiteboard march; whiteboard with launch timeline; whiteboard,not_found; not_found; wrong_results,album_browsing; manual_scrolling,,
google_photos_community:syn-goo-0004,google_photos_community,google_photos_help_community,syn-goo-0004,2025-08-24T01:41:42,True,synthetic://google_photos_community/syn-goo-0004,Search not finding a photo I know exists,"There are something like 45,000 pictures in my account. Does anyone know how to find the picture of the houseboat we stayed on? I remember my parents being in it. It was taken somewhere in the Kerala backwaters. No clue what the place was called. I don't remember when exactly. I searched ""houseboat"" and nothing came up. I didn't know what else to try. I scrolled for like 40 minutes. I went through the map view hoping to spot it. Never found it. Device: iPhone 14, iOS 18.",475,Google Photos Help Community > Search & browse,1,"Product Expert: Tip: if location history was on, try the map view and zoom into the area instead of searching the name.",,,,,,74,True,,,,,attempt,True,True,travel_memory,not_found,E_refinement,remembered_person; remembered_place,exact_date_unknown; exact_location_unknown,keyword,houseboat,not_found,location_browsing; manual_scrolling,large_library,
google_photos_community:syn-goo-0005,google_photos_community,google_photos_help_community,syn-goo-0005,2025-04-20T11:25:02,True,synthetic://google_photos_community/syn-goo-0005,Search not finding a photo I know exists,"Looking for the photo of the rash on my arm. I need it because the rash is back and the doctor wants to compare. Timing wise it was about eight months ago. For context, I took it to show the dermatologist how it looked on day one. I can picture red patches near my elbow. It's a picture of a rash. I don't know what word the app would use for it. Not sure which month or year, honestly. Tried ""red rash on arm"" and nothing came up. I ran out of ideas pretty quickly. Tried synonyms like ""allergy"" too. I checked my Gmail in case I had sent it to someone. Still haven't found it. Device: iPhone 14, iOS 18.",605,Google Photos Help Community > Search & browse,2,"Product Expert: You can search text inside photos sometimes, but it only works if the words are clear in the image. || Product Expert: Ask whoever was there, someone in the group chat usually still has it.",,,,,,31,False,,,,,attempt,True,True,medical_or_health_image,not_found,E_refinement,remembered_context; remembered_object; remembered_time_approximation; remembered_visual_appearance,exact_date_unknown; exact_keyword_unknown,natural_language,red rash on arm,not_found,other_application; synonym_search,,
google_photos_community:syn-goo-0006,google_photos_community,google_photos_help_community,syn-goo-0006,2024-10-13T00:15:53,True,synthetic://google_photos_community/syn-goo-0006,How can I find the photo with the bride and my grandmother when I don't remember the date?,"I've been looking for the photo with the bride and my grandmother for days. I need it now because grandma wants a print. All I remember visually is grandma in a green saree sitting on the stage. Timing wise it was reception night. Not sure which month or year, honestly. I searched ""old lady in green saree with bride on stage"" and nothing came up. I typed ""grandmother"" in search and got no results. Searched for ""reception"" and got no results. I think it's in a shared album someone else made, not my library. I scrolled for like 40 minutes. I found a similar one but not the exact photo I wanted. Device: iPhone 14, iOS 18.",626,Google Photos Help Community > Search & browse,1,"Product Expert: You can search text inside photos sometimes, but it only works if the words are clear in the image.",,,,,,33,True,,,,,attempt,True,True,wedding_memory,partially_found,F_data_index_limitation,remembered_time_approximation; remembered_visual_appearance,exact_date_unknown,natural_language; keyword; metadata,old lady in green saree with bride on stage; grandmother; reception,not_found; not_found; not_found,manual_scrolling,,
google_photos_community:syn-goo-0007,google_photos_community,google_photos_help_community,syn-goo-0007,2023-06-27T13:52:53,True,synthetic://google_photos_community/syn-goo-0007,How can I find the photo from my friend's wedding where we were standing outside when I don't remember the date?,"Looking for the photo from my friend's wedding where we were standing outside. I need it because it's their anniversary next week. It was taken outside the venue near the parking area. It was at my friend's wedding. It was a couple of years ago, winter. I remember the groom and our school gang being in it. I don't remember the name of the place. I have no idea what year it was. I searched ""wedding"" and nothing came up. It just doesn't show up in search even though I know it's there. I checked all my albums one by one. Eventually I just gave up. Device: iPhone 14, iOS 18.",577,Google Photos Help Community > Search & browse,1,"Product Expert: Search for the thing plus the city, e.g. ""cake bangalore"", works better than a sentence for me.",,,,,,36,False,,,,,attempt,True,True,wedding_memory,abandoned,C_retrieval,remembered_event; remembered_person; remembered_place; remembered_time_approximation,exact_date_unknown; exact_location_unknown,keyword,wedding,not_found,abandonment; album_browsing,,
google_photos_community:syn-goo-0008,google_photos_community,google_photos_help_community,syn-goo-0008,2023-07-22T20:01:41,True,synthetic://google_photos_community/syn-goo-0008,Search not finding a photo I know exists,"Honestly search is amazing. I typed ""me on stage with trophy under purple lights"" and it found the photo of the stage when they announced the results in seconds. Device: Pixel 8, Android 15.",190,Google Photos Help Community > Search & browse,2,"Product Expert: You can search text inside photos sometimes, but it only works if the words are clear in the image. || Product Expert: If it was a screenshot, open the Screenshots category first and then scroll by month.",,,,,,14,True,,,,,success,True,True,event_memory,found,none_observed,,,,,,,,vague_search_succeeded
google_photos_community:syn-goo-0009,google_photos_community,google_photos_help_community,syn-goo-0009,2024-04-04T18:42:22,True,synthetic://google_photos_community/syn-goo-0009,Search not finding a photo I know exists,"Looking for the screenshot where I had the information about that course. For context, someone posted it on LinkedIn. It had the course fees and the deadline on it. Timing wise it was a few months ago. All I remember visually is a blue banner with a university logo. I can't recall what it said exactly. Searched for ""course"" and there it was. I typed ""screenshot linkedin"" in search and it popped up near the top. I tried the screenshots category filter as well. Finally found it after way too long.",500,Google Photos Help Community > Search & browse,1,Product Expert: Name the face groups. Searching a person's name works way better than describing them.,,,,,,57,True,,,,,attempt,True,True,screenshot,found,none_observed,remembered_context; remembered_text; remembered_time_approximation; remembered_visual_appearance,exact_text_unknown,keyword; metadata,course; screenshot linkedin,found; found,filters,,
google_photos_community:syn-goo-0010,google_photos_community,google_photos_help_community,syn-goo-0010,2026-08-30T03:22:23,True,synthetic://google_photos_community/syn-goo-0010,How can I find an old photo when I don't remember the date?,"Something that helps: Ask whoever was there, someone in the group chat usually still has it.",92,Google Photos Help Community > Search & browse,1,Product Expert: Name the face groups. Searching a person's name works way better than describing them.,,,,,,38,False,,,,,advice,True,False,,,,,,,,,,,
google_photos_community:syn-goo-0011,google_photos_community,google_photos_help_community,syn-goo-0011,2024-03-03T05:17:40,True,synthetic://google_photos_community/syn-goo-0011,Help finding an old photo in my library,"I've been looking for a picture of the sofa fabric sample for days. For context, the shop said to send them the photo when ordering. The photo shows a fabric swatch. It was taken at the furniture shop. I can picture a mustard-coloured textured fabric. I don't know what it's called. I searched ""furniture shop"" and got no results. Text inside screenshots doesn't seem to be searchable. I even googled how to search Google Photos better. I tried the screenshots category filter as well. Got it eventually, after three days. Device: Pixel 8, Android 15.",551,Google Photos Help Community > Search & browse,1,Product Expert: Check whether the photo was ever backed up. If it was from an old phone it might never have been uploaded.,,,,,,71,True,,,,,attempt,True,True,purchase_related_image,found,F_data_index_limitation,remembered_context; remembered_object; remembered_place; remembered_visual_appearance,exact_object_name_unknown,metadata,furniture shop,not_found,external_search; filters,,
google_photos_community:syn-goo-0012,google_photos_community,google_photos_help_community,syn-goo-0012,2026-02-02T20:05:13,True,synthetic://google_photos_community/syn-goo-0012,How can I find the photo from my friend's wedding where we were standing outside when I don't remember the date?,"I search in Photos pretty much every day. I'm trying to find the photo from my friend's wedding where we were standing outside. I need it because it's their anniversary next week. All I remember visually is me in a maroon sherwani and fairy lights on a gate. It was taken outside the venue near the parking area. Not sure which month or year, honestly. Searched for ""wedding"" and it popped up near the top. Ended up scrolling back through years of photos. Finally found it after three days. Using photos.google.com on Windows.",526,Google Photos Help Community > Search & browse,1,"Product Expert: Search for the thing plus the city, e.g. ""cake bangalore"", works better than a sentence for me.",,,,,,65,False,,,,,attempt,True,True,wedding_memory,found,none_observed,remembered_place; remembered_visual_appearance,exact_date_unknown,keyword,wedding,found,manual_scrolling,frequent_searcher,
google_photos_community:syn-goo-0013,google_photos_community,google_photos_help_community,syn-goo-0013,2023-07-23T12:45:39,True,synthetic://google_photos_community/syn-goo-0013,Help finding an old photo in my library,"Been backing up everything since 2015. Does anyone know how to find the video of my nephew saying his first word? I remember it was a video call I screen-recorded. It had my nephew in it. The location data was probably off. I can't remember the date at all. I searched ""screen recording"" and nothing came up. Screen recordings don't seem to be indexed at all. I jumped to roughly that year with the scrollbar and went month by month. Finally found it after about an hour.",471,Google Photos Help Community > Search & browse,1,"Product Expert: Tip: if location history was on, try the map view and zoom into the area instead of searching the name.",,,,,,24,False,,,,,attempt,True,True,video,found,F_data_index_limitation,remembered_context; remembered_person,exact_date_unknown; metadata_unknown,metadata,screen recording,not_found,date_browsing,long_tenure,
google_photos_community:syn-goo-0014,google_photos_community,google_photos_help_community,syn-goo-0014,2025-05-10T19:44:49,True,synthetic://google_photos_community/syn-goo-0014,Help finding an old photo in my library,"I search in Photos pretty much every day. Does anyone know how to find the photo of my dad's blood test report? I need it now because the new doctor wants old values. The photo shows a lab report. For context, the lab gave only a paper copy. Not sure which month or year, honestly. Tried ""report"" and got no results. Searched for ""lab report 2025"" and got no results. Tried ""blood test report hospital"" and nothing came up. The writing on it isn't searchable, it seems. I scrolled for like 40 minutes. Tried synonyms like ""test results"" too. I gave up on finding it. Device: iPhone 14, iOS 18.",593,Google Photos Help Community > Search & browse,1,"Product Expert: Search for the thing plus the city, e.g. ""cake bangalore"", works better than a sentence for me.",,,,,,72,False,,,,,attempt,True,True,medical_or_health_image,abandoned,F_data_index_limitation,remembered_context; remembered_object,exact_date_unknown,keyword; metadata; natural_language,report; lab report 2025; blood test report hospital,not_found; not_found; not_found,abandonment; manual_scrolling; synonym_search,frequent_searcher,
google_photos_community:syn-goo-0015,google_photos_community,google_photos_help_community,syn-goo-0015,2025-10-19T04:16:51,True,synthetic://google_photos_community/syn-goo-0015,How can I find a short video of the band at the pub when I don't remember the date?,"I take a ridiculous number of screenshots. I've been looking for a short video of the band at the pub for days. I need it now because I want to find the band name. It was one weekend, maybe 2022. All I remember visually is red lights and the singer with a violin. It was while singing a cover of some old song. I don't know what it's called. Searched for ""video of band with violin red lights pub"" and got no results. I typed ""band"" in search and got no results. I typed ""friday 2022"" in search and nothing came up. Screen recordings don't seem to be indexed at all. I checked all my albums one by one. I scrolled for like 40 minutes. Got it eventually, after half an hour of scrolling. Device: Pixel 8, Android 15.",715,Google Photos Help Community > Search & browse,2,"Product Expert: Search by year first, like ""2019"", then scroll within that. Much faster than scrolling from today. || Product Expert: Ask whoever was there, someone in the group chat usually still has it.",,,,,,76,False,,,,,attempt,True,True,video,found,F_data_index_limitation,remembered_activity; remembered_time_approximation; remembered_visual_appearance,exact_object_name_unknown,natural_language; keyword; metadata,video of band with violin red lights pub; band; friday 2022,not_found; not_found; not_found,album_browsing; manual_scrolling,screenshot_heavy,
google_photos_community:syn-goo-0016,google_photos_community,google_photos_help_community,syn-goo-0016,2025-05-12T07:56:41,True,synthetic://google_photos_community/syn-goo-0016,Help finding an old photo in my library,"On my Pixel. Does anyone know how to find the photo of us dancing at the sangeet? It's from the sangeet night. I can picture a disco ball and me in a pink lehenga. I don't remember which album it went into. I typed ""dance"" in search and got thousands of results to scroll through. There are so many almost identical shots from that day that I can't tell which one it is. Ended up scrolling back through years of photos. Still haven't found it.",443,Google Photos Help Community > Search & browse,1,Product Expert: Name the face groups. Searching a person's name works way better than describing them.,,,,,,73,False,,,,,attempt,True,True,wedding_memory,not_found,D_result_evaluation,remembered_event; remembered_visual_appearance,album_unknown,keyword,dance,too_many_results,manual_scrolling,android_device,
google_photos_community:syn-goo-0017,google_photos_community,google_photos_help_community,syn-goo-0017,2023-07-31T09:59:32,True,synthetic://google_photos_community/syn-goo-0017,How can I find the picture of the houseboat we stayed on when I don't remember the date?,"Looking for the picture of the houseboat we stayed on. I need it now because I wanted to print it for my parents' anniversary. All I remember visually is a wooden roof and my dad standing at the front. It was taken somewhere in the Kerala backwaters. I don't remember the name of the place. Searched for ""houseboat"" and there it was. I searched ""kerala 2019"" and it popped up near the top. I went through the map view hoping to spot it. Got it eventually, after half an hour of scrolling.",488,Google Photos Help Community > Search & browse,1,"Product Expert: Tip: if location history was on, try the map view and zoom into the area instead of searching the name.",,,,,,76,False,,,,,attempt,True,True,travel_memory,found,none_observed,remembered_place; remembered_visual_appearance,exact_location_unknown,keyword; metadata,houseboat; kerala 2019,found; found,location_browsing,,
google_photos_community:syn-goo-0018,google_photos_community,google_photos_help_community,syn-goo-0018,2024-08-16T16:26:09,True,synthetic://google_photos_community/syn-goo-0018,General question,Minor gripe: Why did they move the sharing button? The new layout is confusing.,79,Google Photos Help Community > Search & browse,1,"Product Expert: Search for the thing plus the city, e.g. ""cake bangalore"", works better than a sentence for me.",,,,,,14,True,,,,,noise,False,False,,,,,,,,,,,
google_photos_community:syn-goo-0019,google_photos_community,google_photos_help_community,syn-goo-0019,2024-06-05T16:25:51,True,synthetic://google_photos_community/syn-goo-0019,Search not finding a photo I know exists,Found the selfie from the concert by searching the person's face and then scrolling a bit. Took two minutes. Using photos.google.com on Windows.,144,Google Photos Help Community > Search & browse,2,"Product Expert: Check whether the photo was ever backed up. If it was from an old phone it might never have been uploaded. || Product Expert: Tip: if location history was on, try the map view and zoom into the area instead of searching the name.",,,,,,49,True,,,,,success,True,True,friend_memory,found,none_observed,,,,,,,,vague_search_succeeded
google_photos_community:syn-goo-0020,google_photos_community,google_photos_help_community,syn-goo-0020,2025-09-22T22:09:21,True,synthetic://google_photos_community/syn-goo-0020,Unable to locate a screenshot of a recipe from Instagram,"Looking for a screenshot of a recipe from Instagram. I need it because guests are coming this weekend. I can picture a dark background with white text. For context, I screenshotted it from a reel. I can't recall what it said exactly. I don't know what word the app would use for it. I searched ""instagram screenshot"" and got no results. I searched ""paneer recipe screenshot"" and nothing came up. I searched ""recipe"" and nothing came up. Text inside screenshots doesn't seem to be searchable. I scrolled for like 40 minutes. I tried the screenshots category filter as well. Never found it. Using photos.google.com on Windows.",624,Google Photos Help Community > Search & browse,1,"Product Expert: Try searching for something visible in the photo instead of what happened, like ""stage"" or ""cake"".",,,,,,55,True,,,,,attempt,True,True,screenshot,not_found,F_data_index_limitation,remembered_context; remembered_visual_appearance,exact_keyword_unknown; exact_text_unknown,metadata; natural_language; keyword,instagram screenshot; paneer recipe screenshot; recipe,not_found; not_found; not_found,filters; manual_scrolling,,
google_photos_community:syn-goo-0021,google_photos_community,google_photos_help_community,syn-goo-0021,2024-06-30T14:02:18,True,synthetic://google_photos_community/syn-goo-0021,Unable to locate the photo of the parking spot sign,"Does anyone know how to find the photo of the parking spot sign? I need it because I got a parking fine and need to prove where I was. I remember it showed the level and bay number. I remember I took it so I'd remember where I parked. We were in a multi-level parking when I took it. I can't recall what it said exactly. Searched for ""parking pillar sign"" and it popped up near the top. Tried ""parking"" and it popped up near the top. I kept retyping different searches. Got it eventually, after about an hour.",509,Google Photos Help Community > Search & browse,1,"Product Expert: Use the date jump on the scrollbar, drag to the year and go month by month.",,,,,,58,False,,,,,attempt,True,True,location_memory,found,none_observed,remembered_context; remembered_place; remembered_text,exact_text_unknown,natural_language; metadata,parking pillar sign; parking,found; found,repeated_search,,
google_photos_community:syn-goo-0022,google_photos_community,google_photos_help_community,syn-goo-0022,2024-08-24T09:50:51,True,synthetic://google_photos_community/syn-goo-0022,Help finding an old photo in my library,"On my Samsung. I'm trying to find the photo of the view from the train window. I need it now because I was telling someone about the trip and wanted to show them. This was during the Europe backpacking trip. Timing wise it was in 2018 or 2019, can't pin it down. I know it was on the train somewhere between two cities. I have no idea what year it was. I don't remember the name of the place. Tried ""train 2018"" and got no results. Searched for ""train"" and got no results. I just didn't know how to describe it in a way search would get. I went through the map view hoping to spot it. Found one that might be it, but I'm not sure it's the same one. Device: iPhone 14, iOS 18.",675,Google Photos Help Community > Search & browse,2,"Product Expert: Search by year first, like ""2019"", then scroll within that. Much faster than scrolling from today. || Product Expert: Tip: if location history was on, try the map view and zoom into the area instead of searching the name.",,,,,,47,False,,,,,attempt,True,True,travel_memory,uncertain,A_memory_expression,remembered_place; remembered_time_approximation; remembered_trip,exact_date_unknown; exact_location_unknown,metadata; keyword,train 2018; train,not_found; not_found,location_browsing,android_device,
google_photos_community:syn-goo-0023,google_photos_community,google_photos_help_community,syn-goo-0023,2023-11-07T00:45:42,True,synthetic://google_photos_community/syn-goo-0023,Search not finding a photo I know exists,"I'm trying to find the picture of the wine label from our anniversary dinner. I need it because I want to buy the same wine again. I remember my partner being in it. It was taken on our 5th anniversary. No idea what the thing is actually called. I can't recall what it said exactly. Tried ""wine"" and got thousands of results to scroll through. All the results look the same as tiny thumbnails. I kept retyping different searches. I found a similar one but not the exact photo I wanted. Device: Pixel 8, Android 15.",514,Google Photos Help Community > Search & browse,1,"Product Expert: Tip: if location history was on, try the map view and zoom into the area instead of searching the name.",,,,,,8,False,,,,,attempt,True,True,food_restaurant_memory,partially_found,D_result_evaluation,remembered_occasion; remembered_person,exact_object_name_unknown; exact_text_unknown,keyword,wine,too_many_results,repeated_search,,
google_photos_community:syn-goo-0024,google_photos_community,google_photos_help_community,syn-goo-0024,2024-10-21T11:32:18,True,synthetic://google_photos_community/syn-goo-0024,General question,"Honestly, Storage is full again and now they want me to pay for more. Too expensive for what it is. The editing tools are great, the magic eraser is really good. Device: iPhone 14, iOS 18.",188,Google Photos Help Community > Search & browse,1,"Product Expert: Use the date jump on the scrollbar, drag to the year and go month by month.",,,,,,37,False,,,,,noise,False,False,,,,,,,,,,,
google_photos_community:syn-goo-0025,google_photos_community,google_photos_help_community,syn-goo-0025,2023-07-07T05:39:41,True,synthetic://google_photos_community/syn-goo-0025,Search not finding a photo I know exists,"My wife and I share a partner library. I'm trying to find a shot of the fireworks at the new year party. I need it now because I wanted to post a throwback. It had a bunch of friends in it. For context, it was just before midnight. All I remember visually is green fireworks over a swimming pool. I can't remember the date at all. I typed ""31 december"" in search and got no results. I searched ""green fireworks over pool"" but it just showed random photos. I typed ""fireworks"" in search and got no results. I ran out of ideas pretty quickly. Ended up scrolling back through years of photos. Never found it. Using photos.google.com on Windows.",641,Google Photos Help Community > Search & browse,2,"Product Expert: Ask whoever was there, someone in the group chat usually still has it. || Product Expert: Check whether the photo was ever backed up. If it was from an old phone it might never have been uploaded.",,,,,,60,False,,,,,attempt,True,True,event_memory,not_found,E_refinement,remembered_context; remembered_person; remembered_visual_appearance,exact_date_unknown,metadata; natural_language; keyword,31 december; green fireworks over pool; fireworks,not_found; wrong_results; not_found,manual_scrolling,shared_library,
google_photos_community:syn-goo-0026,google_photos_community,google_photos_help_community,syn-goo-0026,2026-04-11T07:39:37,True,synthetic://google_photos_community/syn-goo-0026,How can I find an old photo when I don't remember the date?,"Couldn't find the screenshot of the train booking confirmation anywhere, then realised it was on my old phone and never got backed up. Using photos.google.com on Windows.",170,Google Photos Help Community > Search & browse,1,Product Expert: Name the face groups. Searching a person's name works way better than describing them.,,,,,,44,False,,,,,misattribution,True,True,screenshot,not_found,F_data_index_limitation,,,,,,,,failure_not_search_related
google_photos_community:syn-goo-0027,google_photos_community,google_photos_help_community,syn-goo-0027,2025-11-26T02:20:11,True,synthetic://google_photos_community/syn-goo-0027,General question,"Honestly, Cancelled my subscription, moving everything to an external drive. Device: Pixel 8, Android 15.",105,Google Photos Help Community > Search & browse,2,"Product Expert: Name the face groups. Searching a person's name works way better than describing them. || Product Expert: Tip: if location history was on, try the map view and zoom into the area instead of searching the name.",,,,,,57,False,,,,,noise,False,False,,,,,,,,,,,
google_photos_community:syn-goo-0028,google_photos_community,google_photos_help_community,syn-goo-0028,2024-09-27T00:46:32,True,synthetic://google_photos_community/syn-goo-0028,Search not finding a photo I know exists,"I've been looking for a photo of the biryani my grandmother made for days. I need it now because she passed away and I really want that picture. It means a lot to me. It was for Eid. I can't remember the date at all. I typed ""grandma serving biryani from a copper pot"" in search and it gave me hundreds of photos. All the results look the same as tiny thumbnails. Tried synonyms like ""rice"" too. I asked my sister if she still had it. Still haven't found it.",458,Google Photos Help Community > Search & browse,2,"Product Expert: Ask whoever was there, someone in the group chat usually still has it. || Product Expert: Name the face groups. Searching a person's name works way better than describing them.",,,,,,49,False,,,,,attempt,True,True,food_restaurant_memory,not_found,D_result_evaluation,remembered_emotion; remembered_occasion,exact_date_unknown,natural_language,grandma serving biryani from a copper pot,too_many_results,ask_another_person; synonym_search,,
google_photos_community:syn-goo-0029,google_photos_community,google_photos_help_community,syn-goo-0029,2025-05-09T10:30:41,True,synthetic://google_photos_community/syn-goo-0029,Search not finding a photo I know exists,"What worked for me: Check whether the photo was ever backed up. If it was from an old phone it might never have been uploaded. Device: iPhone 14, iOS 18.",153,Google Photos Help Community > Search & browse,2,"Product Expert: If it was a screenshot, open the Screenshots category first and then scroll by month. || Product Expert: Tip: if location history was on, try the map view and zoom into the area instead of searching the name.",,,,,,23,False,,,,,advice,True,False,,,,,,,,,,,
google_photos_community:syn-goo-0030,google_photos_community,google_photos_help_community,syn-goo-0030,2026-08-08T20:13:41,True,synthetic://google_photos_community/syn-goo-0030,Help finding an old photo in my library,"Something that helps: Search for the thing plus the city, e.g. ""cake bangalore"", works better than a sentence for me. Device: Pixel 8, Android 15.",146,Google Photos Help Community > Search & browse,2,"Product Expert: If it was a screenshot, open the Screenshots category first and then scroll by month. || Product Expert: You can search text inside photos sometimes, but it only works if the words are clear in the image.",,,,,,15,False,,,,,advice,True,False,,,,,,,,,,,
google_photos_community:syn-goo-0031,google_photos_community,google_photos_help_community,syn-goo-0031,2024-07-02T11:32:30,True,synthetic://google_photos_community/syn-goo-0031,Help finding an old photo in my library,"I search in Photos pretty much every day. I've been looking for the photo of the prescription for my mother's eye drops for days. I need it because the pharmacy needs the name. All I remember visually is a small slip with a clinic stamp. The photo shows a prescription. For context, the doctor's handwriting was unreadable. It was sometime after her cataract surgery. No idea what the thing is actually called. Searched for ""eye clinic"" but it just showed random photos. Tried ""doctor prescription eye drops"" and got a bunch of pictures that had nothing to do with it. Searched for ""prescription"" but it just showed random photos. I know exactly what it looks like but can't put it into search words. Ended up scrolling back through years of photos. Still haven't found it. Device: Pixel 8, Android 15.",802,Google Photos Help Community > Search & browse,2,"Product Expert: Search by year first, like ""2019"", then scroll within that. Much faster than scrolling from today. || Product Expert: Check whether the photo was ever backed up. If it was from an old phone it might never have been uploaded.",,,,,,9,False,,,,,attempt,True,True,medical_or_health_image,not_found,A_memory_expression,remembered_context; remembered_object; remembered_time_approximation; remembered_visual_appearance,exact_object_name_unknown,metadata; natural_language; keyword,eye clinic; doctor prescription eye drops; prescription,wrong_results; wrong_results; wrong_results,manual_scrolling,frequent_searcher,
google_photos_community:syn-goo-0032,google_photos_community,google_photos_help_community,syn-goo-0032,2025-04-03T07:38:50,True,synthetic://google_photos_community/syn-goo-0032,Search not finding a photo I know exists,"On Android. I'm trying to find the photo from the Ganpati procession. I need it now because our society newsletter wanted old pictures. We were on the road near our society when I took it. I remember red gulal everywhere and the idol behind us. I remember my neighbours being in it. I don't remember when exactly. I typed ""september"" in search and got thousands of results to scroll through. All the results look the same as tiny thumbnails. I went through the face group for that person too. I scrolled for like 40 minutes. Got it eventually, after way too long. Device: iPhone 14, iOS 18.",590,Google Photos Help Community > Search & browse,2,"Product Expert: If it was a screenshot, open the Screenshots category first and then scroll by month. || Product Expert: You can search text inside photos sometimes, but it only works if the words are clear in the image.",,,,,,14,False,,,,,attempt,True,True,event_memory,found,D_result_evaluation,remembered_person; remembered_place; remembered_visual_appearance,exact_date_unknown,metadata,september,too_many_results,manual_scrolling; people_browsing,android_device,
google_photos_community:syn-goo-0033,google_photos_community,google_photos_help_community,syn-goo-0033,2023-05-30T04:16:45,True,synthetic://google_photos_community/syn-goo-0033,Help finding an old photo in my library,"Does anyone know how to find the screenshot of the product I wanted to buy? I need it now because there's a sale now. It had the brand name on it. All I remember visually is a brass lamp with a curved neck. The photo shows a lamp. Timing wise it was a couple of months ago. I don't know what it's called. I can't recall what it said exactly. Tried ""lamp"" and got no results. I typed ""brass lamp with curved neck"" in search and got no results. I typed ""screenshot lamp"" in search and nothing came up. Text inside screenshots doesn't seem to be searchable. I scrolled for like 40 minutes. I found a similar one but not the exact photo I wanted.",642,Google Photos Help Community > Search & browse,2,"Product Expert: Name the face groups. Searching a person's name works way better than describing them. || Product Expert: Search by year first, like ""2019"", then scroll within that. Much faster than scrolling from today.",,,,,,78,False,,,,,attempt,True,True,purchase_related_image,partially_found,F_data_index_limitation,remembered_object; remembered_text; remembered_time_approximation; remembered_visual_appearance,exact_object_name_unknown; exact_text_unknown,keyword; natural_language; metadata,lamp; brass lamp with curved neck; screenshot lamp,not_found; not_found; not_found,manual_scrolling,,
google_photos_community:syn-goo-0034,google_photos_community,google_photos_help_community,syn-goo-0034,2023-01-10T05:29:42,True,synthetic://google_photos_community/syn-goo-0034,Help finding an old photo in my library,"On iOS. Looking for the picture of my college marksheet. I need it because background verification asked for it. It had my semester grades on it. It's a picture of my marksheet. I don't know what word the app would use for it. I have no idea what year it was. I searched ""marksheet"" and nothing came up. Tried ""college marksheet with blue border"" and got no results. It just doesn't show up in search even though I know it's there. I scrolled for like 40 minutes. I checked my Gmail in case I had sent it to someone. Still haven't found it. Device: Pixel 8, Android 15.",569,Google Photos Help Community > Search & browse,1,"Product Expert: Search by year first, like ""2019"", then scroll within that. Much faster than scrolling from today.",,,,,,65,False,,,,,attempt,True,True,document,not_found,C_retrieval,remembered_object; remembered_text,exact_date_unknown; exact_keyword_unknown,keyword; natural_language,marksheet; college marksheet with blue border,not_found; not_found,manual_scrolling; other_application,ios_device,
google_photos_community:syn-goo-0035,google_photos_community,google_photos_help_community,syn-goo-0035,2023-05-28T03:03:44,True,synthetic://google_photos_community/syn-goo-0035,Search not finding a photo I know exists,"Pro tip: Use the date jump on the scrollbar, drag to the year and go month by month. Using photos.google.com on Windows.",120,Google Photos Help Community > Search & browse,1,Product Expert: Check whether the photo was ever backed up. If it was from an old phone it might never have been uploaded.,,,,,,55,True,,,,,advice,True,False,,,,,,,,,,,
google_photos_community:syn-goo-0036,google_photos_community,google_photos_help_community,syn-goo-0036,2026-02-11T04:14:38,True,synthetic://google_photos_community/syn-goo-0036,How can I find a photo of the rental agreement when I don't remember the date?,"I search in Photos pretty much every day. I'm trying to find a photo of the rental agreement. I need it because the landlord is refusing to return the deposit. The photo shows the rental agreement. Timing wise it was when we moved into this flat, 2021 or so. For context, the landlord only gave us one copy so I photographed every page. I can't remember the date at all. I typed ""agreement 2021"" in search and nothing came up. I searched ""rent agreement document pages"" and got no results. The text in the photo doesn't seem to be searchable. Tried synonyms like ""contract"" too. I checked my Gmail in case I had sent it to someone. Finally found it after way too long. Using photos.google.com on Windows.",704,Google Photos Help Community > Search & browse,2,"Product Expert: Try searching for something visible in the photo instead of what happened, like ""stage"" or ""cake"". || Product Expert: If it was a screenshot, open the Screenshots category first and then scroll by month.",,,,,,12,False,,,,,attempt,True,True,document,found,F_data_index_limitation,remembered_context; remembered_object; remembered_time_approximation,exact_date_unknown,metadata; natural_language,agreement 2021; rent agreement document pages,not_found; not_found,other_application; synonym_search,frequent_searcher,
google_photos_community:syn-goo-0037,google_photos_community,google_photos_help_community,syn-goo-0037,2026-01-20T19:51:48,True,synthetic://google_photos_community/syn-goo-0037,How can I find the photo of the stage when they announced the results when I don't remember the date?,"Does anyone know how to find the photo of the stage when they announced the results? Timing wise it was around the end of the year, 2022 or 2023. I remember I was holding a trophy. It was at my company's annual awards night. I don't remember when exactly. I don't even remember what the event was called. I searched ""awards december"" and got no results. I searched ""award"" and got no results. Searched for ""me on stage with trophy under purple lights"" and got no results. It just doesn't show up in search even though I know it's there. I jumped to roughly that year with the scrollbar and went month by month. Found one that might be it, but I'm not sure it's the same one. Device: Pixel 8, Android 15.",703,Google Photos Help Community > Search & browse,2,"Product Expert: Search by year first, like ""2019"", then scroll within that. Much faster than scrolling from today. || Product Expert: Try searching for something visible in the photo instead of what happened, like ""stage"" or ""cake"".",,,,,,44,True,,,,,attempt,True,True,event_memory,uncertain,C_retrieval,remembered_context; remembered_event; remembered_time_approximation,event_name_unknown; exact_date_unknown,metadata; keyword; natural_language,awards december; award; me on stage with trophy under purple lights,not_found; not_found; not_found,date_browsing,,
google_photos_community:syn-goo-0038,google_photos_community,google_photos_help_community,syn-goo-0038,2025-07-03T18:24:25,True,synthetic://google_photos_community/syn-goo-0038,General question,Uploading in original quality eats my data plan.,48,Google Photos Help Community > Search & browse,1,"Product Expert: Use the date jump on the scrollbar, drag to the year and go month by month.",,,,,,5,False,,,,,noise,False,False,,,,,,,,,,,
google_photos_community:syn-goo-0039,google_photos_community,google_photos_help_community,syn-goo-0039,2025-07-24T04:03:34,True,synthetic://google_photos_community/syn-goo-0039,Unable to locate an old photo,"Spent an hour looking for the screenshot of a chat where my landlord agreed to the repair and it turns out I had deleted it years ago. Not the app's fault. Device: Pixel 8, Android 15.",184,Google Photos Help Community > Search & browse,2,"Product Expert: Search for the thing plus the city, e.g. ""cake bangalore"", works better than a sentence for me. || Product Expert: Name the face groups. Searching a person's name works way better than describing them.",,,,,,10,False,,,,,misattribution,True,True,screenshot,not_found,F_data_index_limitation,,,,,,,,failure_not_search_related
google_photos_community:syn-goo-0040,google_photos_community,google_photos_help_community,syn-goo-0040,2023-04-19T21:27:33,True,synthetic://google_photos_community/syn-goo-0040,How can I find the candid of my cousin laughing during the haldi when I don't remember the date?,"My library is around 35k photos. I've been looking for the candid of my cousin laughing during the haldi for days. It was at my cousin's haldi. I remember my cousin being in it. All I remember visually is yellow everywhere and marigold flowers. I can't remember the date at all. Tried ""2023 wedding"" and got no results. I think it's in a shared album someone else made, not my library. I checked all my albums one by one. I asked my sister if she still had it. I gave up on finding it. Using photos.google.com on Windows.",521,Google Photos Help Community > Search & browse,1,"Product Expert: Use the date jump on the scrollbar, drag to the year and go month by month.",,,,,,58,False,,,,,attempt,True,True,wedding_memory,abandoned,F_data_index_limitation,remembered_event; remembered_person; remembered_visual_appearance,exact_date_unknown,metadata,2023 wedding,not_found,abandonment; album_browsing; ask_another_person,large_library,
google_photos_community:syn-goo-0041,google_photos_community,google_photos_help_community,syn-goo-0041,2025-05-15T02:57:31,True,synthetic://google_photos_community/syn-goo-0041,Search not finding a photo I know exists,"Spent an hour looking for the photo of us dancing at the sangeet and it turns out I had deleted it years ago. Not the app's fault. Device: iPhone 14, iOS 18.",157,Google Photos Help Community > Search & browse,2,"Product Expert: Try searching for something visible in the photo instead of what happened, like ""stage"" or ""cake"". || Product Expert: Search by year first, like ""2019"", then scroll within that. Much faster than scrolling from today.",,,,,,33,False,,,,,misattribution,True,True,wedding_memory,not_found,F_data_index_limitation,,,,,,,,failure_not_search_related
google_photos_community:syn-goo-0042,google_photos_community,google_photos_help_community,syn-goo-0042,2025-08-02T04:25:24,True,synthetic://google_photos_community/syn-goo-0042,Help finding an old photo in my library,"On photos.google.com from my PC. Looking for the picture of my college marksheet. I need it now because background verification asked for it. I remember a certificate with a blue border. It was maybe 2020 when I was job hunting. I remember it showed my semester grades. It's a picture of my marksheet. No idea what to search for really. I searched ""2020 certificate"" and there it was. Searched for ""college marksheet with blue border"" and it popped up near the top. Eventually I searched my WhatsApp chats instead. Got it eventually, after three days.",551,Google Photos Help Community > Search & browse,2,"Product Expert: Name the face groups. Searching a person's name works way better than describing them. || Product Expert: Ask whoever was there, someone in the group chat usually still has it.",,,,,,53,False,,,,,attempt,True,True,document,found,none_observed,remembered_object; remembered_text; remembered_time_approximation; remembered_visual_appearance,exact_keyword_unknown,metadata; natural_language,2020 certificate; college marksheet with blue border,found; found,other_application,desktop_web,
google_photos_community:syn-goo-0043,google_photos_community,google_photos_help_community,syn-goo-0043,2026-02-28T05:47:16,True,synthetic://google_photos_community/syn-goo-0043,Search not finding a photo I know exists,"Honestly I've stopped using search and just scroll, it's more predictable.",74,Google Photos Help Community > Search & browse,1,"Product Expert: You can search text inside photos sometimes, but it only works if the words are clear in the image.",,,,,,40,False,,,,,opinion,True,False,,,,,,,,,,,
google_photos_community:syn-goo-0044,google_photos_community,google_photos_help_community,syn-goo-0044,2025-07-27T12:00:19,True,synthetic://google_photos_community/syn-goo-0044,General question,"Honestly, Please add a dark mode for the web version. Device: iPhone 14, iOS 18.",80,Google Photos Help Community > Search & browse,2,"Product Expert: Try searching for something visible in the photo instead of what happened, like ""stage"" or ""cake"". || Product Expert: Use the date jump on the scrollbar, drag to the year and go month by month.",,,,,,27,False,,,,,noise,False,False,,,,,,,,,,,
google_photos_community:syn-goo-0045,google_photos_community,google_photos_help_community,syn-goo-0045,2024-08-18T00:29:23,True,synthetic://google_photos_community/syn-goo-0045,Help finding an old photo in my library,Spent an hour looking for the photo of a plant I saw at a nursery and it turns out I had deleted it years ago. Not the app's fault. Using photos.google.com on Windows.,167,Google Photos Help Community > Search & browse,1,"Product Expert: Ask whoever was there, someone in the group chat usually still has it.",,,,,,42,False,,,,,misattribution,True,True,object_memory,not_found,F_data_index_limitation,,,,,,,,failure_not_search_related
google_photos_community:syn-goo-0046,google_photos_community,google_photos_help_community,syn-goo-0046,2023-06-28T00:41:03,True,synthetic://google_photos_community/syn-goo-0046,Search not finding a photo I know exists,"I'm trying to find a picture of the sofa fabric sample. It's a picture of a fabric swatch. I know it was at the furniture shop. I can picture a mustard-coloured textured fabric. Not sure which month or year, honestly. I searched ""mustard fabric sample"" and got a bunch of pictures that had nothing to do with it. I searched ""furniture shop"" and got a bunch of pictures that had nothing to do with it. It doesn't understand what I'm describing at all. I even googled how to search Google Photos better. Tried synonyms like ""cloth"" too. Still haven't found it. Device: iPhone 14, iOS 18.",585,Google Photos Help Community > Search & browse,1,"Product Expert: Search by year first, like ""2019"", then scroll within that. Much faster than scrolling from today.",,,,,,51,True,,,,,attempt,True,True,purchase_related_image,not_found,B_system_understanding,remembered_object; remembered_place; remembered_visual_appearance,exact_date_unknown,natural_language; metadata,mustard fabric sample; furniture shop,wrong_results; wrong_results,external_search; synonym_search,,
google_photos_community:syn-goo-0047,google_photos_community,google_photos_help_community,syn-goo-0047,2024-06-28T08:31:36,True,synthetic://google_photos_community/syn-goo-0047,Help finding an old photo in my library,"I take a ridiculous number of screenshots. I've been looking for that picture from the trip where we stayed near the beach for days. I need it because I want to book the same homestay. This was during a long weekend trip. We were at a homestay near a quiet beach when I took it. Timing wise it was 2021 or 2022, not sure. The photo probably has no proper date on it. Tried ""beach 2021"" but it just showed random photos. I typed ""beach"" in search and nothing came up. Searched for ""hammock between coconut trees near beach homestay"" and got no results. I didn't know what else to try. I jumped to roughly that year with the scrollbar and went month by month. Finally found it after about an hour. Device: Pixel 8, Android 15.",724,Google Photos Help Community > Search & browse,1,Product Expert: Check whether the photo was ever backed up. If it was from an old phone it might never have been uploaded.,,,,,,7,False,,,,,attempt,True,True,location_memory,found,E_refinement,remembered_place; remembered_time_approximation; remembered_trip,metadata_unknown,metadata; keyword; natural_language,beach 2021; beach; hammock between coconut trees near beach homestay,wrong_results; not_found; not_found,date_browsing,screenshot_heavy,
google_photos_community:syn-goo-0048,google_photos_community,google_photos_help_community,syn-goo-0048,2025-09-28T16:08:15,True,synthetic://google_photos_community/syn-goo-0048,Search not finding a photo I know exists,"I've been looking for a picture of the waterfall we hiked to for days. I need it now because my cousin asked for it for a reunion slideshow. I remember my cousins being in it. All I remember visually is mist everywhere and everyone in raincoats. This was during the Meghalaya road trip. Timing wise it was during monsoon, around 2020. I have no idea what year it was. I typed ""waterfall with people in raincoats and mist"" in search and got no results. Searched for ""waterfall"" and got no results. How do you even search for something like that? I jumped to roughly that year with the scrollbar and went month by month. Got it eventually, after way too long.",657,Google Photos Help Community > Search & browse,1,Product Expert: Name the face groups. Searching a person's name works way better than describing them.,,,,,,58,False,,,,,attempt,True,True,travel_memory,found,A_memory_expression,remembered_person; remembered_time_approximation; remembered_trip; remembered_visual_appearance,exact_date_unknown,natural_language; keyword,waterfall with people in raincoats and mist; waterfall,not_found; not_found,date_browsing,,
google_photos_community:syn-goo-0049,google_photos_community,google_photos_help_community,syn-goo-0049,2023-07-30T20:54:21,True,synthetic://google_photos_community/syn-goo-0049,Unable to locate the video of my nephew saying his first word,"Does anyone know how to find the video of my nephew saying his first word? I need it now because it's his first birthday party. I know it was at my sister's house. It had my nephew in it. It was when he was around one. For context, it was a video call I screen-recorded. I have no idea what year it was. Tried ""baby saying first word video"" and nothing came up. It just doesn't show up in search even though I know it's there. I jumped to roughly that year with the scrollbar and went month by month. I found a similar one but not the exact photo I wanted. Device: iPhone 14, iOS 18.",583,Google Photos Help Community > Search & browse,1,"Product Expert: Ask whoever was there, someone in the group chat usually still has it.",,,,,,48,False,,,,,attempt,True,True,video,partially_found,C_retrieval,remembered_context; remembered_person; remembered_place; remembered_time_approximation,exact_date_unknown,natural_language,baby saying first word video,not_found,date_browsing,,
google_photos_community:syn-goo-0050,google_photos_community,google_photos_help_community,syn-goo-0050,2025-07-01T09:49:08,True,synthetic://google_photos_community/syn-goo-0050,Help finding an old photo in my library,"I'm trying to find the photo of the shoes I tried on in the store. It was taken at a mall. It's a picture of running shoes. It was around Diwali sales. I can't recall where exactly it was. I typed ""grey running shoes with green sole"" in search and got a bunch of pictures that had nothing to do with it. I typed ""mall october"" in search and got a bunch of pictures that had nothing to do with it. Searched for ""shoes"" and got a bunch of pictures that had nothing to do with it. It seems like search ignores half of what I type and only matches one word. I scrolled for like 40 minutes. I even googled how to search Google Photos better. Never found it. Device: Pixel 8, Android 15.",681,Google Photos Help Community > Search & browse,2,"Product Expert: If it was a screenshot, open the Screenshots category first and then scroll by month. || Product Expert: Search for the thing plus the city, e.g. ""cake bangalore"", works better than a sentence for me.",,,,,,11,False,,,,,attempt,True,True,purchase_related_image,not_found,B_system_understanding,remembered_object; remembered_place; remembered_time_approximation,exact_location_unknown,natural_language; metadata; keyword,grey running shoes with green sole; mall october; shoes,wrong_results; wrong_results; wrong_results,external_search; manual_scrolling,,
google_photos_community:syn-goo-0051,google_photos_community,google_photos_help_community,syn-goo-0051,2026-06-20T04:51:34,True,synthetic://google_photos_community/syn-goo-0051,How can I find an old photo when I don't remember the date?,Found a screenshot of a recipe from Instagram by searching the person's face and then scrolling a bit. Took two minutes.,120,Google Photos Help Community > Search & browse,2,"Product Expert: Name the face groups. Searching a person's name works way better than describing them. || Product Expert: If it was a screenshot, open the Screenshots category first and then scroll by month.",,,,,,67,False,,,,,success,True,True,screenshot,found,none_observed,,,,,,,,vague_search_succeeded
google_photos_community:syn-goo-0052,google_photos_community,google_photos_help_community,syn-goo-0052,2025-09-30T11:42:53,True,synthetic://google_photos_community/syn-goo-0052,How can I find the photo from my friend's wedding where we were standing outside when I don't remember the date?,"I've been looking for the photo from my friend's wedding where we were standing outside for days. I need it because it's their anniversary next week. It was taken outside the venue near the parking area. I can picture me in a maroon sherwani and fairy lights on a gate. It's from my friend's wedding. Timing wise it was a couple of years ago, winter. I can't recall where exactly it was. I don't remember when exactly. I searched ""wedding december"" but it just showed random photos. I searched ""friends standing outside wedding venue at night"" and got no results. I ran out of ideas pretty quickly. Ended up scrolling back through years of photos. In the end I texted my friend to send it again. Got it eventually, after about an hour. Using photos.google.com on Windows.",771,Google Photos Help Community > Search & browse,1,"Product Expert: You can search text inside photos sometimes, but it only works if the words are clear in the image.",,,,,,30,False,,,,,attempt,True,True,wedding_memory,found,E_refinement,remembered_event; remembered_place; remembered_time_approximation; remembered_visual_appearance,exact_date_unknown; exact_location_unknown,metadata; natural_language,wedding december; friends standing outside wedding venue at night,wrong_results; not_found,ask_another_person; manual_scrolling,,
google_photos_community:syn-goo-0053,google_photos_community,google_photos_help_community,syn-goo-0053,2023-01-22T06:24:50,True,synthetic://google_photos_community/syn-goo-0053,Help finding an old photo in my library,"I've been looking for a sunset photo from the hotel balcony for days. It was taken at the hotel near the lake. All I remember visually is an orange sky and a red railing in the corner. It's from that Switzerland trip. Timing wise it was in summer, I'm not sure which year. Not sure which month or year, honestly. I typed ""sunset"" in search and got thousands of results to scroll through. All the results look the same as tiny thumbnails. I went through the map view hoping to spot it. I asked my sister if she still had it. Eventually I just gave up. Using photos.google.com on Windows.",586,Google Photos Help Community > Search & browse,1,"Product Expert: Search for the thing plus the city, e.g. ""cake bangalore"", works better than a sentence for me.",,,,,,59,False,,,,,attempt,True,True,travel_memory,abandoned,D_result_evaluation,remembered_place; remembered_time_approximation; remembered_trip; remembered_visual_appearance,exact_date_unknown,keyword,sunset,too_many_results,abandonment; ask_another_person; location_browsing,,
google_photos_community:syn-goo-0054,google_photos_community,google_photos_help_community,syn-goo-0054,2023-04-07T04:26:49,True,synthetic://google_photos_community/syn-goo-0054,Search not finding a photo I know exists,"I've got about 90k photos and videos. Looking for the photo of my car's insurance papers. The photo shows the insurance papers. I remember a folded paper on the dashboard. I have no idea what year it was. Searched for ""insurance"" and nothing came up. I typed ""car insurance paper on dashboard"" in search and got no results. Tried ""insurance"" and got no results. The photo is definitely in my library but search never shows it. Eventually I searched my WhatsApp chats instead. I kept retyping different searches. Still haven't found it.",535,Google Photos Help Community > Search & browse,2,"Product Expert: Search for the thing plus the city, e.g. ""cake bangalore"", works better than a sentence for me. || Product Expert: Name the face groups. Searching a person's name works way better than describing them.",,,,,,7,False,,,,,attempt,True,True,document,not_found,C_retrieval,remembered_object; remembered_visual_appearance,exact_date_unknown,keyword; natural_language; metadata,insurance; car insurance paper on dashboard; insurance,not_found; not_found; not_found,other_application; repeated_search,large_library,
google_photos_community:syn-goo-0055,google_photos_community,google_photos_help_community,syn-goo-0055,2025-08-19T08:58:33,True,synthetic://google_photos_community/syn-goo-0055,Unable to locate the photo of the rash on my arm,"Does anyone know how to find the photo of the rash on my arm? The photo shows a rash. All I remember visually is red patches near my elbow. I remember I took it to show the dermatologist how it looked on day one. No idea what to search for really. I can't remember the date at all. Searched for ""red rash on arm"" but it just showed random photos. I typed ""skin"" in search and got no results. I didn't know what else to try. I scrolled for like 40 minutes. Got it eventually, after half an hour of scrolling. Device: iPhone 14, iOS 18.",534,Google Photos Help Community > Search & browse,1,"Product Expert: Ask whoever was there, someone in the group chat usually still has it.",,,,,,3,False,,,,,attempt,True,True,medical_or_health_image,found,E_refinement,remembered_context; remembered_object; remembered_visual_appearance,exact_date_unknown; exact_keyword_unknown,natural_language; metadata,red rash on arm; skin,wrong_results; not_found,manual_scrolling,,
google_photos_community:syn-goo-0056,google_photos_community,google_photos_help_community,syn-goo-0056,2025-05-13T12:09:30,True,synthetic://google_photos_community/syn-goo-0056,Help finding an old photo in my library,"On Android. I've been looking for the picture of my college marksheet for days. All I remember visually is a certificate with a blue border. It was maybe 2020 when I was job hunting. I remember it showed my semester grades. For context, I sent it to some HR at some point. I can't remember the date at all. Searched for ""2020 certificate"" and nothing came up. I know exactly what it looks like but can't put it into search words. Tried synonyms like ""certificate"" too. I checked my Gmail in case I had sent it to someone. Found one that might be it, but I'm not sure it's the same one. Using photos.google.com on Windows.",621,Google Photos Help Community > Search & browse,1,"Product Expert: Try searching for something visible in the photo instead of what happened, like ""stage"" or ""cake"".",,,,,,40,False,,,,,attempt,True,True,document,uncertain,A_memory_expression,remembered_context; remembered_text; remembered_time_approximation; remembered_visual_appearance,exact_date_unknown,metadata,2020 certificate,not_found,other_application; synonym_search,android_device,
google_photos_community:syn-goo-0057,google_photos_community,google_photos_help_community,syn-goo-0057,2024-07-31T10:11:10,True,synthetic://google_photos_community/syn-goo-0057,How can I find the photo of the stage when they announced the results when I don't remember the date?,"I've been looking for the photo of the stage when they announced the results for days. I need it now because I need it for my portfolio. It was around the end of the year, 2022 or 2023. For context, I was holding a trophy. It's from my company's annual awards night. I don't remember when exactly. I searched ""me on stage with trophy under purple lights"" and got a bunch of pictures that had nothing to do with it. Searched for ""awards december"" but it just showed random photos. Searched for ""award"" but it just showed random photos. It doesn't understand what I'm describing at all. Ended up scrolling back through years of photos. I gave up on finding it.",658,Google Photos Help Community > Search & browse,1,"Product Expert: Search for the thing plus the city, e.g. ""cake bangalore"", works better than a sentence for me.",,,,,,76,True,,,,,attempt,True,True,event_memory,abandoned,B_system_understanding,remembered_context; remembered_event; remembered_time_approximation,exact_date_unknown,natural_language; metadata; keyword,me on stage with trophy under purple lights; awards december; award,wrong_results; wrong_results; wrong_results,abandonment; manual_scrolling,,
google_photos_community:syn-goo-0058,google_photos_community,google_photos_help_community,syn-goo-0058,2024-01-11T18:26:28,True,synthetic://google_photos_community/syn-goo-0058,How can I find an old photo when I don't remember the date?,"Pro tip: Search for the thing plus the city, e.g. ""cake bangalore"", works better than a sentence for me. Using photos.google.com on Windows.",140,Google Photos Help Community > Search & browse,1,"Product Expert: If it was a screenshot, open the Screenshots category first and then scroll by month.",,,,,,44,False,,,,,advice,True,False,,,,,,,,,,,
google_photos_community:syn-goo-0059,google_photos_community,google_photos_help_community,syn-goo-0059,2024-05-14T06:34:21,True,synthetic://google_photos_community/syn-goo-0059,Search not finding a photo I know exists,"Looking for a picture of the sofa fabric sample. For context, the shop said to send them the photo when ordering. It's a picture of a fabric swatch. It was taken at the furniture shop. I don't know what it's called. Not sure which month or year, honestly. Tried ""furniture shop"" and it popped up near the top. I tried the screenshots category filter as well. I scrolled for like 40 minutes. Finally found it after three days. Using photos.google.com on Windows.",461,Google Photos Help Community > Search & browse,2,"Product Expert: If it was a screenshot, open the Screenshots category first and then scroll by month. || Product Expert: Tip: if location history was on, try the map view and zoom into the area instead of searching the name.",,,,,,2,False,,,,,attempt,True,True,purchase_related_image,found,none_observed,remembered_context; remembered_object; remembered_place,exact_date_unknown; exact_object_name_unknown,metadata,furniture shop,found,filters; manual_scrolling,,
google_photos_community:syn-goo-0060,google_photos_community,google_photos_help_community,syn-goo-0060,2023-04-22T05:04:36,True,synthetic://google_photos_community/syn-goo-0060,Search not finding a photo I know exists,"Half my library is screenshots. I've been looking for the old scanned photo of my grandparents' wedding for days. I need it because we're printing a family tree. I remember it came through WhatsApp at some point. It was a scan my uncle sent me. All I remember visually is black and white, grandma in a big necklace. I don't remember when exactly. Tried ""old photo"" and there it was. Searched for ""scan"" and it popped up near the top. I jumped to roughly that year with the scrollbar and went month by month. Got it eventually, after way too long. Device: Pixel 8, Android 15.",575,Google Photos Help Community > Search & browse,1,"Product Expert: Search for the thing plus the city, e.g. ""cake bangalore"", works better than a sentence for me.",,,,,,55,False,,,,,attempt,True,True,family_memory,found,none_observed,remembered_context; remembered_relationship; remembered_visual_appearance,exact_date_unknown,keyword; metadata,old photo; scan,found; found,date_browsing,screenshot_heavy,
google_photos_community:syn-goo-0061,google_photos_community,google_photos_help_community,syn-goo-0061,2024-07-01T08:54:41,True,synthetic://google_photos_community/syn-goo-0061,How can I find a picture of the waterfall we hiked to when I don't remember the date?,"Half my library is screenshots. Looking for a picture of the waterfall we hiked to. I need it because my cousin asked for it for a reunion slideshow. It had my cousins in it. I remember mist everywhere and everyone in raincoats. I don't remember the name of the place. I can't remember the date at all. Searched for ""waterfall with people in raincoats and mist"" and got thousands of results to scroll through. I typed ""waterfall"" in search and it gave me hundreds of photos. I typed ""meghalaya 2020"" in search and it gave me hundreds of photos. All the results look the same as tiny thumbnails. In the end I texted my friend to send it again. I scrolled for like 40 minutes. Still haven't found it.",698,Google Photos Help Community > Search & browse,1,Product Expert: Name the face groups. Searching a person's name works way better than describing them.,,,,,,33,False,,,,,attempt,True,True,travel_memory,not_found,D_result_evaluation,remembered_person; remembered_visual_appearance,exact_date_unknown; exact_location_unknown,natural_language; keyword; metadata,waterfall with people in raincoats and mist; waterfall; meghalaya 2020,too_many_results; too_many_results; too_many_results,ask_another_person; manual_scrolling,screenshot_heavy,
google_photos_community:syn-goo-0062,google_photos_community,google_photos_help_community,syn-goo-0062,2024-09-16T15:49:14,True,synthetic://google_photos_community/syn-goo-0062,How can I find the group photo from the night we all stayed up on the terrace when I don't remember the date?,"I've been looking for the group photo from the night we all stayed up on the terrace for days. I can picture fairy lights and everyone squinting because of the flash. It was final year of college, so around 2016. I know it was on my friend's terrace. I never knew his name. I don't remember when exactly. Searched for ""2016 night"" and it popped up near the top. Searched for ""terrace"" and it popped up near the top. I typed ""friends on terrace at night with fairy lights"" in search and it popped up near the top. I asked my sister if she still had it. Got it eventually, after three days. Using photos.google.com on Windows.",624,Google Photos Help Community > Search & browse,2,"Product Expert: Use the date jump on the scrollbar, drag to the year and go month by month. || Product Expert: Search for the thing plus the city, e.g. ""cake bangalore"", works better than a sentence for me.",,,,,,44,False,,,,,attempt,True,True,friend_memory,found,none_observed,remembered_place; remembered_time_approximation; remembered_visual_appearance,exact_date_unknown; person_name_unknown,metadata; keyword; natural_language,2016 night; terrace; friends on terrace at night with fairy lights,found; found; found,ask_another_person,,
google_photos_community:syn-goo-0063,google_photos_community,google_photos_help_community,syn-goo-0063,2023-07-09T21:40:48,True,synthetic://google_photos_community/syn-goo-0063,How can I find the photo of the street where we got lost when I don't remember the date?,"Looking for the photo of the street where we got lost. Timing wise it was on the third or fourth day of the trip. I remember yellow tiles on the walls and a tram line. I know it was in some old town in Portugal. I remember my husband being in it. I don't remember the name of the place. I can't recall the name of the event. I typed ""street"" in search and got thousands of results to scroll through. I typed ""lisbon"" in search and got thousands of results to scroll through. I typed ""narrow street with yellow tiles and tram"" in search and got thousands of results to scroll through. All the results look the same as tiny thumbnails. I jumped to roughly that year with the scrollbar and went month by month. I went through the map view hoping to spot it. Eventually I just gave up. Device: iPhone 14, iOS 18.",808,Google Photos Help Community > Search & browse,1,"Product Expert: Search by year first, like ""2019"", then scroll within that. Much faster than scrolling from today.",,,,,,5,False,,,,,attempt,True,True,travel_memory,abandoned,D_result_evaluation,remembered_person; remembered_place; remembered_time_approximation; remembered_visual_appearance,event_name_unknown; exact_location_unknown,keyword; metadata; natural_language,street; lisbon; narrow street with yellow tiles and tram,too_many_results; too_many_results; too_many_results,abandonment; date_browsing; location_browsing,,
google_photos_community:syn-goo-0064,google_photos_community,google_photos_help_community,syn-goo-0064,2023-01-04T19:36:51,True,synthetic://google_photos_community/syn-goo-0064,Unable to locate the group photo from the night we all stayed up on the terrace,"I've been looking for the group photo from the night we all stayed up on the terrace for days. I need it now because one of them is getting married and we're making a video. It had the whole hostel gang in it. It was final year of college, so around 2016. I remember it was the night before someone moved abroad. I know it was on my friend's terrace. I never knew his name. I can't remember the date at all. I typed ""friends on terrace at night with fairy lights"" in search and got no results. Tried ""2016 night"" and got no results. It just doesn't show up in search even though I know it's there. In the end I texted my friend to send it again. I jumped to roughly that year with the scrollbar and went month by month. Found one that might be it, but I'm not sure it's the same one. Using photos.google.com on Windows.",819,Google Photos Help Community > Search & browse,1,"Product Expert: You can search text inside photos sometimes, but it only works if the words are clear in the image.",,,,,,74,False,,,,,attempt,True,True,friend_memory,uncertain,C_retrieval,remembered_context; remembered_person; remembered_place; remembered_time_approximation,exact_date_unknown; person_name_unknown,natural_language; metadata,friends on terrace at night with fairy lights; 2016 night,not_found; not_found,ask_another_person; date_browsing,,
google_photos_community:syn-goo-0065,google_photos_community,google_photos_help_community,syn-goo-0065,2026-01-18T08:04:16,True,synthetic://google_photos_community/syn-goo-0065,Search not finding a photo I know exists,"On iOS. I'm trying to find a picture of the site inspection issue. All I remember visually is a rusty pipe with a yellow tag. I remember I took it for the report and never sent it. It's a picture of a cracked pipe fitting. We were at the client's warehouse when I took it. Not sure which month or year, honestly. I don't know what it's called. I searched ""rusty pipe with yellow tag at warehouse"" and got no results. I just didn't know how to describe it in a way search would get. I went through the map view hoping to spot it. I went through the face group for that person too. Got it eventually, after about an hour.",619,Google Photos Help Community > Search & browse,1,Product Expert: Check whether the photo was ever backed up. If it was from an old phone it might never have been uploaded.,,,,,,57,False,,,,,attempt,True,True,work_memory,found,A_memory_expression,remembered_context; remembered_object; remembered_place; remembered_visual_appearance,exact_date_unknown; exact_object_name_unknown,natural_language,rusty pipe with yellow tag at warehouse,not_found,location_browsing; people_browsing,ios_device,
google_photos_community:syn-goo-0066,google_photos_community,google_photos_help_community,syn-goo-0066,2024-11-12T00:08:32,True,synthetic://google_photos_community/syn-goo-0066,Search not finding a photo I know exists,What worked for me: Check whether the photo was ever backed up. If it was from an old phone it might never have been uploaded.,126,Google Photos Help Community > Search & browse,2,"Product Expert: Check whether the photo was ever backed up. If it was from an old phone it might never have been uploaded. || Product Expert: Search for the thing plus the city, e.g. ""cake bangalore"", works better than a sentence for me.",,,,,,77,False,,,,,advice,True,False,,,,,,,,,,,
google_photos_community:syn-goo-0067,google_photos_community,google_photos_help_community,syn-goo-0067,2023-09-29T03:15:03,True,synthetic://google_photos_community/syn-goo-0067,How can I find a photo of the biryani my grandmother made when I don't remember the date?,"On my iPhone. I'm trying to find a photo of the biryani my grandmother made. I need it because she passed away and I really want that picture. It had my grandmother in it. Honestly it means a lot to me. Timing wise it was a few Eids ago. I don't remember when exactly. Searched for ""grandma serving biryani from a copper pot"" and got no results. I just didn't know how to describe it in a way search would get. I went through the map view hoping to spot it. I kept retyping different searches. Still haven't found it. Device: iPhone 14, iOS 18.",544,Google Photos Help Community > Search & browse,1,"Product Expert: Search for the thing plus the city, e.g. ""cake bangalore"", works better than a sentence for me.",,,,,,53,True,,,,,attempt,True,True,food_restaurant_memory,not_found,A_memory_expression,remembered_emotion; remembered_person; remembered_time_approximation,exact_date_unknown,natural_language,grandma serving biryani from a copper pot,not_found,location_browsing; repeated_search,ios_device,
google_photos_community:syn-goo-0068,google_photos_community,google_photos_help_community,syn-goo-0068,2023-04-26T07:54:44,True,synthetic://google_photos_community/syn-goo-0068,How can I find that photo where I was wearing the blue shirt when I don't remember the date?,"My wife and I share a partner library. Does anyone know how to find that photo where I was wearing the blue shirt? I need it now because I need a profile photo for a new job. I remember it was the best picture of me in years. I can picture me in a light blue linen shirt against a white wall. I know it was at a friend's place, I think. Timing wise it was maybe two summers ago. I don't remember when exactly. No clue what the place was called. Tried ""blue shirt"" but it just showed random photos. I searched ""me wearing blue shirt white wall"" and got a bunch of pictures that had nothing to do with it. Tried ""summer"" but it just showed random photos. It seems like search ignores half of what I type and only matches one word. I jumped to roughly that year with the scrollbar and went month by month. I went through the map view hoping to spot it. Finally found it after two evenings.",886,Google Photos Help Community > Search & browse,2,"Product Expert: You can search text inside photos sometimes, but it only works if the words are clear in the image. || Product Expert: Tip: if location history was on, try the map view and zoom into the area instead of searching the name.",,,,,,52,False,,,,,attempt,True,True,personal_memory,found,B_system_understanding,remembered_context; remembered_place; remembered_time_approximation; remembered_visual_appearance,exact_date_unknown; exact_location_unknown,keyword; natural_language; metadata,blue shirt; me wearing blue shirt white wall; summer,wrong_results; wrong_results; wrong_results,date_browsing; location_browsing,shared_library,
google_photos_community:syn-goo-0069,google_photos_community,google_photos_help_community,syn-goo-0069,2023-12-15T17:10:12,True,synthetic://google_photos_community/syn-goo-0069,How can I find a shot of the fireworks at the new year party when I don't remember the date?,"A lot of my photos come from shared albums. I've been looking for a shot of the fireworks at the new year party for days. I remember a bunch of friends being in it. I can picture green fireworks over a swimming pool. It's from the new year party at the club. Not sure which month or year, honestly. Searched for ""fireworks"" and got a bunch of pictures that had nothing to do with it. Searched for ""green fireworks over pool"" but it just showed random photos. Searched for ""31 december"" but it just showed random photos. It seems like search ignores half of what I type and only matches one word. Ended up scrolling back through years of photos. Eventually I just gave up. Using photos.google.com on Windows.",707,Google Photos Help Community > Search & browse,1,"Product Expert: Use the date jump on the scrollbar, drag to the year and go month by month.",,,,,,5,True,,,,,attempt,True,True,event_memory,abandoned,B_system_understanding,remembered_event; remembered_person; remembered_visual_appearance,exact_date_unknown,keyword; natural_language; metadata,fireworks; green fireworks over pool; 31 december,wrong_results; wrong_results; wrong_results,abandonment; manual_scrolling,shared_library,
google_photos_community:syn-goo-0070,google_photos_community,google_photos_help_community,syn-goo-0070,2026-03-15T16:13:39,True,synthetic://google_photos_community/syn-goo-0070,Unable to locate an old photo,"Couldn't find the photo of the temple on the hill anywhere, then realised it was on my old phone and never got backed up. Device: iPhone 14, iOS 18.",148,Google Photos Help Community > Search & browse,1,"Product Expert: Search for the thing plus the city, e.g. ""cake bangalore"", works better than a sentence for me.",,,,,,76,False,,,,,misattribution,True,True,location_memory,not_found,F_data_index_limitation,,,,,,,,failure_not_search_related
google_photos_community:syn-goo-0071,google_photos_community,google_photos_help_community,syn-goo-0071,2025-05-13T00:10:58,True,synthetic://google_photos_community/syn-goo-0071,Unable to locate an old photo,"Spent an hour looking for a sunset photo from the hotel balcony and it turns out I had deleted it years ago. Not the app's fault. Device: Pixel 8, Android 15.",158,Google Photos Help Community > Search & browse,2,"Product Expert: Try searching for something visible in the photo instead of what happened, like ""stage"" or ""cake"". || Product Expert: Tip: if location history was on, try the map view and zoom into the area instead of searching the name.",,,,,,10,True,,,,,misattribution,True,True,travel_memory,not_found,F_data_index_limitation,,,,,,,,failure_not_search_related
google_photos_community:syn-goo-0072,google_photos_community,google_photos_help_community,syn-goo-0072,2025-11-11T20:21:02,True,synthetic://google_photos_community/syn-goo-0072,How can I find the class photo from school farewell when I don't remember the date?,"Half my library is screenshots. Looking for the class photo from school farewell. I need it because our class WhatsApp group is collecting old photos. It was at school farewell. Timing wise it was 2010, I think. The location data was probably off. Not sure which month or year, honestly. I typed ""farewell"" in search and got no results. Searched for ""class photo on school steps sarees suits"" and nothing came up. I searched ""2010"" and nothing came up. It came from my old phone and I'm not sure it ever got backed up. I jumped to roughly that year with the scrollbar and went month by month. Tried synonyms like ""graduation"" too. Never found it. Using photos.google.com on Windows.",682,Google Photos Help Community > Search & browse,2,"Product Expert: You can search text inside photos sometimes, but it only works if the words are clear in the image. || Product Expert: Search for the thing plus the city, e.g. ""cake bangalore"", works better than a sentence for me.",,,,,,46,False,,,,,attempt,True,True,school_or_college_memory,not_found,F_data_index_limitation,remembered_event; remembered_time_approximation,exact_date_unknown; metadata_unknown,keyword; natural_language; metadata,farewell; class photo on school steps sarees suits; 2010,not_found; not_found; not_found,date_browsing; synonym_search,screenshot_heavy,
google_photos_community:syn-goo-0073,google_photos_community,google_photos_help_community,syn-goo-0073,2025-09-15T21:27:01,True,synthetic://google_photos_community/syn-goo-0073,Help finding an old photo in my library,"I've been looking for the video of my dog meeting the new puppy for days. I need it because our old dog passed away last week. It had our old dog in it. It was taken in our backyard. Timing wise it was right after we adopted the puppy, 2020. I can't remember the date at all. Tried ""2020 video"" and it gave me hundreds of photos. I searched ""video of old dog meeting new puppy"" and it gave me hundreds of photos. I have hundreds of similar shots and can't tell which one it was. Ended up scrolling back through years of photos. Still haven't found it. Device: Pixel 8, Android 15.",580,Google Photos Help Community > Search & browse,2,"Product Expert: You can search text inside photos sometimes, but it only works if the words are clear in the image. || Product Expert: Try searching for something visible in the photo instead of what happened, like ""stage"" or ""cake"".",,,,,,67,False,,,,,attempt,True,True,video,not_found,D_result_evaluation,remembered_person; remembered_place; remembered_time_approximation,exact_date_unknown,metadata; natural_language,2020 video; video of old dog meeting new puppy,too_many_results; too_many_results,manual_scrolling,,
google_photos_community:syn-goo-0074,google_photos_community,google_photos_help_community,syn-goo-0074,2025-05-09T10:58:07,True,synthetic://google_photos_community/syn-goo-0074,General question,"Why did they move the sharing button? The new layout is confusing. Device: Pixel 8, Android 15.",95,Google Photos Help Community > Search & browse,2,"Product Expert: Check whether the photo was ever backed up. If it was from an old phone it might never have been uploaded. || Product Expert: If it was a screenshot, open the Screenshots category first and then scroll by month.",,,,,,5,True,,,,,noise,False,False,,,,,,,,,,,
google_photos_community:syn-goo-0075,google_photos_community,google_photos_help_community,syn-goo-0075,2026-07-14T10:08:16,True,synthetic://google_photos_community/syn-goo-0075,Help finding an old photo in my library,"Does anyone know how to find the photo of the temple on the hill? I need it because my parents want to visit again. We were on a hill somewhere on the way to Mysore when I took it. All I remember visually is white steps going up and monkeys on the wall. It was a long time ago, maybe 2015. This was during a drive with my parents. No clue what the place was called. I can't recall the name of the event. I typed ""mysore 2015"" in search and it gave me hundreds of photos. I searched ""white temple on hill with steps"" and got thousands of results to scroll through. I have hundreds of similar shots and can't tell which one it was. I jumped to roughly that year with the scrollbar and went month by month. In the end I texted my friend to send it again. Never found it. Device: iPhone 14, iOS 18.",794,Google Photos Help Community > Search & browse,1,Product Expert: Name the face groups. Searching a person's name works way better than describing them.,,,,,,19,True,,,,,attempt,True,True,location_memory,not_found,D_result_evaluation,remembered_place; remembered_time_approximation; remembered_trip; remembered_visual_appearance,event_name_unknown; exact_location_unknown,metadata; natural_language,mysore 2015; white temple on hill with steps,too_many_results; too_many_results,ask_another_person; date_browsing,,
google_photos_community:syn-goo-0076,google_photos_community,google_photos_help_community,syn-goo-0076,2024-08-10T06:30:27,True,synthetic://google_photos_community/syn-goo-0076,How can I find the photo I took of my passport page when I don't remember the date?,"I've been looking for the photo I took of my passport page for days. I need it because I need the number urgently for a booking. It's a picture of my passport. Timing wise it was two or three years ago. It had the passport number and expiry date on it. Not sure which month or year, honestly. I don't remember the exact words on it. Tried ""passport"" and got a bunch of pictures that had nothing to do with it. After that I had no idea what else to try. I scrolled for like 40 minutes. Eventually I searched my WhatsApp chats instead. Got it eventually, after two evenings. Device: Pixel 8, Android 15.",601,Google Photos Help Community > Search & browse,2,"Product Expert: Ask whoever was there, someone in the group chat usually still has it. || Product Expert: You can search text inside photos sometimes, but it only works if the words are clear in the image.",,,,,,51,False,,,,,attempt,True,True,document,found,E_refinement,remembered_object; remembered_text; remembered_time_approximation,exact_date_unknown; exact_text_unknown,keyword,passport,wrong_results,manual_scrolling; other_application,,
google_photos_community:syn-goo-0077,google_photos_community,google_photos_help_community,syn-goo-0077,2024-08-26T20:37:55,True,synthetic://google_photos_community/syn-goo-0077,Help finding an old photo in my library,"I've been looking for the photo of us dancing at the sangeet for days. I need it now because I wanted it for our first anniversary post. I can picture a disco ball and me in a pink lehenga. It was the night before our wedding. It had my husband and his cousins in it. It's from the sangeet night. I don't remember which album it went into. Tried ""dance"" and got thousands of results to scroll through. I typed ""couple dancing under disco ball pink lehenga"" in search and got thousands of results to scroll through. I typed ""sangeet"" in search and got thousands of results to scroll through. All the results look the same as tiny thumbnails. In the end I texted my friend to send it again. I scrolled for like 40 minutes. I gave up on finding it.",745,Google Photos Help Community > Search & browse,2,"Product Expert: Use the date jump on the scrollbar, drag to the year and go month by month. || Product Expert: Name the face groups. Searching a person's name works way better than describing them.",,,,,,27,True,,,,,attempt,True,True,wedding_memory,abandoned,D_result_evaluation,remembered_event; remembered_person; remembered_time_approximation; remembered_visual_appearance,album_unknown,keyword; natural_language; metadata,dance; couple dancing under disco ball pink lehenga; sangeet,too_many_results; too_many_results; too_many_results,abandonment; ask_another_person; manual_scrolling,,
google_photos_community:syn-goo-0078,google_photos_community,google_photos_help_community,syn-goo-0078,2025-01-08T14:31:50,True,synthetic://google_photos_community/syn-goo-0078,Search not finding a photo I know exists,"Couldn't find a screenshot of a map with a pin someone sent anywhere, then realised it was on my old phone and never got backed up. Device: iPhone 14, iOS 18.",158,Google Photos Help Community > Search & browse,1,"Product Expert: Search by year first, like ""2019"", then scroll within that. Much faster than scrolling from today.",,,,,,43,False,,,,,misattribution,True,True,screenshot,not_found,F_data_index_limitation,,,,,,,,failure_not_search_related
google_photos_community:syn-goo-0079,google_photos_community,google_photos_help_community,syn-goo-0079,2023-01-18T04:47:21,True,synthetic://google_photos_community/syn-goo-0079,Unable to locate an old photo,"Found the photo of us at the football match by searching the person's face and then scrolling a bit. Took two minutes. Device: iPhone 14, iOS 18.",145,Google Photos Help Community > Search & browse,2,"Product Expert: You can search text inside photos sometimes, but it only works if the words are clear in the image. || Product Expert: Check whether the photo was ever backed up. If it was from an old phone it might never have been uploaded.",,,,,,14,False,,,,,success,True,True,friend_memory,found,none_observed,,,,,,,,vague_search_succeeded
google_photos_community:syn-goo-0080,google_photos_community,google_photos_help_community,syn-goo-0080,2026-06-09T05:35:01,True,synthetic://google_photos_community/syn-goo-0080,How can I find the photo of the view from the train window when I don't remember the date?,"Looking for the photo of the view from the train window. I need it because I was telling someone about the trip and wanted to show them. This was during the Europe backpacking trip. I remember green hills and a reflection of my face in the glass. It had nobody, it was just me in it. Timing wise it was in 2018 or 2019, can't pin it down. I can't remember the date at all. Tried ""view from train window with green hills"" and it popped up near the top. I typed ""train 2018"" in search and it popped up near the top. Ended up scrolling back through years of photos. Got it eventually, after half an hour of scrolling.",614,Google Photos Help Community > Search & browse,2,"Product Expert: Try searching for something visible in the photo instead of what happened, like ""stage"" or ""cake"". || Product Expert: Search for the thing plus the city, e.g. ""cake bangalore"", works better than a sentence for me.",,,,,,7,False,,,,,attempt,True,True,travel_memory,found,none_observed,remembered_person; remembered_time_approximation; remembered_trip; remembered_visual_appearance,exact_date_unknown,natural_language; metadata,view from train window with green hills; train 2018,found; found,manual_scrolling,,
google_photos_community:syn-goo-0081,google_photos_community,google_photos_help_community,syn-goo-0081,2025-10-21T06:46:21,True,synthetic://google_photos_community/syn-goo-0081,Search not finding a photo I know exists,"A lot of my photos come from shared albums. Looking for a short video of the band at the pub. I need it now because I want to find the band name. It was while singing a cover of some old song. We were at a pub in the old part of town when I took it. Timing wise it was one weekend, maybe 2022. I don't even remember what the event was called. Searched for ""band"" and got no results. I typed ""video of band with violin red lights pub"" in search and nothing came up. Screen recordings don't seem to be indexed at all. I even googled how to search Google Photos better. Still haven't found it.",590,Google Photos Help Community > Search & browse,1,"Product Expert: If it was a screenshot, open the Screenshots category first and then scroll by month.",,,,,,10,False,,,,,attempt,True,True,video,not_found,F_data_index_limitation,remembered_activity; remembered_place; remembered_time_approximation,event_name_unknown,keyword; natural_language,band; video of band with violin red lights pub,not_found; not_found,external_search,shared_library,
google_photos_community:syn-goo-0082,google_photos_community,google_photos_help_community,syn-goo-0082,2023-07-20T03:08:09,True,synthetic://google_photos_community/syn-goo-0082,Help finding an old photo in my library,"Looking for the picture of the pharmacy receipt. I need it now because the insurance claim deadline is this week. It was around when I was sick last year. For context, I needed it for insurance reimbursement. It had the medicine names and total on it. I can picture thermal paper that was already fading. I don't remember the exact words on it. I have no idea what year it was. I typed ""receipt"" in search and it popped up near the top. Searched for ""pharmacy medicine bill"" and it popped up near the top. Tried ""pharmacy"" and it popped up near the top. I scrolled for like 40 minutes. Eventually I searched my WhatsApp chats instead. Got it eventually, after about an hour.",674,Google Photos Help Community > Search & browse,1,"Product Expert: Tip: if location history was on, try the map view and zoom into the area instead of searching the name.",,,,,,76,False,,,,,attempt,True,True,receipt,found,none_observed,remembered_context; remembered_text; remembered_time_approximation; remembered_visual_appearance,exact_date_unknown; exact_text_unknown,keyword; natural_language; metadata,receipt; pharmacy medicine bill; pharmacy,found; found; found,manual_scrolling; other_application,,
google_photos_community:syn-goo-0083,google_photos_community,google_photos_help_community,syn-goo-0083,2025-05-28T13:35:44,True,synthetic://google_photos_community/syn-goo-0083,Help finding an old photo in my library,"Looking for the old scanned photo of my grandparents' wedding. I need it because we're printing a family tree. It's a scan my uncle sent me. I remember it came through WhatsApp at some point. It was I scanned or received it maybe 5 years ago. I remember my grandparents being in it. The location data was probably off. I typed ""black and white wedding photo grandparents"" in search and got no results. Searched for ""old photo"" and nothing came up. After that I had no idea what else to try. I jumped to roughly that year with the scrollbar and went month by month. I went through the face group for that person too. I found a similar one but not the exact photo I wanted. Device: Pixel 8, Android 15.",700,Google Photos Help Community > Search & browse,1,"Product Expert: If it was a screenshot, open the Screenshots category first and then scroll by month.",,,,,,32,False,,,,,attempt,True,True,family_memory,partially_found,E_refinement,remembered_context; remembered_person; remembered_relationship; remembered_time_approximation,metadata_unknown,natural_language; keyword,black and white wedding photo grandparents; old photo,not_found; not_found,date_browsing; people_browsing,,
google_photos_community:syn-goo-0084,google_photos_community,google_photos_help_community,syn-goo-0084,2023-10-10T07:32:10,True,synthetic://google_photos_community/syn-goo-0084,Help finding an old photo in my library,"I take a ridiculous number of screenshots. Looking for the picture of the houseboat we stayed on. I need it because I wanted to print it for my parents' anniversary. It was taken somewhere in the Kerala backwaters. This was during our family trip to Kerala. It was a few years ago, before covid I think. No clue what the place was called. I don't remember when exactly. I searched ""houseboat"" and it popped up near the top. I typed ""dad standing on a boat with a wooden roof"" in search and it popped up near the top. In the end I texted my friend to send it again. Finally found it after about an hour. Device: Pixel 8, Android 15.",631,Google Photos Help Community > Search & browse,1,"Product Expert: Tip: if location history was on, try the map view and zoom into the area instead of searching the name.",,,,,,47,False,,,,,attempt,True,True,travel_memory,found,none_observed,remembered_place; remembered_time_approximation; remembered_trip,exact_date_unknown; exact_location_unknown,keyword; natural_language,houseboat; dad standing on a boat with a wooden roof,found; found,ask_another_person,screenshot_heavy,
google_photos_community:syn-goo-0085,google_photos_community,google_photos_help_community,syn-goo-0085,2023-06-13T09:57:25,True,synthetic://google_photos_community/syn-goo-0085,Unable to locate an old photo,"Spent an hour looking for the class photo from school farewell and it turns out I had deleted it years ago. Not the app's fault. Device: Pixel 8, Android 15.",157,Google Photos Help Community > Search & browse,2,"Product Expert: Search for the thing plus the city, e.g. ""cake bangalore"", works better than a sentence for me. || Product Expert: Use the date jump on the scrollbar, drag to the year and go month by month.",,,,,,62,False,,,,,misattribution,True,True,school_or_college_memory,not_found,F_data_index_limitation,,,,,,,,failure_not_search_related
google_photos_community:syn-goo-0086,google_photos_community,google_photos_help_community,syn-goo-0086,2025-06-15T10:00:50,True,synthetic://google_photos_community/syn-goo-0086,How can I find the photo from our college fest when I don't remember the date?,"On iOS. I'm trying to find the photo from our college fest. I need it now because 10 year reunion is coming up. Timing wise it was second year, so 2014 or 2015. It was at the college cultural fest. I can't recall the name of the event. Not sure which month or year, honestly. Tried ""college fest"" and got no results. It came from my old phone and I'm not sure it ever got backed up. I jumped to roughly that year with the scrollbar and went month by month. In the end I texted my friend to send it again. I found a similar one but not the exact photo I wanted. Using photos.google.com on Windows.",596,Google Photos Help Community > Search & browse,2,"Product Expert: If it was a screenshot, open the Screenshots category first and then scroll by month. || Product Expert: Name the face groups. Searching a person's name works way better than describing them.",,,,,,58,True,,,,,attempt,True,True,school_or_college_memory,partially_found,F_data_index_limitation,remembered_event; remembered_time_approximation,event_name_unknown; exact_date_unknown,keyword,college fest,not_found,ask_another_person; date_browsing,ios_device,
google_photos_community:syn-goo-0087,google_photos_community,google_photos_help_community,syn-goo-0087,2024-12-16T16:56:25,True,synthetic://google_photos_community/syn-goo-0087,How can I find an old photo when I don't remember the date?,"Spent an hour looking for a photo of the biryani my grandmother made and it turns out I had deleted it years ago. Not the app's fault. Device: iPhone 14, iOS 18.",161,Google Photos Help Community > Search & browse,2,"Product Expert: Check whether the photo was ever backed up. If it was from an old phone it might never have been uploaded. || Product Expert: Search for the thing plus the city, e.g. ""cake bangalore"", works better than a sentence for me.",,,,,,27,True,,,,,misattribution,True,True,food_restaurant_memory,not_found,F_data_index_limitation,,,,,,,,failure_not_search_related
google_photos_community:syn-goo-0088,google_photos_community,google_photos_help_community,syn-goo-0088,2023-08-17T18:01:55,True,synthetic://google_photos_community/syn-goo-0088,Search not finding a photo I know exists,"I've used Google Photos since it launched. Looking for the photo of my son's vaccination card. I need it because school admission needs it. I can picture a pink card with stamps. It had the dates of the last booster on it. It's a picture of the vaccination card. Timing wise it was when he was a baby. I don't remember the exact words on it. Tried ""vaccine"" and got a bunch of pictures that had nothing to do with it. Tried ""vaccination"" and got no results. How do you even search for something like that? I checked my Gmail in case I had sent it to someone. I scrolled for like 40 minutes. Still haven't found it. Device: Pixel 8, Android 15.",643,Google Photos Help Community > Search & browse,2,"Product Expert: Use the date jump on the scrollbar, drag to the year and go month by month. || Product Expert: Search for the thing plus the city, e.g. ""cake bangalore"", works better than a sentence for me.",,,,,,42,False,,,,,attempt,True,True,document,not_found,A_memory_expression,remembered_object; remembered_text; remembered_time_approximation; remembered_visual_appearance,exact_text_unknown,metadata; keyword,vaccine; vaccination,wrong_results; not_found,manual_scrolling; other_application,long_tenure,
google_photos_community:syn-goo-0089,google_photos_community,google_photos_help_community,syn-goo-0089,2023-06-18T07:20:27,True,synthetic://google_photos_community/syn-goo-0089,Help finding an old photo in my library,"I'm trying to find a picture of the waterfall we hiked to. It was during monsoon, around 2020. All I remember visually is mist everywhere and everyone in raincoats. I have no idea what year it was. I don't remember the name of the place. I searched ""waterfall"" and it gave me hundreds of photos. All the results look the same as tiny thumbnails. I scrolled for like 40 minutes. Eventually I just gave up. Device: Pixel 8, Android 15.",433,Google Photos Help Community > Search & browse,2,"Product Expert: You can search text inside photos sometimes, but it only works if the words are clear in the image. || Product Expert: Search by year first, like ""2019"", then scroll within that. Much faster than scrolling from today.",,,,,,52,False,,,,,attempt,True,True,travel_memory,abandoned,D_result_evaluation,remembered_time_approximation; remembered_visual_appearance,exact_date_unknown; exact_location_unknown,keyword,waterfall,too_many_results,abandonment; manual_scrolling,,
google_photos_community:syn-goo-0090,google_photos_community,google_photos_help_community,syn-goo-0090,2026-07-22T20:07:03,True,synthetic://google_photos_community/syn-goo-0090,Unable to locate the photo of the electrician's handwritten estimate,"Does anyone know how to find the photo of the electrician's handwritten estimate? I need it because he's charging way more now. It had the amount for rewiring on it. It's a picture of a handwritten estimate. I don't remember the exact words on it. I can't remember the date at all. Searched for ""estimate"" and got a bunch of pictures that had nothing to do with it. Tried ""handwritten estimate on notebook paper"" and got no results. I didn't know what else to try. I checked my Gmail in case I had sent it to someone. Still haven't found it. Device: iPhone 14, iOS 18.",568,Google Photos Help Community > Search & browse,2,"Product Expert: Tip: if location history was on, try the map view and zoom into the area instead of searching the name. || Product Expert: Check whether the photo was ever backed up. If it was from an old phone it might never have been uploaded.",,,,,,38,True,,,,,attempt,True,True,receipt,not_found,E_refinement,remembered_object; remembered_text,exact_date_unknown; exact_text_unknown,keyword; natural_language,estimate; handwritten estimate on notebook paper,wrong_results; not_found,other_application,,
google_photos_community:syn-goo-0091,google_photos_community,google_photos_help_community,syn-goo-0091,2024-07-01T05:58:18,True,synthetic://google_photos_community/syn-goo-0091,Unable to locate a screenshot of a recipe from Instagram,"Does anyone know how to find a screenshot of a recipe from Instagram? I need it because guests are coming this weekend. I remember I screenshotted it from a reel. All I remember visually is a dark background with white text. Timing wise it was sometime this year. I don't remember the exact words on it. No idea what to search for really. I searched ""instagram screenshot"" and it popped up near the top. Tried ""recipe"" and there it was. I tried the screenshots category filter as well. Ended up scrolling back through years of photos. Finally found it after three days. Device: iPhone 14, iOS 18.",596,Google Photos Help Community > Search & browse,1,"Product Expert: Ask whoever was there, someone in the group chat usually still has it.",,,,,,77,False,,,,,attempt,True,True,screenshot,found,none_observed,remembered_context; remembered_time_approximation; remembered_visual_appearance,exact_keyword_unknown; exact_text_unknown,metadata; keyword,instagram screenshot; recipe,found; found,filters; manual_scrolling,,
google_photos_community:syn-goo-0092,google_photos_community,google_photos_help_community,syn-goo-0092,2023-10-10T19:46:24,True,synthetic://google_photos_community/syn-goo-0092,Search not finding a photo I know exists,"I'm trying to find the picture of the dent on my car. I need it now because the insurance surveyor wants the original photo. I can picture a scratch on the silver door near the handle. For context, a scooter hit my car in the parking lot. It's a picture of a dent on the car door. Timing wise it was maybe 6 months ago. Not sure which month or year, honestly. I searched ""dent on silver car door"" but it just showed random photos. I typed ""car"" in search but it just showed random photos. Tried ""car dent"" and got a bunch of pictures that had nothing to do with it. I know exactly what it looks like but can't put it into search words. Gave up for the day and tried again the next week. Still haven't found it.",710,Google Photos Help Community > Search & browse,1,Product Expert: Check whether the photo was ever backed up. If it was from an old phone it might never have been uploaded.,,,,,,61,False,,,,,attempt,True,True,object_memory,not_found,A_memory_expression,remembered_context; remembered_object; remembered_time_approximation; remembered_visual_appearance,exact_date_unknown,natural_language; keyword; metadata,dent on silver car door; car; car dent,wrong_results; wrong_results; wrong_results,return_later,,
google_photos_community:syn-goo-0093,google_photos_community,google_photos_help_community,syn-goo-0093,2026-05-04T19:20:58,True,synthetic://google_photos_community/syn-goo-0093,Search not finding a photo I know exists,"On Android. Looking for the photo of the stage when they announced the results. I remember my team being in it. I remember purple lights and a big screen with my name. It's from my company's annual awards night. I don't even remember what the event was called. Searched for ""me on stage with trophy under purple lights"" and got a bunch of pictures that had nothing to do with it. I searched ""awards december"" but it just showed random photos. I searched ""award"" but it just showed random photos. It seems like search ignores half of what I type and only matches one word. I went through the face group for that person too. I found a similar one but not the exact photo I wanted. Device: iPhone 14, iOS 18.",705,Google Photos Help Community > Search & browse,1,"Product Expert: Search for the thing plus the city, e.g. ""cake bangalore"", works better than a sentence for me.",,,,,,14,False,,,,,attempt,True,True,event_memory,partially_found,B_system_understanding,remembered_event; remembered_person; remembered_visual_appearance,event_name_unknown,natural_language; metadata; keyword,me on stage with trophy under purple lights; awards december; award,wrong_results; wrong_results; wrong_results,people_browsing,android_device,
google_photos_community:syn-goo-0094,google_photos_community,google_photos_help_community,syn-goo-0094,2024-05-18T01:23:47,True,synthetic://google_photos_community/syn-goo-0094,Unable to locate the photo of the electrician's handwritten estimate,"I'm trying to find the photo of the electrician's handwritten estimate. I need it now because he's charging way more now. It was a few months ago. I remember he wrote it on a notebook page. It's a picture of a handwritten estimate. I don't remember the exact words on it. I searched ""handwritten estimate on notebook paper"" and nothing came up. The text on the bill isn't searchable as far as I can tell. Eventually I searched my WhatsApp chats instead. Never found it. Device: Pixel 8, Android 15.",498,Google Photos Help Community > Search & browse,2,"Product Expert: Tip: if location history was on, try the map view and zoom into the area instead of searching the name. || Product Expert: Ask whoever was there, someone in the group chat usually still has it.",,,,,,41,False,,,,,attempt,True,True,receipt,not_found,F_data_index_limitation,remembered_context; remembered_object; remembered_time_approximation,exact_text_unknown,natural_language,handwritten estimate on notebook paper,not_found,other_application,,
google_photos_community:syn-goo-0095,google_photos_community,google_photos_help_community,syn-goo-0095,2025-05-08T06:35:21,True,synthetic://google_photos_community/syn-goo-0095,How can I find an old photo when I don't remember the date?,"Pro tip: Search by year first, like ""2019"", then scroll within that. Much faster than scrolling from today. Device: iPhone 14, iOS 18.",134,Google Photos Help Community > Search & browse,2,"Product Expert: Search for the thing plus the city, e.g. ""cake bangalore"", works better than a sentence for me. || Product Expert: You can search text inside photos sometimes, but it only works if the words are clear in the image.",,,,,,38,False,,,,,advice,True,False,,,,,,,,,,,
google_photos_community:syn-goo-0096,google_photos_community,google_photos_help_community,syn-goo-0096,2023-09-09T04:09:26,True,synthetic://google_photos_community/syn-goo-0096,How can I find the picture of my college marksheet when I don't remember the date?,"I've been looking for the picture of my college marksheet for days. I need it now because background verification asked for it. For context, I sent it to some HR at some point. All I remember visually is a certificate with a blue border. It was maybe 2020 when I was job hunting. I don't know what word the app would use for it. I have no idea what year it was. I searched ""2020 certificate"" and got no results. Searched for ""college marksheet with blue border"" but it just showed random photos. I ran out of ideas pretty quickly. Eventually I searched my WhatsApp chats instead. Tried synonyms like ""certificate"" too. Still haven't found it.",642,Google Photos Help Community > Search & browse,1,"Product Expert: If it was a screenshot, open the Screenshots category first and then scroll by month.",,,,,,64,True,,,,,attempt,True,True,document,not_found,E_refinement,remembered_context; remembered_time_approximation; remembered_visual_appearance,exact_date_unknown; exact_keyword_unknown,metadata; natural_language,2020 certificate; college marksheet with blue border,not_found; wrong_results,other_application; synonym_search,,
google_photos_community:syn-goo-0097,google_photos_community,google_photos_help_community,syn-goo-0097,2024-10-29T19:28:38,True,synthetic://google_photos_community/syn-goo-0097,Unable to locate the photo from the Ganpati procession,"On my iPhone. Does anyone know how to find the photo from the Ganpati procession? I need it because our society newsletter wanted old pictures. I know it was on the road near our society. It's from the Ganpati visarjan. It was not sure which year. I have no idea what year it was. Searched for ""september"" and nothing came up. After that I had no idea what else to try. I went through the face group for that person too. I jumped to roughly that year with the scrollbar and went month by month. Got it eventually, after two evenings. Device: iPhone 14, iOS 18.",560,Google Photos Help Community > Search & browse,1,"Product Expert: Ask whoever was there, someone in the group chat usually still has it.",,,,,,16,True,,,,,attempt,True,True,event_memory,found,E_refinement,remembered_event; remembered_place; remembered_time_approximation,exact_date_unknown,metadata,september,not_found,date_browsing; people_browsing,ios_device,
google_photos_community:syn-goo-0098,google_photos_community,google_photos_help_community,syn-goo-0098,2025-01-24T06:00:10,True,synthetic://google_photos_community/syn-goo-0098,How can I find an old photo when I don't remember the date?,"From experience, Ask whoever was there, someone in the group chat usually still has it.",87,Google Photos Help Community > Search & browse,1,"Product Expert: If it was a screenshot, open the Screenshots category first and then scroll by month.",,,,,,15,False,,,,,advice,True,False,,,,,,,,,,,
google_photos_community:syn-goo-0099,google_photos_community,google_photos_help_community,syn-goo-0099,2024-06-19T06:03:29,True,synthetic://google_photos_community/syn-goo-0099,Help finding an old photo in my library,"Couldn't find the photo of my son's vaccination card anywhere, then realised it was on my old phone and never got backed up. Using photos.google.com on Windows.",160,Google Photos Help Community > Search & browse,1,"Product Expert: Search by year first, like ""2019"", then scroll within that. Much faster than scrolling from today.",,,,,,76,True,,,,,misattribution,True,True,document,not_found,F_data_index_limitation,,,,,,,,failure_not_search_related
google_photos_community:syn-goo-0100,google_photos_community,google_photos_help_community,syn-goo-0100,2024-09-11T15:03:24,True,synthetic://google_photos_community/syn-goo-0100,Help finding an old photo in my library,"I've been looking for the photo of the street where we got lost for days. We were in some old town in Portugal when I took it. I can picture yellow tiles on the walls and a tram line. It had my husband in it. I don't even remember what the event was called. No clue what the place was called. I searched ""lisbon"" and got thousands of results to scroll through. Searched for ""street"" and got thousands of results to scroll through. Searched for ""narrow street with yellow tiles and tram"" and it gave me hundreds of photos. All the results look the same as tiny thumbnails. I jumped to roughly that year with the scrollbar and went month by month. Found one that might be it, but I'm not sure it's the same one. Using photos.google.com on Windows.",745,Google Photos Help Community > Search & browse,1,Product Expert: Check whether the photo was ever backed up. If it was from an old phone it might never have been uploaded.,,,,,,40,False,,,,,attempt,True,True,travel_memory,uncertain,D_result_evaluation,remembered_person; remembered_place; remembered_visual_appearance,event_name_unknown; exact_location_unknown,metadata; keyword; natural_language,lisbon; street; narrow street with yellow tiles and tram,too_many_results; too_many_results; too_many_results,date_browsing,,
google_photos_community:syn-goo-0101,google_photos_community,google_photos_help_community,syn-goo-0101,2025-06-17T23:47:02,True,synthetic://google_photos_community/syn-goo-0101,How can I find an old photo when I don't remember the date?,"Honestly I've stopped using search and just scroll, it's more predictable. Using photos.google.com on Windows.",110,Google Photos Help Community > Search & browse,1,"Product Expert: Use the date jump on the scrollbar, drag to the year and go month by month.",,,,,,46,False,,,,,opinion,True,False,,,,,,,,,,,
google_photos_community:syn-goo-0102,google_photos_community,google_photos_help_community,syn-goo-0102,2025-03-04T01:49:35,True,synthetic://google_photos_community/syn-goo-0102,Unable to locate the photo from the Ganpati procession,"I'm trying to find the photo from the Ganpati procession. I need it now because our society newsletter wanted old pictures. Timing wise it was not sure which year. It had my neighbours in it. It's from the Ganpati visarjan. Not sure which month or year, honestly. Tried ""ganpati"" and nothing came up. I searched ""people covered in red colour with ganesh idol"" and got no results. After that I had no idea what else to try. I went through the face group for that person too. Ended up scrolling back through years of photos. I gave up on finding it. Device: Pixel 8, Android 15.",576,Google Photos Help Community > Search & browse,1,"Product Expert: Try searching for something visible in the photo instead of what happened, like ""stage"" or ""cake"".",,,,,,50,False,,,,,attempt,True,True,event_memory,abandoned,E_refinement,remembered_event; remembered_person; remembered_time_approximation,exact_date_unknown,keyword; natural_language,ganpati; people covered in red colour with ganesh idol,not_found; not_found,abandonment; manual_scrolling; people_browsing,,
google_photos_community:syn-goo-0103,google_photos_community,google_photos_help_community,syn-goo-0103,2025-12-29T07:42:47,True,synthetic://google_photos_community/syn-goo-0103,Search not finding a photo I know exists,"What worked for me: If it was a screenshot, open the Screenshots category first and then scroll by month. Device: Pixel 8, Android 15.",134,Google Photos Help Community > Search & browse,1,"Product Expert: Search for the thing plus the city, e.g. ""cake bangalore"", works better than a sentence for me.",,,,,,18,False,,,,,advice,True,False,,,,,,,,,,,
google_photos_community:syn-goo-0104,google_photos_community,google_photos_help_community,syn-goo-0104,2025-03-08T03:44:21,True,synthetic://google_photos_community/syn-goo-0104,Search not finding a photo I know exists,"I search in Photos pretty much every day. Does anyone know how to find the old scanned photo of my grandparents' wedding? I need it because we're printing a family tree. I remember black and white, grandma in a big necklace. For context, it came through WhatsApp at some point. I have no idea what year it was. Searched for ""black and white wedding photo grandparents"" and got no results. I searched ""old photo"" and got no results. The photo is definitely in my library but search never shows it. I went through the face group for that person too. Never found it. Device: Pixel 8, Android 15.",592,Google Photos Help Community > Search & browse,1,"Product Expert: Search for the thing plus the city, e.g. ""cake bangalore"", works better than a sentence for me.",,,,,,61,False,,,,,attempt,True,True,family_memory,not_found,C_retrieval,remembered_context; remembered_visual_appearance,exact_date_unknown,natural_language; keyword,black and white wedding photo grandparents; old photo,not_found; not_found,people_browsing,frequent_searcher,
google_photos_community:syn-goo-0105,google_photos_community,google_photos_help_community,syn-goo-0105,2023-04-09T14:04:16,True,synthetic://google_photos_community/syn-goo-0105,Search not finding a photo I know exists,"I've used Google Photos since it launched. Looking for the picture of my college marksheet. I need it now because background verification asked for it. I remember it showed my semester grades. It was maybe 2020 when I was job hunting. It's a picture of my marksheet. Not sure which month or year, honestly. I don't know what word the app would use for it. Tried ""marksheet"" but it just showed random photos. How do you even search for something like that? I checked my Gmail in case I had sent it to someone. I scrolled for like 40 minutes. Eventually I just gave up. Device: Pixel 8, Android 15.",596,Google Photos Help Community > Search & browse,1,Product Expert: Name the face groups. Searching a person's name works way better than describing them.,,,,,,35,False,,,,,attempt,True,True,document,abandoned,A_memory_expression,remembered_object; remembered_text; remembered_time_approximation,exact_date_unknown; exact_keyword_unknown,keyword,marksheet,wrong_results,abandonment; manual_scrolling; other_application,long_tenure,
google_photos_community:syn-goo-0106,google_photos_community,google_photos_help_community,syn-goo-0106,2024-12-22T17:32:56,True,synthetic://google_photos_community/syn-goo-0106,Help finding an old photo in my library,"Thought search was broken but the photo of the warranty card for the washing machine was in my partner's library, not mine. Device: Pixel 8, Android 15.",152,Google Photos Help Community > Search & browse,2,"Product Expert: If it was a screenshot, open the Screenshots category first and then scroll by month. || Product Expert: Search for the thing plus the city, e.g. ""cake bangalore"", works better than a sentence for me.",,,,,,69,False,,,,,misattribution,True,True,receipt,not_found,F_data_index_limitation,,,,,,,,failure_not_search_related
google_photos_community:syn-goo-0107,google_photos_community,google_photos_help_community,syn-goo-0107,2026-06-12T02:38:57,True,synthetic://google_photos_community/syn-goo-0107,Unable to locate the photo of the rash on my arm,"I've been looking for the photo of the rash on my arm for days. I can picture red patches near my elbow. It's a picture of a rash. For context, I took it to show the dermatologist how it looked on day one. Timing wise it was about eight months ago. No idea what to search for really. I don't remember when exactly. I typed ""red rash on arm"" in search and nothing came up. The photo is definitely in my library but search never shows it. Tried synonyms like ""allergy"" too. I scrolled for like 40 minutes. I gave up on finding it. Using photos.google.com on Windows.",564,Google Photos Help Community > Search & browse,2,"Product Expert: You can search text inside photos sometimes, but it only works if the words are clear in the image. || Product Expert: If it was a screenshot, open the Screenshots category first and then scroll by month.",,,,,,48,False,,,,,attempt,True,True,medical_or_health_image,abandoned,C_retrieval,remembered_context; remembered_object; remembered_time_approximation; remembered_visual_appearance,exact_date_unknown; exact_keyword_unknown,natural_language,red rash on arm,not_found,abandonment; manual_scrolling; synonym_search,,
google_photos_community:syn-goo-0108,google_photos_community,google_photos_help_community,syn-goo-0108,2025-04-02T17:02:56,True,synthetic://google_photos_community/syn-goo-0108,Search not finding a photo I know exists,"My wife and I share a partner library. I've been looking for the photo of the warranty card for the washing machine for days. Timing wise it was when we bought it, 2 years ago maybe. It's a picture of the warranty card. All I remember visually is a small card taped to the invoice. I don't remember the exact words on it. I searched ""washing machine warranty card"" and got no results. I typed ""warranty 2024"" in search and got no results. I searched ""warranty"" and nothing came up. The text on the bill isn't searchable as far as I can tell. I checked my Gmail in case I had sent it to someone. Never found it. Using photos.google.com on Windows.",646,Google Photos Help Community > Search & browse,2,"Product Expert: If it was a screenshot, open the Screenshots category first and then scroll by month. || Product Expert: Search by year first, like ""2019"", then scroll within that. Much faster than scrolling from today.",,,,,,26,False,,,,,attempt,True,True,receipt,not_found,F_data_index_limitation,remembered_object; remembered_time_approximation; remembered_visual_appearance,exact_text_unknown,natural_language; metadata; keyword,washing machine warranty card; warranty 2024; warranty,not_found; not_found; not_found,other_application,shared_library,
google_photos_community:syn-goo-0109,google_photos_community,google_photos_help_community,syn-goo-0109,2024-08-26T00:51:19,True,synthetic://google_photos_community/syn-goo-0109,How can I find an old photo when I don't remember the date?,"Couldn't find a photo of the rental agreement anywhere, then realised it was on my old phone and never got backed up. Device: Pixel 8, Android 15.",146,Google Photos Help Community > Search & browse,2,"Product Expert: If it was a screenshot, open the Screenshots category first and then scroll by month. || Product Expert: Search by year first, like ""2019"", then scroll within that. Much faster than scrolling from today.",,,,,,66,True,,,,,misattribution,True,True,document,not_found,F_data_index_limitation,,,,,,,,failure_not_search_related
google_photos_community:syn-goo-0110,google_photos_community,google_photos_help_community,syn-goo-0110,2024-11-22T08:46:56,True,synthetic://google_photos_community/syn-goo-0110,Unable to locate an old photo,Check whether the photo was ever backed up. If it was from an old phone it might never have been uploaded. Using photos.google.com on Windows.,142,Google Photos Help Community > Search & browse,1,Product Expert: Check whether the photo was ever backed up. If it was from an old phone it might never have been uploaded.,,,,,,36,True,,,,,advice,True,False,,,,,,,,,,,
google_photos_community:syn-goo-0111,google_photos_community,google_photos_help_community,syn-goo-0111,2025-09-19T13:53:30,True,synthetic://google_photos_community/syn-goo-0111,How can I find the photo of the team at the offsite when I don't remember the date?,"Looking for the photo of the team at the offsite. I need it because a colleague is leaving and we're making a card. I know it was at a resort outside the city. All I remember visually is everyone in matching t-shirts by a pool. It was before I switched jobs, 2021 maybe. I remember my old team being in it. I don't remember the name of the place. I searched ""team"" but it just showed random photos. I didn't know what else to try. Ended up scrolling back through years of photos. Tried synonyms like ""office trip"" too. I found a similar one but not the exact photo I wanted. Device: iPhone 14, iOS 18.",601,Google Photos Help Community > Search & browse,2,"Product Expert: Check whether the photo was ever backed up. If it was from an old phone it might never have been uploaded. || Product Expert: Search by year first, like ""2019"", then scroll within that. Much faster than scrolling from today.",,,,,,58,False,,,,,attempt,True,True,work_memory,partially_found,E_refinement,remembered_person; remembered_place; remembered_time_approximation; remembered_visual_appearance,exact_location_unknown,keyword,team,wrong_results,manual_scrolling; synonym_search,,
google_photos_community:syn-goo-0112,google_photos_community,google_photos_help_community,syn-goo-0112,2026-05-24T05:20:31,True,synthetic://google_photos_community/syn-goo-0112,How can I find the photo of the menu at the street food stall when I don't remember the date?,"Looking for the photo of the menu at the street food stall. I need it because I want to recommend it to someone visiting. It was while eating chaat after the market. I can picture a handwritten board in Hindi. It was a winter evening, not sure which year. I don't remember the exact words on it. Not sure which month or year, honestly. Tried ""menu"" but it just showed random photos. It doesn't understand what I'm describing at all. I jumped to roughly that year with the scrollbar and went month by month. Ended up scrolling back through years of photos. Still haven't found it.",579,Google Photos Help Community > Search & browse,1,"Product Expert: Search by year first, like ""2019"", then scroll within that. Much faster than scrolling from today.",,,,,,15,True,,,,,attempt,True,True,food_restaurant_memory,not_found,B_system_understanding,remembered_activity; remembered_time_approximation; remembered_visual_appearance,exact_date_unknown; exact_text_unknown,keyword,menu,wrong_results,date_browsing; manual_scrolling,,
google_photos_community:syn-goo-0113,google_photos_community,google_photos_help_community,syn-goo-0113,2023-01-30T07:41:41,True,synthetic://google_photos_community/syn-goo-0113,Help finding an old photo in my library,"On the web version on my laptop. I've been looking for a shot of the fireworks at the new year party for days. I need it because I wanted to post a throwback. I remember a bunch of friends being in it. Timing wise it was one of the new years, 2019 or 2020. It's from the new year party at the club. I remember it was just before midnight. Not sure which month or year, honestly. Searched for ""green fireworks over pool"" and got thousands of results to scroll through. Searched for ""31 december"" and got thousands of results to scroll through. There are so many almost identical shots from that day that I can't tell which one it is. Ended up scrolling back through years of photos. I found a similar one but not the exact photo I wanted. Device: Pixel 8, Android 15.",766,Google Photos Help Community > Search & browse,2,"Product Expert: You can search text inside photos sometimes, but it only works if the words are clear in the image. || Product Expert: Tip: if location history was on, try the map view and zoom into the area instead of searching the name.",,,,,,6,False,,,,,attempt,True,True,event_memory,partially_found,D_result_evaluation,remembered_context; remembered_event; remembered_person; remembered_time_approximation,exact_date_unknown,natural_language; metadata,green fireworks over pool; 31 december,too_many_results; too_many_results,manual_scrolling,desktop_web,
google_photos_community:syn-goo-0114,google_photos_community,google_photos_help_community,syn-goo-0114,2026-05-12T04:37:36,True,synthetic://google_photos_community/syn-goo-0114,Unable to locate an old photo,"I don't remember dates, nobody does. Searching by date is useless for old memories. Device: Pixel 8, Android 15.",112,Google Photos Help Community > Search & browse,1,"Product Expert: Tip: if location history was on, try the map view and zoom into the area instead of searching the name.",,,,,,63,False,,,,,opinion,True,False,,,,,,,,,,,
google_photos_community:syn-goo-0115,google_photos_community,google_photos_help_community,syn-goo-0115,2024-05-19T11:44:13,True,synthetic://google_photos_community/syn-goo-0115,Search not finding a photo I know exists,"Looking for the photo of the notes a friend shared before exams. It's a picture of handwritten notes. It had something about thermodynamics formulas on it. All I remember visually is pages with yellow highlighter. It was final semester. I have no idea what year it was. I don't remember the exact words on it. I typed ""handwritten thermodynamics notes"" in search and got no results. I searched ""notes"" and nothing came up. I think it's in my partner's library, not mine. I kept retyping different searches. In the end I texted my friend to send it again. I found a similar one but not the exact photo I wanted. Using photos.google.com on Windows.",646,Google Photos Help Community > Search & browse,2,"Product Expert: Use the date jump on the scrollbar, drag to the year and go month by month. || Product Expert: Ask whoever was there, someone in the group chat usually still has it.",,,,,,40,False,,,,,attempt,True,True,school_or_college_memory,partially_found,F_data_index_limitation,remembered_object; remembered_text; remembered_time_approximation; remembered_visual_appearance,exact_date_unknown; exact_text_unknown,natural_language; keyword,handwritten thermodynamics notes; notes,not_found; not_found,ask_another_person; repeated_search,,
google_photos_community:syn-goo-0116,google_photos_community,google_photos_help_community,syn-goo-0116,2024-11-07T04:33:22,True,synthetic://google_photos_community/syn-goo-0116,Help finding an old photo in my library,"A lot of my photos come from shared albums. I'm trying to find the photo with the bride and my grandmother. I need it because grandma wants a print. Timing wise it was reception night. I remember my grandmother and my sister-in-law being in it. All I remember visually is grandma in a green saree sitting on the stage. It's one that the photographer's assistant sent us. I don't remember which album it went into. Not sure which month or year, honestly. I typed ""grandmother"" in search and got no results. I searched ""old lady in green saree with bride on stage"" and nothing came up. Searched for ""reception"" and got no results. It just doesn't show up in search even though I know it's there. I asked my sister if she still had it. I found a similar one but not the exact photo I wanted. Device: iPhone 14, iOS 18.",815,Google Photos Help Community > Search & browse,2,"Product Expert: Ask whoever was there, someone in the group chat usually still has it. || Product Expert: If it was a screenshot, open the Screenshots category first and then scroll by month.",,,,,,43,False,,,,,attempt,True,True,wedding_memory,partially_found,C_retrieval,remembered_person; remembered_relationship; remembered_time_approximation; remembered_visual_appearance,album_unknown; exact_date_unknown,keyword; natural_language; metadata,grandmother; old lady in green saree with bride on stage; reception,not_found; not_found; not_found,ask_another_person,shared_library,
google_photos_community:syn-goo-0117,google_photos_community,google_photos_help_community,syn-goo-0117,2025-02-10T21:13:53,True,synthetic://google_photos_community/syn-goo-0117,Help finding an old photo in my library,"I've been looking for the photo of us at the football match for days. I need it because reunion group chat asked for it. I remember all of us with painted faces. I remember my school friends being in it. I don't remember when exactly. I can't recall the name of the event. I searched ""football"" and nothing came up. Tried ""friends with painted faces at football match"" and got no results. Tried ""stadium"" and got no results. I think it's in my partner's library, not mine. In the end I texted my friend to send it again. I gave up on finding it.",545,Google Photos Help Community > Search & browse,1,"Product Expert: Search for the thing plus the city, e.g. ""cake bangalore"", works better than a sentence for me.",,,,,,24,True,,,,,attempt,True,True,friend_memory,abandoned,F_data_index_limitation,remembered_person; remembered_visual_appearance,event_name_unknown; exact_date_unknown,metadata; natural_language; keyword,football; friends with painted faces at football match; stadium,not_found; not_found; not_found,abandonment; ask_another_person,,
google_photos_community:syn-goo-0118,google_photos_community,google_photos_help_community,syn-goo-0118,2023-01-06T02:07:21,True,synthetic://google_photos_community/syn-goo-0118,Unable to locate a screenshot of a recipe from Instagram,"I'm trying to find a screenshot of a recipe from Instagram. I need it now because guests are coming this weekend. For context, I screenshotted it from a reel. I remember it showed something with paneer and cashew paste. I don't remember the exact words on it. No idea what to search for really. Searched for ""instagram screenshot"" and got no results. Text inside screenshots doesn't seem to be searchable. I scrolled for like 40 minutes. Got it eventually, after half an hour of scrolling. Device: Pixel 8, Android 15.",518,Google Photos Help Community > Search & browse,2,"Product Expert: Search for the thing plus the city, e.g. ""cake bangalore"", works better than a sentence for me. || Product Expert: You can search text inside photos sometimes, but it only works if the words are clear in the image.",,,,,,14,False,,,,,attempt,True,True,screenshot,found,F_data_index_limitation,remembered_context; remembered_text,exact_keyword_unknown; exact_text_unknown,metadata,instagram screenshot,not_found,manual_scrolling,,
google_photos_community:syn-goo-0119,google_photos_community,google_photos_help_community,syn-goo-0119,2024-09-04T06:58:49,True,synthetic://google_photos_community/syn-goo-0119,Unable to locate the photo with the bride and my grandmother,"I've been looking for the photo with the bride and my grandmother for days. It's from my brother's wedding. It had my grandmother and my sister-in-law in it. All I remember visually is grandma in a green saree sitting on the stage. Not sure which month or year, honestly. I'm not sure if I ever put it in an album. Tried ""old lady in green saree with bride on stage"" and it popped up near the top. I searched ""grandmother"" and it popped up near the top. Ended up scrolling back through years of photos. Got it eventually, after half an hour of scrolling. Device: iPhone 14, iOS 18.",581,Google Photos Help Community > Search & browse,2,"Product Expert: Use the date jump on the scrollbar, drag to the year and go month by month. || Product Expert: Search by year first, like ""2019"", then scroll within that. Much faster than scrolling from today.",,,,,,7,False,,,,,attempt,True,True,wedding_memory,found,none_observed,remembered_event; remembered_person; remembered_visual_appearance,album_unknown; exact_date_unknown,natural_language; keyword,old lady in green saree with bride on stage; grandmother,found; found,manual_scrolling,,
social_media:syn-soc-0000,social_media,facebook,syn-soc-0000,2024-09-04T19:10:28,True,synthetic://social_media/syn-soc-0000,,It would help if the app told me why a photo showed up in results.,66,,0,,,,,,,,,25,186,,,opinion,True,False,,,,,,,,,,,
social_media:syn-soc-0001,social_media,instagram_comments,syn-soc-0001,2024-05-28T18:18:01,True,synthetic://social_media/syn-soc-0001,,"I'm trying to find a short video of the band at the pub. I know it was at a pub in the old part of town. I don't know what it's called. Searched for ""video of band with violin red lights pub"" and nothing came up. Screen recordings don't seem to be indexed at all. I jumped to roughly that year with the scrollbar and went month by month. Found one that might be it, but I'm not sure it's the same one. #GooglePhotos",415,,0,,,,,,,,,1511,13,,,attempt,True,True,video,uncertain,F_data_index_limitation,remembered_place,exact_object_name_unknown,natural_language,video of band with violin red lights pub,not_found,date_browsing,,
social_media:syn-soc-0002,social_media,instagram_comments,syn-soc-0002,2026-03-12T10:33:38,True,synthetic://social_media/syn-soc-0002,,Found the screenshot of the product I wanted to buy by searching the person's face and then scrolling a bit. Took two minutes.,126,,0,,,,,,,,,1252,48,,,success,True,True,purchase_related_image,found,none_observed,,,,,,,,vague_search_succeeded
social_media:syn-soc-0003,social_media,x,syn-soc-0003,2026-06-16T18:57:33,True,synthetic://social_media/syn-soc-0003,,"Search should work the way I remember things, like 'parking pillar sign', not just single words. #help",102,,0,,,,,,,,,1447,177,,,opinion,True,False,,,,,,,,,,,
social_media:syn-soc-0004,social_media,facebook,syn-soc-0004,2025-07-02T21:37:51,True,synthetic://social_media/syn-soc-0004,,Please add a dark mode for the web version. Too many notifications about 'memories' I didn't ask for. #help,107,,0,,,,,,,,,595,160,,,noise,False,False,,,,,,,,,,,
social_media:syn-soc-0005,social_media,instagram_comments,syn-soc-0005,2025-01-23T19:20:52,True,synthetic://social_media/syn-soc-0005,,"Honestly I've stopped using search and just scroll, it's more predictable.",74,,0,,,,,,,,,1395,2,,,opinion,True,False,,,,,,,,,,,
social_media:syn-soc-0006,social_media,facebook,syn-soc-0006,2025-12-19T05:38:56,True,synthetic://social_media/syn-soc-0006,,"Does anyone know how to find the picture of the medicine I took when I was sick last year? I can picture a silver strip with orange tablets. No idea what the thing is actually called. I searched ""fever medicine"" and got a bunch of pictures that had nothing to do with it. How do you even search for something like that? Ended up scrolling back through years of photos. I gave up on finding it. #help",399,,0,,,,,,,,,1730,57,,,attempt,True,True,medical_or_health_image,abandoned,A_memory_expression,remembered_visual_appearance,exact_object_name_unknown,metadata,fever medicine,wrong_results,abandonment; manual_scrolling,,
social_media:syn-soc-0007,social_media,facebook,syn-soc-0007,2026-06-03T20:56:16,True,synthetic://social_media/syn-soc-0007,,"Does anyone know how to find the screenshot of the train booking confirmation? I need it because the TTE asked for the PNR. I remember it showed the PNR number. I can't recall what it said exactly. Tried ""train ticket booking confirmation screenshot"" and nothing came up. Text inside screenshots doesn't seem to be searchable. Never found it. @googlephotos",356,,0,,,,,,,,,538,171,,,attempt,True,True,screenshot,not_found,F_data_index_limitation,remembered_text,exact_text_unknown,natural_language,train ticket booking confirmation screenshot,not_found,,,
social_media:syn-soc-0008,social_media,x,syn-soc-0008,2026-01-26T13:38:29,True,synthetic://social_media/syn-soc-0008,,"looking for the photo of the menu at the street food stall. i need it because i want to recommend it to someone visiting. timing wise it was a winter evening, not sure which year. i don't remember the exact words on it. i searched ""menu"" and it gave me hundreds of photos. there are so many almost identical shots from that day that i can't tell which one it is. still haven't found it. #help",392,,0,,,,,,,,,151,120,,,attempt,True,True,food_restaurant_memory,not_found,D_result_evaluation,remembered_time_approximation,exact_text_unknown,keyword,menu,too_many_results,,,
social_media:syn-soc-0009,social_media,instagram_comments,syn-soc-0009,2024-01-12T16:20:39,True,synthetic://social_media/syn-soc-0009,,Minor gripe: The locked folder is a nice privacy feature. App keeps crashing when I open a large video. #help,109,,0,,,,,,,,,1457,108,,,noise,False,False,,,,,,,,,,,
social_media:syn-soc-0010,social_media,threads,syn-soc-0010,2026-05-07T03:27:58,True,synthetic://social_media/syn-soc-0010,,"I'm trying to find the family photo from Diwali where everyone is wearing white. I remember the whole extended family being in it. I can't remember the date at all. I searched ""diwali"" and got no results. The photo is definitely in my library but search never shows it. Finally found it after two evenings. @googlephotos",320,,0,,,,,,,,,672,131,,,attempt,True,True,family_memory,found,C_retrieval,remembered_person,exact_date_unknown,keyword,diwali,not_found,,,
social_media:syn-soc-0011,social_media,threads,syn-soc-0011,2024-10-28T04:29:54,True,synthetic://social_media/syn-soc-0011,,"Honestly I've stopped using search and just scroll, it's more predictable.",74,,0,,,,,,,,,1293,20,,,opinion,True,False,,,,,,,,,,,
social_media:syn-soc-0012,social_media,facebook,syn-soc-0012,2023-08-25T12:00:36,True,synthetic://social_media/syn-soc-0012,,"Does anyone know how to find that photo where I was wearing the blue shirt? Timing wise it was maybe two summers ago. I can't recall where exactly it was. Searched for ""me wearing blue shirt white wall"" and nothing came up. I didn't know what else to try. I jumped to roughly that year with the scrollbar and went month by month. Got it eventually, after way too long.",368,,0,,,,,,,,,905,79,,,attempt,True,True,personal_memory,found,E_refinement,remembered_time_approximation,exact_location_unknown,natural_language,me wearing blue shirt white wall,not_found,date_browsing,,
social_media:syn-soc-0013,social_media,threads,syn-soc-0013,2023-04-10T05:25:06,True,synthetic://social_media/syn-soc-0013,,"Something that helps: Tip: if location history was on, try the map view and zoom into the area instead of searching the name. @googlephotos",139,,0,,,,,,,,,259,190,,,advice,True,False,,,,,,,,,,,
social_media:syn-soc-0014,social_media,facebook,syn-soc-0014,2024-04-01T07:03:51,True,synthetic://social_media/syn-soc-0014,,Update: Storage is full again and now they want me to pay for more. Too expensive for what it is.,97,,0,,,,,,,,,993,9,,,noise,False,False,,,,,,,,,,,
social_media:syn-soc-0015,social_media,x,syn-soc-0015,2024-06-25T18:09:06,True,synthetic://social_media/syn-soc-0015,,Face grouping merged my twin daughters into one person lol. #help,65,,0,,,,,,,,,1563,109,,,noise,False,False,,,,,,,,,,,
social_media:syn-soc-0016,social_media,threads,syn-soc-0016,2023-02-04T23:54:33,True,synthetic://social_media/syn-soc-0016,,"Search should work the way I remember things, like 'green fireworks over pool', not just single words.",102,,0,,,,,,,,,1906,177,,,opinion,True,False,,,,,,,,,,,
social_media:syn-soc-0017,social_media,threads,syn-soc-0017,2024-05-18T16:48:50,True,synthetic://social_media/syn-soc-0017,,"What worked for me: If it was a screenshot, open the Screenshots category first and then scroll by month. #help",111,,0,,,,,,,,,1181,101,,,advice,True,False,,,,,,,,,,,
social_media:syn-soc-0018,social_media,threads,syn-soc-0018,2026-01-14T14:32:43,True,synthetic://social_media/syn-soc-0018,,It's frustrating that I have to guess what word the app uses for something. #GooglePhotos,89,,0,,,,,,,,,1644,189,,,opinion,True,False,,,,,,,,,,,
social_media:syn-soc-0019,social_media,facebook,syn-soc-0019,2025-08-31T15:21:13,True,synthetic://social_media/syn-soc-0019,,"I've been looking for the screenshot of the train booking confirmation for days. I need it now because the TTE asked for the PNR. I remember a white screen with a green tick. I don't remember the exact words on it. Searched for ""ticket"" and nothing came up. I just didn't know how to describe it in a way search would get. Still haven't found it.",346,,0,,,,,,,,,304,13,,,attempt,True,True,screenshot,not_found,A_memory_expression,remembered_visual_appearance,exact_text_unknown,keyword,ticket,not_found,,,
social_media:syn-soc-0020,social_media,x,syn-soc-0020,2025-08-07T05:22:02,True,synthetic://social_media/syn-soc-0020,,Two things. App keeps crashing when I open a large video. #help,63,,0,,,,,,,,,752,168,,,noise,False,False,,,,,,,,,,,
social_media:syn-soc-0021,social_media,threads,syn-soc-0021,2023-05-22T03:14:23,True,synthetic://social_media/syn-soc-0021,,"I've been looking for the photo of the temple on the hill for days. Timing wise it was a long time ago, maybe 2015. I can't recall the name of the event. I searched ""white temple on hill with steps"" and nothing came up. After that I had no idea what else to try. Finally found it after three days. @googlephotos",311,,0,,,,,,,,,699,195,,,attempt,True,True,location_memory,found,E_refinement,remembered_time_approximation,event_name_unknown,natural_language,white temple on hill with steps,not_found,,,
social_media:syn-soc-0022,social_media,threads,syn-soc-0022,2026-06-18T18:43:26,True,synthetic://social_media/syn-soc-0022,,"looking for a shot of the fireworks at the new year party. it had a bunch of friends in it. i don't remember when exactly. tried ""green fireworks over pool"" and there it was. i went through the face group for that person too. finally found it after way too long. #help",268,,0,,,,,,,,,760,121,,,attempt,True,True,event_memory,found,none_observed,remembered_person,exact_date_unknown,natural_language,green fireworks over pool,found,people_browsing,,
social_media:syn-soc-0023,social_media,x,syn-soc-0023,2023-10-27T13:36:03,True,synthetic://social_media/syn-soc-0023,,"Didn't remember anything except stamp paper with a purple stamp, searched for that and it showed up. Impressed. @googlephotos",125,,0,,,,,,,,,1805,130,,,success,True,True,document,found,none_observed,,,,,,,,vague_search_succeeded
social_media:syn-soc-0024,social_media,threads,syn-soc-0024,2023-03-21T20:13:16,True,synthetic://social_media/syn-soc-0024,,"Honestly search is amazing. I typed ""green fireworks over pool"" and it found a shot of the fireworks at the new year party in seconds.",134,,0,,,,,,,,,957,193,,,success,True,True,event_memory,found,none_observed,,,,,,,,vague_search_succeeded
social_media:syn-soc-0025,social_media,x,syn-soc-0025,2024-12-23T15:52:12,True,synthetic://social_media/syn-soc-0025,,"I'm trying to find the photo of my car's insurance papers. It's a picture of the insurance papers. I don't remember the exact words on it. Tried ""car insurance paper on dashboard"" but it just showed random photos. How do you even search for something like that? Never found it. #GooglePhotos",291,,0,,,,,,,,,1101,149,,,attempt,True,True,document,not_found,A_memory_expression,remembered_object,exact_text_unknown,natural_language,car insurance paper on dashboard,wrong_results,,,
social_media:syn-soc-0026,social_media,facebook,syn-soc-0026,2023-03-14T23:40:42,True,synthetic://social_media/syn-soc-0026,,"Does anyone know how to find that picture from the trip where we stayed near the beach? It's from a long weekend trip. I can't recall where exactly it was. I typed ""hammock between coconut trees near beach homestay"" in search and got no results. The location data was probably off so there's nothing to go on. I scrolled for like 40 minutes. Found one that might be it, but I'm not sure it's the same one.",405,,0,,,,,,,,,882,5,,,attempt,True,True,location_memory,uncertain,F_data_index_limitation,remembered_trip,exact_location_unknown,natural_language,hammock between coconut trees near beach homestay,not_found,manual_scrolling,,
social_media:syn-soc-0027,social_media,x,syn-soc-0027,2023-06-09T07:16:49,True,synthetic://social_media/syn-soc-0027,,"Does anyone know how to find a photo of the rental agreement? It's a picture of the rental agreement. Not sure which month or year, honestly. Tried ""agreement"" and nothing came up. It just doesn't show up in search even though I know it's there. Ended up scrolling back through years of photos. Still haven't found it.",318,,0,,,,,,,,,742,41,,,attempt,True,True,document,not_found,C_retrieval,remembered_object,exact_date_unknown,keyword,agreement,not_found,manual_scrolling,,
social_media:syn-soc-0028,social_media,threads,syn-soc-0028,2024-12-11T18:25:50,True,synthetic://social_media/syn-soc-0028,,"i've been looking for the photo of the rash on my arm for days. the photo shows a rash. i don't remember when exactly. i searched ""rash"" and got no results. the writing on it isn't searchable, it seems. i gave up on finding it. @googlephotos",241,,0,,,,,,,,,1489,73,,,attempt,True,True,medical_or_health_image,abandoned,F_data_index_limitation,remembered_object,exact_date_unknown,keyword,rash,not_found,abandonment,,
social_media:syn-soc-0029,social_media,x,syn-soc-0029,2024-10-21T06:59:33,True,synthetic://social_media/syn-soc-0029,,"I'm trying to find the screenshot of the product I wanted to buy. I need it because there's a sale now. I remember I saw it in an ad and screenshotted it. I don't know what it's called. I searched ""screenshot lamp"" but it just showed random photos. I just didn't know how to describe it in a way search would get. I tried the screenshots category filter as well. I found a similar one but not the exact photo I wanted.",418,,0,,,,,,,,,83,161,,,attempt,True,True,purchase_related_image,partially_found,A_memory_expression,remembered_context,exact_object_name_unknown,metadata,screenshot lamp,wrong_results,filters,,
social_media:syn-soc-0030,social_media,threads,syn-soc-0030,2024-02-08T19:42:41,True,synthetic://social_media/syn-soc-0030,,"I don't remember dates, nobody does. Searching by date is useless for old memories. #help",89,,0,,,,,,,,,1353,5,,,opinion,True,False,,,,,,,,,,,
social_media:syn-soc-0031,social_media,x,syn-soc-0031,2025-06-03T21:16:23,True,synthetic://social_media/syn-soc-0031,,It would help if the app told me why a photo showed up in results. #help,72,,0,,,,,,,,,608,139,,,opinion,True,False,,,,,,,,,,,
social_media:syn-soc-0032,social_media,instagram_comments,syn-soc-0032,2025-02-23T21:09:25,True,synthetic://social_media/syn-soc-0032,,"Search should work the way I remember things, like 'people covered in red colour with ganesh idol', not just single words. #help",128,,0,,,,,,,,,343,16,,,opinion,True,False,,,,,,,,,,,
social_media:syn-soc-0033,social_media,threads,syn-soc-0033,2023-11-09T00:33:02,True,synthetic://social_media/syn-soc-0033,,update: the locked folder is a nice privacy feature. i wish the video editor had more music options.,100,,0,,,,,,,,,353,144,,,noise,False,False,,,,,,,,,,,
social_media:syn-soc-0034,social_media,threads,syn-soc-0034,2023-05-06T07:31:54,True,synthetic://social_media/syn-soc-0034,,"Search should work the way I remember things, like 'selfie at concert with confetti', not just single words. #GooglePhotos",122,,0,,,,,,,,,842,128,,,opinion,True,False,,,,,,,,,,,
social_media:syn-soc-0035,social_media,threads,syn-soc-0035,2023-04-21T07:19:32,True,synthetic://social_media/syn-soc-0035,,"I've been looking for the class photo from school farewell for days. It had my whole class in it. I can't remember the date at all. Searched for ""farewell"" and got no results. I think it's in my partner's library, not mine. Still haven't found it. #help",253,,0,,,,,,,,,1305,98,,,attempt,True,True,school_or_college_memory,not_found,F_data_index_limitation,remembered_person,exact_date_unknown,keyword,farewell,not_found,,,
social_media:syn-soc-0036,social_media,facebook,syn-soc-0036,2026-06-15T11:04:47,True,synthetic://social_media/syn-soc-0036,,It's frustrating that I have to guess what word the app uses for something. @googlephotos,89,,0,,,,,,,,,1118,27,,,opinion,True,False,,,,,,,,,,,
social_media:syn-soc-0037,social_media,threads,syn-soc-0037,2023-03-31T16:22:34,True,synthetic://social_media/syn-soc-0037,,it would help if the app told me why a photo showed up in results. #googlephotos,80,,0,,,,,,,,,855,164,,,opinion,True,False,,,,,,,,,,,
social_media:syn-soc-0038,social_media,x,syn-soc-0038,2025-08-11T12:12:49,True,synthetic://social_media/syn-soc-0038,,"honestly i've stopped using search and just scroll, it's more predictable. #help",80,,0,,,,,,,,,1207,41,,,opinion,True,False,,,,,,,,,,,
social_media:syn-soc-0039,social_media,threads,syn-soc-0039,2025-06-04T12:24:31,True,synthetic://social_media/syn-soc-0039,,"Thought search was broken but the photo of us dancing at the sangeet was in my partner's library, not mine.",107,,0,,,,,,,,,953,122,,,misattribution,True,True,wedding_memory,not_found,F_data_index_limitation,,,,,,,,failure_not_search_related
social_media:syn-soc-0040,social_media,x,syn-soc-0040,2025-08-09T14:04:32,True,synthetic://social_media/syn-soc-0040,,"Does anyone know how to find that picture from the trip where we stayed near the beach? This was during a long weekend trip. The photo probably has no proper date on it. Searched for ""beach"" and nothing came up. After that I had no idea what else to try. I even googled how to search Google Photos better. Never found it. @googlephotos",335,,0,,,,,,,,,281,147,,,attempt,True,True,location_memory,not_found,E_refinement,remembered_trip,metadata_unknown,keyword,beach,not_found,external_search,,
social_media:syn-soc-0041,social_media,instagram_comments,syn-soc-0041,2025-05-28T23:36:49,True,synthetic://social_media/syn-soc-0041,,Backup has been stuck on 'preparing' for three days. Very annoying. Storage is full again and now they want me to pay for more. Too expensive for what it is. #help,163,,0,,,,,,,,,874,68,,,noise,False,False,,,,,,,,,,,
social_media:syn-soc-0042,social_media,threads,syn-soc-0042,2024-06-03T09:47:36,True,synthetic://social_media/syn-soc-0042,,"i've been looking for a picture of my dad teaching my daughter to ride a bike for days. i need it now because it's for my dad's retirement card. i know it was in the park near my parents' place. i can't remember the date at all. tried ""grandfather teaching girl to ride pink bike"" and got no results. the photo is definitely in my library but search never shows it. i jumped to roughly that year with the scrollbar and went month by month. finally found it after three days.",474,,0,,,,,,,,,1603,100,,,attempt,True,True,family_memory,found,C_retrieval,remembered_place,exact_date_unknown,natural_language,grandfather teaching girl to ride pink bike,not_found,date_browsing,,
social_media:syn-soc-0043,social_media,facebook,syn-soc-0043,2023-11-19T01:15:29,True,synthetic://social_media/syn-soc-0043,,"Looking for the group photo from the night we all stayed up on the terrace. I remember fairy lights and everyone squinting because of the flash. I don't remember the person's name. Tried ""terrace"" but it just showed random photos. How do you even search for something like that? I jumped to roughly that year with the scrollbar and went month by month. Finally found it after way too long.",389,,0,,,,,,,,,324,165,,,attempt,True,True,friend_memory,found,A_memory_expression,remembered_visual_appearance,person_name_unknown,keyword,terrace,wrong_results,date_browsing,,
social_media:syn-soc-0044,social_media,x,syn-soc-0044,2024-06-09T23:06:44,True,synthetic://social_media/syn-soc-0044,,"Looking for the video of my nephew saying his first word. I need it because it's his first birthday party. I know it was at my sister's house. I can't remember the date at all. Tried ""baby video"" and got a bunch of pictures that had nothing to do with it. I know exactly what it looks like but can't put it into search words. Got it eventually, after about an hour. #GooglePhotos",379,,0,,,,,,,,,1881,188,,,attempt,True,True,video,found,A_memory_expression,remembered_place,exact_date_unknown,keyword,baby video,wrong_results,,,
social_media:syn-soc-0045,social_media,threads,syn-soc-0045,2023-01-28T09:17:37,True,synthetic://social_media/syn-soc-0045,,"I've been looking for the photo of the shoes I tried on in the store for days. I remember I took it to check the price online later. No clue what the place was called. Searched for ""shoes"" and got a bunch of pictures that had nothing to do with it. It doesn't understand what I'm describing at all. Eventually I just gave up.",325,,0,,,,,,,,,1544,141,,,attempt,True,True,purchase_related_image,abandoned,B_system_understanding,remembered_context,exact_location_unknown,keyword,shoes,wrong_results,abandonment,,
social_media:syn-soc-0046,social_media,instagram_comments,syn-soc-0046,2024-10-06T22:53:26,True,synthetic://social_media/syn-soc-0046,,"Honestly I've stopped using search and just scroll, it's more predictable. #help",80,,0,,,,,,,,,1781,148,,,opinion,True,False,,,,,,,,,,,
social_media:syn-soc-0047,social_media,facebook,syn-soc-0047,2025-06-01T03:16:27,True,synthetic://social_media/syn-soc-0047,,"I've been looking for the photo of my son's first steps for days. I can picture the green rug and him holding the sofa. I don't remember which album it went into. Tried ""baby standing holding sofa on green rug"" and it popped up near the top. Finally found it after two evenings. #help",284,,0,,,,,,,,,605,19,,,attempt,True,True,family_memory,found,none_observed,remembered_visual_appearance,album_unknown,natural_language,baby standing holding sofa on green rug,found,,,
social_media:syn-soc-0048,social_media,threads,syn-soc-0048,2026-05-07T07:55:39,True,synthetic://social_media/syn-soc-0048,,"Something that helps: Search by year first, like ""2019"", then scroll within that. Much faster than scrolling from today. #GooglePhotos",134,,0,,,,,,,,,1369,56,,,advice,True,False,,,,,,,,,,,
social_media:syn-soc-0049,social_media,x,syn-soc-0049,2025-03-30T08:33:11,True,synthetic://social_media/syn-soc-0049,,"i'm trying to find the photo of the warranty card for the washing machine. i need it now because the machine broke and service wants the warranty. i remember it showed the serial number. i have no idea what year it was. i typed ""washing machine warranty card"" in search and got thousands of results to scroll through. there are so many almost identical shots from that day that i can't tell which one it is. i kept retyping different searches. never found it.",459,,0,,,,,,,,,928,34,,,attempt,True,True,receipt,not_found,D_result_evaluation,remembered_text,exact_date_unknown,natural_language,washing machine warranty card,too_many_results,repeated_search,,
social_media:syn-soc-0050,social_media,x,syn-soc-0050,2025-08-10T20:55:09,True,synthetic://social_media/syn-soc-0050,,"Does anyone know how to find the photo of my handwritten letter to myself? I need it because I'm turning 30 and wanted to read it. I remember a cream paper with my messy handwriting. I don't remember the exact words on it. Tried ""birthday"" and got thousands of results to scroll through. There are so many almost identical shots from that day that I can't tell which one it is. In the end I texted my friend to send it again. Eventually I just gave up. @googlephotos",466,,0,,,,,,,,,705,59,,,attempt,True,True,personal_memory,abandoned,D_result_evaluation,remembered_visual_appearance,exact_text_unknown,metadata,birthday,too_many_results,abandonment; ask_another_person,,
social_media:syn-soc-0051,social_media,threads,syn-soc-0051,2026-06-25T19:24:23,True,synthetic://social_media/syn-soc-0051,,"Something that helps: Search by year first, like ""2019"", then scroll within that. Much faster than scrolling from today.",120,,0,,,,,,,,,974,190,,,advice,True,False,,,,,,,,,,,
social_media:syn-soc-0052,social_media,threads,syn-soc-0052,2024-10-25T19:56:21,True,synthetic://social_media/syn-soc-0052,,"I've been looking for a sunset photo from the hotel balcony for days. I need it because I want to use it as a wallpaper again. I remember my wife being in it. Not sure which month or year, honestly. Tried ""switzerland july"" and it gave me hundreds of photos. I have hundreds of similar shots and can't tell which one it was. Found one that might be it, but I'm not sure it's the same one. #GooglePhotos",402,,0,,,,,,,,,32,30,,,attempt,True,True,travel_memory,uncertain,D_result_evaluation,remembered_person,exact_date_unknown,metadata,switzerland july,too_many_results,,,
social_media:syn-soc-0053,social_media,instagram_comments,syn-soc-0053,2023-04-06T04:35:58,True,synthetic://social_media/syn-soc-0053,,"Does anyone know how to find the photo of the parking spot sign? Timing wise it was a few weeks ago. I don't remember the name of the place. Searched for ""parking pillar sign"" and there it was. I went through the map view hoping to spot it. Finally found it after way too long. #help",283,,0,,,,,,,,,1217,136,,,attempt,True,True,location_memory,found,none_observed,remembered_time_approximation,exact_location_unknown,natural_language,parking pillar sign,found,location_browsing,,
social_media:syn-soc-0054,social_media,instagram_comments,syn-soc-0054,2025-02-11T11:11:02,True,synthetic://social_media/syn-soc-0054,,"Does anyone know how to find the photo of the stage when they announced the results? It's from my company's annual awards night. I don't even remember what the event was called. I typed ""me on stage with trophy under purple lights"" in search and it popped up near the top. Got it eventually, after half an hour of scrolling. #GooglePhotos",338,,0,,,,,,,,,1224,38,,,attempt,True,True,event_memory,found,none_observed,remembered_event,event_name_unknown,natural_language,me on stage with trophy under purple lights,found,,,
social_media:syn-soc-0055,social_media,instagram_comments,syn-soc-0055,2025-02-15T11:39:04,True,synthetic://social_media/syn-soc-0055,,"Looking for a shot of the fireworks at the new year party. For context, it was just before midnight. I can't remember the date at all. Searched for ""31 december"" and got a bunch of pictures that had nothing to do with it. It doesn't understand what I'm describing at all. Got it eventually, after two evenings.",310,,0,,,,,,,,,656,54,,,attempt,True,True,event_memory,found,B_system_understanding,remembered_context,exact_date_unknown,metadata,31 december,wrong_results,,,
social_media:syn-soc-0056,social_media,facebook,syn-soc-0056,2023-05-05T17:16:05,True,synthetic://social_media/syn-soc-0056,,"i'm trying to find the picture of the dent on my car. i need it because the insurance surveyor wants the original photo. i remember a scooter hit my car in the parking lot. i don't remember when exactly. tried ""dent on silver car door"" and got no results. it just doesn't show up in search even though i know it's there. i kept retyping different searches. i gave up on finding it.",381,,0,,,,,,,,,612,39,,,attempt,True,True,object_memory,abandoned,C_retrieval,remembered_context,exact_date_unknown,natural_language,dent on silver car door,not_found,abandonment; repeated_search,,
social_media:syn-soc-0057,social_media,facebook,syn-soc-0057,2024-01-19T02:32:40,True,synthetic://social_media/syn-soc-0057,,"honestly search is amazing. i typed ""video of old dog meeting new puppy"" and it found the video of my dog meeting the new puppy in seconds.",139,,0,,,,,,,,,1849,107,,,success,True,True,video,found,none_observed,,,,,,,,vague_search_succeeded
social_media:syn-soc-0058,social_media,facebook,syn-soc-0058,2025-02-02T13:52:07,True,synthetic://social_media/syn-soc-0058,,"Was sure I'd never find the photo of the temple on the hill, but searching ""temple"" plus the year got it on the first try.",122,,0,,,,,,,,,1680,61,,,success,True,True,location_memory,found,none_observed,,,,,,,,vague_search_succeeded
social_media:syn-soc-0059,social_media,x,syn-soc-0059,2023-10-26T15:59:28,True,synthetic://social_media/syn-soc-0059,,"Two things. The widget on the home screen shows the same photo every day. Deleted photos don't free up space on the phone, confusing. @googlephotos",147,,0,,,,,,,,,1287,168,,,noise,False,False,,,,,,,,,,,
social_media:syn-soc-0060,social_media,instagram_comments,syn-soc-0060,2024-01-23T18:31:43,True,synthetic://social_media/syn-soc-0060,,"Looking for the video of my mom singing at the dinner table. It was while singing an old song. I can't remember the date at all. Searched for ""video of mom singing at dinner"" and it gave me hundreds of photos. All the results look the same as tiny thumbnails. Never found it. @googlephotos",289,,0,,,,,,,,,757,32,,,attempt,True,True,family_memory,not_found,D_result_evaluation,remembered_activity,exact_date_unknown,natural_language,video of mom singing at dinner,too_many_results,,,
social_media:syn-soc-0061,social_media,facebook,syn-soc-0061,2026-07-13T00:11:52,True,synthetic://social_media/syn-soc-0061,,"thought search was broken but the screenshot of a chat where my landlord agreed to the repair was in my partner's library, not mine. @googlephotos",146,,0,,,,,,,,,973,22,,,misattribution,True,True,screenshot,not_found,F_data_index_limitation,,,,,,,,failure_not_search_related
social_media:syn-soc-0062,social_media,facebook,syn-soc-0062,2026-06-17T20:15:12,True,synthetic://social_media/syn-soc-0062,,"couldn't find the photo i took of my passport page anywhere, then realised it was on my old phone and never got backed up.",122,,0,,,,,,,,,584,66,,,misattribution,True,True,document,not_found,F_data_index_limitation,,,,,,,,failure_not_search_related
social_media:syn-soc-0063,social_media,instagram_comments,syn-soc-0063,2026-06-15T16:52:10,True,synthetic://social_media/syn-soc-0063,,Spent an hour looking for the screenshot of a chat where my landlord agreed to the repair and it turns out I had deleted it years ago. Not the app's fault. #help,161,,0,,,,,,,,,1823,187,,,misattribution,True,True,screenshot,not_found,F_data_index_limitation,,,,,,,,failure_not_search_related
social_media:syn-soc-0064,social_media,x,syn-soc-0064,2024-07-25T20:33:15,True,synthetic://social_media/syn-soc-0064,,"I've been looking for a picture of the site inspection issue for days. I remember I took it for the report and never sent it. I don't know what it's called. I typed ""pipe"" in search but it just showed random photos. I know exactly what it looks like but can't put it into search words. Still haven't found it. #GooglePhotos",323,,0,,,,,,,,,11,152,,,attempt,True,True,work_memory,not_found,A_memory_expression,remembered_context,exact_object_name_unknown,keyword,pipe,wrong_results,,,
social_media:syn-soc-0065,social_media,threads,syn-soc-0065,2024-11-25T15:54:23,True,synthetic://social_media/syn-soc-0065,,"Was sure I'd never find the photo of the parking spot sign, but searching ""parking"" plus the year got it on the first try.",122,,0,,,,,,,,,1392,51,,,success,True,True,location_memory,found,none_observed,,,,,,,,vague_search_succeeded
social_media:syn-soc-0066,social_media,facebook,syn-soc-0066,2024-10-03T11:36:45,True,synthetic://social_media/syn-soc-0066,,"does anyone know how to find the candid of my cousin laughing during the haldi? i need it because she wants it for her album. i remember someone had just thrown haldi on her. not sure which month or year, honestly. i typed ""girl laughing covered in yellow with marigolds"" in search and there it was. got it eventually, after half an hour of scrolling.",351,,0,,,,,,,,,849,11,,,attempt,True,True,wedding_memory,found,none_observed,remembered_context,exact_date_unknown,natural_language,girl laughing covered in yellow with marigolds,found,,,
social_media:syn-soc-0067,social_media,threads,syn-soc-0067,2023-05-05T21:12:37,True,synthetic://social_media/syn-soc-0067,,"Search should work the way I remember things, like 'green fireworks over pool', not just single words.",102,,0,,,,,,,,,262,89,,,opinion,True,False,,,,,,,,,,,
social_media:syn-soc-0068,social_media,threads,syn-soc-0068,2023-04-02T02:45:37,True,synthetic://social_media/syn-soc-0068,,The app is slow to load thumbnails on my old phone. @googlephotos,65,,0,,,,,,,,,363,172,,,noise,False,False,,,,,,,,,,,
social_media:syn-soc-0069,social_media,instagram_comments,syn-soc-0069,2024-03-01T12:22:13,True,synthetic://social_media/syn-soc-0069,,"Looking for the photo of the view from the train window. I need it now because I was telling someone about the trip and wanted to show them. It's from the Europe backpacking trip. No clue what the place was called. I searched ""train 2018"" and there it was. Got it eventually, after way too long. @googlephotos",309,,0,,,,,,,,,1104,199,,,attempt,True,True,travel_memory,found,none_observed,remembered_trip,exact_location_unknown,metadata,train 2018,found,,,
social_media:syn-soc-0070,social_media,threads,syn-soc-0070,2025-01-12T10:48:14,True,synthetic://social_media/syn-soc-0070,,"Looking for the video of my mom singing at the dinner table. I need it because I want to play it at her 60th. I remember mom laughing halfway through and the candle on the table. I don't remember when exactly. I typed ""sunday dinner"" in search and got a bunch of pictures that had nothing to do with it. I know exactly what it looks like but can't put it into search words. Ended up scrolling back through years of photos. Found one that might be it, but I'm not sure it's the same one. #help",492,,0,,,,,,,,,1517,138,,,attempt,True,True,family_memory,uncertain,A_memory_expression,remembered_visual_appearance,exact_date_unknown,metadata,sunday dinner,wrong_results,manual_scrolling,,
social_media:syn-soc-0071,social_media,instagram_comments,syn-soc-0071,2025-08-21T15:46:38,True,synthetic://social_media/syn-soc-0071,,"I don't remember dates, nobody does. Searching by date is useless for old memories.",83,,0,,,,,,,,,1261,195,,,opinion,True,False,,,,,,,,,,,
social_media:syn-soc-0072,social_media,instagram_comments,syn-soc-0072,2024-12-13T02:14:44,True,synthetic://social_media/syn-soc-0072,,Uploading in original quality eats my data plan. Why did they move the sharing button? The new layout is confusing. #GooglePhotos,129,,0,,,,,,,,,1016,103,,,noise,False,False,,,,,,,,,,,
social_media:syn-soc-0073,social_media,instagram_comments,syn-soc-0073,2023-03-01T14:18:03,True,synthetic://social_media/syn-soc-0073,,"Honestly, Printing service delivery took two weeks. @googlephotos",65,,0,,,,,,,,,1054,27,,,noise,False,False,,,,,,,,,,,
social_media:syn-soc-0074,social_media,instagram_comments,syn-soc-0074,2026-02-15T11:15:34,True,synthetic://social_media/syn-soc-0074,,"Looking for the screenshot of the product I wanted to buy. I need it now because there's a sale now. It's a picture of a lamp. I can't recall what it said exactly. Searched for ""brass lamp with curved neck"" and nothing came up. Text inside screenshots doesn't seem to be searchable. I tried the screenshots category filter as well. Eventually I just gave up. #help",364,,0,,,,,,,,,483,190,,,attempt,True,True,purchase_related_image,abandoned,F_data_index_limitation,remembered_object,exact_text_unknown,natural_language,brass lamp with curved neck,not_found,abandonment; filters,,
social_media:syn-soc-0075,social_media,facebook,syn-soc-0075,2025-12-27T10:28:51,True,synthetic://social_media/syn-soc-0075,,"What worked for me: Tip: if location history was on, try the map view and zoom into the area instead of searching the name.",123,,0,,,,,,,,,685,30,,,advice,True,False,,,,,,,,,,,
social_media:syn-soc-0076,social_media,facebook,syn-soc-0076,2025-04-09T09:32:51,True,synthetic://social_media/syn-soc-0076,,"Face grouping merged my twin daughters into one person lol. Deleted photos don't free up space on the phone, confusing. #help",125,,0,,,,,,,,,1133,187,,,noise,False,False,,,,,,,,,,,
social_media:syn-soc-0077,social_media,x,syn-soc-0077,2023-03-17T18:57:09,True,synthetic://social_media/syn-soc-0077,,Spent an hour looking for a sunset photo from the hotel balcony and it turns out I had deleted it years ago. Not the app's fault.,129,,0,,,,,,,,,1279,62,,,misattribution,True,True,travel_memory,not_found,F_data_index_limitation,,,,,,,,failure_not_search_related
social_media:syn-soc-0078,social_media,instagram_comments,syn-soc-0078,2023-12-22T02:24:09,True,synthetic://social_media/syn-soc-0078,,"I've been looking for the photo of us dancing at the sangeet for days. I need it now because I wanted it for our first anniversary post. It's from the sangeet night. I don't remember which album it went into. Searched for ""sangeet"" and there it was. I asked my sister if she still had it. Got it eventually, after half an hour of scrolling. @googlephotos",354,,0,,,,,,,,,828,29,,,attempt,True,True,wedding_memory,found,none_observed,remembered_event,album_unknown,metadata,sangeet,found,ask_another_person,,
social_media:syn-soc-0079,social_media,instagram_comments,syn-soc-0079,2024-12-22T14:38:40,True,synthetic://social_media/syn-soc-0079,,"Does anyone know how to find the screenshot of a chat where my landlord agreed to the repair? I need it because he's now saying he never agreed. It had my landlord in it. I can't remember the date at all. Searched for ""chat screenshot"" and got no results. The photo is definitely in my library but search never shows it. I tried the screenshots category filter as well. Never found it.",385,,0,,,,,,,,,332,98,,,attempt,True,True,screenshot,not_found,C_retrieval,remembered_person,exact_date_unknown,metadata,chat screenshot,not_found,filters,,
social_media:syn-soc-0080,social_media,instagram_comments,syn-soc-0080,2024-10-22T01:11:57,True,synthetic://social_media/syn-soc-0080,,"Honestly I've stopped using search and just scroll, it's more predictable. #GooglePhotos",88,,0,,,,,,,,,889,188,,,opinion,True,False,,,,,,,,,,,
social_media:syn-soc-0081,social_media,facebook,syn-soc-0081,2025-11-16T04:25:05,True,synthetic://social_media/syn-soc-0081,,"I've been looking for the photo of my son's first steps for days. All I remember visually is the green rug and him holding the sofa. I have no idea what year it was. I typed ""2019"" in search and got no results. I know exactly what it looks like but can't put it into search words. Finally found it after about an hour. #GooglePhotos",332,,0,,,,,,,,,342,9,,,attempt,True,True,family_memory,found,A_memory_expression,remembered_visual_appearance,exact_date_unknown,metadata,2019,not_found,,,
social_media:syn-soc-0082,social_media,facebook,syn-soc-0082,2023-01-18T11:01:32,True,synthetic://social_media/syn-soc-0082,,"Didn't remember anything except green fireworks over a swimming pool, searched for that and it showed up. Impressed. #GooglePhotos",130,,0,,,,,,,,,761,13,,,success,True,True,event_memory,found,none_observed,,,,,,,,vague_search_succeeded
social_media:syn-soc-0083,social_media,instagram_comments,syn-soc-0083,2023-06-25T01:30:27,True,synthetic://social_media/syn-soc-0083,,"I've been looking for the picture of the wine label from our anniversary dinner for days. It was taken on our 5th anniversary. I don't know what it's called. Tried ""wine"" but it just showed random photos. It doesn't understand what I'm describing at all. I jumped to roughly that year with the scrollbar and went month by month. Got it eventually, after way too long.",367,,0,,,,,,,,,1457,167,,,attempt,True,True,food_restaurant_memory,found,B_system_understanding,remembered_occasion,exact_object_name_unknown,keyword,wine,wrong_results,date_browsing,,
social_media:syn-soc-0084,social_media,facebook,syn-soc-0084,2023-06-20T14:33:05,True,synthetic://social_media/syn-soc-0084,,"love the collage feature, made a nice one for my mom. #googlephotos",67,,0,,,,,,,,,189,113,,,noise,False,False,,,,,,,,,,,
social_media:syn-soc-0085,social_media,facebook,syn-soc-0085,2023-06-01T05:18:16,True,synthetic://social_media/syn-soc-0085,,"looking for the picture of my college marksheet. it had my semester grades on it. no idea what to search for really. searched for ""college marksheet with blue border"" and nothing came up. the photo is definitely in my library but search never shows it. eventually i searched my whatsapp chats instead. i gave up on finding it. @googlephotos",340,,0,,,,,,,,,788,148,,,attempt,True,True,document,abandoned,C_retrieval,remembered_text,exact_keyword_unknown,natural_language,college marksheet with blue border,not_found,abandonment; other_application,,
social_media:syn-soc-0086,social_media,facebook,syn-soc-0086,2024-12-27T00:04:56,True,synthetic://social_media/syn-soc-0086,,"I'm trying to find the picture of the dent on my car. I need it now because the insurance surveyor wants the original photo. I remember a scratch on the silver door near the handle. Not sure which month or year, honestly. Searched for ""dent on silver car door"" and got a bunch of pictures that had nothing to do with it. It took ""car"" literally and ignored everything else. I checked all my albums one by one. Found one that might be it, but I'm not sure it's the same one. @googlephotos",487,,0,,,,,,,,,1418,160,,,attempt,True,True,object_memory,uncertain,B_system_understanding,remembered_visual_appearance,exact_date_unknown,natural_language,dent on silver car door,wrong_results,album_browsing,,
social_media:syn-soc-0087,social_media,threads,syn-soc-0087,2023-03-15T22:06:13,True,synthetic://social_media/syn-soc-0087,,Found a picture of the site inspection issue by searching the person's face and then scrolling a bit. Took two minutes.,119,,0,,,,,,,,,63,1,,,success,True,True,work_memory,found,none_observed,,,,,,,,vague_search_succeeded
social_media:syn-soc-0088,social_media,threads,syn-soc-0088,2023-04-12T19:50:01,True,synthetic://social_media/syn-soc-0088,,It would help if the app told me why a photo showed up in results. #help,72,,0,,,,,,,,,1541,50,,,opinion,True,False,,,,,,,,,,,
social_media:syn-soc-0089,social_media,instagram_comments,syn-soc-0089,2026-08-04T20:52:44,True,synthetic://social_media/syn-soc-0089,,"I've been looking for a photo of the rental agreement for days. I need it because the landlord is refusing to return the deposit. It's a picture of the rental agreement. I have no idea what year it was. Tried ""agreement"" and got no results. I know exactly what it looks like but can't put it into search words. I scrolled for like 40 minutes. Still haven't found it. #GooglePhotos",380,,0,,,,,,,,,1352,173,,,attempt,True,True,document,not_found,A_memory_expression,remembered_object,exact_date_unknown,keyword,agreement,not_found,manual_scrolling,,
social_media:syn-soc-0090,social_media,x,syn-soc-0090,2024-05-27T10:25:21,True,synthetic://social_media/syn-soc-0090,,"I've been looking for the photo of the warranty card for the washing machine for days. I need it now because the machine broke and service wants the warranty. Timing wise it was when we bought it, 2 years ago maybe. I can't recall what it said exactly. Searched for ""warranty 2024"" and got no results. After that I had no idea what else to try. I kept retyping different searches. Finally found it after two evenings. #GooglePhotos",431,,0,,,,,,,,,860,133,,,attempt,True,True,receipt,found,E_refinement,remembered_time_approximation,exact_text_unknown,metadata,warranty 2024,not_found,repeated_search,,
social_media:syn-soc-0091,social_media,facebook,syn-soc-0091,2023-11-22T02:07:25,True,synthetic://social_media/syn-soc-0091,,"was sure i'd never find the video of my dog meeting the new puppy, but searching ""dog video"" plus the year got it on the first try. @googlephotos",145,,0,,,,,,,,,732,63,,,success,True,True,video,found,none_observed,,,,,,,,vague_search_succeeded
social_media:syn-soc-0092,social_media,x,syn-soc-0092,2024-08-27T08:12:47,True,synthetic://social_media/syn-soc-0092,,"i've been looking for a screenshot of a map with a pin someone sent for days. i need it because i'm finally planning that trek. it was a year or two ago. i don't remember the name of the place. i searched ""map screenshot with pin in mountains"" and nothing came up. the photo is definitely in my library but search never shows it. got it eventually, after about an hour.",369,,0,,,,,,,,,1302,66,,,attempt,True,True,screenshot,found,C_retrieval,remembered_time_approximation,exact_location_unknown,natural_language,map screenshot with pin in mountains,not_found,,,
social_media:syn-soc-0093,social_media,threads,syn-soc-0093,2024-12-21T16:57:28,True,synthetic://social_media/syn-soc-0093,,"Does anyone know how to find the screenshot where I had the information about that course? For context, someone posted it on LinkedIn. I have no idea what year it was. Searched for ""course"" and got no results. The photo is definitely in my library but search never shows it. Never found it.",290,,0,,,,,,,,,1842,88,,,attempt,True,True,screenshot,not_found,C_retrieval,remembered_context,exact_date_unknown,keyword,course,not_found,,,
social_media:syn-soc-0094,social_media,instagram_comments,syn-soc-0094,2023-06-29T15:37:57,True,synthetic://social_media/syn-soc-0094,,"I remember photos by who I was with and what we were doing, not by where the GPS says I was.",92,,0,,,,,,,,,186,43,,,opinion,True,False,,,,,,,,,,,
social_media:syn-soc-0095,social_media,x,syn-soc-0095,2024-10-25T16:37:40,True,synthetic://social_media/syn-soc-0095,,"looking for the photo of a plant i saw at a nursery. i need it because i want to buy it now that i have a balcony. i know it was at a nursery near my office. i don't remember the name of the place. i typed ""plant with purple striped leaves"" in search but it just showed random photos. i just didn't know how to describe it in a way search would get. finally found it after three days. #help",390,,0,,,,,,,,,177,74,,,attempt,True,True,object_memory,found,A_memory_expression,remembered_place,exact_location_unknown,natural_language,plant with purple striped leaves,wrong_results,,,
social_media:syn-soc-0096,social_media,facebook,syn-soc-0096,2024-12-08T15:55:29,True,synthetic://social_media/syn-soc-0096,,"two things. the widget on the home screen shows the same photo every day. love the collage feature, made a nice one for my mom. #help",133,,0,,,,,,,,,578,116,,,noise,False,False,,,,,,,,,,,
social_media:syn-soc-0097,social_media,threads,syn-soc-0097,2025-02-17T03:27:53,True,synthetic://social_media/syn-soc-0097,,"Update: Deleted photos don't free up space on the phone, confusing.",67,,0,,,,,,,,,1115,28,,,noise,False,False,,,,,,,,,,,
social_media:syn-soc-0098,social_media,threads,syn-soc-0098,2024-04-23T23:52:04,True,synthetic://social_media/syn-soc-0098,,"Was sure I'd never find the picture of the houseboat we stayed on, but searching ""houseboat"" plus the year got it on the first try.",131,,0,,,,,,,,,247,114,,,success,True,True,travel_memory,found,none_observed,,,,,,,,vague_search_succeeded
social_media:syn-soc-0099,social_media,facebook,syn-soc-0099,2025-06-26T20:21:19,True,synthetic://social_media/syn-soc-0099,,Update: The app is slow to load thumbnails on my old phone. Too many notifications about 'memories' I didn't ask for. #GooglePhotos,131,,0,,,,,,,,,944,38,,,noise,False,False,,,,,,,,,,,
social_media:syn-soc-0100,social_media,facebook,syn-soc-0100,2025-02-21T17:28:08,True,synthetic://social_media/syn-soc-0100,,"Looking for the candid of my cousin laughing during the haldi. I remember someone had just thrown haldi on her. Not sure which month or year, honestly. I typed ""girl laughing covered in yellow with marigolds"" in search and it gave me hundreds of photos. All the results look the same as tiny thumbnails. I asked my sister if she still had it. Still haven't found it.",366,,0,,,,,,,,,1974,27,,,attempt,True,True,wedding_memory,not_found,D_result_evaluation,remembered_context,exact_date_unknown,natural_language,girl laughing covered in yellow with marigolds,too_many_results,ask_another_person,,
social_media:syn-soc-0101,social_media,facebook,syn-soc-0101,2023-09-19T09:07:36,True,synthetic://social_media/syn-soc-0101,,"I've been looking for that picture from the trip where we stayed near the beach for days. It was 2021 or 2022, not sure. Not sure which month or year, honestly. I searched ""beach"" and nothing came up. The location data was probably off so there's nothing to go on. I asked my sister if she still had it. Finally found it after three days. #GooglePhotos",352,,0,,,,,,,,,264,15,,,attempt,True,True,location_memory,found,F_data_index_limitation,remembered_time_approximation,exact_date_unknown,keyword,beach,not_found,ask_another_person,,
social_media:syn-soc-0102,social_media,x,syn-soc-0102,2023-10-31T12:56:58,True,synthetic://social_media/syn-soc-0102,,"Honestly search is amazing. I typed ""narrow street with yellow tiles and tram"" and it found the photo of the street where we got lost in seconds. @googlephotos",159,,0,,,,,,,,,922,127,,,success,True,True,travel_memory,found,none_observed,,,,,,,,vague_search_succeeded
social_media:syn-soc-0103,social_media,x,syn-soc-0103,2024-04-24T06:28:41,True,synthetic://social_media/syn-soc-0103,,"i'm trying to find the video of my nephew saying his first word. i need it now because it's his first birthday party. timing wise it was when he was around one. the photo probably has no proper date on it. searched for ""baby video"" and got no results. screen recordings don't seem to be indexed at all. i gave up on finding it. #googlephotos",341,,0,,,,,,,,,914,138,,,attempt,True,True,video,abandoned,F_data_index_limitation,remembered_time_approximation,metadata_unknown,keyword,baby video,not_found,abandonment,,
social_media:syn-soc-0104,social_media,facebook,syn-soc-0104,2023-02-07T10:52:58,True,synthetic://social_media/syn-soc-0104,,"Honestly, The editing tools are great, the magic eraser is really good. The locked folder is a nice privacy feature. #GooglePhotos",130,,0,,,,,,,,,751,37,,,noise,False,False,,,,,,,,,,,
social_media:syn-soc-0105,social_media,facebook,syn-soc-0105,2023-10-27T22:20:43,True,synthetic://social_media/syn-soc-0105,,"Does anyone know how to find the photo of my daughter on stage at her school play? It was at the annual day function. I can't remember the date at all. I typed ""school function"" in search and got thousands of results to scroll through. I have hundreds of similar shots and can't tell which one it was. Eventually I just gave up. #help",334,,0,,,,,,,,,289,151,,,attempt,True,True,event_memory,abandoned,D_result_evaluation,remembered_event,exact_date_unknown,keyword,school function,too_many_results,abandonment,,
social_media:syn-soc-0106,social_media,facebook,syn-soc-0106,2025-06-07T15:21:23,True,synthetic://social_media/syn-soc-0106,,Name the face groups. Searching a person's name works way better than describing them. @googlephotos,100,,0,,,,,,,,,1150,32,,,advice,True,False,,,,,,,,,,,
social_media:syn-soc-0107,social_media,facebook,syn-soc-0107,2023-07-06T13:10:35,True,synthetic://social_media/syn-soc-0107,,"Two things. Face grouping merged my twin daughters into one person lol. Deleted photos don't free up space on the phone, confusing.",131,,0,,,,,,,,,787,105,,,noise,False,False,,,,,,,,,,,
social_media:syn-soc-0108,social_media,facebook,syn-soc-0108,2023-07-10T02:02:07,True,synthetic://social_media/syn-soc-0108,,"Honestly, Please add a dark mode for the web version. I wish the video editor had more music options.",101,,0,,,,,,,,,276,171,,,noise,False,False,,,,,,,,,,,
social_media:syn-soc-0109,social_media,x,syn-soc-0109,2025-04-09T12:47:20,True,synthetic://social_media/syn-soc-0109,,"I've been looking for a picture of the site inspection issue for days. I know it was at the client's warehouse. I don't remember when exactly. Searched for ""rusty pipe with yellow tag at warehouse"" but it just showed random photos. How do you even search for something like that? Tried synonyms like ""plumbing"" too. Never found it.",331,,0,,,,,,,,,335,156,,,attempt,True,True,work_memory,not_found,A_memory_expression,remembered_place,exact_date_unknown,natural_language,rusty pipe with yellow tag at warehouse,wrong_results,synonym_search,,
social_media:syn-soc-0110,social_media,x,syn-soc-0110,2025-09-15T13:14:13,True,synthetic://social_media/syn-soc-0110,,"Was sure I'd never find the photo from the Ganpati procession, but searching ""ganpati"" plus the year got it on the first try. #help",131,,0,,,,,,,,,1271,111,,,success,True,True,event_memory,found,none_observed,,,,,,,,vague_search_succeeded
social_media:syn-soc-0111,social_media,instagram_comments,syn-soc-0111,2023-03-06T19:53:44,True,synthetic://social_media/syn-soc-0111,,It would help if the app told me why a photo showed up in results. #GooglePhotos,80,,0,,,,,,,,,929,178,,,opinion,True,False,,,,,,,,,,,
social_media:syn-soc-0112,social_media,x,syn-soc-0112,2025-05-23T05:51:28,True,synthetic://social_media/syn-soc-0112,,"Does anyone know how to find the photo of my car's insurance papers? It's a picture of the insurance papers. I don't remember the exact words on it. Searched for ""insurance"" and nothing came up. The text in the photo doesn't seem to be searchable. I kept retyping different searches. Never found it.",299,,0,,,,,,,,,56,132,,,attempt,True,True,document,not_found,F_data_index_limitation,remembered_object,exact_text_unknown,metadata,insurance,not_found,repeated_search,,
social_media:syn-soc-0113,social_media,instagram_comments,syn-soc-0113,2025-04-09T20:10:03,True,synthetic://social_media/syn-soc-0113,,"Does anyone know how to find the picture of the houseboat we stayed on? It's from our family trip to Kerala. I have no idea what year it was. Searched for ""houseboat"" and it popped up near the top. I asked my sister if she still had it. Got it eventually, after three days. #help",279,,0,,,,,,,,,1038,44,,,attempt,True,True,travel_memory,found,none_observed,remembered_trip,exact_date_unknown,keyword,houseboat,found,ask_another_person,,
social_media:syn-soc-0114,social_media,instagram_comments,syn-soc-0114,2026-08-22T12:25:33,True,synthetic://social_media/syn-soc-0114,,"Looking for the photo of a plant I saw at a nursery. I need it because I want to buy it now that I have a balcony. The photo shows a plant with striped leaves. I can't recall where exactly it was. Tried ""nursery"" and it popped up near the top. Finally found it after two evenings. @googlephotos",294,,0,,,,,,,,,492,199,,,attempt,True,True,object_memory,found,none_observed,remembered_object,exact_location_unknown,metadata,nursery,found,,,
social_media:syn-soc-0115,social_media,instagram_comments,syn-soc-0115,2024-07-19T10:34:27,True,synthetic://social_media/syn-soc-0115,,"Honestly, App keeps crashing when I open a large video. @googlephotos",69,,0,,,,,,,,,721,19,,,noise,False,False,,,,,,,,,,,
social_media:syn-soc-0116,social_media,x,syn-soc-0116,2026-05-15T03:02:48,True,synthetic://social_media/syn-soc-0116,,"Does anyone know how to find the photo of the prescription for my mother's eye drops? I remember the doctor's handwriting was unreadable. No idea what the thing is actually called. Tried ""eye clinic"" and got a bunch of pictures that had nothing to do with it. I know exactly what it looks like but can't put it into search words. I scrolled for like 40 minutes. Still haven't found it. #help",391,,0,,,,,,,,,264,74,,,attempt,True,True,medical_or_health_image,not_found,A_memory_expression,remembered_context,exact_object_name_unknown,metadata,eye clinic,wrong_results,manual_scrolling,,
social_media:syn-soc-0117,social_media,instagram_comments,syn-soc-0117,2023-10-08T09:41:38,True,synthetic://social_media/syn-soc-0117,,"Was sure I'd never find the old scanned photo of my grandparents' wedding, but searching ""old photo"" plus the year got it on the first try. #GooglePhotos",153,,0,,,,,,,,,138,154,,,success,True,True,family_memory,found,none_observed,,,,,,,,vague_search_succeeded
social_media:syn-soc-0118,social_media,x,syn-soc-0118,2024-05-03T03:00:49,True,synthetic://social_media/syn-soc-0118,,"Didn't remember anything except a green pillar with a letter and number, searched for that and it showed up. Impressed. #help",125,,0,,,,,,,,,739,178,,,success,True,True,location_memory,found,none_observed,,,,,,,,vague_search_succeeded
social_media:syn-soc-0119,social_media,x,syn-soc-0119,2023-09-10T01:10:29,True,synthetic://social_media/syn-soc-0119,,"Looking for the photo of the stage when they announced the results. It was around the end of the year, 2022 or 2023. Not sure which month or year, honestly. Tried ""awards december"" and there it was. Ended up scrolling back through years of photos. Finally found it after about an hour. #help",291,,0,,,,,,,,,689,193,,,attempt,True,True,event_memory,found,none_observed,remembered_time_approximation,exact_date_unknown,metadata,awards december,found,manual_scrolling,,
youtube:syn-you-0000,youtube,youtube_comments,syn-you-0000,2023-07-08T11:44:30,True,synthetic://youtube/syn-you-0000,,Something that helps: Name the face groups. Searching a person's name works way better than describing them.,108,"Organise 50,000 photos in one afternoon",0,,,,,,,,,121,,,,advice,True,False,,,,,,,,,,,
youtube:syn-you-0001,youtube,youtube_comments,syn-you-0001,2025-09-09T09:31:41,True,synthetic://youtube/syn-you-0001,,"update: please add a dark mode for the web version. love the collage feature, made a nice one for my mom.",105,Google Photos hidden features (2025),0,,,,,,,,,607,,,,noise,False,False,,,,,,,,,,,
youtube:syn-you-0002,youtube,youtube_comments,syn-you-0002,2023-01-31T09:08:21,True,synthetic://youtube/syn-you-0002,,"This didn't help me: does anyone know how to find the old scanned photo of my grandparents' wedding? I remember my grandparents being in it. The location data was probably off. I typed ""scan"" in search and got thousands of results to scroll through. There are so many almost identical shots from that day that I can't tell which one it is. I found a similar one but not the exact photo I wanted.",395,Google Photos vs iCloud Photos: which is better?,0,,,,,,,,,74,,,,attempt,True,True,family_memory,partially_found,D_result_evaluation,remembered_person,metadata_unknown,metadata,scan,too_many_results,,,
youtube:syn-you-0003,youtube,youtube_comments,syn-you-0003,2024-04-05T16:30:46,True,synthetic://youtube/syn-you-0003,,"Honestly search is amazing. I typed ""handwritten letter on cream paper"" and it found the photo of my handwritten letter to myself in seconds.",141,Google Photos hidden features (2025),0,,,,,,,,,290,,,,success,True,True,personal_memory,found,none_observed,,,,,,,,vague_search_succeeded
youtube:syn-you-0004,youtube,youtube_comments,syn-you-0004,2025-08-23T09:10:49,True,synthetic://youtube/syn-you-0004,,"This didn't help me: looking for the photo I took of my passport page. I need it because I need the number urgently for a booking. It was two or three years ago. I have no idea what year it was. I typed ""visa 2022"" in search and nothing came up. I know exactly what it looks like but can't put it into search words. Tried synonyms like ""id"" too. I gave up on finding it.",370,Google Photos vs iCloud Photos: which is better?,0,,,,,,,,,468,,,,attempt,True,True,document,abandoned,A_memory_expression,remembered_time_approximation,exact_date_unknown,metadata,visa 2022,not_found,abandonment; synonym_search,,
youtube:syn-you-0005,youtube,youtube_comments,syn-you-0005,2026-07-21T16:14:50,True,synthetic://youtube/syn-you-0005,,"Tried the tips from this video but i'm trying to find the group photo from the night we all stayed up on the terrace. I remember fairy lights and everyone squinting because of the flash. I don't remember the person's name. Tried ""2016 night"" and nothing came up. I think it's in my partner's library, not mine. In the end I texted my friend to send it again. I gave up on finding it.",383,How to find old photos fast on Android,0,,,,,,,,,933,,,,attempt,True,True,friend_memory,abandoned,F_data_index_limitation,remembered_visual_appearance,person_name_unknown,metadata,2016 night,not_found,abandonment; ask_another_person,,
youtube:syn-you-0006,youtube,youtube_comments,syn-you-0006,2023-03-13T09:16:45,True,synthetic://youtube/syn-you-0006,,Found the photo of the dessert we ordered at that restaurant by searching the person's face and then scrolling a bit. Took two minutes.,135,Google Photos hidden features (2025),0,,,,,,,,,289,,,,success,True,True,food_restaurant_memory,found,none_observed,,,,,,,,vague_search_succeeded
youtube:syn-you-0007,youtube,youtube_comments,syn-you-0007,2023-06-01T10:49:37,True,synthetic://youtube/syn-you-0007,,"Update: The editing tools are great, the magic eraser is really good.",69,Google Photos hidden features (2025),0,,,,,,,,,655,,,,noise,False,False,,,,,,,,,,,
youtube:syn-you-0008,youtube,youtube_comments,syn-you-0008,2025-08-27T19:32:25,True,synthetic://youtube/syn-you-0008,,"thought search was broken but the photo of the shoes i tried on in the store was in my partner's library, not mine.",115,"Organise 50,000 photos in one afternoon",0,,,,,,,,,650,,,,misattribution,True,True,purchase_related_image,not_found,F_data_index_limitation,,,,,,,,failure_not_search_related
youtube:syn-you-0009,youtube,youtube_comments,syn-you-0009,2025-01-04T22:21:01,True,synthetic://youtube/syn-you-0009,,"Love the collage feature, made a nice one for my mom.",53,Google Photos hidden features (2025),0,,,,,,,,,1231,,,,noise,False,False,,,,,,,,,,,
youtube:syn-you-0010,youtube,youtube_comments,syn-you-0010,2023-08-26T10:04:30,True,synthetic://youtube/syn-you-0010,,Spent an hour looking for that photo where I was wearing the blue shirt and it turns out I had deleted it years ago. Not the app's fault.,137,How to find old photos fast on Android,0,,,,,,,,,801,,,,misattribution,True,True,personal_memory,not_found,F_data_index_limitation,,,,,,,,failure_not_search_related
youtube:syn-you-0011,youtube,youtube_comments,syn-you-0011,2025-06-20T23:13:52,True,synthetic://youtube/syn-you-0011,,"Tried the tips from this video but i'm trying to find a photo of the rental agreement. I remember stamp paper with a purple stamp. I don't remember when exactly. I typed ""rent agreement document pages"" in search and it popped up near the top. Ended up scrolling back through years of photos. Got it eventually, after two evenings.",330,How to find old photos fast on Android,0,,,,,,,,,1461,,,,attempt,True,True,document,found,none_observed,remembered_visual_appearance,exact_date_unknown,natural_language,rent agreement document pages,found,manual_scrolling,,
youtube:syn-you-0012,youtube,youtube_comments,syn-you-0012,2025-11-03T00:48:20,True,synthetic://youtube/syn-you-0012,,"Does anyone know how to find the picture of the pharmacy receipt? It was around when I was sick last year. I can't recall what it said exactly. I searched ""receipt"" and got a bunch of pictures that had nothing to do with it. How do you even search for something like that? Eventually I searched my WhatsApp chats instead. Still haven't found it.",345,10 Google Photos search tricks you didn't know,0,,,,,,,,,989,,,,attempt,True,True,receipt,not_found,A_memory_expression,remembered_time_approximation,exact_text_unknown,keyword,receipt,wrong_results,other_application,,
youtube:syn-you-0013,youtube,youtube_comments,syn-you-0013,2025-09-28T06:19:34,True,synthetic://youtube/syn-you-0013,,"Looking for the photo of the view from the train window. I need it because I was telling someone about the trip and wanted to show them. All I remember visually is green hills and a reflection of my face in the glass. I don't remember when exactly. Searched for ""view from train window with green hills"" and got a bunch of pictures that had nothing to do with it. It doesn't understand what I'm describing at all. I scrolled for like 40 minutes. Finally found it after two evenings.",482,"Organise 50,000 photos in one afternoon",0,,,,,,,,,121,,,,attempt,True,True,travel_memory,found,B_system_understanding,remembered_visual_appearance,exact_date_unknown,natural_language,view from train window with green hills,wrong_results,manual_scrolling,,
youtube:syn-you-0014,youtube,youtube_comments,syn-you-0014,2024-12-24T05:24:04,True,synthetic://youtube/syn-you-0014,,"does anyone know how to find a photo with a guy we met on a trek? i need it because i found him on instagram and wanted to send it. we were at the top of the trek when i took it. i never knew his name. tried ""trek"" and nothing came up. how do you even search for something like that? i found a similar one but not the exact photo i wanted.",339,"Organise 50,000 photos in one afternoon",0,,,,,,,,,1305,,,,attempt,True,True,friend_memory,partially_found,A_memory_expression,remembered_place,person_name_unknown,keyword,trek,not_found,,,
youtube:syn-you-0015,youtube,youtube_comments,syn-you-0015,2023-03-29T15:34:58,True,synthetic://youtube/syn-you-0015,,"Tried the tips from this video but i've been looking for the photo from the Ganpati procession for days. I need it because our society newsletter wanted old pictures. It was not sure which year. I have no idea what year it was. Searched for ""people covered in red colour with ganesh idol"" and got thousands of results to scroll through. There are so many almost identical shots from that day that I can't tell which one it is. I found a similar one but not the exact photo I wanted.",482,Google Photos hidden features (2025),0,,,,,,,,,194,,,,attempt,True,True,event_memory,partially_found,D_result_evaluation,remembered_time_approximation,exact_date_unknown,natural_language,people covered in red colour with ganesh idol,too_many_results,,,
youtube:syn-you-0016,youtube,youtube_comments,syn-you-0016,2023-04-02T13:15:56,True,synthetic://youtube/syn-you-0016,,Minor gripe: Please add a dark mode for the web version.,56,10 Google Photos search tricks you didn't know,0,,,,,,,,,108,,,,noise,False,False,,,,,,,,,,,
youtube:syn-you-0017,youtube,youtube_comments,syn-you-0017,2025-10-21T18:18:46,True,synthetic://youtube/syn-you-0017,,"I've been looking for the screenshot of the train booking confirmation for days. I remember the email never came so I screenshotted the app. I can't recall what it said exactly. I searched ""train ticket booking confirmation screenshot"" and nothing came up. It just doesn't show up in search even though I know it's there. I scrolled for like 40 minutes. I found a similar one but not the exact photo I wanted.",409,Google Photos vs iCloud Photos: which is better?,0,,,,,,,,,698,,,,attempt,True,True,screenshot,partially_found,C_retrieval,remembered_context,exact_text_unknown,natural_language,train ticket booking confirmation screenshot,not_found,manual_scrolling,,
youtube:syn-you-0018,youtube,youtube_comments,syn-you-0018,2026-05-16T18:42:35,True,synthetic://youtube/syn-you-0018,,"looking for the screenshot of the product i wanted to buy. i need it now because there's a sale now. i can picture a brass lamp with a curved neck. no idea what the thing is actually called. i typed ""lamp"" in search and it popped up near the top. i even googled how to search google photos better. finally found it after about an hour.",335,10 Google Photos search tricks you didn't know,0,,,,,,,,,911,,,,attempt,True,True,purchase_related_image,found,none_observed,remembered_visual_appearance,exact_object_name_unknown,keyword,lamp,found,external_search,,
youtube:syn-you-0019,youtube,youtube_comments,syn-you-0019,2023-08-05T16:42:44,True,synthetic://youtube/syn-you-0019,,"This didn't help me: i'm trying to find the photo of my first tattoo right after I got it. I remember a small wave design on my wrist, all red around it. Not sure which month or year, honestly. I searched ""tattoo"" and got no results. How do you even search for something like that? Still haven't found it.",305,How to find old photos fast on Android,0,,,,,,,,,1230,,,,attempt,True,True,personal_memory,not_found,A_memory_expression,remembered_visual_appearance,exact_date_unknown,metadata,tattoo,not_found,,,
youtube:syn-you-0020,youtube,youtube_comments,syn-you-0020,2024-06-16T06:39:38,True,synthetic://youtube/syn-you-0020,,"If it was a screenshot, open the Screenshots category first and then scroll by month.",85,10 Google Photos search tricks you didn't know,0,,,,,,,,,193,,,,advice,True,False,,,,,,,,,,,
youtube:syn-you-0021,youtube,youtube_comments,syn-you-0021,2025-04-07T05:04:42,True,synthetic://youtube/syn-you-0021,,Found the photo of the parking spot sign by searching the person's face and then scrolling a bit. Took two minutes.,115,10 Google Photos search tricks you didn't know,0,,,,,,,,,446,,,,success,True,True,location_memory,found,none_observed,,,,,,,,vague_search_succeeded
youtube:syn-you-0022,youtube,youtube_comments,syn-you-0022,2025-11-10T16:28:00,True,synthetic://youtube/syn-you-0022,,"Does anyone know how to find a sunset photo from the hotel balcony? It's from that Switzerland trip. I don't remember the name of the place. I typed ""switzerland july"" in search and it gave me hundreds of photos. I have hundreds of similar shots and can't tell which one it was. Never found it.",294,Google Photos hidden features (2025),0,,,,,,,,,1074,,,,attempt,True,True,travel_memory,not_found,D_result_evaluation,remembered_trip,exact_location_unknown,metadata,switzerland july,too_many_results,,,
youtube:syn-you-0023,youtube,youtube_comments,syn-you-0023,2026-03-11T17:24:56,True,synthetic://youtube/syn-you-0023,,"This didn't help me: looking for the photo of the temple on the hill. Timing wise it was a long time ago, maybe 2015. No clue what the place was called. I typed ""mysore 2015"" in search and it gave me hundreds of photos. I have hundreds of similar shots and can't tell which one it was. Finally found it after three days.",320,10 Google Photos search tricks you didn't know,0,,,,,,,,,306,,,,attempt,True,True,location_memory,found,D_result_evaluation,remembered_time_approximation,exact_location_unknown,metadata,mysore 2015,too_many_results,,,
youtube:syn-you-0024,youtube,youtube_comments,syn-you-0024,2023-03-16T08:06:01,True,synthetic://youtube/syn-you-0024,,"from experience, you can search text inside photos sometimes, but it only works if the words are clear in the image.",116,How to find old photos fast on Android,0,,,,,,,,,629,,,,advice,True,False,,,,,,,,,,,
youtube:syn-you-0025,youtube,youtube_comments,syn-you-0025,2026-03-05T17:45:24,True,synthetic://youtube/syn-you-0025,,"from experience, ask whoever was there, someone in the group chat usually still has it.",87,How to find old photos fast on Android,0,,,,,,,,,377,,,,advice,True,False,,,,,,,,,,,
youtube:syn-you-0026,youtube,youtube_comments,syn-you-0026,2024-03-13T22:47:11,True,synthetic://youtube/syn-you-0026,,"This didn't help me: does anyone know how to find the photo of the dessert we ordered at that restaurant? I need it because I want to go back but forgot the restaurant name. All I remember visually is a chocolate dome with gold stuff on top. I don't even remember what the event was called. Searched for ""bangalore october"" and it gave me hundreds of photos. All the results look the same as tiny thumbnails. I found a similar one but not the exact photo I wanted.",464,10 Google Photos search tricks you didn't know,0,,,,,,,,,1019,,,,attempt,True,True,food_restaurant_memory,partially_found,D_result_evaluation,remembered_visual_appearance,event_name_unknown,metadata,bangalore october,too_many_results,,,
youtube:syn-you-0027,youtube,youtube_comments,syn-you-0027,2025-12-19T19:40:40,True,synthetic://youtube/syn-you-0027,,"Something that helps: Use the date jump on the scrollbar, drag to the year and go month by month.",97,"Organise 50,000 photos in one afternoon",0,,,,,,,,,697,,,,advice,True,False,,,,,,,,,,,
youtube:syn-you-0028,youtube,youtube_comments,syn-you-0028,2025-06-29T19:55:19,True,synthetic://youtube/syn-you-0028,,"Pro tip: Search for the thing plus the city, e.g. ""cake bangalore"", works better than a sentence for me.",104,"Organise 50,000 photos in one afternoon",0,,,,,,,,,1122,,,,advice,True,False,,,,,,,,,,,
youtube:syn-you-0029,youtube,youtube_comments,syn-you-0029,2025-07-29T08:36:15,True,synthetic://youtube/syn-you-0029,,"I remember photos by who I was with and what we were doing, not by where the GPS says I was.",92,"Organise 50,000 photos in one afternoon",0,,,,,,,,,153,,,,opinion,True,False,,,,,,,,,,,
youtube:syn-you-0030,youtube,youtube_comments,syn-you-0030,2025-02-25T11:10:56,True,synthetic://youtube/syn-you-0030,,It's frustrating that I have to guess what word the app uses for something.,75,"Organise 50,000 photos in one afternoon",0,,,,,,,,,686,,,,opinion,True,False,,,,,,,,,,,
youtube:syn-you-0031,youtube,youtube_comments,syn-you-0031,2026-06-02T12:54:10,True,synthetic://youtube/syn-you-0031,,"This didn't help me: i'm trying to find the photo of my car's insurance papers. I need it because I had an accident and need the policy number. It's a picture of the insurance papers. I don't remember when exactly. I typed ""car insurance paper on dashboard"" in search and it popped up near the top. Got it eventually, after about an hour.",338,Google Photos hidden features (2025),0,,,,,,,,,1138,,,,attempt,True,True,document,found,none_observed,remembered_object,exact_date_unknown,natural_language,car insurance paper on dashboard,found,,,
youtube:syn-you-0032,youtube,youtube_comments,syn-you-0032,2023-11-06T18:20:23,True,synthetic://youtube/syn-you-0032,,It's frustrating that I have to guess what word the app uses for something.,75,How to find old photos fast on Android,0,,,,,,,,,733,,,,opinion,True,False,,,,,,,,,,,
youtube:syn-you-0033,youtube,youtube_comments,syn-you-0033,2026-03-27T09:29:01,True,synthetic://youtube/syn-you-0033,,"Great video. Still, i've been looking for a picture of the sofa fabric sample for days. I need it because we're finally ordering the sofa. I remember the shop said to send them the photo when ordering. I can't remember the date at all. Tried ""furniture shop"" and nothing came up. I just didn't know how to describe it in a way search would get. Never found it.",360,Google Photos vs iCloud Photos: which is better?,0,,,,,,,,,911,,,,attempt,True,True,purchase_related_image,not_found,A_memory_expression,remembered_context,exact_date_unknown,metadata,furniture shop,not_found,,,
youtube:syn-you-0034,youtube,youtube_comments,syn-you-0034,2025-02-21T19:34:09,True,synthetic://youtube/syn-you-0034,,"From experience, Search for the thing plus the city, e.g. ""cake bangalore"", works better than a sentence for me.",112,How to find old photos fast on Android,0,,,,,,,,,556,,,,advice,True,False,,,,,,,,,,,
youtube:syn-you-0035,youtube,youtube_comments,syn-you-0035,2025-07-24T17:53:14,True,synthetic://youtube/syn-you-0035,,"was sure i'd never find the photo of the view from the train window, but searching ""train"" plus the year got it on the first try.",129,"Organise 50,000 photos in one afternoon",0,,,,,,,,,1198,,,,success,True,True,travel_memory,found,none_observed,,,,,,,,vague_search_succeeded
youtube:syn-you-0036,youtube,youtube_comments,syn-you-0036,2023-09-02T11:10:18,True,synthetic://youtube/syn-you-0036,,Two things. Can't figure out how to download all my photos to a hard drive. The locked folder is a nice privacy feature.,120,10 Google Photos search tricks you didn't know,0,,,,,,,,,542,,,,noise,False,False,,,,,,,,,,,
youtube:syn-you-0037,youtube,youtube_comments,syn-you-0037,2026-06-02T12:02:06,True,synthetic://youtube/syn-you-0037,,"Does anyone know how to find the photo of the dessert we ordered at that restaurant? It's from my sister's birthday dinner. I don't even remember what the event was called. Searched for ""dessert"" and got no results. I know exactly what it looks like but can't put it into search words. I even googled how to search Google Photos better. I found a similar one but not the exact photo I wanted.",392,10 Google Photos search tricks you didn't know,0,,,,,,,,,425,,,,attempt,True,True,food_restaurant_memory,partially_found,A_memory_expression,remembered_event,event_name_unknown,keyword,dessert,not_found,external_search,,
youtube:syn-you-0038,youtube,youtube_comments,syn-you-0038,2023-07-13T01:59:45,True,synthetic://youtube/syn-you-0038,,"Honestly search is amazing. I typed ""people covered in red colour with ganesh idol"" and it found the photo from the Ganpati procession in seconds.",146,"Organise 50,000 photos in one afternoon",0,,,,,,,,,1494,,,,success,True,True,event_memory,found,none_observed,,,,,,,,vague_search_succeeded
youtube:syn-you-0039,youtube,youtube_comments,syn-you-0039,2023-09-05T23:25:34,True,synthetic://youtube/syn-you-0039,,"Tried the tips from this video but i'm trying to find the photo of my son's first steps. I need it because we're making a birthday album. Timing wise it was when he was around one, so 2019 probably. Not sure which month or year, honestly. I typed ""baby walking"" in search and it popped up near the top. I jumped to roughly that year with the scrollbar and went month by month. Finally found it after about an hour.",414,10 Google Photos search tricks you didn't know,0,,,,,,,,,1026,,,,attempt,True,True,family_memory,found,none_observed,remembered_time_approximation,exact_date_unknown,keyword,baby walking,found,date_browsing,,
youtube:syn-you-0040,youtube,youtube_comments,syn-you-0040,2025-10-18T22:48:24,True,synthetic://youtube/syn-you-0040,,"Pro tip: Search by year first, like ""2019"", then scroll within that. Much faster than scrolling from today.",107,How to find old photos fast on Android,0,,,,,,,,,1065,,,,advice,True,False,,,,,,,,,,,
youtube:syn-you-0041,youtube,youtube_comments,syn-you-0041,2023-06-19T02:30:03,True,synthetic://youtube/syn-you-0041,,"Great video. Still, does anyone know how to find the group photo from the night we all stayed up on the terrace? I need it now because one of them is getting married and we're making a video. I remember it was the night before someone moved abroad. I can't remember the date at all. I typed ""terrace"" in search and got a bunch of pictures that had nothing to do with it. After that I had no idea what else to try. In the end I texted my friend to send it again. Never found it.",477,How to find old photos fast on Android,0,,,,,,,,,124,,,,attempt,True,True,friend_memory,not_found,E_refinement,remembered_context,exact_date_unknown,keyword,terrace,wrong_results,ask_another_person,,
youtube:syn-you-0042,youtube,youtube_comments,syn-you-0042,2024-05-20T19:28:31,True,synthetic://youtube/syn-you-0042,,"Honestly search is amazing. I typed ""doctor prescription eye drops"" and it found the photo of the prescription for my mother's eye drops in seconds.",148,10 Google Photos search tricks you didn't know,0,,,,,,,,,1412,,,,success,True,True,medical_or_health_image,found,none_observed,,,,,,,,vague_search_succeeded
youtube:syn-you-0043,youtube,youtube_comments,syn-you-0043,2023-11-23T17:44:46,True,synthetic://youtube/syn-you-0043,,"Search should work the way I remember things, like 'me wearing blue shirt white wall', not just single words.",109,How to find old photos fast on Android,0,,,,,,,,,63,,,,opinion,True,False,,,,,,,,,,,
youtube:syn-you-0044,youtube,youtube_comments,syn-you-0044,2024-02-20T08:11:17,True,synthetic://youtube/syn-you-0044,,"Great video. Still, i've been looking for a photo of the rental agreement for days. Timing wise it was when we moved into this flat, 2021 or so. I can't remember the date at all. I searched ""agreement 2021"" and got no results. The text in the photo doesn't seem to be searchable. I checked my Gmail in case I had sent it to someone. I gave up on finding it.",357,How to find old photos fast on Android,0,,,,,,,,,1200,,,,attempt,True,True,document,abandoned,F_data_index_limitation,remembered_time_approximation,exact_date_unknown,metadata,agreement 2021,not_found,abandonment; other_application,,
youtube:syn-you-0045,youtube,youtube_comments,syn-you-0045,2023-09-23T18:21:33,True,synthetic://youtube/syn-you-0045,,"didn't remember anything except a handwritten board in hindi, searched for that and it showed up. impressed.",108,Google Photos vs iCloud Photos: which is better?,0,,,,,,,,,502,,,,success,True,True,food_restaurant_memory,found,none_observed,,,,,,,,vague_search_succeeded
youtube:syn-you-0046,youtube,youtube_comments,syn-you-0046,2026-07-09T03:28:30,True,synthetic://youtube/syn-you-0046,,"what worked for me: search for the thing plus the city, e.g. ""cake bangalore"", works better than a sentence for me.",115,"Organise 50,000 photos in one afternoon",0,,,,,,,,,14,,,,advice,True,False,,,,,,,,,,,
youtube:syn-you-0047,youtube,youtube_comments,syn-you-0047,2025-06-06T08:51:39,True,synthetic://youtube/syn-you-0047,,"I remember photos by who I was with and what we were doing, not by where the GPS says I was.",92,"Organise 50,000 photos in one afternoon",0,,,,,,,,,277,,,,opinion,True,False,,,,,,,,,,,
youtube:syn-you-0048,youtube,youtube_comments,syn-you-0048,2023-06-21T20:01:50,True,synthetic://youtube/syn-you-0048,,"This didn't help me: does anyone know how to find the picture of the dent on my car? I remember a scooter hit my car in the parking lot. I have no idea what year it was. I typed ""dent on silver car door"" in search and nothing came up. I know exactly what it looks like but can't put it into search words. I gave up on finding it.",329,Google Photos hidden features (2025),0,,,,,,,,,254,,,,attempt,True,True,object_memory,abandoned,A_memory_expression,remembered_context,exact_date_unknown,natural_language,dent on silver car door,not_found,abandonment,,
youtube:syn-you-0049,youtube,youtube_comments,syn-you-0049,2024-02-07T02:53:52,True,synthetic://youtube/syn-you-0049,,"Thought search was broken but the photo from the Ganpati procession was in my partner's library, not mine.",106,"Organise 50,000 photos in one afternoon",0,,,,,,,,,796,,,,misattribution,True,True,event_memory,not_found,F_data_index_limitation,,,,,,,,failure_not_search_related
youtube:syn-you-0050,youtube,youtube_comments,syn-you-0050,2025-07-03T16:01:03,True,synthetic://youtube/syn-you-0050,,"Try searching for something visible in the photo instead of what happened, like ""stage"" or ""cake"".",98,How to find old photos fast on Android,0,,,,,,,,,910,,,,advice,True,False,,,,,,,,,,,
youtube:syn-you-0051,youtube,youtube_comments,syn-you-0051,2024-06-17T04:39:10,True,synthetic://youtube/syn-you-0051,,"Pro tip: If it was a screenshot, open the Screenshots category first and then scroll by month.",94,Google Photos vs iCloud Photos: which is better?,0,,,,,,,,,1449,,,,advice,True,False,,,,,,,,,,,
youtube:syn-you-0052,youtube,youtube_comments,syn-you-0052,2024-07-30T11:22:36,True,synthetic://youtube/syn-you-0052,,"from experience, search by year first, like ""2019"", then scroll within that. much faster than scrolling from today.",115,10 Google Photos search tricks you didn't know,0,,,,,,,,,113,,,,advice,True,False,,,,,,,,,,,
youtube:syn-you-0053,youtube,youtube_comments,syn-you-0053,2023-09-28T12:06:53,True,synthetic://youtube/syn-you-0053,,"Search by year first, like ""2019"", then scroll within that. Much faster than scrolling from today.",98,How to find old photos fast on Android,0,,,,,,,,,872,,,,advice,True,False,,,,,,,,,,,
youtube:syn-you-0054,youtube,youtube_comments,syn-you-0054,2025-07-20T13:50:27,True,synthetic://youtube/syn-you-0054,,"I remember photos by who I was with and what we were doing, not by where the GPS says I was.",92,Google Photos vs iCloud Photos: which is better?,0,,,,,,,,,653,,,,opinion,True,False,,,,,,,,,,,
youtube:syn-you-0055,youtube,youtube_comments,syn-you-0055,2026-01-28T11:46:46,True,synthetic://youtube/syn-you-0055,,Spent an hour looking for the picture of my college marksheet and it turns out I had deleted it years ago. Not the app's fault.,127,10 Google Photos search tricks you didn't know,0,,,,,,,,,659,,,,misattribution,True,True,document,not_found,F_data_index_limitation,,,,,,,,failure_not_search_related
youtube:syn-you-0056,youtube,youtube_comments,syn-you-0056,2023-03-08T11:20:21,True,synthetic://youtube/syn-you-0056,,"Looking for the photo of the whiteboard from our planning session. I need it because my manager needs the timeline. For context, we photographed it after the workshop. I don't remember the exact words on it. Tried ""whiteboard with launch timeline"" and got no results. I just didn't know how to describe it in a way search would get. I scrolled for like 40 minutes. Found one that might be it, but I'm not sure it's the same one.",428,"Organise 50,000 photos in one afternoon",0,,,,,,,,,1041,,,,attempt,True,True,work_memory,uncertain,A_memory_expression,remembered_context,exact_text_unknown,natural_language,whiteboard with launch timeline,not_found,manual_scrolling,,
youtube:syn-you-0057,youtube,youtube_comments,syn-you-0057,2026-04-04T04:04:06,True,synthetic://youtube/syn-you-0057,,"Great video. Still, looking for the photo with the bride and my grandmother. I can picture grandma in a green saree sitting on the stage. I don't remember which album it went into. I searched ""grandmother"" and nothing came up. The photo is definitely in my library but search never shows it. In the end I texted my friend to send it again. Found one that might be it, but I'm not sure it's the same one.",403,"Organise 50,000 photos in one afternoon",0,,,,,,,,,1310,,,,attempt,True,True,wedding_memory,uncertain,C_retrieval,remembered_visual_appearance,album_unknown,keyword,grandmother,not_found,ask_another_person,,
youtube:syn-you-0058,youtube,youtube_comments,syn-you-0058,2025-10-30T20:48:32,True,synthetic://youtube/syn-you-0058,,"Minor gripe: Backup has been stuck on 'preparing' for three days. Very annoying. Deleted photos don't free up space on the phone, confusing.",140,10 Google Photos search tricks you didn't know,0,,,,,,,,,266,,,,noise,False,False,,,,,,,,,,,
youtube:syn-you-0059,youtube,youtube_comments,syn-you-0059,2026-01-24T06:40:55,True,synthetic://youtube/syn-you-0059,,"Does anyone know how to find the photo of the whiteboard from our planning session? I need it now because my manager needs the timeline. We were in the small meeting room when I took it. I can't recall what it said exactly. Searched for ""whiteboard with launch timeline"" and nothing came up. I think it's on my old phone and never got backed up. I found a similar one but not the exact photo I wanted.",401,Google Photos vs iCloud Photos: which is better?,0,,,,,,,,,1051,,,,attempt,True,True,work_memory,partially_found,F_data_index_limitation,remembered_place,exact_text_unknown,natural_language,whiteboard with launch timeline,not_found,,,
youtube:syn-you-0060,youtube,youtube_comments,syn-you-0060,2023-01-26T05:50:31,True,synthetic://youtube/syn-you-0060,,"Honestly, Syncing between my two phones is inconsistent. Please add a dark mode for the web version.",100,10 Google Photos search tricks you didn't know,0,,,,,,,,,164,,,,noise,False,False,,,,,,,,,,,
youtube:syn-you-0061,youtube,youtube_comments,syn-you-0061,2024-08-16T07:23:28,True,synthetic://youtube/syn-you-0061,,"I remember photos by who I was with and what we were doing, not by where the GPS says I was.",92,How to find old photos fast on Android,0,,,,,,,,,456,,,,opinion,True,False,,,,,,,,,,,
youtube:syn-you-0062,youtube,youtube_comments,syn-you-0062,2024-06-18T00:45:33,True,synthetic://youtube/syn-you-0062,,"Does anyone know how to find the screenshot of the train booking confirmation? I can picture a white screen with a green tick. I can't recall what it said exactly. Tried ""ticket"" and nothing came up. Text inside screenshots doesn't seem to be searchable. Eventually I searched my WhatsApp chats instead. Got it eventually, after three days.",340,10 Google Photos search tricks you didn't know,0,,,,,,,,,965,,,,attempt,True,True,screenshot,found,F_data_index_limitation,remembered_visual_appearance,exact_text_unknown,keyword,ticket,not_found,other_application,,
youtube:syn-you-0063,youtube,youtube_comments,syn-you-0063,2025-07-30T11:13:51,True,synthetic://youtube/syn-you-0063,,what worked for me: name the face groups. searching a person's name works way better than describing them.,106,Google Photos hidden features (2025),0,,,,,,,,,880,,,,advice,True,False,,,,,,,,,,,
youtube:syn-you-0064,youtube,youtube_comments,syn-you-0064,2023-09-25T02:31:20,True,synthetic://youtube/syn-you-0064,,"Great video. Still, looking for the video of my nephew saying his first word. Timing wise it was when he was around one. The location data was probably off. I searched ""screen recording"" and got no results. Screen recordings don't seem to be indexed at all. Never found it.",273,Google Photos hidden features (2025),0,,,,,,,,,6,,,,attempt,True,True,video,not_found,F_data_index_limitation,remembered_time_approximation,metadata_unknown,metadata,screen recording,not_found,,,
youtube:syn-you-0065,youtube,youtube_comments,syn-you-0065,2024-04-03T06:59:59,True,synthetic://youtube/syn-you-0065,,It would help if the app told me why a photo showed up in results.,66,Google Photos hidden features (2025),0,,,,,,,,,1057,,,,opinion,True,False,,,,,,,,,,,
youtube:syn-you-0066,youtube,youtube_comments,syn-you-0066,2023-04-26T03:15:04,True,synthetic://youtube/syn-you-0066,,"looking for a photo of the rental agreement. i need it now because the landlord is refusing to return the deposit. it was when we moved into this flat, 2021 or so. i can't remember the date at all. i typed ""rent agreement document pages"" in search and it popped up near the top. got it eventually, after two evenings.",317,10 Google Photos search tricks you didn't know,0,,,,,,,,,260,,,,attempt,True,True,document,found,none_observed,remembered_time_approximation,exact_date_unknown,natural_language,rent agreement document pages,found,,,
youtube:syn-you-0067,youtube,youtube_comments,syn-you-0067,2025-10-15T04:47:22,True,synthetic://youtube/syn-you-0067,,"I'm trying to find the picture of my college marksheet. I need it now because background verification asked for it. The photo shows my marksheet. I have no idea what year it was. Searched for ""college marksheet with blue border"" and nothing came up. After that I had no idea what else to try. I scrolled for like 40 minutes. Finally found it after about an hour.",362,Google Photos vs iCloud Photos: which is better?,0,,,,,,,,,1410,,,,attempt,True,True,document,found,E_refinement,remembered_object,exact_date_unknown,natural_language,college marksheet with blue border,not_found,manual_scrolling,,
youtube:syn-you-0068,youtube,youtube_comments,syn-you-0068,2024-01-06T06:29:10,True,synthetic://youtube/syn-you-0068,,Minor gripe: Too many notifications about 'memories' I didn't ask for. Storage is full again and now they want me to pay for more. Too expensive for what it is.,160,How to find old photos fast on Android,0,,,,,,,,,777,,,,noise,False,False,,,,,,,,,,,
youtube:syn-you-0069,youtube,youtube_comments,syn-you-0069,2024-11-10T10:51:08,True,synthetic://youtube/syn-you-0069,,Update: Too many notifications about 'memories' I didn't ask for.,65,Google Photos vs iCloud Photos: which is better?,0,,,,,,,,,1200,,,,noise,False,False,,,,,,,,,,,
youtube:syn-you-0070,youtube,youtube_comments,syn-you-0070,2026-03-01T05:36:09,True,synthetic://youtube/syn-you-0070,,"Pro tip: Ask whoever was there, someone in the group chat usually still has it.",79,"Organise 50,000 photos in one afternoon",0,,,,,,,,,50,,,,advice,True,False,,,,,,,,,,,
youtube:syn-you-0071,youtube,youtube_comments,syn-you-0071,2025-06-15T09:17:41,True,synthetic://youtube/syn-you-0071,,"Minor gripe: The editing tools are great, the magic eraser is really good. Storage is full again and now they want me to pay for more. Too expensive for what it is.",164,10 Google Photos search tricks you didn't know,0,,,,,,,,,1280,,,,noise,False,False,,,,,,,,,,,
youtube:syn-you-0072,youtube,youtube_comments,syn-you-0072,2024-11-22T23:05:45,True,synthetic://youtube/syn-you-0072,,"I've been looking for a picture of the ramen bowl from the tiny shop for days. I know it was near the station in Tokyo. No clue what the place was called. I searched ""ramen bowl with egg at a small shop near station"" and got thousands of results to scroll through. There are so many almost identical shots from that day that I can't tell which one it is. I found a similar one but not the exact photo I wanted.",410,"Organise 50,000 photos in one afternoon",0,,,,,,,,,915,,,,attempt,True,True,food_restaurant_memory,partially_found,D_result_evaluation,remembered_place,exact_location_unknown,natural_language,ramen bowl with egg at a small shop near station,too_many_results,,,
youtube:syn-you-0073,youtube,youtube_comments,syn-you-0073,2025-11-20T16:01:52,True,synthetic://youtube/syn-you-0073,,"What worked for me: Tip: if location history was on, try the map view and zoom into the area instead of searching the name.",123,Google Photos vs iCloud Photos: which is better?,0,,,,,,,,,843,,,,advice,True,False,,,,,,,,,,,
youtube:syn-you-0074,youtube,youtube_comments,syn-you-0074,2024-11-05T18:42:17,True,synthetic://youtube/syn-you-0074,,minor gripe: too many notifications about 'memories' i didn't ask for.,70,How to find old photos fast on Android,0,,,,,,,,,703,,,,noise,False,False,,,,,,,,,,,
youtube:syn-you-0075,youtube,youtube_comments,syn-you-0075,2026-07-27T22:21:32,True,synthetic://youtube/syn-you-0075,,found a picture of the waterfall we hiked to by searching the person's face and then scrolling a bit. took two minutes.,119,Google Photos hidden features (2025),0,,,,,,,,,396,,,,success,True,True,travel_memory,found,none_observed,,,,,,,,vague_search_succeeded
youtube:syn-you-0076,youtube,youtube_comments,syn-you-0076,2023-12-04T10:16:30,True,synthetic://youtube/syn-you-0076,,It's frustrating that I have to guess what word the app uses for something.,75,How to find old photos fast on Android,0,,,,,,,,,1432,,,,opinion,True,False,,,,,,,,,,,
youtube:syn-you-0077,youtube,youtube_comments,syn-you-0077,2023-05-24T13:32:27,True,synthetic://youtube/syn-you-0077,,Minor gripe: The app is slow to load thumbnails on my old phone.,64,10 Google Photos search tricks you didn't know,0,,,,,,,,,1477,,,,noise,False,False,,,,,,,,,,,
youtube:syn-you-0078,youtube,youtube_comments,syn-you-0078,2024-12-28T08:53:24,True,synthetic://youtube/syn-you-0078,,"I've been looking for the photo of us dancing at the sangeet for days. It was the night before our wedding. I'm not sure if I ever put it in an album. Tried ""sangeet"" and got no results. I think it's in a shared album someone else made, not my library. I scrolled for like 40 minutes. Never found it.",300,10 Google Photos search tricks you didn't know,0,,,,,,,,,430,,,,attempt,True,True,wedding_memory,not_found,F_data_index_limitation,remembered_time_approximation,album_unknown,metadata,sangeet,not_found,manual_scrolling,,
youtube:syn-you-0079,youtube,youtube_comments,syn-you-0079,2026-02-04T05:32:52,True,synthetic://youtube/syn-you-0079,,minor gripe: app keeps crashing when i open a large video.,58,"Organise 50,000 photos in one afternoon",0,,,,,,,,,741,,,,noise,False,False,,,,,,,,,,,
youtube:syn-you-0080,youtube,youtube_comments,syn-you-0080,2026-05-31T05:30:23,True,synthetic://youtube/syn-you-0080,,"From experience, You can search text inside photos sometimes, but it only works if the words are clear in the image.",116,Google Photos vs iCloud Photos: which is better?,0,,,,,,,,,752,,,,advice,True,False,,,,,,,,,,,
youtube:syn-you-0081,youtube,youtube_comments,syn-you-0081,2023-08-04T09:08:49,True,synthetic://youtube/syn-you-0081,,It would help if the app told me why a photo showed up in results.,66,10 Google Photos search tricks you didn't know,0,,,,,,,,,1088,,,,opinion,True,False,,,,,,,,,,,
youtube:syn-you-0082,youtube,youtube_comments,syn-you-0082,2026-04-27T22:48:35,True,synthetic://youtube/syn-you-0082,,It's frustrating that I have to guess what word the app uses for something.,75,How to find old photos fast on Android,0,,,,,,,,,1116,,,,opinion,True,False,,,,,,,,,,,
youtube:syn-you-0083,youtube,youtube_comments,syn-you-0083,2026-08-19T22:52:11,True,synthetic://youtube/syn-you-0083,,"Tried the tips from this video but i'm trying to find the photo with the bride and my grandmother. I need it because grandma wants a print. All I remember visually is grandma in a green saree sitting on the stage. I can't remember the date at all. Tried ""grandmother"" and nothing came up. I think it's in a shared album someone else made, not my library. Ended up scrolling back through years of photos. I gave up on finding it.",428,Google Photos hidden features (2025),0,,,,,,,,,1493,,,,attempt,True,True,wedding_memory,abandoned,F_data_index_limitation,remembered_visual_appearance,exact_date_unknown,keyword,grandmother,not_found,abandonment; manual_scrolling,,
youtube:syn-you-0084,youtube,youtube_comments,syn-you-0084,2023-03-13T17:46:11,True,synthetic://youtube/syn-you-0084,,Found a picture of the ramen bowl from the tiny shop by searching the person's face and then scrolling a bit. Took two minutes.,127,Google Photos hidden features (2025),0,,,,,,,,,250,,,,success,True,True,food_restaurant_memory,found,none_observed,,,,,,,,vague_search_succeeded
youtube:syn-you-0085,youtube,youtube_comments,syn-you-0085,2025-05-15T18:08:21,True,synthetic://youtube/syn-you-0085,,"Something that helps: Ask whoever was there, someone in the group chat usually still has it.",92,Google Photos hidden features (2025),0,,,,,,,,,292,,,,advice,True,False,,,,,,,,,,,
youtube:syn-you-0086,youtube,youtube_comments,syn-you-0086,2025-09-21T22:01:25,True,synthetic://youtube/syn-you-0086,,"Great video. Still, does anyone know how to find the photo of the electrician's handwritten estimate? I need it because he's charging way more now. The photo shows a handwritten estimate. I don't know what word the app would use for it. I searched ""estimate"" and got thousands of results to scroll through. I have hundreds of similar shots and can't tell which one it was. Never found it.",388,Google Photos vs iCloud Photos: which is better?,0,,,,,,,,,791,,,,attempt,True,True,receipt,not_found,D_result_evaluation,remembered_object,exact_keyword_unknown,keyword,estimate,too_many_results,,,
youtube:syn-you-0087,youtube,youtube_comments,syn-you-0087,2024-04-18T13:43:22,True,synthetic://youtube/syn-you-0087,,"Does anyone know how to find a photo of the bookshelf I wanted to build? For context, I saw it at a friend's house. I don't know what it's called. Tried ""shelf"" and got no results. The photo is definitely in my library but search never shows it. Never found it.",261,10 Google Photos search tricks you didn't know,0,,,,,,,,,1456,,,,attempt,True,True,object_memory,not_found,C_retrieval,remembered_context,exact_object_name_unknown,metadata,shelf,not_found,,,
youtube:syn-you-0088,youtube,youtube_comments,syn-you-0088,2023-06-29T07:03:16,True,synthetic://youtube/syn-you-0088,,"i'm trying to find the photo of the prescription for my mother's eye drops. the photo shows a prescription. no idea what the thing is actually called. i searched ""prescription"" and got no results. the writing on it isn't searchable, it seems. tried synonyms like ""doctor note"" too. still haven't found it.",305,Google Photos hidden features (2025),0,,,,,,,,,342,,,,attempt,True,True,medical_or_health_image,not_found,F_data_index_limitation,remembered_object,exact_object_name_unknown,keyword,prescription,not_found,synonym_search,,
youtube:syn-you-0089,youtube,youtube_comments,syn-you-0089,2023-10-01T10:44:31,True,synthetic://youtube/syn-you-0089,,"Pro tip: Ask whoever was there, someone in the group chat usually still has it.",79,10 Google Photos search tricks you didn't know,0,,,,,,,,,409,,,,advice,True,False,,,,,,,,,,,
youtube:syn-you-0090,youtube,youtube_comments,syn-you-0090,2024-09-30T12:33:22,True,synthetic://youtube/syn-you-0090,,"tried the tips from this video but i'm trying to find the picture of the pharmacy receipt. for context, i needed it for insurance reimbursement. i can't recall what it said exactly. i searched ""receipt"" and nothing came up. the text on the bill isn't searchable as far as i can tell. i checked my gmail in case i had sent it to someone. i gave up on finding it.",361,Google Photos hidden features (2025),0,,,,,,,,,514,,,,attempt,True,True,receipt,abandoned,F_data_index_limitation,remembered_context,exact_text_unknown,keyword,receipt,not_found,abandonment; other_application,,
youtube:syn-you-0091,youtube,youtube_comments,syn-you-0091,2023-01-13T07:50:42,True,synthetic://youtube/syn-you-0091,,It's frustrating that I have to guess what word the app uses for something.,75,Google Photos hidden features (2025),0,,,,,,,,,658,,,,opinion,True,False,,,,,,,,,,,
youtube:syn-you-0092,youtube,youtube_comments,syn-you-0092,2024-10-20T23:37:46,True,synthetic://youtube/syn-you-0092,,name the face groups. searching a person's name works way better than describing them.,86,Google Photos hidden features (2025),0,,,,,,,,,86,,,,advice,True,False,,,,,,,,,,,
youtube:syn-you-0093,youtube,youtube_comments,syn-you-0093,2025-06-26T04:19:18,True,synthetic://youtube/syn-you-0093,,It's frustrating that I have to guess what word the app uses for something.,75,Google Photos vs iCloud Photos: which is better?,0,,,,,,,,,151,,,,opinion,True,False,,,,,,,,,,,
youtube:syn-you-0094,youtube,youtube_comments,syn-you-0094,2025-11-22T01:36:20,True,synthetic://youtube/syn-you-0094,,"I've been looking for the photo of the electrician's handwritten estimate for days. I need it now because he's charging way more now. I remember he wrote it on a notebook page. No idea what to search for really. Tried ""handwritten estimate on notebook paper"" and got no results. The text on the bill isn't searchable as far as I can tell. Eventually I just gave up.",365,Google Photos hidden features (2025),0,,,,,,,,,839,,,,attempt,True,True,receipt,abandoned,F_data_index_limitation,remembered_context,exact_keyword_unknown,natural_language,handwritten estimate on notebook paper,not_found,abandonment,,
youtube:syn-you-0095,youtube,youtube_comments,syn-you-0095,2025-04-27T07:04:00,True,synthetic://youtube/syn-you-0095,,"Great video. Still, does anyone know how to find that picture from the trip where we stayed near the beach? For context, location was probably off on my phone. The location data was probably off. I searched ""beach 2021"" and nothing came up. The location data was probably off so there's nothing to go on. I found a similar one but not the exact photo I wanted.",360,How to find old photos fast on Android,0,,,,,,,,,324,,,,attempt,True,True,location_memory,partially_found,F_data_index_limitation,remembered_context,metadata_unknown,metadata,beach 2021,not_found,,,
youtube:syn-you-0096,youtube,youtube_comments,syn-you-0096,2024-12-02T21:46:31,True,synthetic://youtube/syn-you-0096,,"Does anyone know how to find the photo from our college fest? I remember the photos were from an old phone that I backed up later. I don't even remember what the event was called. I typed ""students in black t shirts in front of banner"" in search and nothing came up. I didn't know what else to try. Tried synonyms like ""fest"" too. Still haven't found it.",354,10 Google Photos search tricks you didn't know,0,,,,,,,,,1386,,,,attempt,True,True,school_or_college_memory,not_found,E_refinement,remembered_context,event_name_unknown,natural_language,students in black t shirts in front of banner,not_found,synonym_search,,
youtube:syn-you-0097,youtube,youtube_comments,syn-you-0097,2025-12-19T01:57:40,True,synthetic://youtube/syn-you-0097,,"Honestly, Why did they move the sharing button? The new layout is confusing.",76,Google Photos vs iCloud Photos: which is better?,0,,,,,,,,,1106,,,,noise,False,False,,,,,,,,,,,
youtube:syn-you-0098,youtube,youtube_comments,syn-you-0098,2023-11-20T12:55:16,True,synthetic://youtube/syn-you-0098,,"What worked for me: Use the date jump on the scrollbar, drag to the year and go month by month.",95,How to find old photos fast on Android,0,,,,,,,,,215,,,,advice,True,False,,,,,,,,,,,
youtube:syn-you-0099,youtube,youtube_comments,syn-you-0099,2024-03-09T05:14:31,True,synthetic://youtube/syn-you-0099,,"Great video. Still, i'm trying to find the photo of the stage when they announced the results. It had my team in it. I have no idea what year it was. I typed ""me on stage with trophy under purple lights"" in search and it gave me hundreds of photos. I have hundreds of similar shots and can't tell which one it was. Ended up scrolling back through years of photos. Eventually I just gave up.",390,Google Photos vs iCloud Photos: which is better?,0,,,,,,,,,311,,,,attempt,True,True,event_memory,abandoned,D_result_evaluation,remembered_person,exact_date_unknown,natural_language,me on stage with trophy under purple lights,too_many_results,abandonment; manual_scrolling,,
youtube:syn-you-0100,youtube,youtube_comments,syn-you-0100,2025-01-15T12:25:01,True,synthetic://youtube/syn-you-0100,,"Great video. Still, looking for the old scanned photo of my grandparents' wedding. I remember my grandparents being in it. Not sure which month or year, honestly. I searched ""scan"" and got no results. After that I had no idea what else to try. I found a similar one but not the exact photo I wanted.",299,Google Photos hidden features (2025),0,,,,,,,,,568,,,,attempt,True,True,family_memory,partially_found,E_refinement,remembered_person,exact_date_unknown,metadata,scan,not_found,,,
youtube:syn-you-0101,youtube,youtube_comments,syn-you-0101,2024-01-22T15:40:51,True,synthetic://youtube/syn-you-0101,,"search should work the way i remember things, like 'family in white clothes with diyas', not just single words.",111,10 Google Photos search tricks you didn't know,0,,,,,,,,,1245,,,,opinion,True,False,,,,,,,,,,,
youtube:syn-you-0102,youtube,youtube_comments,syn-you-0102,2024-06-12T06:19:13,True,synthetic://youtube/syn-you-0102,,"The search is fine if you know exactly what you want, but not when you only half remember it.",93,Google Photos hidden features (2025),0,,,,,,,,,411,,,,opinion,True,False,,,,,,,,,,,
youtube:syn-you-0103,youtube,youtube_comments,syn-you-0103,2024-01-11T09:43:36,True,synthetic://youtube/syn-you-0103,,"Honestly search is amazing. I typed ""family in white clothes with diyas"" and it found the family photo from Diwali where everyone is wearing white in seconds.",158,10 Google Photos search tricks you didn't know,0,,,,,,,,,1372,,,,success,True,True,family_memory,found,none_observed,,,,,,,,vague_search_succeeded
youtube:syn-you-0104,youtube,youtube_comments,syn-you-0104,2023-12-05T06:01:30,True,synthetic://youtube/syn-you-0104,,"Great video. Still, looking for a shot of the fireworks at the new year party. I need it now because I wanted to post a throwback. For context, it was just before midnight. I don't remember when exactly. Searched for ""31 december"" but it just showed random photos. It seems like search ignores half of what I type and only matches one word. Ended up scrolling back through years of photos. Found one that might be it, but I'm not sure it's the same one.",453,Google Photos vs iCloud Photos: which is better?,0,,,,,,,,,1442,,,,attempt,True,True,event_memory,uncertain,B_system_understanding,remembered_context,exact_date_unknown,metadata,31 december,wrong_results,manual_scrolling,,
youtube:syn-you-0105,youtube,youtube_comments,syn-you-0105,2024-12-31T17:57:11,True,synthetic://youtube/syn-you-0105,,"From experience, Search by year first, like ""2019"", then scroll within that. Much faster than scrolling from today.",115,10 Google Photos search tricks you didn't know,0,,,,,,,,,1065,,,,advice,True,False,,,,,,,,,,,
youtube:syn-you-0106,youtube,youtube_comments,syn-you-0106,2026-06-23T16:56:21,True,synthetic://youtube/syn-you-0106,,"Pro tip: Use the date jump on the scrollbar, drag to the year and go month by month.",84,"Organise 50,000 photos in one afternoon",0,,,,,,,,,346,,,,advice,True,False,,,,,,,,,,,
youtube:syn-you-0107,youtube,youtube_comments,syn-you-0107,2024-04-15T17:03:20,True,synthetic://youtube/syn-you-0107,,"Didn't remember anything except a small card taped to the invoice, searched for that and it showed up. Impressed.",113,Google Photos vs iCloud Photos: which is better?,0,,,,,,,,,1019,,,,success,True,True,receipt,found,none_observed,,,,,,,,vague_search_succeeded
youtube:syn-you-0108,youtube,youtube_comments,syn-you-0108,2024-08-03T20:50:22,True,synthetic://youtube/syn-you-0108,,"I don't remember dates, nobody does. Searching by date is useless for old memories.",83,How to find old photos fast on Android,0,,,,,,,,,1134,,,,opinion,True,False,,,,,,,,,,,
youtube:syn-you-0109,youtube,youtube_comments,syn-you-0109,2023-12-20T07:23:42,True,synthetic://youtube/syn-you-0109,,"I remember photos by who I was with and what we were doing, not by where the GPS says I was.",92,10 Google Photos search tricks you didn't know,0,,,,,,,,,54,,,,opinion,True,False,,,,,,,,,,,
youtube:syn-you-0110,youtube,youtube_comments,syn-you-0110,2024-08-09T17:12:33,True,synthetic://youtube/syn-you-0110,,"From experience, If it was a screenshot, open the Screenshots category first and then scroll by month.",102,"Organise 50,000 photos in one afternoon",0,,,,,,,,,286,,,,advice,True,False,,,,,,,,,,,
youtube:syn-you-0111,youtube,youtube_comments,syn-you-0111,2024-07-25T12:05:53,True,synthetic://youtube/syn-you-0111,,"Honestly search is amazing. I typed ""video of mom singing at dinner"" and it found the video of my mom singing at the dinner table in seconds.",141,"Organise 50,000 photos in one afternoon",0,,,,,,,,,519,,,,success,True,True,family_memory,found,none_observed,,,,,,,,vague_search_succeeded
youtube:syn-you-0112,youtube,youtube_comments,syn-you-0112,2024-11-29T06:28:23,True,synthetic://youtube/syn-you-0112,,"From experience, Use the date jump on the scrollbar, drag to the year and go month by month.",92,"Organise 50,000 photos in one afternoon",0,,,,,,,,,37,,,,advice,True,False,,,,,,,,,,,
youtube:syn-you-0113,youtube,youtube_comments,syn-you-0113,2024-06-15T16:05:21,True,synthetic://youtube/syn-you-0113,,"Tried the tips from this video but i've been looking for the photo of my son's first steps for days. I know it was in our old apartment's living room. I'm not sure if I ever put it in an album. I searched ""baby standing holding sofa on green rug"" and nothing came up. It came from my old phone and I'm not sure it ever got backed up. Finally found it after three days.",368,"Organise 50,000 photos in one afternoon",0,,,,,,,,,621,,,,attempt,True,True,family_memory,found,F_data_index_limitation,remembered_place,album_unknown,natural_language,baby standing holding sofa on green rug,not_found,,,
youtube:syn-you-0114,youtube,youtube_comments,syn-you-0114,2026-05-27T13:58:18,True,synthetic://youtube/syn-you-0114,,"This didn't help me: looking for the photo of my son's first steps. Timing wise it was when he was around one, so 2019 probably. I don't remember when exactly. Searched for ""baby walking"" and nothing came up. The photo is definitely in my library but search never shows it. Found one that might be it, but I'm not sure it's the same one.",337,"Organise 50,000 photos in one afternoon",0,,,,,,,,,978,,,,attempt,True,True,family_memory,uncertain,C_retrieval,remembered_time_approximation,exact_date_unknown,keyword,baby walking,not_found,,,
youtube:syn-you-0115,youtube,youtube_comments,syn-you-0115,2024-03-24T04:35:04,True,synthetic://youtube/syn-you-0115,,"Thought search was broken but a photo of the tiny café we found in Goa was in my partner's library, not mine.",109,Google Photos vs iCloud Photos: which is better?,0,,,,,,,,,1059,,,,misattribution,True,True,travel_memory,not_found,F_data_index_limitation,,,,,,,,failure_not_search_related
youtube:syn-you-0116,youtube,youtube_comments,syn-you-0116,2023-12-22T03:07:07,True,synthetic://youtube/syn-you-0116,,"The editing tools are great, the magic eraser is really good.",61,Google Photos vs iCloud Photos: which is better?,0,,,,,,,,,1065,,,,noise,False,False,,,,,,,,,,,
youtube:syn-you-0117,youtube,youtube_comments,syn-you-0117,2025-01-31T16:30:33,True,synthetic://youtube/syn-you-0117,,"Search should work the way I remember things, like 'college marksheet with blue border', not just single words.",111,10 Google Photos search tricks you didn't know,0,,,,,,,,,1011,,,,opinion,True,False,,,,,,,,,,,
youtube:syn-you-0118,youtube,youtube_comments,syn-you-0118,2023-08-02T19:20:33,True,synthetic://youtube/syn-you-0118,,"Does anyone know how to find the photo of us at the football match? I need it because reunion group chat asked for it. Timing wise it was some time after school ended. I can't remember the date at all. Searched for ""football"" and got a bunch of pictures that had nothing to do with it. I ran out of ideas pretty quickly. I asked my sister if she still had it. Never found it.",375,How to find old photos fast on Android,0,,,,,,,,,790,,,,attempt,True,True,friend_memory,not_found,E_refinement,remembered_time_approximation,exact_date_unknown,metadata,football,wrong_results,ask_another_person,,
youtube:syn-you-0119,youtube,youtube_comments,syn-you-0119,2024-10-31T00:49:04,True,synthetic://youtube/syn-you-0119,,"Looking for the photo of the view from the train window. All I remember visually is green hills and a reflection of my face in the glass. No clue what the place was called. Tried ""train 2018"" and nothing came up. I know exactly what it looks like but can't put it into search words. I went through the map view hoping to spot it. Still haven't found it.",353,"Organise 50,000 photos in one afternoon",0,,,,,,,,,345,,,,attempt,True,True,travel_memory,not_found,A_memory_expression,remembered_visual_appearance,exact_location_unknown,metadata,train 2018,not_found,location_browsing,,
forums:syn-for-0000,forums,macrumors_forums,syn-for-0000,2024-01-11T07:43:43,True,synthetic://forums/syn-for-0000,Search vs scrolling for old memories,"On iOS. Does anyone know how to find that picture from the trip where we stayed near the beach? I need it now because I want to book the same homestay. I know it was at a homestay near a quiet beach. Timing wise it was 2021 or 2022, not sure. For context, location was probably off on my phone. This was during a long weekend trip. I can't remember the date at all. I typed ""beach 2021"" in search and got a bunch of pictures that had nothing to do with it. I didn't know what else to try. I went through the map view hoping to spot it. I kept retyping different searches. Found one that might be it, but I'm not sure it's the same one. Am I doing something wrong?",663,Apps & software,0,,,,,,,,,,,15122,31,attempt,True,True,location_memory,uncertain,E_refinement,remembered_context; remembered_place; remembered_time_approximation; remembered_trip,exact_date_unknown,metadata,beach 2021,wrong_results,location_browsing; repeated_search,ios_device,
forums:syn-for-0001,forums,macrumors_forums,syn-for-0001,2023-11-21T23:54:20,True,synthetic://forums/syn-for-0001,Search vs scrolling for old memories,"Does anyone know how to find the photo of my first tattoo right after I got it? I need it because the artist asked for a before picture. I remember it was still covered with cling film. It's a picture of a tattoo. Not sure which month or year, honestly. I typed ""tattoo"" in search and got thousands of results to scroll through. Tried ""tattoo"" and got thousands of results to scroll through. Searched for ""fresh wave tattoo on wrist"" and got thousands of results to scroll through. I have hundreds of similar shots and can't tell which one it was. I scrolled for like 40 minutes. I went through the face group for that person too. Finally found it after half an hour of scrolling. Any tips?",690,Apps & software,0,,,,,,,,,,,13472,16,attempt,True,True,personal_memory,found,D_result_evaluation,remembered_context; remembered_object,exact_date_unknown,metadata; keyword; natural_language,tattoo; tattoo; fresh wave tattoo on wrist,too_many_results; too_many_results; too_many_results,manual_scrolling; people_browsing,,
forums:syn-for-0002,forums,xda_forums,syn-for-0002,2025-07-29T08:50:56,True,synthetic://forums/syn-for-0002,Tips for locating the photo of the electrician's handwritten estimate?,"Does anyone know how to find the photo of the electrician's handwritten estimate? I need it because he's charging way more now. It's a picture of a handwritten estimate. I remember it showed the amount for rewiring. All I remember visually is blue pen on lined paper. I can't recall what it said exactly. Tried ""handwritten estimate on notebook paper"" but it just showed random photos. Searched for ""estimate"" and nothing came up. Tried ""electrician"" and nothing came up. I just didn't know how to describe it in a way search would get. I scrolled for like 40 minutes. Finally found it after way too long.",605,Apps & software,0,,,,,,,,,,,3408,21,attempt,True,True,receipt,found,A_memory_expression,remembered_object; remembered_text; remembered_visual_appearance,exact_text_unknown,natural_language; keyword; metadata,handwritten estimate on notebook paper; estimate; electrician,wrong_results; not_found; not_found,manual_scrolling,,
forums:syn-for-0003,forums,toms_guide_forum,syn-for-0003,2026-06-17T10:16:02,True,synthetic://forums/syn-for-0003,Google Photos search is failing me,It's frustrating that I have to guess what word the app uses for something.,75,Apps & software,0,,,,,,,,,,,10176,4,opinion,True,False,,,,,,,,,,,
forums:syn-for-0004,forums,toms_guide_forum,syn-for-0004,2026-02-26T18:23:35,True,synthetic://forums/syn-for-0004,Tips for locating the photo of the bill I took sometime last summer?,"On my iPhone. Looking for the photo of the bill I took sometime last summer. I need it because a friend still hasn't paid me back and disputes the amount. Timing wise it was sometime last summer. I remember it showed the total and the GST number. I can picture a long crumpled receipt. For context, we were splitting it between six people. I don't remember the exact words on it. Tried ""bill"" and got no results. Tried ""restaurant bill split between friends"" and got a bunch of pictures that had nothing to do with it. I just didn't know how to describe it in a way search would get. Eventually I searched my WhatsApp chats instead. Still haven't found it. Any tips?",666,Apps & software,0,,,,,,,,,,,6046,30,attempt,True,True,receipt,not_found,A_memory_expression,remembered_context; remembered_text; remembered_time_approximation; remembered_visual_appearance,exact_text_unknown,keyword; natural_language,bill; restaurant bill split between friends,not_found; wrong_results,other_application,ios_device,
forums:syn-for-0005,forums,toms_guide_forum,syn-for-0005,2026-06-16T23:19:25,True,synthetic://forums/syn-for-0005,Google Photos search is failing me,"On Android. I've been looking for a picture of the site inspection issue for days. I need it now because the client is disputing the report. I remember I took it for the report and never sent it. It was taken at the client's warehouse. Timing wise it was a few months back. I can picture a rusty pipe with a yellow tag. No idea what the thing is actually called. Not sure which month or year, honestly. Searched for ""warehouse"" and got a bunch of pictures that had nothing to do with it. I searched ""pipe"" and got a bunch of pictures that had nothing to do with it. It doesn't understand what I'm describing at all. In the end I texted my friend to send it again. I went through the map view hoping to spot it. Never found it. Any tips?",736,Apps & software,0,,,,,,,,,,,7254,18,attempt,True,True,work_memory,not_found,B_system_understanding,remembered_context; remembered_place; remembered_time_approximation; remembered_visual_appearance,exact_date_unknown; exact_object_name_unknown,metadata; keyword,warehouse; pipe,wrong_results; wrong_results,ask_another_person; location_browsing,android_device,
forums:syn-for-0006,forums,toms_guide_forum,syn-for-0006,2026-06-21T09:33:38,True,synthetic://forums/syn-for-0006,Finding a specific old photo in Google Photos,"I've got about 90k photos and videos. Looking for a photo of the rental agreement. I need it now because the landlord is refusing to return the deposit. The photo shows the rental agreement. I remember stamp paper with a purple stamp. I don't remember when exactly. Searched for ""agreement"" and got a bunch of pictures that had nothing to do with it. I searched ""agreement 2021"" and nothing came up. I know exactly what it looks like but can't put it into search words. I checked my Gmail in case I had sent it to someone. I scrolled for like 40 minutes. I gave up on finding it. How do you all deal with this?",610,Apps & software,0,,,,,,,,,,,14605,34,attempt,True,True,document,abandoned,A_memory_expression,remembered_object; remembered_visual_appearance,exact_date_unknown,keyword; metadata,agreement; agreement 2021,wrong_results; not_found,abandonment; manual_scrolling; other_application,large_library,
forums:syn-for-0007,forums,toms_guide_forum,syn-for-0007,2025-04-24T11:58:38,True,synthetic://forums/syn-for-0007,Search vs scrolling for old memories,"Does anyone know how to find a shot of the fireworks at the new year party? I need it now because I wanted to post a throwback. It's from the new year party at the club. It was one of the new years, 2019 or 2020. I can't remember the date at all. Tried ""green fireworks over pool"" and got no results. Tried ""fireworks"" and nothing came up. I searched ""31 december"" and got no results. The photo is definitely in my library but search never shows it. I jumped to roughly that year with the scrollbar and went month by month. I went through the face group for that person too. I found a similar one but not the exact photo I wanted.",630,Apps & software,0,,,,,,,,,,,13324,25,attempt,True,True,event_memory,partially_found,C_retrieval,remembered_event; remembered_time_approximation,exact_date_unknown,natural_language; keyword; metadata,green fireworks over pool; fireworks; 31 december,not_found; not_found; not_found,date_browsing; people_browsing,,
forums:syn-for-0008,forums,android_central_forums,syn-for-0008,2025-10-18T13:55:03,True,synthetic://forums/syn-for-0008,Google Photos search is failing me,"On my Pixel. Looking for the photo of the bill I took sometime last summer. I need it now because a friend still hasn't paid me back and disputes the amount. I remember it showed the total and the GST number. The photo shows a restaurant bill. It was sometime last summer. I have no idea what year it was. Tried ""june bill"" but it just showed random photos. Tried ""bill"" but it just showed random photos. I just didn't know how to describe it in a way search would get. Eventually I searched my WhatsApp chats instead. Never found it. Is there a better way to search for stuff like this?",587,Apps & software,0,,,,,,,,,,,6023,35,attempt,True,True,receipt,not_found,A_memory_expression,remembered_object; remembered_text; remembered_time_approximation,exact_date_unknown,metadata; keyword,june bill; bill,wrong_results; wrong_results,other_application,android_device,
forums:syn-for-0009,forums,android_central_forums,syn-for-0009,2025-11-13T16:44:20,True,synthetic://forums/syn-for-0009,Google Photos search is failing me,"Looking for the video of my dog meeting the new puppy. I need it because our old dog passed away last week. I remember our old dog being in it. I remember the puppy running circles around him. I don't remember when exactly. I typed ""2020 video"" in search and got a bunch of pictures that had nothing to do with it. How do you even search for something like that? In the end I texted my friend to send it again. Finally found it after three days. How do you all deal with this?",476,Apps & software,0,,,,,,,,,,,408,13,attempt,True,True,video,found,A_memory_expression,remembered_person; remembered_visual_appearance,exact_date_unknown,metadata,2020 video,wrong_results,ask_another_person,,
forums:syn-for-0010,forums,xda_forums,syn-for-0010,2023-06-03T16:19:38,True,synthetic://forums/syn-for-0010,Search vs scrolling for old memories,Pro tip: Name the face groups. Searching a person's name works way better than describing them.,95,Apps & software,0,,,,,,,,,,,8491,25,advice,True,False,,,,,,,,,,,
forums:syn-for-0011,forums,macrumors_forums,syn-for-0011,2026-01-03T12:44:40,True,synthetic://forums/syn-for-0011,Finding a specific old photo in Google Photos,Pro tip: Check whether the photo was ever backed up. If it was from an old phone it might never have been uploaded.,115,Apps & software,0,,,,,,,,,,,8223,5,advice,True,False,,,,,,,,,,,
forums:syn-for-0012,forums,macrumors_forums,syn-for-0012,2024-04-30T12:33:49,True,synthetic://forums/syn-for-0012,Google Photos search is failing me,"Pro tip: Use the date jump on the scrollbar, drag to the year and go month by month.",84,Apps & software,0,,,,,,,,,,,10331,14,advice,True,False,,,,,,,,,,,
forums:syn-for-0013,forums,macrumors_forums,syn-for-0013,2024-03-08T07:45:28,True,synthetic://forums/syn-for-0013,Finding a specific old photo in Google Photos,"I'm trying to find the photo of the warranty card for the washing machine. I need it because the machine broke and service wants the warranty. Timing wise it was when we bought it, 2 years ago maybe. All I remember visually is a small card taped to the invoice. I don't remember when exactly. I can't recall what it said exactly. I typed ""warranty"" in search and got a bunch of pictures that had nothing to do with it. Searched for ""warranty 2024"" and got no results. Tried ""washing machine warranty card"" and got a bunch of pictures that had nothing to do with it. I didn't know what else to try. I checked my Gmail in case I had sent it to someone. I kept retyping different searches. I gave up on finding it. Is there a better way to search for stuff like this?",764,Apps & software,0,,,,,,,,,,,12923,29,attempt,True,True,receipt,abandoned,E_refinement,remembered_time_approximation; remembered_visual_appearance,exact_date_unknown; exact_text_unknown,keyword; metadata; natural_language,warranty; warranty 2024; washing machine warranty card,wrong_results; not_found; wrong_results,abandonment; other_application; repeated_search,,
forums:syn-for-0014,forums,xda_forums,syn-for-0014,2023-09-10T23:48:33,True,synthetic://forums/syn-for-0014,Search vs scrolling for old memories,"I moved all my old phone photos in years ago. Does anyone know how to find the photo of the shoes I tried on in the store? I need it because I want to order them online. Timing wise it was around Diwali sales. It was taken at a mall. I don't remember the name of the place. I don't know what it's called. I searched ""shoes"" and got no results. Tried ""grey running shoes with green sole"" and nothing came up. Text inside screenshots doesn't seem to be searchable. I scrolled for like 40 minutes. I even googled how to search Google Photos better. Never found it. Any tips?",571,Apps & software,0,,,,,,,,,,,18451,12,attempt,True,True,purchase_related_image,not_found,F_data_index_limitation,remembered_place; remembered_time_approximation,exact_location_unknown; exact_object_name_unknown,keyword; natural_language,shoes; grey running shoes with green sole,not_found; not_found,external_search; manual_scrolling,long_tenure,
forums:syn-for-0015,forums,xda_forums,syn-for-0015,2025-09-21T04:09:04,True,synthetic://forums/syn-for-0015,Search vs scrolling for old memories,Two things. Uploading in original quality eats my data plan.,60,Apps & software,0,,,,,,,,,,,19971,27,noise,False,False,,,,,,,,,,,
forums:syn-for-0016,forums,android_central_forums,syn-for-0016,2023-01-27T08:13:37,True,synthetic://forums/syn-for-0016,Google Photos search is failing me,"I'm trying to find the family photo from Diwali where everyone is wearing white. I need it because my aunt asked me to send it. I remember the whole extended family being in it. It was for Diwali. It was taken at my aunt's house. I remember everyone in white kurtas with diyas in front. I can't remember the date at all. I typed ""diwali 2018"" in search and got no results. Tried ""family in white clothes with diyas"" and got no results. I typed ""diwali"" in search and nothing came up. The photo is definitely in my library but search never shows it. Ended up scrolling back through years of photos. I jumped to roughly that year with the scrollbar and went month by month. Got it eventually, after three days. Any tips?",718,Apps & software,0,,,,,,,,,,,16172,31,attempt,True,True,family_memory,found,C_retrieval,remembered_occasion; remembered_person; remembered_place; remembered_visual_appearance,exact_date_unknown,metadata; natural_language; keyword,diwali 2018; family in white clothes with diyas; diwali,not_found; not_found; not_found,date_browsing; manual_scrolling,,
forums:syn-for-0017,forums,android_central_forums,syn-for-0017,2026-04-23T10:55:46,True,synthetic://forums/syn-for-0017,Search vs scrolling for old memories,"Honestly search is amazing. I typed ""college marksheet with blue border"" and it found the picture of my college marksheet in seconds.",133,Apps & software,0,,,,,,,,,,,3882,17,success,True,True,document,found,none_observed,,,,,,,,vague_search_succeeded
forums:syn-for-0018,forums,android_central_forums,syn-for-0018,2025-08-03T09:36:52,True,synthetic://forums/syn-for-0018,Google Photos search is failing me,"I'm trying to find a picture of the sofa fabric sample. I need it now because we're finally ordering the sofa. Timing wise it was when we were redoing the living room. I can picture a mustard-coloured textured fabric. It was taken at the furniture shop. No idea what the thing is actually called. I don't remember when exactly. I searched ""fabric"" and got no results. I searched ""furniture shop"" and nothing came up. I typed ""mustard fabric sample"" in search and nothing came up. Text inside screenshots doesn't seem to be searchable. I tried the screenshots category filter as well. Tried synonyms like ""cloth"" too. Never found it.",632,Apps & software,0,,,,,,,,,,,482,25,attempt,True,True,purchase_related_image,not_found,F_data_index_limitation,remembered_place; remembered_time_approximation; remembered_visual_appearance,exact_date_unknown; exact_object_name_unknown,keyword; metadata; natural_language,fabric; furniture shop; mustard fabric sample,not_found; not_found; not_found,filters; synonym_search,,
forums:syn-for-0019,forums,macrumors_forums,syn-for-0019,2024-06-21T22:46:41,True,synthetic://forums/syn-for-0019,Google Photos search is failing me,"Looking for the class photo from school farewell. I need it because our class WhatsApp group is collecting old photos. It was a photo of a printed photo my classmate sent. All I remember visually is everyone in sarees and suits on the school steps. I remember my whole class being in it. I don't remember when exactly. The photo probably has no proper date on it. Searched for ""2010"" and got thousands of results to scroll through. Tried ""farewell"" and it gave me hundreds of photos. I searched ""class photo on school steps sarees suits"" and got thousands of results to scroll through. All the results look the same as tiny thumbnails. I kept retyping different searches. I jumped to roughly that year with the scrollbar and went month by month. I gave up on finding it. How do you all deal with this?",801,Apps & software,0,,,,,,,,,,,15903,34,attempt,True,True,school_or_college_memory,abandoned,D_result_evaluation,remembered_person; remembered_relationship; remembered_visual_appearance,exact_date_unknown; metadata_unknown,metadata; keyword; natural_language,2010; farewell; class photo on school steps sarees suits,too_many_results; too_many_results; too_many_results,abandonment; date_browsing; repeated_search,,
forums:syn-for-0020,forums,android_central_forums,syn-for-0020,2024-09-20T10:05:47,True,synthetic://forums/syn-for-0020,Tips for locating an old photo?,"Couldn't find the photo of the menu at the street food stall anywhere, then realised it was on my old phone and never got backed up.",132,Apps & software,0,,,,,,,,,,,6412,23,misattribution,True,True,food_restaurant_memory,not_found,F_data_index_limitation,,,,,,,,failure_not_search_related
forums:syn-for-0021,forums,android_central_forums,syn-for-0021,2025-09-04T07:34:30,True,synthetic://forums/syn-for-0021,Finding a specific old photo in Google Photos,"Does anyone know how to find the group photo from the night we all stayed up on the terrace? It was final year of college, so around 2016. I can picture fairy lights and everyone squinting because of the flash. I never knew his name. Tried ""2016 night"" but it just showed random photos. I just didn't know how to describe it in a way search would get. I asked my sister if she still had it. I went through the face group for that person too. Still haven't found it. Any tips?",475,Apps & software,0,,,,,,,,,,,3007,35,attempt,True,True,friend_memory,not_found,A_memory_expression,remembered_time_approximation; remembered_visual_appearance,person_name_unknown,metadata,2016 night,wrong_results,ask_another_person; people_browsing,,
forums:syn-for-0022,forums,toms_guide_forum,syn-for-0022,2024-01-04T18:59:08,True,synthetic://forums/syn-for-0022,Google Photos search is failing me,"Search should work the way I remember things, like 'handwritten street food menu board', not just single words.",111,Apps & software,0,,,,,,,,,,,10801,36,opinion,True,False,,,,,,,,,,,
forums:syn-for-0023,forums,macrumors_forums,syn-for-0023,2023-05-27T13:52:20,True,synthetic://forums/syn-for-0023,Tips for locating the photo of my car's insurance papers?,"Looking for the photo of my car's insurance papers. I remember a folded paper on the dashboard. For context, I took it in the car when the traffic police stopped me once. Timing wise it was last year sometime. I don't remember when exactly. Searched for ""insurance"" and nothing came up. Searched for ""insurance"" and got no results. I just didn't know how to describe it in a way search would get. Eventually I searched my WhatsApp chats instead. I gave up on finding it. Any tips?",480,Apps & software,0,,,,,,,,,,,4262,39,attempt,True,True,document,abandoned,A_memory_expression,remembered_context; remembered_time_approximation; remembered_visual_appearance,exact_date_unknown,metadata; keyword,insurance; insurance,not_found; not_found,abandonment; other_application,,
forums:syn-for-0024,forums,android_central_forums,syn-for-0024,2023-10-24T07:11:08,True,synthetic://forums/syn-for-0024,Finding a specific old photo in Google Photos,"Something that helps: Tip: if location history was on, try the map view and zoom into the area instead of searching the name.",125,Apps & software,0,,,,,,,,,,,7989,7,advice,True,False,,,,,,,,,,,
forums:syn-for-0025,forums,macrumors_forums,syn-for-0025,2024-07-02T10:23:43,True,synthetic://forums/syn-for-0025,Search vs scrolling for old memories,Two things. App keeps crashing when I open a large video.,57,Apps & software,0,,,,,,,,,,,16485,20,noise,False,False,,,,,,,,,,,
forums:syn-for-0026,forums,android_central_forums,syn-for-0026,2023-05-25T05:02:45,True,synthetic://forums/syn-for-0026,Finding a specific old photo in Google Photos,"I've been looking for the photo with the bride and my grandmother for days. I need it now because grandma wants a print. It had my grandmother and my sister-in-law in it. Timing wise it was reception night. Not sure which month or year, honestly. I don't remember which album it went into. Searched for ""old lady in green saree with bride on stage"" and got thousands of results to scroll through. All the results look the same as tiny thumbnails. I asked my sister if she still had it. Found one that might be it, but I'm not sure it's the same one.",549,Apps & software,0,,,,,,,,,,,15822,13,attempt,True,True,wedding_memory,uncertain,D_result_evaluation,remembered_person; remembered_time_approximation,album_unknown; exact_date_unknown,natural_language,old lady in green saree with bride on stage,too_many_results,ask_another_person,,
forums:syn-for-0027,forums,macrumors_forums,syn-for-0027,2023-12-08T03:00:06,True,synthetic://forums/syn-for-0027,Google Photos search is failing me,"Looking for the old scanned photo of my grandparents' wedding. I need it because we're printing a family tree. It was a scan my uncle sent me. All I remember visually is black and white, grandma in a big necklace. I don't remember when exactly. I typed ""black and white wedding photo grandparents"" in search and it gave me hundreds of photos. I searched ""old photo"" and it gave me hundreds of photos. All the results look the same as tiny thumbnails. I went through the face group for that person too. I jumped to roughly that year with the scrollbar and went month by month. Never found it. Is there a better way to search for stuff like this?",644,Apps & software,0,,,,,,,,,,,2494,38,attempt,True,True,family_memory,not_found,D_result_evaluation,remembered_relationship; remembered_visual_appearance,exact_date_unknown,natural_language; keyword,black and white wedding photo grandparents; old photo,too_many_results; too_many_results,date_browsing; people_browsing,,
forums:syn-for-0028,forums,toms_guide_forum,syn-for-0028,2026-07-16T09:11:59,True,synthetic://forums/syn-for-0028,Search vs scrolling for old memories,"Pro tip: You can search text inside photos sometimes, but it only works if the words are clear in the image.",108,Apps & software,0,,,,,,,,,,,10116,23,advice,True,False,,,,,,,,,,,
forums:syn-for-0029,forums,macrumors_forums,syn-for-0029,2023-03-22T14:30:35,True,synthetic://forums/syn-for-0029,Tips for locating an old photo?,It's frustrating that I have to guess what word the app uses for something.,75,Apps & software,0,,,,,,,,,,,15471,19,opinion,True,False,,,,,,,,,,,
forums:syn-for-0030,forums,toms_guide_forum,syn-for-0030,2025-07-15T09:10:00,True,synthetic://forums/syn-for-0030,Tips for locating the selfie from the concert?,"I've been looking for the selfie from the concert for days. I need it because it's her birthday and I want to post it. It was not sure if it was the first or second day. All I remember visually is confetti in the air behind us. I remember my best friend being in it. Not sure which month or year, honestly. Tried ""coldplay"" and nothing came up. I searched ""concert"" and nothing came up. I didn't know what else to try. I jumped to roughly that year with the scrollbar and went month by month. I went through the face group for that person too. Got it eventually, after half an hour of scrolling.",595,Apps & software,0,,,,,,,,,,,1519,15,attempt,True,True,friend_memory,found,E_refinement,remembered_person; remembered_time_approximation; remembered_visual_appearance,exact_date_unknown,metadata; keyword,coldplay; concert,not_found; not_found,date_browsing; people_browsing,,
forums:syn-for-0031,forums,xda_forums,syn-for-0031,2024-01-01T13:37:32,True,synthetic://forums/syn-for-0031,Tips for locating the picture of the medicine I took when I was sick last year?,"I'm trying to find the picture of the medicine I took when I was sick last year. I remember the doctor prescribed it when I had that bad fever. It's a picture of a strip of tablets. Timing wise it was last year, maybe during the rainy season. No idea what the thing is actually called. I have no idea what year it was. I searched ""medicine"" and got a bunch of pictures that had nothing to do with it. I typed ""medicine strip orange tablets"" in search and got a bunch of pictures that had nothing to do with it. I ran out of ideas pretty quickly. I scrolled for like 40 minutes. Never found it. Is there a better way to search for stuff like this?",646,Apps & software,0,,,,,,,,,,,10012,31,attempt,True,True,medical_or_health_image,not_found,E_refinement,remembered_context; remembered_object; remembered_time_approximation,exact_date_unknown; exact_object_name_unknown,keyword; natural_language,medicine; medicine strip orange tablets,wrong_results; wrong_results,manual_scrolling,,
forums:syn-for-0032,forums,macrumors_forums,syn-for-0032,2024-09-22T05:15:26,True,synthetic://forums/syn-for-0032,Finding a specific old photo in Google Photos,"Looking for the picture of the houseboat we stayed on. I need it because I wanted to print it for my parents' anniversary. It's from our family trip to Kerala. I remember my parents being in it. Timing wise it was a few years ago, before covid I think. I know it was somewhere in the Kerala backwaters. I have no idea what year it was. I typed ""dad standing on a boat with a wooden roof"" in search and got a bunch of pictures that had nothing to do with it. Searched for ""houseboat"" and got a bunch of pictures that had nothing to do with it. I didn't know what else to try. I jumped to roughly that year with the scrollbar and went month by month. I gave up on finding it. Is there a better way to search for stuff like this?",726,Apps & software,0,,,,,,,,,,,15008,10,attempt,True,True,travel_memory,abandoned,E_refinement,remembered_person; remembered_place; remembered_time_approximation; remembered_trip,exact_date_unknown,natural_language; keyword,dad standing on a boat with a wooden roof; houseboat,wrong_results; wrong_results,abandonment; date_browsing,,
forums:syn-for-0033,forums,toms_guide_forum,syn-for-0033,2025-01-06T21:39:36,True,synthetic://forums/syn-for-0033,Search vs scrolling for old memories,"Does anyone know how to find the picture of my college marksheet? I can picture a certificate with a blue border. I remember it showed my semester grades. For context, I sent it to some HR at some point. I don't remember when exactly. Searched for ""2020 certificate"" and got no results. Tried ""marksheet"" but it just showed random photos. How do you even search for something like that? I kept retyping different searches. Tried synonyms like ""certificate"" too. Got it eventually, after way too long. Any tips?",510,Apps & software,0,,,,,,,,,,,17562,15,attempt,True,True,document,found,A_memory_expression,remembered_context; remembered_text; remembered_visual_appearance,exact_date_unknown,metadata; keyword,2020 certificate; marksheet,not_found; wrong_results,repeated_search; synonym_search,,
forums:syn-for-0034,forums,toms_guide_forum,syn-for-0034,2026-06-08T06:22:54,True,synthetic://forums/syn-for-0034,Tips for locating an old photo?,"Didn't remember anything except baby video, searched for that and it showed up. Impressed.",90,Apps & software,0,,,,,,,,,,,16438,4,success,True,True,video,found,none_observed,,,,,,,,vague_search_succeeded
forums:syn-for-0035,forums,toms_guide_forum,syn-for-0035,2025-12-08T12:25:19,True,synthetic://forums/syn-for-0035,Search vs scrolling for old memories,"Looking for the photo from our college fest. I need it now because 10 year reunion is coming up. It was at the college cultural fest. I remember the photos were from an old phone that I backed up later. I can't recall the name of the event. I searched ""students in black t shirts in front of banner"" and it popped up near the top. I jumped to roughly that year with the scrollbar and went month by month. I scrolled for like 40 minutes. Finally found it after two evenings.",473,Apps & software,0,,,,,,,,,,,11628,34,attempt,True,True,school_or_college_memory,found,none_observed,remembered_context; remembered_event,event_name_unknown,natural_language,students in black t shirts in front of banner,found,date_browsing; manual_scrolling,,
forums:syn-for-0036,forums,toms_guide_forum,syn-for-0036,2026-07-21T09:37:27,True,synthetic://forums/syn-for-0036,Tips for locating the photo of my car's insurance papers?,"I've been looking for the photo of my car's insurance papers for days. I remember it showed the policy number. All I remember visually is a folded paper on the dashboard. It was last year sometime. Not sure which month or year, honestly. I can't recall what it said exactly. I typed ""insurance"" in search and got no results. The text in the photo doesn't seem to be searchable. Tried synonyms like ""policy"" too. I found a similar one but not the exact photo I wanted. Any tips?",477,Apps & software,0,,,,,,,,,,,917,27,attempt,True,True,document,partially_found,F_data_index_limitation,remembered_text; remembered_time_approximation; remembered_visual_appearance,exact_date_unknown; exact_text_unknown,keyword,insurance,not_found,synonym_search,,
forums:syn-for-0037,forums,toms_guide_forum,syn-for-0037,2024-01-03T20:59:49,True,synthetic://forums/syn-for-0037,Search vs scrolling for old memories,Found the photo of the menu at the street food stall by searching the person's face and then scrolling a bit. Took two minutes.,127,Apps & software,0,,,,,,,,,,,15430,23,success,True,True,food_restaurant_memory,found,none_observed,,,,,,,,vague_search_succeeded
forums:syn-for-0038,forums,toms_guide_forum,syn-for-0038,2024-06-16T22:22:38,True,synthetic://forums/syn-for-0038,Finding a specific old photo in Google Photos,"I've been looking for the candid of my cousin laughing during the haldi for days. Timing wise it was the morning before the wedding, 2023. I remember my cousin being in it. I remember someone had just thrown haldi on her. It's from my cousin's haldi. I can't remember the date at all. I typed ""girl laughing covered in yellow with marigolds"" in search and nothing came up. Searched for ""haldi"" and nothing came up. I searched ""2023 wedding"" and nothing came up. It just doesn't show up in search even though I know it's there. I scrolled for like 40 minutes. Never found it.",574,Apps & software,0,,,,,,,,,,,14625,37,attempt,True,True,wedding_memory,not_found,C_retrieval,remembered_context; remembered_event; remembered_person; remembered_time_approximation,exact_date_unknown,natural_language; keyword; metadata,girl laughing covered in yellow with marigolds; haldi; 2023 wedding,not_found; not_found; not_found,manual_scrolling,,
forums:syn-for-0039,forums,toms_guide_forum,syn-for-0039,2023-02-11T23:19:27,True,synthetic://forums/syn-for-0039,Finding a specific old photo in Google Photos,"I'm trying to find that photo where I was wearing the blue shirt. I need it now because I need a profile photo for a new job. I can picture me in a light blue linen shirt against a white wall. It was taken at a friend's place, I think. I don't remember when exactly. I don't remember the name of the place. Searched for ""blue shirt"" and it gave me hundreds of photos. I searched ""me wearing blue shirt white wall"" and it gave me hundreds of photos. I searched ""summer"" and got thousands of results to scroll through. I have hundreds of similar shots and can't tell which one it was. I scrolled for like 40 minutes. Found one that might be it, but I'm not sure it's the same one. Any tips?",688,Apps & software,0,,,,,,,,,,,18166,34,attempt,True,True,personal_memory,uncertain,D_result_evaluation,remembered_place; remembered_visual_appearance,exact_date_unknown; exact_location_unknown,keyword; natural_language; metadata,blue shirt; me wearing blue shirt white wall; summer,too_many_results; too_many_results; too_many_results,manual_scrolling,,
forums:syn-for-0040,forums,android_central_forums,syn-for-0040,2023-06-03T13:16:12,True,synthetic://forums/syn-for-0040,Finding a specific old photo in Google Photos,"My library is around 35k photos. I'm trying to find the photo of my car's insurance papers. I need it now because I had an accident and need the policy number. All I remember visually is a folded paper on the dashboard. It was last year sometime. I have no idea what year it was. I don't remember the exact words on it. Searched for ""insurance"" and got no results. The text in the photo doesn't seem to be searchable. I kept retyping different searches. Found one that might be it, but I'm not sure it's the same one. Any tips?",527,Apps & software,0,,,,,,,,,,,2770,32,attempt,True,True,document,uncertain,F_data_index_limitation,remembered_time_approximation; remembered_visual_appearance,exact_date_unknown; exact_text_unknown,keyword,insurance,not_found,repeated_search,large_library,
forums:syn-for-0041,forums,android_central_forums,syn-for-0041,2023-10-19T13:43:37,True,synthetic://forums/syn-for-0041,Search vs scrolling for old memories,"Minor gripe: Love the collage feature, made a nice one for my mom. Cancelled my subscription, moving everything to an external drive.",133,Apps & software,0,,,,,,,,,,,3089,18,noise,False,False,,,,,,,,,,,
forums:syn-for-0042,forums,android_central_forums,syn-for-0042,2025-07-25T21:33:41,True,synthetic://forums/syn-for-0042,Tips for locating the photo of my car's insurance papers?,"Looking for the photo of my car's insurance papers. I need it because I had an accident and need the policy number. I can picture a folded paper on the dashboard. It's a picture of the insurance papers. For context, I took it in the car when the traffic police stopped me once. It had the policy number on it. I can't remember the date at all. I can't recall what it said exactly. I typed ""insurance"" in search and got no results. I didn't know what else to try. Ended up scrolling back through years of photos. I kept retyping different searches. Never found it. How do you all deal with this?",594,Apps & software,0,,,,,,,,,,,11134,5,attempt,True,True,document,not_found,E_refinement,remembered_context; remembered_object; remembered_text; remembered_visual_appearance,exact_date_unknown; exact_text_unknown,metadata,insurance,not_found,manual_scrolling; repeated_search,,
forums:syn-for-0043,forums,macrumors_forums,syn-for-0043,2025-01-05T15:30:02,True,synthetic://forums/syn-for-0043,Search vs scrolling for old memories,"I moved all my old phone photos in years ago. Does anyone know how to find the photo of a plant I saw at a nursery? I need it because I want to buy it now that I have a balcony. All I remember visually is purple and green striped leaves in a hanging pot. I know it was at a nursery near my office. It was last spring. I don't know what it's called. I can't recall where exactly it was. Tried ""nursery"" but it just showed random photos. Tried ""plant"" and got no results. Searched for ""plant with purple striped leaves"" and got no results. After that I had no idea what else to try. Ended up scrolling back through years of photos. Tried synonyms like ""leaves"" too. Got it eventually, after about an hour. How do you all deal with this?",734,Apps & software,0,,,,,,,,,,,7943,0,attempt,True,True,object_memory,found,E_refinement,remembered_place; remembered_time_approximation; remembered_visual_appearance,exact_location_unknown; exact_object_name_unknown,metadata; keyword; natural_language,nursery; plant; plant with purple striped leaves,wrong_results; not_found; not_found,manual_scrolling; synonym_search,long_tenure,
forums:syn-for-0044,forums,toms_guide_forum,syn-for-0044,2025-07-01T12:03:51,True,synthetic://forums/syn-for-0044,Search vs scrolling for old memories,"Looking for the picture of the pharmacy receipt. I need it now because the insurance claim deadline is this week. I can picture thermal paper that was already fading. It was around when I was sick last year. It had the medicine names and total on it. I can't remember the date at all. I can't recall what it said exactly. I searched ""pharmacy"" but it just showed random photos. I ran out of ideas pretty quickly. I checked my Gmail in case I had sent it to someone. Found one that might be it, but I'm not sure it's the same one. Am I doing something wrong?",557,Apps & software,0,,,,,,,,,,,16000,27,attempt,True,True,receipt,uncertain,E_refinement,remembered_text; remembered_time_approximation; remembered_visual_appearance,exact_date_unknown; exact_text_unknown,metadata,pharmacy,wrong_results,other_application,,
forums:syn-for-0045,forums,toms_guide_forum,syn-for-0045,2023-06-24T10:24:46,True,synthetic://forums/syn-for-0045,Finding a specific old photo in Google Photos,"I'm trying to find the picture of the pharmacy receipt. I need it because the insurance claim deadline is this week. It's a picture of a pharmacy bill. It was around when I was sick last year. I remember it showed the medicine names and total. I can't recall what it said exactly. Not sure which month or year, honestly. I typed ""pharmacy medicine bill"" in search and nothing came up. It just doesn't show up in search even though I know it's there. I kept retyping different searches. Never found it.",501,Apps & software,0,,,,,,,,,,,2846,19,attempt,True,True,receipt,not_found,C_retrieval,remembered_object; remembered_text; remembered_time_approximation,exact_date_unknown; exact_text_unknown,natural_language,pharmacy medicine bill,not_found,repeated_search,,
forums:syn-for-0046,forums,toms_guide_forum,syn-for-0046,2023-08-20T07:53:44,True,synthetic://forums/syn-for-0046,Google Photos search is failing me,"Thought search was broken but the group photo from the night we all stayed up on the terrace was in my partner's library, not mine.",131,Apps & software,0,,,,,,,,,,,10268,34,misattribution,True,True,friend_memory,not_found,F_data_index_limitation,,,,,,,,failure_not_search_related
forums:syn-for-0047,forums,macrumors_forums,syn-for-0047,2023-04-20T23:44:21,True,synthetic://forums/syn-for-0047,Finding a specific old photo in Google Photos,"Honestly search is amazing. I typed ""blood test report hospital"" and it found the photo of my dad's blood test report in seconds.",129,Apps & software,0,,,,,,,,,,,12876,29,success,True,True,medical_or_health_image,found,none_observed,,,,,,,,vague_search_succeeded
forums:syn-for-0048,forums,android_central_forums,syn-for-0048,2023-10-30T02:29:21,True,synthetic://forums/syn-for-0048,Google Photos search is failing me,"I'm trying to find the photo of my son's vaccination card. I need it now because school admission needs it. It's a picture of the vaccination card. I remember a pink card with stamps. Timing wise it was when he was a baby. I remember it showed the dates of the last booster. I can't recall what it said exactly. Tried ""vaccination"" and got no results. Searched for ""vaccine"" and nothing came up. The photo is definitely in my library but search never shows it. I kept retyping different searches. I checked my Gmail in case I had sent it to someone. Never found it.",565,Apps & software,0,,,,,,,,,,,8207,33,attempt,True,True,document,not_found,C_retrieval,remembered_object; remembered_text; remembered_time_approximation; remembered_visual_appearance,exact_text_unknown,keyword; metadata,vaccination; vaccine,not_found; not_found,other_application; repeated_search,,
forums:syn-for-0049,forums,macrumors_forums,syn-for-0049,2024-10-06T22:19:39,True,synthetic://forums/syn-for-0049,Google Photos search is failing me,"I take a ridiculous number of screenshots. I'm trying to find the screenshot of a chat where my landlord agreed to the repair. Timing wise it was sometime last spring. I remember it showed him saying he would pay for it. I don't remember the exact words on it. Tried ""chat screenshot"" and got thousands of results to scroll through. I typed ""screenshot of chat with landlord about repair"" in search and it gave me hundreds of photos. I searched ""whatsapp"" and it gave me hundreds of photos. There are so many almost identical shots from that day that I can't tell which one it is. I tried the screenshots category filter as well. Finally found it after about an hour. Am I doing something wrong?",695,Apps & software,0,,,,,,,,,,,8255,23,attempt,True,True,screenshot,found,D_result_evaluation,remembered_text; remembered_time_approximation,exact_text_unknown,metadata; natural_language; keyword,chat screenshot; screenshot of chat with landlord about repair; whatsapp,too_many_results; too_many_results; too_many_results,filters,screenshot_heavy,
forums:syn-for-0050,forums,android_central_forums,syn-for-0050,2025-03-11T14:25:39,True,synthetic://forums/syn-for-0050,Finding a specific old photo in Google Photos,"I'm trying to find the photo of the prescription for my mother's eye drops. I need it because the pharmacy needs the name. The photo shows a prescription. I remember the doctor's handwriting was unreadable. It was sometime after her cataract surgery. I remember it showed the name of the eye drops. I don't remember the exact words on it. I don't know what it's called. Searched for ""eye clinic"" and got a bunch of pictures that had nothing to do with it. Searched for ""doctor prescription eye drops"" and got no results. I searched ""prescription"" and got no results. I ran out of ideas pretty quickly. I scrolled for like 40 minutes. Found one that might be it, but I'm not sure it's the same one.",697,Apps & software,0,,,,,,,,,,,10002,36,attempt,True,True,medical_or_health_image,uncertain,E_refinement,remembered_context; remembered_object; remembered_text; remembered_time_approximation,exact_object_name_unknown; exact_text_unknown,metadata; natural_language; keyword,eye clinic; doctor prescription eye drops; prescription,wrong_results; not_found; not_found,manual_scrolling,,
forums:syn-for-0051,forums,toms_guide_forum,syn-for-0051,2025-08-11T05:52:35,True,synthetic://forums/syn-for-0051,Search vs scrolling for old memories,"My wife and I share a partner library. I'm trying to find the screenshot where I had the information about that course. I need it because the application deadline might be close. It had the course fees and the deadline on it. I remember a blue banner with a university logo. I don't remember the exact words on it. I searched ""course"" and got no results. I searched ""screenshot linkedin"" and got no results. Tried ""screenshot of course details with fees"" and got no results. It just doesn't show up in search even though I know it's there. I scrolled for like 40 minutes. Eventually I searched my WhatsApp chats instead. I gave up on finding it.",645,Apps & software,0,,,,,,,,,,,7032,11,attempt,True,True,screenshot,abandoned,C_retrieval,remembered_text; remembered_visual_appearance,exact_text_unknown,keyword; metadata; natural_language,course; screenshot linkedin; screenshot of course details with fees,not_found; not_found; not_found,abandonment; manual_scrolling; other_application,shared_library,
forums:syn-for-0052,forums,android_central_forums,syn-for-0052,2024-07-24T04:25:55,True,synthetic://forums/syn-for-0052,Google Photos search is failing me,Something that helps: Name the face groups. Searching a person's name works way better than describing them.,108,Apps & software,0,,,,,,,,,,,17065,39,advice,True,False,,,,,,,,,,,
forums:syn-for-0053,forums,toms_guide_forum,syn-for-0053,2024-01-11T15:56:31,True,synthetic://forums/syn-for-0053,Finding a specific old photo in Google Photos,"On the web version on my laptop. Looking for the video of my dog meeting the new puppy. I need it because our old dog passed away last week. It was right after we adopted the puppy, 2020. I remember the puppy running circles around him. I remember our old dog being in it. We were in our backyard when I took it. I can't remember the date at all. I typed ""video of old dog meeting new puppy"" in search and nothing came up. I searched ""2020 video"" and nothing came up. Screen recordings don't seem to be indexed at all. In the end I texted my friend to send it again. Gave up for the day and tried again the next week. Never found it.",633,Apps & software,0,,,,,,,,,,,8249,20,attempt,True,True,video,not_found,F_data_index_limitation,remembered_person; remembered_place; remembered_time_approximation; remembered_visual_appearance,exact_date_unknown,natural_language; metadata,video of old dog meeting new puppy; 2020 video,not_found; not_found,ask_another_person; return_later,desktop_web,
forums:syn-for-0054,forums,xda_forums,syn-for-0054,2023-01-23T09:28:02,True,synthetic://forums/syn-for-0054,Tips for locating the photo of the parking spot sign?,"I'm trying to find the photo of the parking spot sign. I need it now because I got a parking fine and need to prove where I was. It had the level and bay number on it. For context, I took it so I'd remember where I parked. I can't recall where exactly it was. I typed ""parking"" in search and got no results. Tried ""parking pillar sign"" and nothing came up. Searched for ""parking"" and got no results. It just doesn't show up in search even though I know it's there. I asked my sister if she still had it. Got it eventually, after two evenings.",542,Apps & software,0,,,,,,,,,,,5257,10,attempt,True,True,location_memory,found,C_retrieval,remembered_context; remembered_text,exact_location_unknown,metadata; natural_language; keyword,parking; parking pillar sign; parking,not_found; not_found; not_found,ask_another_person,,
forums:syn-for-0055,forums,macrumors_forums,syn-for-0055,2023-05-24T00:59:31,True,synthetic://forums/syn-for-0055,Google Photos search is failing me,"Half my library is screenshots. Does anyone know how to find the photo of the street where we got lost? I need it now because we want to frame it. It had my husband in it. Timing wise it was on the third or fourth day of the trip. It was taken in some old town in Portugal. I can't recall where exactly it was. I don't even remember what the event was called. I typed ""narrow street with yellow tiles and tram"" in search but it just showed random photos. I typed ""lisbon"" in search but it just showed random photos. It took ""street"" literally and ignored everything else. I asked my sister if she still had it. Got it eventually, after two evenings. Any tips?",659,Apps & software,0,,,,,,,,,,,3266,27,attempt,True,True,travel_memory,found,B_system_understanding,remembered_person; remembered_place; remembered_time_approximation,event_name_unknown; exact_location_unknown,natural_language; metadata,narrow street with yellow tiles and tram; lisbon,wrong_results; wrong_results,ask_another_person,screenshot_heavy,
forums:syn-for-0056,forums,android_central_forums,syn-for-0056,2023-08-25T07:23:59,True,synthetic://forums/syn-for-0056,Google Photos search is failing me,"Was sure I'd never find the photo of a plant I saw at a nursery, but searching ""plant"" plus the year got it on the first try.",125,Apps & software,0,,,,,,,,,,,5339,36,success,True,True,object_memory,found,none_observed,,,,,,,,vague_search_succeeded
forums:syn-for-0057,forums,toms_guide_forum,syn-for-0057,2023-10-22T04:03:52,True,synthetic://forums/syn-for-0057,Tips for locating a photo of the bookshelf I wanted to build?,"I moved all my old phone photos in years ago. I've been looking for a photo of the bookshelf I wanted to build for days. I need it now because the carpenter is coming tomorrow. It had my friend in it. It was sometime last year. The photo shows a wall shelf. I remember I saw it at a friend's house. No idea what the thing is actually called. I searched ""shelf"" and nothing came up. I typed ""hexagon wooden wall shelf"" in search and got a bunch of pictures that had nothing to do with it. I searched ""shelf"" and nothing came up. I ran out of ideas pretty quickly. I kept retyping different searches. I went through the map view hoping to spot it. Never found it.",661,Apps & software,0,,,,,,,,,,,15748,30,attempt,True,True,object_memory,not_found,E_refinement,remembered_context; remembered_object; remembered_person; remembered_time_approximation,exact_object_name_unknown,keyword; natural_language; metadata,shelf; hexagon wooden wall shelf; shelf,not_found; wrong_results; not_found,location_browsing; repeated_search,long_tenure,
forums:syn-for-0058,forums,android_central_forums,syn-for-0058,2023-08-29T11:58:49,True,synthetic://forums/syn-for-0058,Tips for locating an old photo?,"The search is fine if you know exactly what you want, but not when you only half remember it.",93,Apps & software,0,,,,,,,,,,,19494,28,opinion,True,False,,,,,,,,,,,
forums:syn-for-0059,forums,android_central_forums,syn-for-0059,2024-11-22T09:27:15,True,synthetic://forums/syn-for-0059,Tips for locating a photo of the biryani my grandmother made?,"Does anyone know how to find a photo of the biryani my grandmother made? I need it now because she passed away and I really want that picture. Honestly it means a lot to me. It had my grandmother in it. It was for Eid. I have no idea what year it was. I searched ""grandma serving biryani from a copper pot"" but it just showed random photos. I searched ""biryani"" but it just showed random photos. It seems like search ignores half of what I type and only matches one word. Ended up scrolling back through years of photos. I jumped to roughly that year with the scrollbar and went month by month. Finally found it after three days. Any tips?",639,Apps & software,0,,,,,,,,,,,11016,1,attempt,True,True,food_restaurant_memory,found,B_system_understanding,remembered_emotion; remembered_occasion; remembered_person,exact_date_unknown,natural_language; keyword,grandma serving biryani from a copper pot; biryani,wrong_results; wrong_results,date_browsing; manual_scrolling,,
forums:syn-for-0060,forums,xda_forums,syn-for-0060,2026-04-25T05:36:20,True,synthetic://forums/syn-for-0060,Search vs scrolling for old memories,"There are something like 45,000 pictures in my account. Looking for the photo of the dessert we ordered at that restaurant. It was taken at some rooftop place in Bangalore. It was at my sister's birthday dinner. No clue what the place was called. I can't recall the name of the event. I searched ""dessert"" and got a bunch of pictures that had nothing to do with it. I searched ""bangalore october"" and got a bunch of pictures that had nothing to do with it. Searched for ""chocolate dessert with gold on top"" and got a bunch of pictures that had nothing to do with it. It doesn't understand what I'm describing at all. Ended up scrolling back through years of photos. I kept retyping different searches. Never found it. Is there a better way to search for stuff like this?",770,Apps & software,0,,,,,,,,,,,17102,22,attempt,True,True,food_restaurant_memory,not_found,B_system_understanding,remembered_event; remembered_place,event_name_unknown; exact_location_unknown,keyword; metadata; natural_language,dessert; bangalore october; chocolate dessert with gold on top,wrong_results; wrong_results; wrong_results,manual_scrolling; repeated_search,large_library,
forums:syn-for-0061,forums,toms_guide_forum,syn-for-0061,2025-12-06T06:00:09,True,synthetic://forums/syn-for-0061,Google Photos search is failing me,"Does anyone know how to find the photo of the electrician's handwritten estimate? I need it now because he's charging way more now. It was a few months ago. I remember it showed the amount for rewiring. I can picture blue pen on lined paper. I have no idea what year it was. I searched ""handwritten estimate on notebook paper"" but it just showed random photos. I ran out of ideas pretty quickly. I kept retyping different searches. Eventually I searched my WhatsApp chats instead. I gave up on finding it. Am I doing something wrong?",533,Apps & software,0,,,,,,,,,,,10232,26,attempt,True,True,receipt,abandoned,E_refinement,remembered_text; remembered_time_approximation; remembered_visual_appearance,exact_date_unknown,natural_language,handwritten estimate on notebook paper,wrong_results,abandonment; other_application; repeated_search,,
forums:syn-for-0062,forums,xda_forums,syn-for-0062,2024-10-06T06:58:24,True,synthetic://forums/syn-for-0062,Search vs scrolling for old memories,"I've been looking for that photo where I was wearing the blue shirt for days. I need it now because I need a profile photo for a new job. Timing wise it was maybe two summers ago. I remember me in a light blue linen shirt against a white wall. Not sure which month or year, honestly. Searched for ""me wearing blue shirt white wall"" and got a bunch of pictures that had nothing to do with it. I searched ""summer"" and got no results. How do you even search for something like that? I jumped to roughly that year with the scrollbar and went month by month. Finally found it after about an hour. Is there a better way to search for stuff like this?",644,Apps & software,0,,,,,,,,,,,2347,9,attempt,True,True,personal_memory,found,A_memory_expression,remembered_time_approximation; remembered_visual_appearance,exact_date_unknown,natural_language; metadata,me wearing blue shirt white wall; summer,wrong_results; not_found,date_browsing,,
forums:syn-for-0063,forums,xda_forums,syn-for-0063,2023-03-29T17:20:31,True,synthetic://forums/syn-for-0063,Google Photos search is failing me,"Looking for the photo of the view from the train window. I need it now because I was telling someone about the trip and wanted to show them. It was in 2018 or 2019, can't pin it down. I remember nobody, it was just me being in it. I know it was on the train somewhere between two cities. All I remember visually is green hills and a reflection of my face in the glass. I can't recall where exactly it was. I have no idea what year it was. I searched ""train"" and it gave me hundreds of photos. I searched ""train 2018"" and it gave me hundreds of photos. All the results look the same as tiny thumbnails. I asked my sister if she still had it. Eventually I just gave up. Any tips?",677,Apps & software,0,,,,,,,,,,,7130,15,attempt,True,True,travel_memory,abandoned,D_result_evaluation,remembered_person; remembered_place; remembered_time_approximation; remembered_visual_appearance,exact_date_unknown; exact_location_unknown,keyword; metadata,train; train 2018,too_many_results; too_many_results,abandonment; ask_another_person,,
forums:syn-for-0064,forums,toms_guide_forum,syn-for-0064,2026-02-02T14:31:57,True,synthetic://forums/syn-for-0064,Tips for locating an old photo?,"Pro tip: Tip: if location history was on, try the map view and zoom into the area instead of searching the name.",112,Apps & software,0,,,,,,,,,,,4071,10,advice,True,False,,,,,,,,,,,
forums:syn-for-0065,forums,macrumors_forums,syn-for-0065,2025-09-02T21:37:53,True,synthetic://forums/syn-for-0065,Finding a specific old photo in Google Photos,"I'm trying to find the photo of the view from the train window. I need it because I was telling someone about the trip and wanted to show them. It had nobody, it was just me in it. We were on the train somewhere between two cities when I took it. No clue what the place was called. I can't remember the date at all. I searched ""train 2018"" but it just showed random photos. After that I had no idea what else to try. I went through the map view hoping to spot it. I gave up on finding it. How do you all deal with this?",519,Apps & software,0,,,,,,,,,,,15545,34,attempt,True,True,travel_memory,abandoned,E_refinement,remembered_person; remembered_place,exact_date_unknown; exact_location_unknown,metadata,train 2018,wrong_results,abandonment; location_browsing,,
forums:syn-for-0066,forums,android_central_forums,syn-for-0066,2023-05-11T15:32:48,True,synthetic://forums/syn-for-0066,Search vs scrolling for old memories,"Search should work the way I remember things, like 'video of band with violin red lights pub', not just single words.",117,Apps & software,0,,,,,,,,,,,3768,19,opinion,True,False,,,,,,,,,,,
forums:syn-for-0067,forums,toms_guide_forum,syn-for-0067,2023-10-14T01:27:44,True,synthetic://forums/syn-for-0067,Finding a specific old photo in Google Photos,"Two things. Syncing between my two phones is inconsistent. Love the collage feature, made a nice one for my mom.",112,Apps & software,0,,,,,,,,,,,14882,35,noise,False,False,,,,,,,,,,,
forums:syn-for-0068,forums,xda_forums,syn-for-0068,2025-08-21T09:50:43,True,synthetic://forums/syn-for-0068,Google Photos search is failing me,"Looking for the video of my dog meeting the new puppy. It's the funniest thing. It was taken in our backyard. I can picture the puppy running circles around him. I don't remember when exactly. I searched ""dog video"" and got a bunch of pictures that had nothing to do with it. Searched for ""video of old dog meeting new puppy"" and nothing came up. I searched ""2020 video"" and got a bunch of pictures that had nothing to do with it. How do you even search for something like that? Tried synonyms like ""puppy"" too. Still haven't found it. Is there a better way to search for stuff like this?",588,Apps & software,0,,,,,,,,,,,10588,19,attempt,True,True,video,not_found,A_memory_expression,remembered_emotion; remembered_place; remembered_visual_appearance,exact_date_unknown,keyword; natural_language; metadata,dog video; video of old dog meeting new puppy; 2020 video,wrong_results; not_found; wrong_results,synonym_search,,
forums:syn-for-0069,forums,android_central_forums,syn-for-0069,2024-03-17T19:06:04,True,synthetic://forums/syn-for-0069,Finding a specific old photo in Google Photos,"Looking for the photo of my son's first steps. It was when he was around one, so 2019 probably. All I remember visually is the green rug and him holding the sofa. I don't remember when exactly. I typed ""baby walking"" in search and it gave me hundreds of photos. I searched ""2019"" and got thousands of results to scroll through. All the results look the same as tiny thumbnails. I went through the face group for that person too. Ended up scrolling back through years of photos. Eventually I just gave up. Is there a better way to search for stuff like this?",557,Apps & software,0,,,,,,,,,,,10480,25,attempt,True,True,family_memory,abandoned,D_result_evaluation,remembered_time_approximation; remembered_visual_appearance,exact_date_unknown,keyword; metadata,baby walking; 2019,too_many_results; too_many_results,abandonment; manual_scrolling; people_browsing,,
forums:syn-for-0070,forums,xda_forums,syn-for-0070,2023-02-05T02:30:37,True,synthetic://forums/syn-for-0070,Tips for locating a photo with a guy we met on a trek?,"Does anyone know how to find a photo with a guy we met on a trek? It was 2019 I think. I know it was at the top of the trek. This was during the Himachal trek. I remember a yellow jacket and a flag behind us. I don't remember the name of the place. I typed ""trek"" in search and nothing came up. Tried ""photo with foreigner in yellow jacket on mountain top"" and nothing came up. I know exactly what it looks like but can't put it into search words. I went through the face group for that person too. I jumped to roughly that year with the scrollbar and went month by month. I gave up on finding it.",597,Apps & software,0,,,,,,,,,,,14389,5,attempt,True,True,friend_memory,abandoned,A_memory_expression,remembered_place; remembered_time_approximation; remembered_trip; remembered_visual_appearance,exact_location_unknown,keyword; natural_language,trek; photo with foreigner in yellow jacket on mountain top,not_found; not_found,abandonment; date_browsing; people_browsing,,
forums:syn-for-0071,forums,xda_forums,syn-for-0071,2024-04-08T19:29:10,True,synthetic://forums/syn-for-0071,Finding a specific old photo in Google Photos,"I've been looking for the photo of the team at the offsite for days. I need it now because a colleague is leaving and we're making a card. It was taken at a resort outside the city. It was before I switched jobs, 2021 maybe. I remember everyone in matching t-shirts by a pool. I remember my old team being in it. I can't recall where exactly it was. I can't remember the date at all. I searched ""offsite 2021"" and got no results. I searched ""team in matching t shirts by a pool"" and got no results. Tried ""team"" and nothing came up. I know exactly what it looks like but can't put it into search words. Ended up scrolling back through years of photos. Tried synonyms like ""office trip"" too. I found a similar one but not the exact photo I wanted. How do you all deal with this?",777,Apps & software,0,,,,,,,,,,,16495,2,attempt,True,True,work_memory,partially_found,A_memory_expression,remembered_person; remembered_place; remembered_time_approximation; remembered_visual_appearance,exact_date_unknown; exact_location_unknown,metadata; natural_language; keyword,offsite 2021; team in matching t shirts by a pool; team,not_found; not_found; not_found,manual_scrolling; synonym_search,,
forums:syn-for-0072,forums,macrumors_forums,syn-for-0072,2024-11-17T11:40:58,True,synthetic://forums/syn-for-0072,Finding a specific old photo in Google Photos,"A lot of my photos come from shared albums. Does anyone know how to find a picture of my dad teaching my daughter to ride a bike? I need it because it's for my dad's retirement card. It was one summer, 3 or 4 years ago. I can picture a pink bicycle and dad in his old cap. It was while learning to ride a bike. We were in the park near my parents' place when I took it. I can't remember the date at all. Tried ""summer 2022"" and got thousands of results to scroll through. There are so many almost identical shots from that day that I can't tell which one it is. Ended up scrolling back through years of photos. Got it eventually, after three days. Any tips?",657,Apps & software,0,,,,,,,,,,,10375,39,attempt,True,True,family_memory,found,D_result_evaluation,remembered_activity; remembered_place; remembered_time_approximation; remembered_visual_appearance,exact_date_unknown,metadata,summer 2022,too_many_results,manual_scrolling,shared_library,
forums:syn-for-0073,forums,xda_forums,syn-for-0073,2023-10-23T19:43:39,True,synthetic://forums/syn-for-0073,Search vs scrolling for old memories,"I've been looking for a picture of the waterfall we hiked to for days. It had my cousins in it. Timing wise it was during monsoon, around 2020. I remember mist everywhere and everyone in raincoats. I can't recall where exactly it was. I have no idea what year it was. I typed ""meghalaya 2020"" in search and got a bunch of pictures that had nothing to do with it. I typed ""waterfall"" in search and got no results. How do you even search for something like that? I went through the map view hoping to spot it. Found one that might be it, but I'm not sure it's the same one. How do you all deal with this?",602,Apps & software,0,,,,,,,,,,,14460,9,attempt,True,True,travel_memory,uncertain,A_memory_expression,remembered_person; remembered_time_approximation; remembered_visual_appearance,exact_date_unknown; exact_location_unknown,metadata; keyword,meghalaya 2020; waterfall,wrong_results; not_found,location_browsing,,
forums:syn-for-0074,forums,xda_forums,syn-for-0074,2023-07-11T22:03:30,True,synthetic://forums/syn-for-0074,Finding a specific old photo in Google Photos,"Thought search was broken but the video of my dog meeting the new puppy was in my partner's library, not mine.",110,Apps & software,0,,,,,,,,,,,1711,21,misattribution,True,True,video,not_found,F_data_index_limitation,,,,,,,,failure_not_search_related
forums:syn-for-0075,forums,macrumors_forums,syn-for-0075,2026-02-15T01:02:03,True,synthetic://forums/syn-for-0075,Google Photos search is failing me,"Looking for the picture of the pharmacy receipt. I need it because the insurance claim deadline is this week. For context, I needed it for insurance reimbursement. I can picture thermal paper that was already fading. It had the medicine names and total on it. I have no idea what year it was. Searched for ""pharmacy"" and nothing came up. I searched ""receipt"" and nothing came up. I typed ""pharmacy medicine bill"" in search and got no results. The text on the bill isn't searchable as far as I can tell. Ended up scrolling back through years of photos. Found one that might be it, but I'm not sure it's the same one. Am I doing something wrong?",643,Apps & software,0,,,,,,,,,,,11209,26,attempt,True,True,receipt,uncertain,F_data_index_limitation,remembered_context; remembered_text; remembered_visual_appearance,exact_date_unknown,metadata; keyword; natural_language,pharmacy; receipt; pharmacy medicine bill,not_found; not_found; not_found,manual_scrolling,,
forums:syn-for-0076,forums,macrumors_forums,syn-for-0076,2023-05-28T20:02:07,True,synthetic://forums/syn-for-0076,Google Photos search is failing me,"I've been looking for the picture of my college marksheet for days. It's a picture of my marksheet. I remember it showed my semester grades. I remember a certificate with a blue border. It was maybe 2020 when I was job hunting. No idea what to search for really. I searched ""marksheet"" and nothing came up. The text in the photo doesn't seem to be searchable. Eventually I searched my WhatsApp chats instead. I kept retyping different searches. I gave up on finding it. Is there a better way to search for stuff like this?",522,Apps & software,0,,,,,,,,,,,9352,38,attempt,True,True,document,abandoned,F_data_index_limitation,remembered_object; remembered_text; remembered_time_approximation; remembered_visual_appearance,exact_keyword_unknown,keyword,marksheet,not_found,abandonment; other_application; repeated_search,,
forums:syn-for-0077,forums,android_central_forums,syn-for-0077,2025-09-07T21:58:04,True,synthetic://forums/syn-for-0077,Finding a specific old photo in Google Photos,"I'm trying to find a shot of the fireworks at the new year party. It had a bunch of friends in it. I remember green fireworks over a swimming pool. For context, it was just before midnight. I have no idea what year it was. Searched for ""green fireworks over pool"" and got a bunch of pictures that had nothing to do with it. I searched ""fireworks"" but it just showed random photos. Tried ""31 december"" but it just showed random photos. It took ""fireworks"" literally and ignored everything else. Ended up scrolling back through years of photos. I went through the face group for that person too. Got it eventually, after half an hour of scrolling. Is there a better way to search for stuff like this?",698,Apps & software,0,,,,,,,,,,,18613,3,attempt,True,True,event_memory,found,B_system_understanding,remembered_context; remembered_person; remembered_visual_appearance,exact_date_unknown,natural_language; keyword; metadata,green fireworks over pool; fireworks; 31 december,wrong_results; wrong_results; wrong_results,manual_scrolling; people_browsing,,
forums:syn-for-0078,forums,macrumors_forums,syn-for-0078,2025-07-19T17:45:23,True,synthetic://forums/syn-for-0078,Google Photos search is failing me,Spent an hour looking for the picture of the medicine I took when I was sick last year and it turns out I had deleted it years ago. Not the app's fault.,152,Apps & software,0,,,,,,,,,,,12655,19,misattribution,True,True,medical_or_health_image,not_found,F_data_index_limitation,,,,,,,,failure_not_search_related
forums:syn-for-0079,forums,toms_guide_forum,syn-for-0079,2025-03-16T02:01:09,True,synthetic://forums/syn-for-0079,Search vs scrolling for old memories,"The search is fine if you know exactly what you want, but not when you only half remember it.",93,Apps & software,0,,,,,,,,,,,4384,4,opinion,True,False,,,,,,,,,,,
forums:syn-for-0080,forums,macrumors_forums,syn-for-0080,2023-09-15T14:12:55,True,synthetic://forums/syn-for-0080,Search vs scrolling for old memories,"Looking for the photo of the stage when they announced the results. It's from my company's annual awards night. I remember I was holding a trophy. I can picture purple lights and a big screen with my name. I don't even remember what the event was called. I can't remember the date at all. I searched ""award"" and got thousands of results to scroll through. Searched for ""awards december"" and got thousands of results to scroll through. All the results look the same as tiny thumbnails. I jumped to roughly that year with the scrollbar and went month by month. Finally found it after half an hour of scrolling. How do you all deal with this?",639,Apps & software,0,,,,,,,,,,,5962,30,attempt,True,True,event_memory,found,D_result_evaluation,remembered_context; remembered_event; remembered_visual_appearance,event_name_unknown; exact_date_unknown,keyword; metadata,award; awards december,too_many_results; too_many_results,date_browsing,,
forums:syn-for-0081,forums,macrumors_forums,syn-for-0081,2026-01-14T18:46:30,True,synthetic://forums/syn-for-0081,Search vs scrolling for old memories,"On the web version on my laptop. Does anyone know how to find the picture of the dent on my car? I need it now because the insurance surveyor wants the original photo. The photo shows a dent on the car door. It was maybe 6 months ago. I have no idea what year it was. I searched ""car dent"" but it just showed random photos. I searched ""dent on silver car door"" and got a bunch of pictures that had nothing to do with it. I just didn't know how to describe it in a way search would get. I kept retyping different searches. I went through the map view hoping to spot it. Never found it.",584,Apps & software,0,,,,,,,,,,,15093,13,attempt,True,True,object_memory,not_found,A_memory_expression,remembered_object; remembered_time_approximation,exact_date_unknown,metadata; natural_language,car dent; dent on silver car door,wrong_results; wrong_results,location_browsing; repeated_search,desktop_web,
forums:syn-for-0082,forums,android_central_forums,syn-for-0082,2023-04-15T06:46:56,True,synthetic://forums/syn-for-0082,Tips for locating the photo of the team at the offsite?,"Looking for the photo of the team at the offsite. I need it now because a colleague is leaving and we're making a card. I remember my old team being in it. We were at a resort outside the city when I took it. It was at the team offsite. I can't remember the date at all. No clue what the place was called. Tried ""team in matching t shirts by a pool"" and got a bunch of pictures that had nothing to do with it. I typed ""team"" in search but it just showed random photos. It seems like search ignores half of what I type and only matches one word. I jumped to roughly that year with the scrollbar and went month by month. Finally found it after half an hour of scrolling. How do you all deal with this?",699,Apps & software,0,,,,,,,,,,,19589,37,attempt,True,True,work_memory,found,B_system_understanding,remembered_event; remembered_person; remembered_place,exact_date_unknown; exact_location_unknown,natural_language; keyword,team in matching t shirts by a pool; team,wrong_results; wrong_results,date_browsing,,
forums:syn-for-0083,forums,xda_forums,syn-for-0083,2024-05-05T10:43:07,True,synthetic://forums/syn-for-0083,Tips for locating the video of my dog meeting the new puppy?,"I've been looking for the video of my dog meeting the new puppy for days. All I remember visually is the puppy running circles around him. It was taken in our backyard. Not sure which month or year, honestly. I typed ""dog video"" in search and it gave me hundreds of photos. Tried ""video of old dog meeting new puppy"" and it gave me hundreds of photos. I searched ""2020 video"" and got thousands of results to scroll through. All the results look the same as tiny thumbnails. Tried synonyms like ""puppy"" too. Gave up for the day and tried again the next week. Never found it. Any tips?",583,Apps & software,0,,,,,,,,,,,18422,39,attempt,True,True,video,not_found,D_result_evaluation,remembered_place; remembered_visual_appearance,exact_date_unknown,keyword; natural_language; metadata,dog video; video of old dog meeting new puppy; 2020 video,too_many_results; too_many_results; too_many_results,return_later; synonym_search,,
forums:syn-for-0084,forums,toms_guide_forum,syn-for-0084,2025-01-16T05:00:25,True,synthetic://forums/syn-for-0084,Google Photos search is failing me,"I've been looking for the picture of the wine label from our anniversary dinner for days. I need it because I want to buy the same wine again. I remember my partner being in it. All I remember visually is a label with a drawing of a bird. It was taken at the Italian place downtown. I don't remember the exact words on it. I typed ""wine bottle with bird drawing on label"" in search and got a bunch of pictures that had nothing to do with it. I searched ""anniversary 2023"" and got a bunch of pictures that had nothing to do with it. Searched for ""wine"" but it just showed random photos. It seems like search ignores half of what I type and only matches one word. Tried synonyms like ""bottle"" too. I jumped to roughly that year with the scrollbar and went month by month. Still haven't found it.",793,Apps & software,0,,,,,,,,,,,1565,11,attempt,True,True,food_restaurant_memory,not_found,B_system_understanding,remembered_person; remembered_place; remembered_visual_appearance,exact_text_unknown,natural_language; metadata; keyword,wine bottle with bird drawing on label; anniversary 2023; wine,wrong_results; wrong_results; wrong_results,date_browsing; synonym_search,,
forums:syn-for-0085,forums,toms_guide_forum,syn-for-0085,2024-11-24T22:26:57,True,synthetic://forums/syn-for-0085,Search vs scrolling for old memories,"Does anyone know how to find a picture of the ramen bowl from the tiny shop? I need it now because a friend wants the shop name. I know it was near the station in Tokyo. This was during the Japan trip. I remember a black bowl with a soft egg cut in half. I can't recall where exactly it was. Searched for ""ramen"" but it just showed random photos. It took ""ramen"" literally and ignored everything else. I jumped to roughly that year with the scrollbar and went month by month. Ended up scrolling back through years of photos. I found a similar one but not the exact photo I wanted. Is there a better way to search for stuff like this?",633,Apps & software,0,,,,,,,,,,,6734,4,attempt,True,True,food_restaurant_memory,partially_found,B_system_understanding,remembered_place; remembered_trip; remembered_visual_appearance,exact_location_unknown,keyword,ramen,wrong_results,date_browsing; manual_scrolling,,
forums:syn-for-0086,forums,android_central_forums,syn-for-0086,2023-04-13T00:04:58,True,synthetic://forums/syn-for-0086,Tips for locating an old photo?,"What worked for me: You can search text inside photos sometimes, but it only works if the words are clear in the image.",119,Apps & software,0,,,,,,,,,,,16491,35,advice,True,False,,,,,,,,,,,
forums:syn-for-0087,forums,toms_guide_forum,syn-for-0087,2025-08-22T01:57:51,True,synthetic://forums/syn-for-0087,Tips for locating an old photo?,"Was sure I'd never find the family photo from Diwali where everyone is wearing white, but searching ""diwali"" plus the year got it on the first try.",147,Apps & software,0,,,,,,,,,,,7738,33,success,True,True,family_memory,found,none_observed,,,,,,,,vague_search_succeeded
forums:syn-for-0088,forums,toms_guide_forum,syn-for-0088,2023-01-31T17:48:08,True,synthetic://forums/syn-for-0088,Finding a specific old photo in Google Photos,Spent an hour looking for the candid of my cousin laughing during the haldi and it turns out I had deleted it years ago. Not the app's fault.,141,Apps & software,0,,,,,,,,,,,4694,17,misattribution,True,True,wedding_memory,not_found,F_data_index_limitation,,,,,,,,failure_not_search_related
forums:syn-for-0089,forums,android_central_forums,syn-for-0089,2023-02-02T04:55:38,True,synthetic://forums/syn-for-0089,Google Photos search is failing me,"I've been looking for the photo of us at the football match for days. I need it now because reunion group chat asked for it. I know it was in the stadium. It's from the derby match. It was some time after school ended. I don't remember when exactly. I typed ""football"" in search and got no results. Searched for ""friends with painted faces at football match"" and got no results. The photo is definitely in my library but search never shows it. I went through the face group for that person too. Finally found it after way too long. How do you all deal with this?",562,Apps & software,0,,,,,,,,,,,306,27,attempt,True,True,friend_memory,found,C_retrieval,remembered_event; remembered_place; remembered_time_approximation,exact_date_unknown,metadata; natural_language,football; friends with painted faces at football match,not_found; not_found,people_browsing,,
forums:syn-for-0090,forums,toms_guide_forum,syn-for-0090,2026-04-01T00:50:40,True,synthetic://forums/syn-for-0090,Search vs scrolling for old memories,"I've been looking for the photo of the dessert we ordered at that restaurant for days. I can picture a chocolate dome with gold stuff on top. It was last year, maybe around October. It was taken at some rooftop place in Bangalore. I can't recall the name of the event. No clue what the place was called. I searched ""chocolate dessert with gold on top"" and nothing came up. I searched ""bangalore october"" but it just showed random photos. I didn't know what else to try. Gave up for the day and tried again the next week. Still haven't found it. Am I doing something wrong?",572,Apps & software,0,,,,,,,,,,,17753,15,attempt,True,True,food_restaurant_memory,not_found,E_refinement,remembered_place; remembered_time_approximation; remembered_visual_appearance,event_name_unknown; exact_location_unknown,natural_language; metadata,chocolate dessert with gold on top; bangalore october,not_found; wrong_results,return_later,,
forums:syn-for-0091,forums,xda_forums,syn-for-0091,2024-11-22T07:33:15,True,synthetic://forums/syn-for-0091,Tips for locating an old photo?,Pro tip: Name the face groups. Searching a person's name works way better than describing them.,95,Apps & software,0,,,,,,,,,,,17112,18,advice,True,False,,,,,,,,,,,
forums:syn-for-0092,forums,xda_forums,syn-for-0092,2024-11-22T04:03:49,True,synthetic://forums/syn-for-0092,Tips for locating an old photo?,"Thought search was broken but the photo of the warranty card for the washing machine was in my partner's library, not mine.",123,Apps & software,0,,,,,,,,,,,576,4,misattribution,True,True,receipt,not_found,F_data_index_limitation,,,,,,,,failure_not_search_related
forums:syn-for-0093,forums,macrumors_forums,syn-for-0093,2023-05-01T21:08:15,True,synthetic://forums/syn-for-0093,Finding a specific old photo in Google Photos,"Looking for the photo of my daughter on stage at her school play. I need it because she wants to show her friends. All I remember visually is a sunflower costume and a blue curtain. I remember my daughter being in it. I don't even remember what the event was called. Searched for ""annual day"" and nothing came up. I searched ""school function"" and nothing came up. Tried ""girl in sunflower costume on stage"" and got no results. It just doesn't show up in search even though I know it's there. I scrolled for like 40 minutes. Found one that might be it, but I'm not sure it's the same one. Is there a better way to search for stuff like this?",640,Apps & software,0,,,,,,,,,,,7831,17,attempt,True,True,event_memory,uncertain,C_retrieval,remembered_person; remembered_visual_appearance,event_name_unknown,metadata; keyword; natural_language,annual day; school function; girl in sunflower costume on stage,not_found; not_found; not_found,manual_scrolling,,
forums:syn-for-0094,forums,macrumors_forums,syn-for-0094,2025-06-02T13:35:43,True,synthetic://forums/syn-for-0094,Search vs scrolling for old memories,"Two things. The editing tools are great, the magic eraser is really good.",73,Apps & software,0,,,,,,,,,,,11407,33,noise,False,False,,,,,,,,,,,
forums:syn-for-0095,forums,toms_guide_forum,syn-for-0095,2025-12-12T09:05:09,True,synthetic://forums/syn-for-0095,Google Photos search is failing me,Found the screenshot of the product I wanted to buy by searching the person's face and then scrolling a bit. Took two minutes.,126,Apps & software,0,,,,,,,,,,,120,23,success,True,True,purchase_related_image,found,none_observed,,,,,,,,vague_search_succeeded
forums:syn-for-0096,forums,android_central_forums,syn-for-0096,2025-07-10T09:41:44,True,synthetic://forums/syn-for-0096,Search vs scrolling for old memories,"I'm trying to find the picture of the medicine I took when I was sick last year. I need it because I'm sick again and want the same medicine. It was last year, maybe during the rainy season. I remember a silver strip with orange tablets. It's a picture of a strip of tablets. I don't remember the exact words on it. No idea what the thing is actually called. Tried ""fever medicine"" and got no results. I typed ""medicine"" in search and got no results. Tried ""medicine strip orange tablets"" and nothing came up. After that I had no idea what else to try. Tried synonyms like ""tablets"" too. I checked my Gmail in case I had sent it to someone. Still haven't found it. Is there a better way to search for stuff like this?",717,Apps & software,0,,,,,,,,,,,13320,13,attempt,True,True,medical_or_health_image,not_found,E_refinement,remembered_object; remembered_time_approximation; remembered_visual_appearance,exact_object_name_unknown; exact_text_unknown,metadata; keyword; natural_language,fever medicine; medicine; medicine strip orange tablets,not_found; not_found; not_found,other_application; synonym_search,,
forums:syn-for-0097,forums,xda_forums,syn-for-0097,2025-09-09T08:16:16,True,synthetic://forums/syn-for-0097,Google Photos search is failing me,Found the old scanned photo of my grandparents' wedding by searching the person's face and then scrolling a bit. Took two minutes.,130,Apps & software,0,,,,,,,,,,,2982,9,success,True,True,family_memory,found,none_observed,,,,,,,,vague_search_succeeded
forums:syn-for-0098,forums,toms_guide_forum,syn-for-0098,2024-01-06T08:02:17,True,synthetic://forums/syn-for-0098,Search vs scrolling for old memories,"Does anyone know how to find a picture of my dad teaching my daughter to ride a bike? It was while learning to ride a bike. It had my dad and my daughter in it. It was taken in the park near my parents' place. It was one summer, 3 or 4 years ago. I have no idea what year it was. I searched ""grandfather teaching girl to ride pink bike"" and it gave me hundreds of photos. Tried ""bicycle"" and got thousands of results to scroll through. All the results look the same as tiny thumbnails. I went through the face group for that person too. Got it eventually, after half an hour of scrolling.",588,Apps & software,0,,,,,,,,,,,12411,30,attempt,True,True,family_memory,found,D_result_evaluation,remembered_activity; remembered_person; remembered_place; remembered_time_approximation,exact_date_unknown,natural_language; keyword,grandfather teaching girl to ride pink bike; bicycle,too_many_results; too_many_results,people_browsing,,
forums:syn-for-0099,forums,xda_forums,syn-for-0099,2025-07-19T06:38:01,True,synthetic://forums/syn-for-0099,Search vs scrolling for old memories,"I've used Google Photos since it launched. I'm trying to find a photo with a guy we met on a trek. It had a guy from Germany we met on the way in it. This was during the Himachal trek. All I remember visually is a yellow jacket and a flag behind us. I don't remember the person's name. I searched ""himachal 2019"" and got a bunch of pictures that had nothing to do with it. I searched ""trek"" and nothing came up. Searched for ""photo with foreigner in yellow jacket on mountain top"" and got a bunch of pictures that had nothing to do with it. I just didn't know how to describe it in a way search would get. I went through the face group for that person too. I found a similar one but not the exact photo I wanted. Any tips?",722,Apps & software,0,,,,,,,,,,,18865,13,attempt,True,True,friend_memory,partially_found,A_memory_expression,remembered_person; remembered_trip; remembered_visual_appearance,person_name_unknown,metadata; keyword; natural_language,himachal 2019; trek; photo with foreigner in yellow jacket on mountain top,wrong_results; not_found; wrong_results,people_browsing,long_tenure,
forums:syn-for-0100,forums,xda_forums,syn-for-0100,2026-07-07T04:16:40,True,synthetic://forums/syn-for-0100,Tips for locating the photo of my daughter on stage at her school play?,"On iOS. Does anyone know how to find the photo of my daughter on stage at her school play? I need it now because she wants to show her friends. It was at the annual day function. Timing wise it was when she was in 2nd or 3rd standard. I remember the lighting was bad so most shots were blurry. I can't recall the name of the event. Searched for ""annual day"" and nothing came up. I searched ""school function"" and got no results. Searched for ""girl in sunflower costume on stage"" and got no results. It just doesn't show up in search even though I know it's there. I went through the face group for that person too. I jumped to roughly that year with the scrollbar and went month by month. Eventually I just gave up. Am I doing something wrong?",742,Apps & software,0,,,,,,,,,,,6297,24,attempt,True,True,event_memory,abandoned,C_retrieval,remembered_context; remembered_event; remembered_time_approximation,event_name_unknown,metadata; keyword; natural_language,annual day; school function; girl in sunflower costume on stage,not_found; not_found; not_found,abandonment; date_browsing; people_browsing,ios_device,
forums:syn-for-0101,forums,xda_forums,syn-for-0101,2025-09-10T07:28:49,True,synthetic://forums/syn-for-0101,Tips for locating an old photo?,"Thought search was broken but a picture of the site inspection issue was in my partner's library, not mine.",107,Apps & software,0,,,,,,,,,,,15237,27,misattribution,True,True,work_memory,not_found,F_data_index_limitation,,,,,,,,failure_not_search_related
forums:syn-for-0102,forums,macrumors_forums,syn-for-0102,2023-05-25T09:34:06,True,synthetic://forums/syn-for-0102,Google Photos search is failing me,"Pro tip: Try searching for something visible in the photo instead of what happened, like ""stage"" or ""cake"".",107,Apps & software,0,,,,,,,,,,,1077,11,advice,True,False,,,,,,,,,,,
forums:syn-for-0103,forums,macrumors_forums,syn-for-0103,2023-06-03T12:03:19,True,synthetic://forums/syn-for-0103,Search vs scrolling for old memories,"Looking for the screenshot of the product I wanted to buy. It's a picture of a lamp. I remember I saw it in an ad and screenshotted it. I can't recall what it said exactly. I searched ""lamp"" and got a bunch of pictures that had nothing to do with it. I typed ""screenshot lamp"" in search but it just showed random photos. Searched for ""brass lamp with curved neck"" and got no results. I know exactly what it looks like but can't put it into search words. I tried the screenshots category filter as well. Got it eventually, after two evenings. Am I doing something wrong?",569,Apps & software,0,,,,,,,,,,,7527,31,attempt,True,True,purchase_related_image,found,A_memory_expression,remembered_context; remembered_object,exact_text_unknown,keyword; metadata; natural_language,lamp; screenshot lamp; brass lamp with curved neck,wrong_results; wrong_results; not_found,filters,,
forums:syn-for-0104,forums,xda_forums,syn-for-0104,2024-09-04T01:07:11,True,synthetic://forums/syn-for-0104,Search vs scrolling for old memories,"Looking for the photo of the notes a friend shared before exams. I need it now because my younger brother needs them now. I remember it showed something about thermodynamics formulas. I remember a classmate being in it. It's a picture of handwritten notes. I don't remember when exactly. I can't recall what it said exactly. I searched ""handwritten thermodynamics notes"" and got no results. Tried ""notes"" and nothing came up. It just doesn't show up in search even though I know it's there. I even googled how to search Google Photos better. Ended up scrolling back through years of photos. Found one that might be it, but I'm not sure it's the same one. How do you all deal with this?",685,Apps & software,0,,,,,,,,,,,3041,39,attempt,True,True,school_or_college_memory,uncertain,C_retrieval,remembered_object; remembered_person; remembered_text,exact_date_unknown; exact_text_unknown,natural_language; keyword,handwritten thermodynamics notes; notes,not_found; not_found,external_search; manual_scrolling,,
forums:syn-for-0105,forums,android_central_forums,syn-for-0105,2023-08-26T04:47:07,True,synthetic://forums/syn-for-0105,Finding a specific old photo in Google Photos,Minor gripe: Uploading in original quality eats my data plan.,61,Apps & software,0,,,,,,,,,,,14563,3,noise,False,False,,,,,,,,,,,
forums:syn-for-0106,forums,android_central_forums,syn-for-0106,2024-07-09T23:02:04,True,synthetic://forums/syn-for-0106,Finding a specific old photo in Google Photos,"I've been looking for the photo of a plant I saw at a nursery for days. I need it now because I want to buy it now that I have a balcony. It's a picture of a plant with striped leaves. Timing wise it was last spring. I know it was at a nursery near my office. I don't know what it's called. Searched for ""nursery"" and nothing came up. I ran out of ideas pretty quickly. Tried synonyms like ""leaves"" too. Never found it. Am I doing something wrong?",447,Apps & software,0,,,,,,,,,,,8301,34,attempt,True,True,object_memory,not_found,E_refinement,remembered_object; remembered_place; remembered_time_approximation,exact_object_name_unknown,metadata,nursery,not_found,synonym_search,,
forums:syn-for-0107,forums,xda_forums,syn-for-0107,2023-08-15T19:36:34,True,synthetic://forums/syn-for-0107,Finding a specific old photo in Google Photos,"I use search a lot for work stuff. I'm trying to find the photo of my son's vaccination card. I need it now because school admission needs it. I remember it showed the dates of the last booster. All I remember visually is a pink card with stamps. It's a picture of the vaccination card. For context, the doctor asked us to keep a copy. I don't remember the exact words on it. I don't know what it's called. Tried ""vaccination"" and got no results. The text in the photo doesn't seem to be searchable. I kept retyping different searches. I scrolled for like 40 minutes. Still haven't found it. Is there a better way to search for stuff like this?",644,Apps & software,0,,,,,,,,,,,11082,4,attempt,True,True,document,not_found,F_data_index_limitation,remembered_context; remembered_object; remembered_text; remembered_visual_appearance,exact_object_name_unknown; exact_text_unknown,keyword,vaccination,not_found,manual_scrolling; repeated_search,frequent_searcher,
forums:syn-for-0108,forums,android_central_forums,syn-for-0108,2023-09-26T06:25:29,True,synthetic://forums/syn-for-0108,Google Photos search is failing me,"I search in Photos pretty much every day. I've been looking for the picture of my college marksheet for days. I need it because background verification asked for it. The photo shows my marksheet. It was maybe 2020 when I was job hunting. I remember it showed my semester grades. I can't remember the date at all. I typed ""marksheet"" in search and got no results. Searched for ""college marksheet with blue border"" and got a bunch of pictures that had nothing to do with it. Searched for ""2020 certificate"" but it just showed random photos. I just didn't know how to describe it in a way search would get. I checked my Gmail in case I had sent it to someone. Ended up scrolling back through years of photos. Never found it. Any tips?",731,Apps & software,0,,,,,,,,,,,2271,19,attempt,True,True,document,not_found,A_memory_expression,remembered_object; remembered_text; remembered_time_approximation,exact_date_unknown,keyword; natural_language; metadata,marksheet; college marksheet with blue border; 2020 certificate,not_found; wrong_results; wrong_results,manual_scrolling; other_application,frequent_searcher,
forums:syn-for-0109,forums,android_central_forums,syn-for-0109,2023-10-04T10:24:19,True,synthetic://forums/syn-for-0109,Tips for locating an old photo?,"From experience, Use the date jump on the scrollbar, drag to the year and go month by month.",92,Apps & software,0,,,,,,,,,,,1187,36,advice,True,False,,,,,,,,,,,
forums:syn-for-0110,forums,toms_guide_forum,syn-for-0110,2023-05-14T07:02:40,True,synthetic://forums/syn-for-0110,Google Photos search is failing me,Face grouping merged my twin daughters into one person lol. Too many notifications about 'memories' I didn't ask for.,117,Apps & software,0,,,,,,,,,,,7487,35,noise,False,False,,,,,,,,,,,
forums:syn-for-0111,forums,xda_forums,syn-for-0111,2025-09-25T22:28:09,True,synthetic://forums/syn-for-0111,Google Photos search is failing me,"I don't remember dates, nobody does. Searching by date is useless for old memories.",83,Apps & software,0,,,,,,,,,,,17552,6,opinion,True,False,,,,,,,,,,,
forums:syn-for-0112,forums,macrumors_forums,syn-for-0112,2023-11-27T04:25:02,True,synthetic://forums/syn-for-0112,Google Photos search is failing me,It would help if the app told me why a photo showed up in results.,66,Apps & software,0,,,,,,,,,,,17762,4,opinion,True,False,,,,,,,,,,,
forums:syn-for-0113,forums,android_central_forums,syn-for-0113,2023-03-10T00:20:46,True,synthetic://forums/syn-for-0113,Google Photos search is failing me,"There are something like 45,000 pictures in my account. I've been looking for the family photo from Diwali where everyone is wearing white for days. I need it because my aunt asked me to send it. We were at my aunt's house when I took it. I remember everyone in white kurtas with diyas in front. It was one of the Diwalis between 2017 and 2020. It was for Diwali. I have no idea what year it was. I typed ""diwali"" in search and nothing came up. It came from my old phone and I'm not sure it ever got backed up. I jumped to roughly that year with the scrollbar and went month by month. Ended up scrolling back through years of photos. Finally found it after half an hour of scrolling. Is there a better way to search for stuff like this?",736,Apps & software,0,,,,,,,,,,,2962,6,attempt,True,True,family_memory,found,F_data_index_limitation,remembered_occasion; remembered_place; remembered_time_approximation; remembered_visual_appearance,exact_date_unknown,keyword,diwali,not_found,date_browsing; manual_scrolling,large_library,
forums:syn-for-0114,forums,xda_forums,syn-for-0114,2025-03-08T04:45:15,True,synthetic://forums/syn-for-0114,Search vs scrolling for old memories,"Thought search was broken but the picture of the houseboat we stayed on was in my partner's library, not mine.",110,Apps & software,0,,,,,,,,,,,1128,28,misattribution,True,True,travel_memory,not_found,F_data_index_limitation,,,,,,,,failure_not_search_related
forums:syn-for-0115,forums,macrumors_forums,syn-for-0115,2026-07-09T11:13:45,True,synthetic://forums/syn-for-0115,Finding a specific old photo in Google Photos,"Does anyone know how to find the photo of the team at the offsite? Timing wise it was before I switched jobs, 2021 maybe. It's from the team offsite. I can picture everyone in matching t-shirts by a pool. I remember my old team being in it. Not sure which month or year, honestly. I can't recall where exactly it was. Searched for ""team"" and got a bunch of pictures that had nothing to do with it. Tried ""team in matching t shirts by a pool"" but it just showed random photos. It doesn't understand what I'm describing at all. I kept retyping different searches. Found one that might be it, but I'm not sure it's the same one. Is there a better way to search for stuff like this?",678,Apps & software,0,,,,,,,,,,,6970,0,attempt,True,True,work_memory,uncertain,B_system_understanding,remembered_event; remembered_person; remembered_time_approximation; remembered_visual_appearance,exact_date_unknown; exact_location_unknown,keyword; natural_language,team; team in matching t shirts by a pool,wrong_results; wrong_results,repeated_search,,
forums:syn-for-0116,forums,toms_guide_forum,syn-for-0116,2025-07-07T00:36:36,True,synthetic://forums/syn-for-0116,Search vs scrolling for old memories,"Looking for a short video of the band at the pub. I need it now because I want to find the band name. It was while singing a cover of some old song. It was taken at a pub in the old part of town. I don't remember the name of the place. I can't recall the name of the event. I searched ""video of band with violin red lights pub"" and there it was. I jumped to roughly that year with the scrollbar and went month by month. I asked my sister if she still had it. Got it eventually, after way too long. Any tips?",507,Apps & software,0,,,,,,,,,,,5599,28,attempt,True,True,video,found,none_observed,remembered_activity; remembered_place,event_name_unknown; exact_location_unknown,natural_language,video of band with violin red lights pub,found,ask_another_person; date_browsing,,
forums:syn-for-0117,forums,xda_forums,syn-for-0117,2025-08-27T10:15:28,True,synthetic://forums/syn-for-0117,Tips for locating an old photo?,The app is slow to load thumbnails on my old phone. Uploading in original quality eats my data plan.,100,Apps & software,0,,,,,,,,,,,7503,32,noise,False,False,,,,,,,,,,,
forums:syn-for-0118,forums,android_central_forums,syn-for-0118,2024-10-09T20:26:06,True,synthetic://forums/syn-for-0118,Tips for locating the photo of the temple on the hill?,"On my Pixel. I'm trying to find the photo of the temple on the hill. I need it now because my parents want to visit again. I can picture white steps going up and monkeys on the wall. Timing wise it was a long time ago, maybe 2015. I don't remember when exactly. Tried ""temple"" and got no results. I searched ""white temple on hill with steps"" and got no results. I searched ""mysore 2015"" and got no results. The location data was probably off so there's nothing to go on. Ended up scrolling back through years of photos. Still haven't found it. Any tips?",553,Apps & software,0,,,,,,,,,,,10653,12,attempt,True,True,location_memory,not_found,F_data_index_limitation,remembered_time_approximation; remembered_visual_appearance,exact_date_unknown,keyword; natural_language; metadata,temple; white temple on hill with steps; mysore 2015,not_found; not_found; not_found,manual_scrolling,android_device,
forums:syn-for-0119,forums,macrumors_forums,syn-for-0119,2023-03-15T22:23:04,True,synthetic://forums/syn-for-0119,Finding a specific old photo in Google Photos,"Pro tip: Ask whoever was there, someone in the group chat usually still has it.",79,Apps & software,0,,,,,,,,,,,9594,23,advice,True,False,,,,,,,,,,,
