source,source_id,created_at,author,is_synthetic,source_url,title,thread_context,replies,engagement,platform,text,record_id
google_play,syn-goo-0000,2025-10-22T06:30:16,synthetic_user_66542,True,synthetic://google_play/syn-goo-0000,,,[],"{""rating"": 5, ""thumbs_up"": 152, ""app_version"": ""7.27.0""}",android,"Search is useless for old photos. I'm trying to find the video of my dog meeting the new puppy. I need it now because our old dog passed away last week. We were in our backyard when I took it. I don't remember when exactly. I typed ""2020 video"" in search and got no results. The photo is definitely in my library but search never shows it. I kept retyping different searches. Finally found it after half an hour of scrolling.",google_play:syn-goo-0000
google_play,syn-goo-0001,2023-11-27T19:38:17,synthetic_user_69514,True,synthetic://google_play/syn-goo-0001,,,[],"{""rating"": 3, ""thumbs_up"": 165, ""app_version"": ""7.16.0""}",android,search is useless for old photos. it's frustrating that i have to guess what word the app uses for something.,google_play:syn-goo-0001
google_play,syn-goo-0002,2024-05-08T20:39:24,synthetic_user_10322,True,synthetic://google_play/syn-goo-0002,,,[],"{""rating"": 3, ""thumbs_up"": 248, ""app_version"": ""7.27.0""}",android,"the app is slow to load thumbnails on my old phone. love the collage feature, made a nice one for my mom.",google_play:syn-goo-0002
google_play,syn-goo-0003,2026-01-30T06:00:43,synthetic_user_34741,True,synthetic://google_play/syn-goo-0003,,,[],"{""rating"": 5, ""thumbs_up"": 216, ""app_version"": ""7.7.0""}",android,Two things. Too many notifications about 'memories' I didn't ask for.,google_play:syn-goo-0003
google_play,syn-goo-0004,2026-08-23T13:35:44,synthetic_user_57422,True,synthetic://google_play/syn-goo-0004,,,[],"{""rating"": 5, ""thumbs_up"": 231, ""app_version"": ""7.4.0""}",android,Two things. The app is slow to load thumbnails on my old phone.,google_play:syn-goo-0004
google_play,syn-goo-0005,2025-08-26T14:49:14,synthetic_user_24957,True,synthetic://google_play/syn-goo-0005,,,[],"{""rating"": 3, ""thumbs_up"": 220, ""app_version"": ""7.12.0""}",android,"Search is useless for old photos. I'm trying to find a photo of the tiny café we found in Goa. It was sometime in December, maybe 2021 or 2022. No clue what the place was called. Searched for ""small cafe with blue chairs near the beach"" and there it was. Got it eventually, after two evenings.",google_play:syn-goo-0005
google_play,syn-goo-0006,2025-04-04T12:21:13,synthetic_user_14322,True,synthetic://google_play/syn-goo-0006,,,[],"{""rating"": 3, ""thumbs_up"": 98, ""app_version"": ""7.7.0""}",android,"Backup has been stuck on 'preparing' for three days. Very annoying. The editing tools are great, the magic eraser is really good.",google_play:syn-goo-0006
google_play,syn-goo-0007,2025-08-05T09:05:42,synthetic_user_9880,True,synthetic://google_play/syn-goo-0007,,,[],"{""rating"": 3, ""thumbs_up"": 50, ""app_version"": ""7.2.0""}",android,It's frustrating that I have to guess what word the app uses for something.,google_play:syn-goo-0007
google_play,syn-goo-0008,2023-12-07T14:47:49,synthetic_user_63653,True,synthetic://google_play/syn-goo-0008,,,[],"{""rating"": 4, ""thumbs_up"": 109, ""app_version"": ""7.28.0""}",android,Update: Why did they move the sharing button? The new layout is confusing.,google_play:syn-goo-0008
google_play,syn-goo-0009,2023-01-05T14:12:53,synthetic_user_34760,True,synthetic://google_play/syn-goo-0009,,,[],"{""rating"": 4, ""thumbs_up"": 146, ""app_version"": ""7.14.0""}",android,Two things. App keeps crashing when I open a large video.,google_play:syn-goo-0009
google_play,syn-goo-0010,2023-05-20T08:33:48,synthetic_user_52923,True,synthetic://google_play/syn-goo-0010,,,[],"{""rating"": 5, ""thumbs_up"": 126, ""app_version"": ""7.19.0""}",android,"Search is useless for old photos. I'm trying to find a screenshot of a map with a pin someone sent. It was a year or two ago. I don't remember the exact words on it. I searched ""maps screenshot"" and nothing came up. Text inside screenshots doesn't seem to be searchable. Finally found it after three days.",google_play:syn-goo-0010
google_play,syn-goo-0011,2026-04-10T20:34:45,synthetic_user_68522,True,synthetic://google_play/syn-goo-0011,,,[],"{""rating"": 2, ""thumbs_up"": 104, ""app_version"": ""7.22.0""}",android,"Search is hit or miss. Honestly I've stopped using search and just scroll, it's more predictable.",google_play:syn-goo-0011
google_play,syn-goo-0012,2026-08-14T10:55:21,synthetic_user_59929,True,synthetic://google_play/syn-goo-0012,,,[],"{""rating"": 1, ""thumbs_up"": 4, ""app_version"": ""7.15.0""}",android,"Search is hit or miss. I don't remember dates, nobody does. Searching by date is useless for old memories.",google_play:syn-goo-0012
google_play,syn-goo-0013,2023-08-08T20:08:32,synthetic_user_20374,True,synthetic://google_play/syn-goo-0013,,,[],"{""rating"": 4, ""thumbs_up"": 107, ""app_version"": ""7.23.0""}",android,"Search is hit or miss. Looking for the photo of the bill I took sometime last summer. I need it because a friend still hasn't paid me back and disputes the amount. For context, we were splitting it between six people. I can't recall what it said exactly. I typed ""june bill"" in search and there it was. Got it eventually, after about an hour.",google_play:syn-goo-0013
google_play,syn-goo-0014,2025-01-26T21:12:30,synthetic_user_72420,True,synthetic://google_play/syn-goo-0014,,,[],"{""rating"": 2, ""thumbs_up"": 65, ""app_version"": ""7.2.0""}",android,"Great backup app but search needs work. I'm trying to find the screenshot of a chat where my landlord agreed to the repair. I need it because he's now saying he never agreed. Timing wise it was sometime last spring. I don't remember the exact words on it. I searched ""chat screenshot"" and nothing came up. The photo is definitely in my library but search never shows it. Eventually I just gave up.",google_play:syn-goo-0014
google_play,syn-goo-0015,2024-03-06T09:05:06,synthetic_user_87416,True,synthetic://google_play/syn-goo-0015,,,[],"{""rating"": 3, ""thumbs_up"": 181, ""app_version"": ""7.25.0""}",android,"Didn't remember anything except all of us in black t-shirts in front of a big banner, searched for that and it showed up. Impressed.",google_play:syn-goo-0015
google_play,syn-goo-0016,2023-11-13T08:37:09,synthetic_user_21299,True,synthetic://google_play/syn-goo-0016,,,[],"{""rating"": 2, ""thumbs_up"": 12, ""app_version"": ""7.6.0""}",android,"Great backup app but search needs work. Honestly I've stopped using search and just scroll, it's more predictable.",google_play:syn-goo-0016
google_play,syn-goo-0017,2023-11-23T03:56:08,synthetic_user_50140,True,synthetic://google_play/syn-goo-0017,,,[],"{""rating"": 3, ""thumbs_up"": 240, ""app_version"": ""7.8.0""}",android,"honestly, deleted photos don't free up space on the phone, confusing. love the collage feature, made a nice one for my mom.",google_play:syn-goo-0017
google_play,syn-goo-0018,2023-03-20T03:56:48,synthetic_user_78193,True,synthetic://google_play/syn-goo-0018,,,[],"{""rating"": 2, ""thumbs_up"": 160, ""app_version"": ""7.14.0""}",android,"Does anyone know how to find the photo of my handwritten letter to myself? I can picture a cream paper with my messy handwriting. I can't recall what it said exactly. I searched ""birthday"" but it just showed random photos. It took ""letter"" literally and ignored everything else. I gave up on finding it.",google_play:syn-goo-0018
google_play,syn-goo-0019,2024-06-05T01:36:57,synthetic_user_92901,True,synthetic://google_play/syn-goo-0019,,,[],"{""rating"": 4, ""thumbs_up"": 0, ""app_version"": ""7.17.0""}",android,"Was sure I'd never find the photo of my son's vaccination card, but searching ""vaccination"" plus the year got it on the first try.",google_play:syn-goo-0019
google_play,syn-goo-0020,2026-06-14T20:43:13,synthetic_user_39446,True,synthetic://google_play/syn-goo-0020,,,[],"{""rating"": 3, ""thumbs_up"": 0, ""app_version"": ""7.10.0""}",android,"I'm trying to find a photo of the rental agreement. I remember it showed something about the notice period. I don't remember when exactly. I typed ""rent agreement document pages"" in search and nothing came up. The photo is definitely in my library but search never shows it. I scrolled for like 40 minutes. Eventually I just gave up.",google_play:syn-goo-0020
google_play,syn-goo-0021,2025-08-10T16:05:05,synthetic_user_57954,True,synthetic://google_play/syn-goo-0021,,,[],"{""rating"": 5, ""thumbs_up"": 109, ""app_version"": ""7.17.0""}",android,"Didn't remember anything except everyone in matching t-shirts by a pool, searched for that and it showed up. Impressed.",google_play:syn-goo-0021
google_play,syn-goo-0022,2025-11-21T23:02:40,synthetic_user_81167,True,synthetic://google_play/syn-goo-0022,,,[],"{""rating"": 4, ""thumbs_up"": 47, ""app_version"": ""7.27.0""}",android,"Honestly, Why did they move the sharing button? The new layout is confusing.",google_play:syn-goo-0022
google_play,syn-goo-0023,2024-02-12T05:21:53,synthetic_user_3201,True,synthetic://google_play/syn-goo-0023,,,[],"{""rating"": 3, ""thumbs_up"": 125, ""app_version"": ""7.16.0""}",android,Update: The app is slow to load thumbnails on my old phone.,google_play:syn-goo-0023
google_play,syn-goo-0024,2026-06-08T18:22:42,synthetic_user_55933,True,synthetic://google_play/syn-goo-0024,,,[],"{""rating"": 2, ""thumbs_up"": 81, ""app_version"": ""7.24.0""}",android,"I'm trying to find the photo of the shoes I tried on in the store. I remember I took it to check the price online later. I can't recall where exactly it was. I searched ""shoes"" and nothing came up. I just didn't know how to describe it in a way search would get. I tried the screenshots category filter as well. Never found it.",google_play:syn-goo-0024
google_play,syn-goo-0025,2024-11-08T19:45:21,synthetic_user_61069,True,synthetic://google_play/syn-goo-0025,,,[],"{""rating"": 3, ""thumbs_up"": 105, ""app_version"": ""7.27.0""}",android,"Does anyone know how to find the photo of the whiteboard from our planning session? I need it because my manager needs the timeline. I remember we photographed it after the workshop. I don't remember the exact words on it. Tried ""whiteboard with launch timeline"" and there it was. Got it eventually, after way too long.",google_play:syn-goo-0025
google_play,syn-goo-0026,2023-02-10T20:57:36,synthetic_user_49857,True,synthetic://google_play/syn-goo-0026,,,[],"{""rating"": 1, ""thumbs_up"": 180, ""app_version"": ""7.10.0""}",android,"Honestly I've stopped using search and just scroll, it's more predictable.",google_play:syn-goo-0026
google_play,syn-goo-0027,2026-01-23T21:57:49,synthetic_user_28906,True,synthetic://google_play/syn-goo-0027,,,[],"{""rating"": 2, ""thumbs_up"": 112, ""app_version"": ""7.9.0""}",android,"Thought search was broken but a photo of the bookshelf I wanted to build was in my partner's library, not mine.",google_play:syn-goo-0027
google_play,syn-goo-0028,2025-02-15T10:07:51,synthetic_user_98567,True,synthetic://google_play/syn-goo-0028,,,[],"{""rating"": 2, ""thumbs_up"": 41, ""app_version"": ""7.16.0""}",android,"i've been looking for a sunset photo from the hotel balcony for days. it's from that switzerland trip. i have no idea what year it was. tried ""sunset"" but it just showed random photos. it took ""sunset"" literally and ignored everything else. i jumped to roughly that year with the scrollbar and went month by month. found one that might be it, but i'm not sure it's the same one.",google_play:syn-goo-0028
google_play,syn-goo-0029,2026-08-24T02:29:53,synthetic_user_85426,True,synthetic://google_play/syn-goo-0029,,,[],"{""rating"": 1, ""thumbs_up"": 126, ""app_version"": ""7.7.0""}",android,"Search is useless for old photos. I don't remember dates, nobody does. Searching by date is useless for old memories.",google_play:syn-goo-0029
google_play,syn-goo-0030,2026-07-08T08:50:30,synthetic_user_13356,True,synthetic://google_play/syn-goo-0030,,,[],"{""rating"": 2, ""thumbs_up"": 61, ""app_version"": ""7.26.0""}",android,"Frustrating search. Does anyone know how to find the photo of the rash on my arm? I need it because the rash is back and the doctor wants to compare. I remember I took it to show the dermatologist how it looked on day one. I don't remember when exactly. I typed ""skin"" in search and got a bunch of pictures that had nothing to do with it. I know exactly what it looks like but can't put it into search words. Still haven't found it.",google_play:syn-goo-0030
google_play,syn-goo-0031,2023-06-27T10:09:19,synthetic_user_59087,True,synthetic://google_play/syn-goo-0031,,,[],"{""rating"": 4, ""thumbs_up"": 291, ""app_version"": ""7.20.0""}",android,"Great backup app but search needs work. I've been looking for the photo of the shoes I tried on in the store for days. All I remember visually is grey shoes with a neon green sole. I can't recall where exactly it was. I typed ""grey running shoes with green sole"" in search and got a bunch of pictures that had nothing to do with it. It took ""shoes"" literally and ignored everything else. Tried synonyms like ""sneakers"" too. Got it eventually, after two evenings.",google_play:syn-goo-0031
google_play,syn-goo-0032,2025-07-06T00:37:40,synthetic_user_12196,True,synthetic://google_play/syn-goo-0032,,,[],"{""rating"": 1, ""thumbs_up"": 207, ""app_version"": ""7.23.0""}",android,"Search is hit or miss. Does anyone know how to find a shot of the fireworks at the new year party? It had a bunch of friends in it. I have no idea what year it was. Searched for ""fireworks"" and got thousands of results to scroll through. I have hundreds of similar shots and can't tell which one it was. Never found it.",google_play:syn-goo-0032
google_play,syn-goo-0033,2024-03-19T17:37:44,synthetic_user_36241,True,synthetic://google_play/syn-goo-0033,,,[],"{""rating"": 3, ""thumbs_up"": 268, ""app_version"": ""7.20.0""}",android,"Frustrating search. Does anyone know how to find the photo of my dad's blood test report? For context, the lab gave only a paper copy. I don't remember when exactly. Tried ""report"" and got no results. The writing on it isn't searchable, it seems. Found one that might be it, but I'm not sure it's the same one.",google_play:syn-goo-0033
google_play,syn-goo-0034,2024-04-10T13:08:21,synthetic_user_23519,True,synthetic://google_play/syn-goo-0034,,,[],"{""rating"": 4, ""thumbs_up"": 7, ""app_version"": ""7.23.0""}",android,"Didn't remember anything except a black bowl with a soft egg cut in half, searched for that and it showed up. Impressed.",google_play:syn-goo-0034
google_play,syn-goo-0035,2026-02-26T11:03:44,synthetic_user_11164,True,synthetic://google_play/syn-goo-0035,,,[],"{""rating"": 1, ""thumbs_up"": 285, ""app_version"": ""7.25.0""}",android,"Great backup app but search needs work. I've been looking for the group photo from the night we all stayed up on the terrace for days. It had the whole hostel gang in it. I can't remember the date at all. I searched ""friends on terrace at night with fairy lights"" and nothing came up. I think it's in my partner's library, not mine. In the end I texted my friend to send it again. Found one that might be it, but I'm not sure it's the same one.",google_play:syn-goo-0035
google_play,syn-goo-0036,2025-07-11T16:07:08,synthetic_user_38974,True,synthetic://google_play/syn-goo-0036,,,[],"{""rating"": 5, ""thumbs_up"": 219, ""app_version"": ""7.10.0""}",android,Found the photo of the warranty card for the washing machine by searching the person's face and then scrolling a bit. Took two minutes.,google_play:syn-goo-0036
google_play,syn-goo-0037,2024-04-23T09:37:55,synthetic_user_81927,True,synthetic://google_play/syn-goo-0037,,,[],"{""rating"": 3, ""thumbs_up"": 101, ""app_version"": ""7.14.0""}",android,"looking for the photo of the view from the train window. it's from the europe backpacking trip. i don't remember the name of the place. i typed ""view from train window with green hills"" in search and it gave me hundreds of photos. there are so many almost identical shots from that day that i can't tell which one it is. i scrolled for like 40 minutes. eventually i just gave up.",google_play:syn-goo-0037
google_play,syn-goo-0038,2023-10-19T02:35:59,synthetic_user_7816,True,synthetic://google_play/syn-goo-0038,,,[],"{""rating"": 3, ""thumbs_up"": 157, ""app_version"": ""7.20.0""}",android,"Didn't remember anything except a pink bicycle and dad in his old cap, searched for that and it showed up. Impressed.",google_play:syn-goo-0038
google_play,syn-goo-0039,2026-03-26T01:27:53,synthetic_user_99125,True,synthetic://google_play/syn-goo-0039,,,[],"{""rating"": 2, ""thumbs_up"": 265, ""app_version"": ""7.21.0""}",android,"Great backup app but search needs work. I've been looking for the picture of the pharmacy receipt for days. It's a picture of a pharmacy bill. Not sure which month or year, honestly. I searched ""pharmacy"" but it just showed random photos. After that I had no idea what else to try. I gave up on finding it.",google_play:syn-goo-0039
google_play,syn-goo-0040,2023-01-03T23:56:40,synthetic_user_71118,True,synthetic://google_play/syn-goo-0040,,,[],"{""rating"": 2, ""thumbs_up"": 27, ""app_version"": ""7.7.0""}",android,"I'm trying to find the photo of us at the football match. I know it was in the stadium. I can't recall the name of the event. I searched ""friends with painted faces at football match"" and got no results. I just didn't know how to describe it in a way search would get. In the end I texted my friend to send it again. Never found it.",google_play:syn-goo-0040
google_play,syn-goo-0041,2024-04-05T04:07:51,synthetic_user_60482,True,synthetic://google_play/syn-goo-0041,,,[],"{""rating"": 3, ""thumbs_up"": 78, ""app_version"": ""7.16.0""}",android,"Search is useless for old photos. I've been looking for the photo of the prescription for my mother's eye drops for days. The photo shows a prescription. I don't remember the exact words on it. Tried ""eye clinic"" and got no results. I didn't know what else to try. Never found it.",google_play:syn-goo-0041
google_play,syn-goo-0042,2025-09-15T17:11:34,synthetic_user_31946,True,synthetic://google_play/syn-goo-0042,,,[],"{""rating"": 3, ""thumbs_up"": 74, ""app_version"": ""7.13.0""}",android,"i remember photos by who i was with and what we were doing, not by where the gps says i was.",google_play:syn-goo-0042
google_play,syn-goo-0043,2025-02-23T08:30:13,synthetic_user_53841,True,synthetic://google_play/syn-goo-0043,,,[],"{""rating"": 2, ""thumbs_up"": 242, ""app_version"": ""7.23.0""}",android,"Search is useless for old photos. I'm trying to find the photo of the warranty card for the washing machine. I need it now because the machine broke and service wants the warranty. Timing wise it was when we bought it, 2 years ago maybe. I don't remember the exact words on it. I typed ""warranty 2024"" in search and got no results. It just doesn't show up in search even though I know it's there. I kept retyping different searches. Found one that might be it, but I'm not sure it's the same one.",google_play:syn-goo-0043
google_play,syn-goo-0044,2023-03-17T04:35:47,synthetic_user_65836,True,synthetic://google_play/syn-goo-0044,,,[],"{""rating"": 5, ""thumbs_up"": 169, ""app_version"": ""7.28.0""}",android,found the candid of my cousin laughing during the haldi by searching the person's face and then scrolling a bit. took two minutes.,google_play:syn-goo-0044
google_play,syn-goo-0045,2023-02-01T05:14:54,synthetic_user_53736,True,synthetic://google_play/syn-goo-0045,,,[],"{""rating"": 5, ""thumbs_up"": 79, ""app_version"": ""7.3.0""}",android,Found the photo of a plant I saw at a nursery by searching the person's face and then scrolling a bit. Took two minutes.,google_play:syn-goo-0045
google_play,syn-goo-0046,2024-09-05T01:03:14,synthetic_user_6028,True,synthetic://google_play/syn-goo-0046,,,[],"{""rating"": 1, ""thumbs_up"": 150, ""app_version"": ""7.12.0""}",android,"Search is hit or miss. Does anyone know how to find a short video of the band at the pub? I know it was at a pub in the old part of town. I don't know what it's called. Tried ""band"" and nothing came up. Screen recordings don't seem to be indexed at all. I went through the face group for that person too. I found a similar one but not the exact photo I wanted.",google_play:syn-goo-0046
google_play,syn-goo-0047,2023-11-20T02:41:21,synthetic_user_57898,True,synthetic://google_play/syn-goo-0047,,,[],"{""rating"": 5, ""thumbs_up"": 153, ""app_version"": ""7.21.0""}",android,"Search is hit or miss. Looking for a photo of the biryani my grandmother made. It was a few Eids ago. I can't remember the date at all. I typed ""eid 2021"" in search and it popped up near the top. I checked all my albums one by one. Got it eventually, after three days.",google_play:syn-goo-0047
google_play,syn-goo-0048,2025-02-26T17:35:35,synthetic_user_13979,True,synthetic://google_play/syn-goo-0048,,,[],"{""rating"": 3, ""thumbs_up"": 195, ""app_version"": ""7.19.0""}",android,Update: The locked folder is a nice privacy feature. The app is slow to load thumbnails on my old phone.,google_play:syn-goo-0048
google_play,syn-goo-0049,2024-07-16T00:17:41,synthetic_user_74177,True,synthetic://google_play/syn-goo-0049,,,[],"{""rating"": 5, ""thumbs_up"": 25, ""app_version"": ""7.30.0""}",android,Two things. The app is slow to load thumbnails on my old phone. Storage is full again and now they want me to pay for more. Too expensive for what it is.,google_play:syn-goo-0049
google_play,syn-goo-0050,2023-09-28T19:38:21,synthetic_user_47953,True,synthetic://google_play/syn-goo-0050,,,[],"{""rating"": 3, ""thumbs_up"": 139, ""app_version"": ""7.27.0""}",android,"looking for the photo of my car's insurance papers. i remember i took it in the car when the traffic police stopped me once. i don't remember when exactly. tried ""insurance"" and nothing came up. it just doesn't show up in search even though i know it's there. i kept retyping different searches. eventually i just gave up.",google_play:syn-goo-0050
google_play,syn-goo-0051,2023-08-10T08:30:47,synthetic_user_61797,True,synthetic://google_play/syn-goo-0051,,,[],"{""rating"": 3, ""thumbs_up"": 287, ""app_version"": ""7.11.0""}",android,"Search is useless for old photos. Looking for the photo of my handwritten letter to myself. Timing wise it was my 25th birthday. I can't recall what it said exactly. I typed ""handwritten letter on cream paper"" in search but it just showed random photos. I know exactly what it looks like but can't put it into search words. I checked all my albums one by one. Found one that might be it, but I'm not sure it's the same one.",google_play:syn-goo-0051
google_play,syn-goo-0052,2025-09-29T22:24:54,synthetic_user_53492,True,synthetic://google_play/syn-goo-0052,,,[],"{""rating"": 3, ""thumbs_up"": 189, ""app_version"": ""7.7.0""}",android,"Search is hit or miss. I've been looking for the photo of my son's first steps for days. I need it because we're making a birthday album. All I remember visually is the green rug and him holding the sofa. I can't remember the date at all. I typed ""baby standing holding sofa on green rug"" in search and it popped up near the top. Got it eventually, after about an hour.",google_play:syn-goo-0052
google_play,syn-goo-0053,2025-01-22T19:49:24,synthetic_user_84518,True,synthetic://google_play/syn-goo-0053,,,[],"{""rating"": 4, ""thumbs_up"": 31, ""app_version"": ""7.13.0""}",android,Please add a dark mode for the web version.,google_play:syn-goo-0053
google_play,syn-goo-0054,2023-10-24T04:43:58,synthetic_user_70807,True,synthetic://google_play/syn-goo-0054,,,[],"{""rating"": 1, ""thumbs_up"": 56, ""app_version"": ""7.22.0""}",android,"Search is hit or miss. Looking for a short video of the band at the pub. It was at a random Friday gig. I don't even remember what the event was called. Tried ""friday 2022"" and got no results. The photo is definitely in my library but search never shows it. I gave up on finding it.",google_play:syn-goo-0054
google_play,syn-goo-0055,2026-08-10T01:08:02,synthetic_user_7972,True,synthetic://google_play/syn-goo-0055,,,[],"{""rating"": 4, ""thumbs_up"": 218, ""app_version"": ""7.22.0""}",android,"i'm trying to find the photo of the menu at the street food stall. it was while eating chaat after the market. i can't recall what it said exactly. searched for ""delhi winter"" but it just showed random photos. it doesn't understand what i'm describing at all. got it eventually, after way too long.",google_play:syn-goo-0055
google_play,syn-goo-0056,2026-05-30T05:24:02,synthetic_user_8609,True,synthetic://google_play/syn-goo-0056,,,[],"{""rating"": 3, ""thumbs_up"": 140, ""app_version"": ""7.20.0""}",android,"Honestly, Why did they move the sharing button? The new layout is confusing. The widget on the home screen shows the same photo every day.",google_play:syn-goo-0056
google_play,syn-goo-0057,2024-06-06T13:37:40,synthetic_user_20006,True,synthetic://google_play/syn-goo-0057,,,[],"{""rating"": 2, ""thumbs_up"": 34, ""app_version"": ""7.3.0""}",android,"Frustrating search. I'm trying to find the picture of the pharmacy receipt. I remember I needed it for insurance reimbursement. Not sure which month or year, honestly. I typed ""receipt"" in search and got no results. I know exactly what it looks like but can't put it into search words. I scrolled for like 40 minutes. Never found it.",google_play:syn-goo-0057
google_play,syn-goo-0058,2026-02-13T13:22:56,synthetic_user_15058,True,synthetic://google_play/syn-goo-0058,,,[],"{""rating"": 3, ""thumbs_up"": 115, ""app_version"": ""7.26.0""}",android,"Search is hit or miss. I've been looking for a photo of the tiny café we found in Goa for days. It's from our Goa trip. I don't remember when exactly. Tried ""small cafe with blue chairs near the beach"" but it just showed random photos. How do you even search for something like that? I jumped to roughly that year with the scrollbar and went month by month. I gave up on finding it.",google_play:syn-goo-0058
google_play,syn-goo-0059,2023-03-01T06:34:07,synthetic_user_35818,True,synthetic://google_play/syn-goo-0059,,,[],"{""rating"": 5, ""thumbs_up"": 158, ""app_version"": ""7.30.0""}",android,"Honestly, The widget on the home screen shows the same photo every day.",google_play:syn-goo-0059
google_play,syn-goo-0060,2025-03-31T02:32:00,synthetic_user_18595,True,synthetic://google_play/syn-goo-0060,,,[],"{""rating"": 3, ""thumbs_up"": 15, ""app_version"": ""7.3.0""}",android,"Thought search was broken but the picture of the houseboat we stayed on was in my partner's library, not mine.",google_play:syn-goo-0060
google_play,syn-goo-0061,2024-11-29T05:43:51,synthetic_user_48503,True,synthetic://google_play/syn-goo-0061,,,[],"{""rating"": 2, ""thumbs_up"": 166, ""app_version"": ""7.25.0""}",android,"Couldn't find the old scanned photo of my grandparents' wedding anywhere, then realised it was on my old phone and never got backed up.",google_play:syn-goo-0061
google_play,syn-goo-0062,2024-03-27T14:23:27,synthetic_user_78554,True,synthetic://google_play/syn-goo-0062,,,[],"{""rating"": 1, ""thumbs_up"": 104, ""app_version"": ""7.10.0""}",android,"Search is useless for old photos. I've been looking for the photo of the bill I took sometime last summer for days. I can picture a long crumpled receipt. I don't remember when exactly. I typed ""june bill"" in search and got no results. The photo is definitely in my library but search never shows it. I scrolled for like 40 minutes. Never found it.",google_play:syn-goo-0062
google_play,syn-goo-0063,2025-05-29T20:52:36,synthetic_user_53008,True,synthetic://google_play/syn-goo-0063,,,[],"{""rating"": 3, ""thumbs_up"": 213, ""app_version"": ""7.10.0""}",android,"frustrating search. looking for the photo of the shoes i tried on in the store. i need it because i want to order them online. all i remember visually is grey shoes with a neon green sole. no idea what the thing is actually called. searched for ""grey running shoes with green sole"" but it just showed random photos. it took ""shoes"" literally and ignored everything else. never found it.",google_play:syn-goo-0063
google_play,syn-goo-0064,2025-11-10T07:03:35,synthetic_user_45793,True,synthetic://google_play/syn-goo-0064,,,[],"{""rating"": 5, ""thumbs_up"": 75, ""app_version"": ""7.8.0""}",android,"search is hit or miss. i've been looking for a sunset photo from the hotel balcony for days. timing wise it was in summer, i'm not sure which year. i can't recall where exactly it was. i typed ""sunset"" in search and there it was. finally found it after three days.",google_play:syn-goo-0064
google_play,syn-goo-0065,2023-04-26T12:48:49,synthetic_user_66497,True,synthetic://google_play/syn-goo-0065,,,[],"{""rating"": 2, ""thumbs_up"": 236, ""app_version"": ""7.15.0""}",android,"search is useless for old photos. i've been looking for a photo with a guy we met on a trek for days. we were at the top of the trek when i took it. no clue what the place was called. tried ""himachal 2019"" and got no results. it came from my old phone and i'm not sure it ever got backed up. i asked my sister if she still had it. never found it.",google_play:syn-goo-0065
google_play,syn-goo-0066,2026-08-13T03:17:15,synthetic_user_80610,True,synthetic://google_play/syn-goo-0066,,,[],"{""rating"": 3, ""thumbs_up"": 259, ""app_version"": ""7.13.0""}",android,Spent an hour looking for the photo with the bride and my grandmother and it turns out I had deleted it years ago. Not the app's fault.,google_play:syn-goo-0066
google_play,syn-goo-0067,2025-04-17T12:19:10,synthetic_user_88984,True,synthetic://google_play/syn-goo-0067,,,[],"{""rating"": 1, ""thumbs_up"": 171, ""app_version"": ""7.3.0""}",android,"I'm trying to find the photo of the bill I took sometime last summer. For context, we were splitting it between six people. I don't remember the exact words on it. Searched for ""bill"" and got no results. The photo is definitely in my library but search never shows it. I checked my Gmail in case I had sent it to someone. I gave up on finding it.",google_play:syn-goo-0067
google_play,syn-goo-0068,2024-01-05T07:47:54,synthetic_user_44791,True,synthetic://google_play/syn-goo-0068,,,[],"{""rating"": 3, ""thumbs_up"": 115, ""app_version"": ""7.5.0""}",android,"does anyone know how to find the photo of the electrician's handwritten estimate? timing wise it was a few months ago. i can't remember the date at all. i typed ""handwritten estimate on notebook paper"" in search and nothing came up. the photo is definitely in my library but search never shows it. ended up scrolling back through years of photos. got it eventually, after half an hour of scrolling.",google_play:syn-goo-0068
google_play,syn-goo-0069,2025-08-18T07:03:50,synthetic_user_48213,True,synthetic://google_play/syn-goo-0069,,,[],"{""rating"": 5, ""thumbs_up"": 225, ""app_version"": ""7.15.0""}",android,"Frustrating search. Looking for the group photo from the night we all stayed up on the terrace. I remember fairy lights and everyone squinting because of the flash. I don't remember the person's name. Searched for ""2016 night"" and got no results. It just doesn't show up in search even though I know it's there. Finally found it after half an hour of scrolling.",google_play:syn-goo-0069
google_play,syn-goo-0070,2024-03-30T16:25:30,synthetic_user_45820,True,synthetic://google_play/syn-goo-0070,,,[],"{""rating"": 2, ""thumbs_up"": 27, ""app_version"": ""7.13.0""}",android,"Search is useless for old photos. I've been looking for a picture of the sofa fabric sample for days. It's a picture of a fabric swatch. I don't know what it's called. I typed ""fabric"" in search and got a bunch of pictures that had nothing to do with it. How do you even search for something like that? I found a similar one but not the exact photo I wanted.",google_play:syn-goo-0070
google_play,syn-goo-0071,2024-06-08T07:51:06,synthetic_user_19597,True,synthetic://google_play/syn-goo-0071,,,[],"{""rating"": 3, ""thumbs_up"": 270, ""app_version"": ""7.14.0""}",android,"does anyone know how to find the photo of my son's first steps? i remember my son being in it. i'm not sure if i ever put it in an album. searched for ""baby standing holding sofa on green rug"" and got no results. i didn't know what else to try. found one that might be it, but i'm not sure it's the same one.",google_play:syn-goo-0071
google_play,syn-goo-0072,2023-05-19T19:09:11,synthetic_user_71313,True,synthetic://google_play/syn-goo-0072,,,[],"{""rating"": 3, ""thumbs_up"": 283, ""app_version"": ""7.1.0""}",android,"I'm trying to find the selfie from the concert. I need it now because it's her birthday and I want to post it. It was at the Coldplay concert. I can't remember the date at all. I searched ""selfie at concert with confetti"" and got no results. It came from my old phone and I'm not sure it ever got backed up. In the end I texted my friend to send it again. I gave up on finding it.",google_play:syn-goo-0072
google_play,syn-goo-0073,2025-07-26T01:20:47,synthetic_user_38462,True,synthetic://google_play/syn-goo-0073,,,[],"{""rating"": 1, ""thumbs_up"": 102, ""app_version"": ""7.29.0""}",android,"great backup app but search needs work. i'm trying to find the photo of my son's vaccination card. timing wise it was when he was a baby. i don't know what it's called. tried ""baby vaccination card pink"" and got no results. how do you even search for something like that? ended up scrolling back through years of photos. eventually i just gave up.",google_play:syn-goo-0073
google_play,syn-goo-0074,2025-10-13T18:06:51,synthetic_user_48148,True,synthetic://google_play/syn-goo-0074,,,[],"{""rating"": 2, ""thumbs_up"": 42, ""app_version"": ""7.24.0""}",android,"Does anyone know how to find the photo of my first tattoo right after I got it? I remember it was still covered with cling film. I don't remember when exactly. Searched for ""tattoo"" and got no results. How do you even search for something like that? I even googled how to search Google Photos better. I found a similar one but not the exact photo I wanted.",google_play:syn-goo-0074
google_play,syn-goo-0075,2024-08-24T11:41:41,synthetic_user_13447,True,synthetic://google_play/syn-goo-0075,,,[],"{""rating"": 3, ""thumbs_up"": 167, ""app_version"": ""7.22.0""}",android,Minor gripe: The widget on the home screen shows the same photo every day. App keeps crashing when I open a large video.,google_play:syn-goo-0075
google_play,syn-goo-0076,2025-06-28T12:47:57,synthetic_user_58606,True,synthetic://google_play/syn-goo-0076,,,[],"{""rating"": 3, ""thumbs_up"": 180, ""app_version"": ""7.20.0""}",android,"Update: The widget on the home screen shows the same photo every day. Deleted photos don't free up space on the phone, confusing.",google_play:syn-goo-0076
google_play,syn-goo-0077,2025-01-14T18:40:51,synthetic_user_98290,True,synthetic://google_play/syn-goo-0077,,,[],"{""rating"": 5, ""thumbs_up"": 81, ""app_version"": ""7.1.0""}",android,two things. backup has been stuck on 'preparing' for three days. very annoying. why did they move the sharing button? the new layout is confusing.,google_play:syn-goo-0077
google_play,syn-goo-0078,2024-04-28T23:29:22,synthetic_user_48015,True,synthetic://google_play/syn-goo-0078,,,[],"{""rating"": 4, ""thumbs_up"": 196, ""app_version"": ""7.19.0""}",android,backup has been stuck on 'preparing' for three days. very annoying. too many notifications about 'memories' i didn't ask for.,google_play:syn-goo-0078
google_play,syn-goo-0079,2024-06-17T16:14:53,synthetic_user_28124,True,synthetic://google_play/syn-goo-0079,,,[],"{""rating"": 2, ""thumbs_up"": 251, ""app_version"": ""7.7.0""}",android,"i've been looking for the picture of the wine label from our anniversary dinner for days. i need it now because i want to buy the same wine again. i remember my partner being in it. i don't know what it's called. searched for ""anniversary 2023"" and got thousands of results to scroll through. i have hundreds of similar shots and can't tell which one it was. i gave up on finding it.",google_play:syn-goo-0079
google_play,syn-goo-0080,2025-06-30T03:11:46,synthetic_user_89381,True,synthetic://google_play/syn-goo-0080,,,[],"{""rating"": 3, ""thumbs_up"": 177, ""app_version"": ""7.23.0""}",android,"search is hit or miss. i don't remember dates, nobody does. searching by date is useless for old memories.",google_play:syn-goo-0080
google_play,syn-goo-0081,2024-10-11T23:23:12,synthetic_user_9720,True,synthetic://google_play/syn-goo-0081,,,[],"{""rating"": 4, ""thumbs_up"": 264, ""app_version"": ""7.12.0""}",android,"i've been looking for the photo of my car's insurance papers for days. i need it now because i had an accident and need the policy number. i can picture a folded paper on the dashboard. i can't remember the date at all. i typed ""insurance"" in search and it popped up near the top. i scrolled for like 40 minutes. finally found it after two evenings.",google_play:syn-goo-0081
google_play,syn-goo-0082,2025-10-26T02:01:03,synthetic_user_16274,True,synthetic://google_play/syn-goo-0082,,,[],"{""rating"": 5, ""thumbs_up"": 78, ""app_version"": ""7.10.0""}",android,two things. too many notifications about 'memories' i didn't ask for.,google_play:syn-goo-0082
google_play,syn-goo-0083,2026-03-17T15:10:02,synthetic_user_81016,True,synthetic://google_play/syn-goo-0083,,,[],"{""rating"": 3, ""thumbs_up"": 254, ""app_version"": ""7.29.0""}",android,"Frustrating search. Looking for the photo from the Ganpati procession. It was not sure which year. I can't remember the date at all. I searched ""ganpati"" but it just showed random photos. It seems like search ignores half of what I type and only matches one word. Got it eventually, after two evenings.",google_play:syn-goo-0083
google_play,syn-goo-0084,2024-05-10T16:59:01,synthetic_user_16059,True,synthetic://google_play/syn-goo-0084,,,[],"{""rating"": 2, ""thumbs_up"": 126, ""app_version"": ""7.5.0""}",android,"search is hit or miss. looking for the selfie from the concert. it had my best friend in it. not sure which month or year, honestly. i typed ""selfie at concert with confetti"" in search and got no results. i think it's in my partner's library, not mine. i asked my sister if she still had it. still haven't found it.",google_play:syn-goo-0084
google_play,syn-goo-0085,2023-11-24T11:55:17,synthetic_user_75718,True,synthetic://google_play/syn-goo-0085,,,[],"{""rating"": 5, ""thumbs_up"": 160, ""app_version"": ""7.7.0""}",android,"Update: Uploading in original quality eats my data plan. Deleted photos don't free up space on the phone, confusing.",google_play:syn-goo-0085
google_play,syn-goo-0086,2024-09-23T18:06:31,synthetic_user_3037,True,synthetic://google_play/syn-goo-0086,,,[],"{""rating"": 3, ""thumbs_up"": 201, ""app_version"": ""7.17.0""}",android,Two things. Syncing between my two phones is inconsistent. The locked folder is a nice privacy feature.,google_play:syn-goo-0086
google_play,syn-goo-0087,2024-08-14T02:40:37,synthetic_user_50639,True,synthetic://google_play/syn-goo-0087,,,[],"{""rating"": 2, ""thumbs_up"": 281, ""app_version"": ""7.9.0""}",android,"I've been looking for the video of my mom singing at the dinner table for days. I need it because I want to play it at her 60th. It was taken at home. Not sure which month or year, honestly. Searched for ""video of mom singing at dinner"" and got no results. I just didn't know how to describe it in a way search would get. I went through the face group for that person too. Never found it.",google_play:syn-goo-0087
google_play,syn-goo-0088,2025-03-17T13:35:15,synthetic_user_44444,True,synthetic://google_play/syn-goo-0088,,,[],"{""rating"": 5, ""thumbs_up"": 187, ""app_version"": ""7.25.0""}",android,too many notifications about 'memories' i didn't ask for.,google_play:syn-goo-0088
google_play,syn-goo-0089,2024-11-09T03:59:26,synthetic_user_54596,True,synthetic://google_play/syn-goo-0089,,,[],"{""rating"": 2, ""thumbs_up"": 13, ""app_version"": ""7.20.0""}",android,"I've been looking for the photo of the electrician's handwritten estimate for days. I need it because he's charging way more now. The photo shows a handwritten estimate. I can't recall what it said exactly. I typed ""handwritten estimate on notebook paper"" in search and got thousands of results to scroll through. I have hundreds of similar shots and can't tell which one it was. Eventually I searched my WhatsApp chats instead. I gave up on finding it.",google_play:syn-goo-0089
google_play,syn-goo-0090,2025-09-10T06:12:29,synthetic_user_68712,True,synthetic://google_play/syn-goo-0090,,,[],"{""rating"": 5, ""thumbs_up"": 194, ""app_version"": ""7.5.0""}",android,Minor gripe: Backup has been stuck on 'preparing' for three days. Very annoying.,google_play:syn-goo-0090
google_play,syn-goo-0091,2023-08-14T06:56:46,synthetic_user_2482,True,synthetic://google_play/syn-goo-0091,,,[],"{""rating"": 2, ""thumbs_up"": 214, ""app_version"": ""7.5.0""}",android,"Honestly I've stopped using search and just scroll, it's more predictable.",google_play:syn-goo-0091
google_play,syn-goo-0092,2026-06-06T17:10:14,synthetic_user_96447,True,synthetic://google_play/syn-goo-0092,,,[],"{""rating"": 1, ""thumbs_up"": 70, ""app_version"": ""7.17.0""}",android,Frustrating search. It would help if the app told me why a photo showed up in results.,google_play:syn-goo-0092
google_play,syn-goo-0093,2024-10-04T06:18:19,synthetic_user_60249,True,synthetic://google_play/syn-goo-0093,,,[],"{""rating"": 5, ""thumbs_up"": 175, ""app_version"": ""7.18.0""}",android,Two things. I wish the video editor had more music options. Syncing between my two phones is inconsistent.,google_play:syn-goo-0093
google_play,syn-goo-0094,2024-12-07T05:19:58,synthetic_user_38070,True,synthetic://google_play/syn-goo-0094,,,[],"{""rating"": 2, ""thumbs_up"": 40, ""app_version"": ""7.12.0""}",android,"Search is useless for old photos. Does anyone know how to find a picture of the sofa fabric sample? I need it now because we're finally ordering the sofa. For context, the shop said to send them the photo when ordering. I don't know what it's called. I typed ""mustard fabric sample"" in search and got no results. I know exactly what it looks like but can't put it into search words. Found one that might be it, but I'm not sure it's the same one.",google_play:syn-goo-0094
google_play,syn-goo-0095,2024-02-18T19:36:32,synthetic_user_35537,True,synthetic://google_play/syn-goo-0095,,,[],"{""rating"": 3, ""thumbs_up"": 139, ""app_version"": ""7.5.0""}",android,spent an hour looking for the photo of the prescription for my mother's eye drops and it turns out i had deleted it years ago. not the app's fault.,google_play:syn-goo-0095
google_play,syn-goo-0096,2025-12-23T08:12:59,synthetic_user_83616,True,synthetic://google_play/syn-goo-0096,,,[],"{""rating"": 3, ""thumbs_up"": 26, ""app_version"": ""7.4.0""}",android,"Love the collage feature, made a nice one for my mom.",google_play:syn-goo-0096
google_play,syn-goo-0097,2023-10-09T00:11:19,synthetic_user_72135,True,synthetic://google_play/syn-goo-0097,,,[],"{""rating"": 2, ""thumbs_up"": 243, ""app_version"": ""7.16.0""}",android,"Great backup app but search needs work. Honestly I've stopped using search and just scroll, it's more predictable.",google_play:syn-goo-0097
google_play,syn-goo-0098,2024-08-07T23:30:59,synthetic_user_7754,True,synthetic://google_play/syn-goo-0098,,,[],"{""rating"": 3, ""thumbs_up"": 293, ""app_version"": ""7.8.0""}",android,"Didn't remember anything except grey shoes with a neon green sole, searched for that and it showed up. Impressed.",google_play:syn-goo-0098
google_play,syn-goo-0099,2024-01-30T04:06:04,synthetic_user_43343,True,synthetic://google_play/syn-goo-0099,,,[],"{""rating"": 3, ""thumbs_up"": 234, ""app_version"": ""7.21.0""}",android,"Great backup app but search needs work. I've been looking for the screenshot where I had the information about that course for days. I need it now because the application deadline might be close. I remember someone posted it on LinkedIn. I don't remember the exact words on it. I typed ""screenshot linkedin"" in search and got a bunch of pictures that had nothing to do with it. I know exactly what it looks like but can't put it into search words. I kept retyping different searches. Found one that might be it, but I'm not sure it's the same one.",google_play:syn-goo-0099
google_play,syn-goo-0100,2025-02-24T08:34:30,synthetic_user_58554,True,synthetic://google_play/syn-goo-0100,,,[],"{""rating"": 2, ""thumbs_up"": 154, ""app_version"": ""7.19.0""}",android,"Search is hit or miss. I've been looking for the family photo from Diwali where everyone is wearing white for days. Timing wise it was one of the Diwalis between 2017 and 2020. I have no idea what year it was. Tried ""diwali 2018"" and nothing came up. I think it's in my partner's library, not mine. Ended up scrolling back through years of photos. I gave up on finding it.",google_play:syn-goo-0100
google_play,syn-goo-0101,2024-04-28T02:15:42,synthetic_user_87528,True,synthetic://google_play/syn-goo-0101,,,[],"{""rating"": 3, ""thumbs_up"": 238, ""app_version"": ""7.10.0""}",android,"honestly, face grouping merged my twin daughters into one person lol.",google_play:syn-goo-0101
google_play,syn-goo-0102,2026-06-12T08:02:27,synthetic_user_28721,True,synthetic://google_play/syn-goo-0102,,,[],"{""rating"": 3, ""thumbs_up"": 244, ""app_version"": ""7.5.0""}",android,"Honestly, The editing tools are great, the magic eraser is really good. The app is slow to load thumbnails on my old phone.",google_play:syn-goo-0102
google_play,syn-goo-0103,2025-12-01T16:05:12,synthetic_user_15235,True,synthetic://google_play/syn-goo-0103,,,[],"{""rating"": 1, ""thumbs_up"": 298, ""app_version"": ""7.16.0""}",android,"frustrating search. looking for a short video of the band at the pub. it was while singing a cover of some old song. no idea what the thing is actually called. i searched ""band"" but it just showed random photos. how do you even search for something like that? i found a similar one but not the exact photo i wanted.",google_play:syn-goo-0103
google_play,syn-goo-0104,2023-03-06T10:27:09,synthetic_user_53591,True,synthetic://google_play/syn-goo-0104,,,[],"{""rating"": 1, ""thumbs_up"": 215, ""app_version"": ""7.12.0""}",android,"Great backup app but search needs work. Does anyone know how to find the photo I took of my passport page? I can picture my thumb covering one corner. I can't recall what it said exactly. I searched ""visa 2022"" and nothing came up. It just doesn't show up in search even though I know it's there. I kept retyping different searches. Still haven't found it.",google_play:syn-goo-0104
google_play,syn-goo-0105,2023-06-14T19:38:07,synthetic_user_17431,True,synthetic://google_play/syn-goo-0105,,,[],"{""rating"": 3, ""thumbs_up"": 178, ""app_version"": ""7.4.0""}",android,"couldn't find the photo of us dancing at the sangeet anywhere, then realised it was on my old phone and never got backed up.",google_play:syn-goo-0105
google_play,syn-goo-0106,2026-06-13T00:34:10,synthetic_user_31544,True,synthetic://google_play/syn-goo-0106,,,[],"{""rating"": 1, ""thumbs_up"": 51, ""app_version"": ""7.20.0""}",android,"great backup app but search needs work. i've been looking for the picture of my college marksheet for days. i remember a certificate with a blue border. i can't remember the date at all. i typed ""college marksheet with blue border"" in search but it just showed random photos. how do you even search for something like that? found one that might be it, but i'm not sure it's the same one.",google_play:syn-goo-0106
google_play,syn-goo-0107,2023-04-01T14:38:45,synthetic_user_57535,True,synthetic://google_play/syn-goo-0107,,,[],"{""rating"": 3, ""thumbs_up"": 276, ""app_version"": ""7.7.0""}",android,"Was sure I'd never find the photo of the bill I took sometime last summer, but searching ""bill"" plus the year got it on the first try.",google_play:syn-goo-0107
google_play,syn-goo-0108,2024-08-15T08:31:32,synthetic_user_95881,True,synthetic://google_play/syn-goo-0108,,,[],"{""rating"": 5, ""thumbs_up"": 163, ""app_version"": ""7.19.0""}",android,Minor gripe: Too many notifications about 'memories' I didn't ask for.,google_play:syn-goo-0108
google_play,syn-goo-0109,2024-09-10T05:12:57,synthetic_user_86535,True,synthetic://google_play/syn-goo-0109,,,[],"{""rating"": 1, ""thumbs_up"": 211, ""app_version"": ""7.10.0""}",android,"I don't remember dates, nobody does. Searching by date is useless for old memories.",google_play:syn-goo-0109
google_play,syn-goo-0110,2025-08-06T02:05:52,synthetic_user_73713,True,synthetic://google_play/syn-goo-0110,,,[],"{""rating"": 2, ""thumbs_up"": 285, ""app_version"": ""7.17.0""}",android,"i've been looking for the photo of the warranty card for the washing machine for days. for context, i photographed it right after installation. not sure which month or year, honestly. searched for ""warranty"" but it just showed random photos. i didn't know what else to try. eventually i searched my whatsapp chats instead. found one that might be it, but i'm not sure it's the same one.",google_play:syn-goo-0110
google_play,syn-goo-0111,2024-11-07T23:32:45,synthetic_user_10363,True,synthetic://google_play/syn-goo-0111,,,[],"{""rating"": 4, ""thumbs_up"": 189, ""app_version"": ""7.3.0""}",android,Update: Face grouping merged my twin daughters into one person lol.,google_play:syn-goo-0111
google_play,syn-goo-0112,2026-02-04T11:42:34,synthetic_user_37101,True,synthetic://google_play/syn-goo-0112,,,[],"{""rating"": 4, ""thumbs_up"": 273, ""app_version"": ""7.21.0""}",android,"Looking for that picture from the trip where we stayed near the beach. Timing wise it was 2021 or 2022, not sure. I can't recall where exactly it was. I searched ""beach"" and got thousands of results to scroll through. There are so many almost identical shots from that day that I can't tell which one it is. Got it eventually, after two evenings.",google_play:syn-goo-0112
google_play,syn-goo-0113,2024-11-22T09:22:08,synthetic_user_64044,True,synthetic://google_play/syn-goo-0113,,,[],"{""rating"": 3, ""thumbs_up"": 251, ""app_version"": ""7.15.0""}",android,"frustrating search. i've been looking for the photo of us at the football match for days. i need it because reunion group chat asked for it. we were in the stadium when i took it. i don't even remember what the event was called. i typed ""friends with painted faces at football match"" in search and nothing came up. i just didn't know how to describe it in a way search would get. in the end i texted my friend to send it again. found one that might be it, but i'm not sure it's the same one.",google_play:syn-goo-0113
google_play,syn-goo-0114,2025-11-01T16:36:10,synthetic_user_48916,True,synthetic://google_play/syn-goo-0114,,,[],"{""rating"": 3, ""thumbs_up"": 247, ""app_version"": ""7.22.0""}",android,"Search is useless for old photos. I'm trying to find that picture from the trip where we stayed near the beach. I remember location was probably off on my phone. No clue what the place was called. Tried ""beach"" and nothing came up. The photo is definitely in my library but search never shows it. Found one that might be it, but I'm not sure it's the same one.",google_play:syn-goo-0114
google_play,syn-goo-0115,2025-02-03T14:46:58,synthetic_user_60161,True,synthetic://google_play/syn-goo-0115,,,[],"{""rating"": 1, ""thumbs_up"": 115, ""app_version"": ""7.10.0""}",android,"I've been looking for a picture of the waterfall we hiked to for days. It was taken a couple of hours from the homestay. I have no idea what year it was. Tried ""meghalaya 2020"" and it gave me hundreds of photos. I have hundreds of similar shots and can't tell which one it was. I scrolled for like 40 minutes. Never found it.",google_play:syn-goo-0115
google_play,syn-goo-0116,2025-04-10T13:48:30,synthetic_user_49436,True,synthetic://google_play/syn-goo-0116,,,[],"{""rating"": 5, ""thumbs_up"": 243, ""app_version"": ""7.2.0""}",android,Backup has been stuck on 'preparing' for three days. Very annoying.,google_play:syn-goo-0116
google_play,syn-goo-0117,2023-10-23T14:30:05,synthetic_user_10084,True,synthetic://google_play/syn-goo-0117,,,[],"{""rating"": 1, ""thumbs_up"": 288, ""app_version"": ""7.8.0""}",android,"Search is hit or miss. I'm trying to find the screenshot where I had the information about that course. I need it now because the application deadline might be close. For context, someone posted it on LinkedIn. I have no idea what year it was. I searched ""screenshot linkedin"" and nothing came up. It just doesn't show up in search even though I know it's there. Found one that might be it, but I'm not sure it's the same one.",google_play:syn-goo-0117
google_play,syn-goo-0118,2025-02-07T15:43:23,synthetic_user_24345,True,synthetic://google_play/syn-goo-0118,,,[],"{""rating"": 3, ""thumbs_up"": 194, ""app_version"": ""7.3.0""}",android,"Frustrating search. I'm trying to find the picture of the dent on my car. I need it because the insurance surveyor wants the original photo. I remember a scooter hit my car in the parking lot. I don't remember when exactly. I typed ""dent on silver car door"" in search and got no results. I ran out of ideas pretty quickly. Never found it.",google_play:syn-goo-0118
google_play,syn-goo-0119,2023-05-31T02:59:12,synthetic_user_35123,True,synthetic://google_play/syn-goo-0119,,,[],"{""rating"": 2, ""thumbs_up"": 78, ""app_version"": ""7.24.0""}",android,"Great backup app but search needs work. Honestly I've stopped using search and just scroll, it's more predictable.",google_play:syn-goo-0119
app_store,syn-app-0000,2025-03-12T16:51:34,synthetic_user_89070,True,synthetic://app_store/syn-app-0000,Can't find anything older than a year,,[],"{""rating"": 3}",ios,"I've been looking for the photo of the prescription for my mother's eye drops for days. I need it now because the pharmacy needs the name. It's a picture of a prescription. It had the name of the eye drops on it. I don't remember the exact words on it. I typed ""prescription"" in search and got a bunch of pictures that had nothing to do with it. I searched ""eye clinic"" and nothing came up. I ran out of ideas pretty quickly. Eventually I searched my WhatsApp chats instead. Never found it.",app_store:syn-app-0000
app_store,syn-app-0001,2025-09-15T03:48:23,synthetic_user_38722,True,synthetic://app_store/syn-app-0001,"Good backup, weak search",,[],"{""rating"": 3}",ios,"Honestly search is amazing. I typed ""car insurance paper on dashboard"" and it found the photo of my car's insurance papers in seconds.",app_store:syn-app-0001
app_store,syn-app-0002,2025-04-09T22:55:43,synthetic_user_24176,True,synthetic://app_store/syn-app-0002,Love it but search is frustrating,,[],"{""rating"": 3}",ios,"A lot of my photos come from shared albums. I'm trying to find a picture of the ramen bowl from the tiny shop. I need it because a friend wants the shop name. I remember my brother being in it. Timing wise it was spring 2023 I think. No clue what the place was called. Tried ""tokyo april 2023"" but it just showed random photos. It doesn't understand what I'm describing at all. I jumped to roughly that year with the scrollbar and went month by month. Never found it.",app_store:syn-app-0002
app_store,syn-app-0003,2024-09-01T22:22:21,synthetic_user_77354,True,synthetic://app_store/syn-app-0003,Search can't find old photos,,[],"{""rating"": 3}",ios,"Looking for the photo of the prescription for my mother's eye drops. I need it because the pharmacy needs the name. I remember the doctor's handwriting was unreadable. I don't remember the exact words on it. I searched ""doctor prescription eye drops"" and got no results. I typed ""prescription"" in search and got no results. It just doesn't show up in search even though I know it's there. I checked my Gmail in case I had sent it to someone. Eventually I just gave up.",app_store:syn-app-0003
app_store,syn-app-0004,2023-10-07T07:06:15,synthetic_user_50324,True,synthetic://app_store/syn-app-0004,Can't find anything older than a year,,[],"{""rating"": 3}",ios,"On Android. I've been looking for the photo of the dessert we ordered at that restaurant for days. I need it now because I want to go back but forgot the restaurant name. I remember my sister being in it. No clue what the place was called. Tried ""chocolate dessert with gold on top"" but it just showed random photos. It took ""dessert"" literally and ignored everything else. Tried synonyms like ""cake"" too. Still haven't found it.",app_store:syn-app-0004
app_store,syn-app-0005,2023-08-29T08:37:36,synthetic_user_27509,True,synthetic://app_store/syn-app-0005,Almost perfect,,[],"{""rating"": 5}",ios,"On the web version on my laptop. Does anyone know how to find the photo of the prescription for my mother's eye drops? I need it now because the pharmacy needs the name. I remember it showed the name of the eye drops. I remember the doctor's handwriting was unreadable. I don't know what it's called. Searched for ""eye clinic"" but it just showed random photos. I searched ""doctor prescription eye drops"" and nothing came up. I know exactly what it looks like but can't put it into search words. I checked my Gmail in case I had sent it to someone. Finally found it after way too long.",app_store:syn-app-0005
app_store,syn-app-0006,2026-06-15T05:04:09,synthetic_user_27082,True,synthetic://app_store/syn-app-0006,Almost perfect,,[],"{""rating"": 3}",ios,"Update: The widget on the home screen shows the same photo every day. Deleted photos don't free up space on the phone, confusing.",app_store:syn-app-0006
app_store,syn-app-0007,2025-12-26T10:14:02,synthetic_user_78231,True,synthetic://app_store/syn-app-0007,Can't find anything older than a year,,[],"{""rating"": 1}",ios,It's frustrating that I have to guess what word the app uses for something.,app_store:syn-app-0007
app_store,syn-app-0008,2026-03-18T09:44:01,synthetic_user_67425,True,synthetic://app_store/syn-app-0008,Search needs to be smarter,,[],"{""rating"": 1}",ios,It's frustrating that I have to guess what word the app uses for something.,app_store:syn-app-0008
app_store,syn-app-0009,2023-05-10T19:27:28,synthetic_user_52129,True,synthetic://app_store/syn-app-0009,Love it but search is frustrating,,[],"{""rating"": 4}",ios,"I've been looking for the picture of the wine label from our anniversary dinner for days. I need it now because I want to buy the same wine again. It had my partner in it. No idea what the thing is actually called. I typed ""wine"" in search and got no results. Searched for ""anniversary 2023"" and got no results. How do you even search for something like that? I even googled how to search Google Photos better. Got it eventually, after half an hour of scrolling.",app_store:syn-app-0009
app_store,syn-app-0010,2024-10-23T10:19:31,synthetic_user_44270,True,synthetic://app_store/syn-app-0010,Can't find anything older than a year,,[],"{""rating"": 5}",ios,"Honestly, I wish the video editor had more music options.",app_store:syn-app-0010
app_store,syn-app-0011,2023-04-10T01:40:21,synthetic_user_13051,True,synthetic://app_store/syn-app-0011,Search needs to be smarter,,[],"{""rating"": 2}",ios,"Couldn't find the picture of the wine label from our anniversary dinner anywhere, then realised it was on my old phone and never got backed up.",app_store:syn-app-0011
app_store,syn-app-0012,2026-04-30T08:14:07,synthetic_user_68084,True,synthetic://app_store/syn-app-0012,Search needs to be smarter,,[],"{""rating"": 2}",ios,"Does anyone know how to find the picture of the houseboat we stayed on? I need it now because I wanted to print it for my parents' anniversary. I remember a wooden roof and my dad standing at the front. We were somewhere in the Kerala backwaters when I took it. I don't remember when exactly. I searched ""houseboat"" and got no results. Tried ""dad standing on a boat with a wooden roof"" and got no results. The photo is definitely in my library but search never shows it. I jumped to roughly that year with the scrollbar and went month by month. Found one that might be it, but I'm not sure it's the same one.",app_store:syn-app-0012
app_store,syn-app-0013,2023-09-04T15:22:33,synthetic_user_90968,True,synthetic://app_store/syn-app-0013,Love it but search is frustrating,,[],"{""rating"": 4}",ios,"Didn't remember anything except green hills and a reflection of my face in the glass, searched for that and it showed up. Impressed.",app_store:syn-app-0013
app_store,syn-app-0014,2024-10-06T05:05:27,synthetic_user_32477,True,synthetic://app_store/syn-app-0014,Where did my photo go?,,[],"{""rating"": 3}",ios,"On Android. Looking for the photo of the street where we got lost. I need it because we want to frame it. We were in some old town in Portugal when I took it. I don't even remember what the event was called. Searched for ""narrow street with yellow tiles and tram"" and got thousands of results to scroll through. I searched ""street"" and it gave me hundreds of photos. There are so many almost identical shots from that day that I can't tell which one it is. I went through the map view hoping to spot it. Never found it.",app_store:syn-app-0014
app_store,syn-app-0015,2023-02-04T21:23:06,synthetic_user_8851,True,synthetic://app_store/syn-app-0015,Search can't find old photos,,[],"{""rating"": 2}",ios,"On iOS. I've been looking for a picture of the waterfall we hiked to for days. I need it now because my cousin asked for it for a reunion slideshow. We were a couple of hours from the homestay when I took it. I remember my cousins being in it. No clue what the place was called. Tried ""waterfall with people in raincoats and mist"" and got thousands of results to scroll through. I have hundreds of similar shots and can't tell which one it was. I went through the map view hoping to spot it. I found a similar one but not the exact photo I wanted.",app_store:syn-app-0015
app_store,syn-app-0016,2023-06-26T15:49:08,synthetic_user_15202,True,synthetic://app_store/syn-app-0016,"Good backup, weak search",,[],"{""rating"": 3}",ios,"Looking for the photo of my son's first steps. I need it now because we're making a birthday album. It's the one my wife took, not me. All I remember visually is the green rug and him holding the sofa. I'm not sure if I ever put it in an album. Searched for ""2019"" and it gave me hundreds of photos. All the results look the same as tiny thumbnails. Ended up scrolling back through years of photos. I found a similar one but not the exact photo I wanted.",app_store:syn-app-0016
app_store,syn-app-0017,2023-09-02T00:27:40,synthetic_user_92785,True,synthetic://app_store/syn-app-0017,Love it but search is frustrating,,[],"{""rating"": 5}",ios,"Was sure I'd never find the photo of my dad's blood test report, but searching ""report"" plus the year got it on the first try.",app_store:syn-app-0017
app_store,syn-app-0018,2024-12-11T19:02:31,synthetic_user_67793,True,synthetic://app_store/syn-app-0018,Almost perfect,,[],"{""rating"": 5}",ios,Two things. App keeps crashing when I open a large video.,app_store:syn-app-0018
app_store,syn-app-0019,2025-08-24T13:15:07,synthetic_user_50197,True,synthetic://app_store/syn-app-0019,Love it but search is frustrating,,[],"{""rating"": 1}",ios,"Does anyone know how to find the selfie from the concert? I need it because it's her birthday and I want to post it. I can picture confetti in the air behind us. Not sure which month or year, honestly. I typed ""concert"" in search but it just showed random photos. I searched ""selfie at concert with confetti"" and nothing came up. I just didn't know how to describe it in a way search would get. In the end I texted my friend to send it again. Still haven't found it.",app_store:syn-app-0019
app_store,syn-app-0020,2024-02-15T10:36:59,synthetic_user_73899,True,synthetic://app_store/syn-app-0020,Almost perfect,,[],"{""rating"": 2}",ios,"Does anyone know how to find that photo where I was wearing the blue shirt? I need it because I need a profile photo for a new job. I remember me in a light blue linen shirt against a white wall. I remember it was the best picture of me in years. No clue what the place was called. Searched for ""me wearing blue shirt white wall"" and got a bunch of pictures that had nothing to do with it. It took ""blue shirt"" literally and ignored everything else. I scrolled for like 40 minutes. Found one that might be it, but I'm not sure it's the same one.",app_store:syn-app-0020
app_store,syn-app-0021,2025-10-04T02:10:50,synthetic_user_18661,True,synthetic://app_store/syn-app-0021,Search needs to be smarter,,[],"{""rating"": 2}",ios,"Looking for a screenshot of a recipe from Instagram. I need it now because guests are coming this weekend. It had something with paneer and cashew paste on it. I remember I screenshotted it from a reel. I can't recall what it said exactly. Searched for ""paneer recipe screenshot"" and got thousands of results to scroll through. There are so many almost identical shots from that day that I can't tell which one it is. Ended up scrolling back through years of photos. I gave up on finding it.",app_store:syn-app-0021
app_store,syn-app-0022,2026-01-02T13:02:41,synthetic_user_27215,True,synthetic://app_store/syn-app-0022,"Good backup, weak search",,[],"{""rating"": 2}",ios,"I have 12 years of photos in there. Looking for the picture of the houseboat we stayed on. I need it now because I wanted to print it for my parents' anniversary. It had my parents in it. I can picture a wooden roof and my dad standing at the front. I don't remember when exactly. I searched ""dad standing on a boat with a wooden roof"" but it just showed random photos. I searched ""kerala 2019"" but it just showed random photos. It seems like search ignores half of what I type and only matches one word. I went through the map view hoping to spot it. Never found it.",app_store:syn-app-0022
app_store,syn-app-0023,2023-11-19T11:04:34,synthetic_user_92367,True,synthetic://app_store/syn-app-0023,Search needs to be smarter,,[],"{""rating"": 3}",ios,"Search should work the way I remember things, like 'photo of passport page', not just single words.",app_store:syn-app-0023
app_store,syn-app-0024,2025-03-31T13:33:10,synthetic_user_89952,True,synthetic://app_store/syn-app-0024,Search needs to be smarter,,[],"{""rating"": 3}",ios,"On my Pixel. I've been looking for a sunset photo from the hotel balcony for days. We were at the hotel near the lake when I took it. No clue what the place was called. I searched ""sunset"" and it gave me hundreds of photos. There are so many almost identical shots from that day that I can't tell which one it is. I jumped to roughly that year with the scrollbar and went month by month. Still haven't found it.",app_store:syn-app-0024
app_store,syn-app-0025,2023-06-03T00:47:37,synthetic_user_8450,True,synthetic://app_store/syn-app-0025,Love it but search is frustrating,,[],"{""rating"": 3}",ios,It's frustrating that I have to guess what word the app uses for something.,app_store:syn-app-0025
app_store,syn-app-0026,2024-11-10T04:27:39,synthetic_user_5596,True,synthetic://app_store/syn-app-0026,"Good backup, weak search",,[],"{""rating"": 1}",ios,"Search should work the way I remember things, like 'whiteboard with launch timeline', not just single words.",app_store:syn-app-0026
app_store,syn-app-0027,2025-01-05T17:27:53,synthetic_user_71371,True,synthetic://app_store/syn-app-0027,Almost perfect,,[],"{""rating"": 2}",ios,"On my Samsung. Does anyone know how to find the video of my mom singing at the dinner table? I need it because I want to play it at her 60th. It was some Sunday a couple of years ago. It was while singing an old song. I don't remember when exactly. I searched ""video of mom singing at dinner"" and got thousands of results to scroll through. Tried ""sunday dinner"" and got thousands of results to scroll through. There are so many almost identical shots from that day that I can't tell which one it is. I jumped to roughly that year with the scrollbar and went month by month. I gave up on finding it.",app_store:syn-app-0027
app_store,syn-app-0028,2024-12-27T06:19:28,synthetic_user_23081,True,synthetic://app_store/syn-app-0028,Love it but search is frustrating,,[],"{""rating"": 3}",ios,"Does anyone know how to find the photo of my daughter on stage at her school play? I need it now because she wants to show her friends. All I remember visually is a sunflower costume and a blue curtain. It had my daughter in it. I don't even remember what the event was called. Tried ""school function"" and got thousands of results to scroll through. I have hundreds of similar shots and can't tell which one it was. Ended up scrolling back through years of photos. I gave up on finding it.",app_store:syn-app-0028
app_store,syn-app-0029,2024-12-21T20:40:03,synthetic_user_73873,True,synthetic://app_store/syn-app-0029,Love it but search is frustrating,,[],"{""rating"": 5}",ios,Please add a dark mode for the web version. Printing service delivery took two weeks.,app_store:syn-app-0029
app_store,syn-app-0030,2024-09-24T06:23:30,synthetic_user_64282,True,synthetic://app_store/syn-app-0030,Search can't find old photos,,[],"{""rating"": 3}",ios,Minor gripe: I wish the video editor had more music options.,app_store:syn-app-0030
app_store,syn-app-0031,2023-02-10T19:10:02,synthetic_user_62650,True,synthetic://app_store/syn-app-0031,Search can't find old photos,,[],"{""rating"": 2}",ios,Spent an hour looking for a picture of the waterfall we hiked to and it turns out I had deleted it years ago. Not the app's fault.,app_store:syn-app-0031
app_store,syn-app-0032,2023-09-25T12:24:23,synthetic_user_93970,True,synthetic://app_store/syn-app-0032,Love it but search is frustrating,,[],"{""rating"": 2}",ios,It would help if the app told me why a photo showed up in results.,app_store:syn-app-0032
app_store,syn-app-0033,2026-04-16T05:09:26,synthetic_user_14538,True,synthetic://app_store/syn-app-0033,Almost perfect,,[],"{""rating"": 5}",ios,Update: Storage is full again and now they want me to pay for more. Too expensive for what it is.,app_store:syn-app-0033
app_store,syn-app-0034,2025-03-21T21:20:10,synthetic_user_13242,True,synthetic://app_store/syn-app-0034,Where did my photo go?,,[],"{""rating"": 2}",ios,It's frustrating that I have to guess what word the app uses for something.,app_store:syn-app-0034
app_store,syn-app-0035,2026-08-01T12:13:27,synthetic_user_58540,True,synthetic://app_store/syn-app-0035,Search can't find old photos,,[],"{""rating"": 4}",ios,"On the web version on my laptop. Looking for the photo from the Ganpati procession. I need it now because our society newsletter wanted old pictures. All I remember visually is red gulal everywhere and the idol behind us. I remember my neighbours being in it. I can't remember the date at all. Searched for ""september"" and there it was. I typed ""ganpati"" in search and there it was. I jumped to roughly that year with the scrollbar and went month by month. Finally found it after about an hour.",app_store:syn-app-0035
app_store,syn-app-0036,2024-12-18T09:20:40,synthetic_user_14160,True,synthetic://app_store/syn-app-0036,Search needs to be smarter,,[],"{""rating"": 3}",ios,"Love the collage feature, made a nice one for my mom.",app_store:syn-app-0036
app_store,syn-app-0037,2023-12-04T22:06:42,synthetic_user_56911,True,synthetic://app_store/syn-app-0037,Love it but search is frustrating,,[],"{""rating"": 1}",ios,"Looking for the photo of the street where we got lost. I need it because we want to frame it. It's from our honeymoon. I can picture yellow tiles on the walls and a tram line. I don't even remember what the event was called. I typed ""narrow street with yellow tiles and tram"" in search but it just showed random photos. Tried ""street"" and nothing came up. How do you even search for something like that? I jumped to roughly that year with the scrollbar and went month by month. Still haven't found it.",app_store:syn-app-0037
app_store,syn-app-0038,2023-07-06T23:22:10,synthetic_user_71319,True,synthetic://app_store/syn-app-0038,"Good backup, weak search",,[],"{""rating"": 1}",ios,"My wife and I share a partner library. I'm trying to find a picture of the ramen bowl from the tiny shop. I need it now because a friend wants the shop name. I remember a black bowl with a soft egg cut in half. No idea what the thing is actually called. Tried ""ramen"" but it just showed random photos. I searched ""tokyo april 2023"" and got a bunch of pictures that had nothing to do with it. It seems like search ignores half of what I type and only matches one word. I asked my sister if she still had it. Never found it.",app_store:syn-app-0038
app_store,syn-app-0039,2024-01-18T16:13:48,synthetic_user_5848,True,synthetic://app_store/syn-app-0039,Where did my photo go?,,[],"{""rating"": 2}",ios,It's frustrating that I have to guess what word the app uses for something.,app_store:syn-app-0039
app_store,syn-app-0040,2026-03-01T02:14:39,synthetic_user_19808,True,synthetic://app_store/syn-app-0040,Almost perfect,,[],"{""rating"": 5}",ios,"Honestly, Face grouping merged my twin daughters into one person lol. Love the collage feature, made a nice one for my mom.",app_store:syn-app-0040
app_store,syn-app-0041,2026-01-13T15:04:22,synthetic_user_99150,True,synthetic://app_store/syn-app-0041,Can't find anything older than a year,,[],"{""rating"": 3}",ios,"Honestly, Why did they move the sharing button? The new layout is confusing.",app_store:syn-app-0041
app_store,syn-app-0042,2026-05-03T09:23:21,synthetic_user_41910,True,synthetic://app_store/syn-app-0042,Search needs to be smarter,,[],"{""rating"": 1}",ios,"I'm trying to find the photo of the electrician's handwritten estimate. I need it because he's charging way more now. I remember he wrote it on a notebook page. I remember it showed the amount for rewiring. I can't remember the date at all. Tried ""estimate"" but it just showed random photos. I know exactly what it looks like but can't put it into search words. I kept retyping different searches. Still haven't found it.",app_store:syn-app-0042
app_store,syn-app-0043,2025-03-24T20:05:58,synthetic_user_42746,True,synthetic://app_store/syn-app-0043,Almost perfect,,[],"{""rating"": 4}",ios,Minor gripe: Uploading in original quality eats my data plan.,app_store:syn-app-0043
app_store,syn-app-0044,2025-08-31T09:46:43,synthetic_user_48816,True,synthetic://app_store/syn-app-0044,Search can't find old photos,,[],"{""rating"": 2}",ios,"I'm trying to find the photo I took of my passport page. It's a picture of my passport. I remember it showed the passport number and expiry date. I don't remember when exactly. Searched for ""photo of passport page"" and nothing came up. I typed ""visa 2022"" in search and got no results. The photo is definitely in my library but search never shows it. I checked my Gmail in case I had sent it to someone. Still haven't found it.",app_store:syn-app-0044
app_store,syn-app-0045,2024-07-28T17:53:57,synthetic_user_91250,True,synthetic://app_store/syn-app-0045,Search needs to be smarter,,[],"{""rating"": 1}",ios,It's frustrating that I have to guess what word the app uses for something.,app_store:syn-app-0045
app_store,syn-app-0046,2023-03-09T16:37:07,synthetic_user_6626,True,synthetic://app_store/syn-app-0046,Where did my photo go?,,[],"{""rating"": 3}",ios,"Looking for the video of my dog meeting the new puppy. I need it now because our old dog passed away last week. All I remember visually is the puppy running circles around him. Not sure which month or year, honestly. I typed ""dog video"" in search and got no results. I searched ""2020 video"" and nothing came up. Screen recordings don't seem to be indexed at all. I even googled how to search Google Photos better. Still haven't found it.",app_store:syn-app-0046
app_store,syn-app-0047,2025-08-08T18:23:27,synthetic_user_52028,True,synthetic://app_store/syn-app-0047,Search needs to be smarter,,[],"{""rating"": 3}",ios,"Honestly, Face grouping merged my twin daughters into one person lol.",app_store:syn-app-0047
app_store,syn-app-0048,2025-09-28T21:37:42,synthetic_user_58471,True,synthetic://app_store/syn-app-0048,Love it but search is frustrating,,[],"{""rating"": 2}",ios,It's frustrating that I have to guess what word the app uses for something.,app_store:syn-app-0048
app_store,syn-app-0049,2025-02-10T12:41:46,synthetic_user_60161,True,synthetic://app_store/syn-app-0049,Where did my photo go?,,[],"{""rating"": 3}",ios,"Looking for the picture of the pharmacy receipt. All I remember visually is thermal paper that was already fading. It was around when I was sick last year. I can't remember the date at all. I searched ""pharmacy"" and got no results. Tried ""pharmacy medicine bill"" and nothing came up. The text on the bill isn't searchable as far as I can tell. I checked my Gmail in case I had sent it to someone. Got it eventually, after way too long.",app_store:syn-app-0049
app_store,syn-app-0050,2025-03-24T21:16:49,synthetic_user_13410,True,synthetic://app_store/syn-app-0050,Search can't find old photos,,[],"{""rating"": 5}",ios,Minor gripe: The app is slow to load thumbnails on my old phone. Syncing between my two phones is inconsistent.,app_store:syn-app-0050
app_store,syn-app-0051,2025-12-30T23:14:25,synthetic_user_62355,True,synthetic://app_store/syn-app-0051,Search needs to be smarter,,[],"{""rating"": 2}",ios,"On photos.google.com from my PC. Does anyone know how to find a short video of the band at the pub? I need it because I want to find the band name. I remember red lights and the singer with a violin. We were at a pub in the old part of town when I took it. I can't recall the name of the event. Searched for ""friday 2022"" and got no results. Searched for ""band"" and got no results. It just doesn't show up in search even though I know it's there. Tried synonyms like ""live music"" too. Never found it.",app_store:syn-app-0051
app_store,syn-app-0052,2026-02-17T06:35:41,synthetic_user_38506,True,synthetic://app_store/syn-app-0052,Search can't find old photos,,[],"{""rating"": 2}",ios,"Thought search was broken but a photo of the rental agreement was in my partner's library, not mine.",app_store:syn-app-0052
app_store,syn-app-0053,2023-04-21T05:29:22,synthetic_user_18004,True,synthetic://app_store/syn-app-0053,Love it but search is frustrating,,[],"{""rating"": 2}",ios,"I use search a lot for work stuff. Does anyone know how to find the photo of the menu at the street food stall? I need it now because I want to recommend it to someone visiting. It was a winter evening, not sure which year. I can't recall what it said exactly. Searched for ""delhi winter"" but it just showed random photos. How do you even search for something like that? I even googled how to search Google Photos better. Never found it.",app_store:syn-app-0053
app_store,syn-app-0054,2024-10-21T19:20:03,synthetic_user_24979,True,synthetic://app_store/syn-app-0054,Search can't find old photos,,[],"{""rating"": 3}",ios,"I have over 60,000 photos. I've been looking for the photo of us dancing at the sangeet for days. I need it because I wanted it for our first anniversary post. All I remember visually is a disco ball and me in a pink lehenga. I'm not sure if I ever put it in an album. Searched for ""dance"" and got no results. Searched for ""sangeet"" and got no results. The photo is definitely in my library but search never shows it. I scrolled for like 40 minutes. Eventually I just gave up.",app_store:syn-app-0054
app_store,syn-app-0055,2023-02-14T21:28:12,synthetic_user_66143,True,synthetic://app_store/syn-app-0055,Love it but search is frustrating,,[],"{""rating"": 3}",ios,"I've got about 90k photos and videos. Does anyone know how to find the photo of the view from the train window? I need it now because I was telling someone about the trip and wanted to show them. This was during the Europe backpacking trip. No clue what the place was called. I typed ""view from train window with green hills"" in search and nothing came up. I just didn't know how to describe it in a way search would get. I jumped to roughly that year with the scrollbar and went month by month. Finally found it after two evenings.",app_store:syn-app-0055
app_store,syn-app-0056,2025-12-31T22:41:15,synthetic_user_6368,True,synthetic://app_store/syn-app-0056,Can't find anything older than a year,,[],"{""rating"": 3}",ios,"Honestly, Backup has been stuck on 'preparing' for three days. Very annoying. Uploading in original quality eats my data plan.",app_store:syn-app-0056
app_store,syn-app-0057,2023-08-26T15:10:27,synthetic_user_58237,True,synthetic://app_store/syn-app-0057,"Good backup, weak search",,[],"{""rating"": 3}",ios,"Honestly search is amazing. I typed ""medicine strip orange tablets"" and it found the picture of the medicine I took when I was sick last year in seconds.",app_store:syn-app-0057
app_store,syn-app-0058,2023-11-10T07:28:54,synthetic_user_91120,True,synthetic://app_store/syn-app-0058,Search needs to be smarter,,[],"{""rating"": 3}",ios,"Honestly I've stopped using search and just scroll, it's more predictable.",app_store:syn-app-0058
app_store,syn-app-0059,2024-11-08T08:32:17,synthetic_user_358,True,synthetic://app_store/syn-app-0059,Search can't find old photos,,[],"{""rating"": 3}",ios,"I'm trying to find the photo of the street where we got lost. I need it because we want to frame it. Timing wise it was on the third or fourth day of the trip. I don't remember the name of the place. I typed ""narrow street with yellow tiles and tram"" in search and got no results. I ran out of ideas pretty quickly. I jumped to roughly that year with the scrollbar and went month by month. Still haven't found it.",app_store:syn-app-0059
app_store,syn-app-0060,2023-11-02T03:16:47,synthetic_user_67070,True,synthetic://app_store/syn-app-0060,Search can't find old photos,,[],"{""rating"": 5}",ios,Found a photo of the tiny café we found in Goa by searching the person's face and then scrolling a bit. Took two minutes.,app_store:syn-app-0060
app_store,syn-app-0061,2024-12-02T06:39:29,synthetic_user_14920,True,synthetic://app_store/syn-app-0061,"Good backup, weak search",,[],"{""rating"": 2}",ios,"I've got about 90k photos and videos. Does anyone know how to find the screenshot of a chat where my landlord agreed to the repair? I need it because he's now saying he never agreed. It had him saying he would pay for it on it. I have no idea what year it was. I typed ""whatsapp"" in search and got no results. Text inside screenshots doesn't seem to be searchable. I kept retyping different searches. Still haven't found it.",app_store:syn-app-0061
app_store,syn-app-0062,2026-03-26T20:34:17,synthetic_user_29358,True,synthetic://app_store/syn-app-0062,Search needs to be smarter,,[],"{""rating"": 4}",ios,"I'm trying to find a short video of the band at the pub. I need it now because I want to find the band name. Timing wise it was one weekend, maybe 2022. It was while singing a cover of some old song. I can't recall the name of the event. Searched for ""friday 2022"" and got thousands of results to scroll through. Searched for ""band"" and got thousands of results to scroll through. There are so many almost identical shots from that day that I can't tell which one it is. I jumped to roughly that year with the scrollbar and went month by month. Finally found it after three days.",app_store:syn-app-0062
app_store,syn-app-0063,2023-06-11T16:42:54,synthetic_user_58220,True,synthetic://app_store/syn-app-0063,Almost perfect,,[],"{""rating"": 3}",ios,"I have over 60,000 photos. Looking for the picture of my college marksheet. I need it now because background verification asked for it. I remember it showed my semester grades. I don't know what word the app would use for it. Tried ""college marksheet with blue border"" and got no results. It just doesn't show up in search even though I know it's there. I scrolled for like 40 minutes. Never found it.",app_store:syn-app-0063
app_store,syn-app-0064,2024-10-09T04:19:19,synthetic_user_65191,True,synthetic://app_store/syn-app-0064,Search needs to be smarter,,[],"{""rating"": 5}",ios,Two things. Why did they move the sharing button? The new layout is confusing. I wish the video editor had more music options.,app_store:syn-app-0064
app_store,syn-app-0065,2023-04-04T05:58:36,synthetic_user_64542,True,synthetic://app_store/syn-app-0065,Love it but search is frustrating,,[],"{""rating"": 3}",ios,"I've been looking for the photo of the street where we got lost for days. I know it was in some old town in Portugal. It was on the third or fourth day of the trip. I don't even remember what the event was called. Searched for ""narrow street with yellow tiles and tram"" but it just showed random photos. Tried ""lisbon"" but it just showed random photos. It took ""street"" literally and ignored everything else. I scrolled for like 40 minutes. Found one that might be it, but I'm not sure it's the same one.",app_store:syn-app-0065
app_store,syn-app-0066,2025-09-16T18:30:28,synthetic_user_23226,True,synthetic://app_store/syn-app-0066,Search needs to be smarter,,[],"{""rating"": 5}",ios,"Looking for the photo of the shoes I tried on in the store. I need it because I want to order them online. I can picture grey shoes with a neon green sole. I don't know what it's called. Searched for ""grey running shoes with green sole"" and there it was. I tried the screenshots category filter as well. Got it eventually, after three days.",app_store:syn-app-0066
app_store,syn-app-0067,2025-03-04T23:56:22,synthetic_user_78714,True,synthetic://app_store/syn-app-0067,Can't find anything older than a year,,[],"{""rating"": 4}",ios,Too many notifications about 'memories' I didn't ask for.,app_store:syn-app-0067
app_store,syn-app-0068,2026-02-25T17:29:23,synthetic_user_76389,True,synthetic://app_store/syn-app-0068,Can't find anything older than a year,,[],"{""rating"": 3}",ios,"Looking for the photo of my son's vaccination card. I need it now because school admission needs it. For context, the doctor asked us to keep a copy. All I remember visually is a pink card with stamps. I don't know what it's called. I typed ""vaccination"" in search but it just showed random photos. I didn't know what else to try. I scrolled for like 40 minutes. Found one that might be it, but I'm not sure it's the same one.",app_store:syn-app-0068
app_store,syn-app-0069,2025-11-12T10:28:21,synthetic_user_90824,True,synthetic://app_store/syn-app-0069,Search needs to be smarter,,[],"{""rating"": 1}",ios,"On the web version on my laptop. Does anyone know how to find a screenshot of a map with a pin someone sent? I need it because I'm finally planning that trek. I remember a friend shared the location of a trekking base camp. All I remember visually is a Google Maps screen with a red pin in the hills. I can't recall where exactly it was. I typed ""maps screenshot"" in search and got no results. Text inside screenshots doesn't seem to be searchable. Ended up scrolling back through years of photos. Never found it.",app_store:syn-app-0069
app_store,syn-app-0070,2026-02-04T01:57:31,synthetic_user_1699,True,synthetic://app_store/syn-app-0070,Search needs to be smarter,,[],"{""rating"": 4}",ios,"Honestly, Uploading in original quality eats my data plan. Deleted photos don't free up space on the phone, confusing.",app_store:syn-app-0070
app_store,syn-app-0071,2024-04-06T23:04:31,synthetic_user_92357,True,synthetic://app_store/syn-app-0071,Search needs to be smarter,,[],"{""rating"": 3}",ios,It would help if the app told me why a photo showed up in results.,app_store:syn-app-0071
app_store,syn-app-0072,2024-09-08T17:51:37,synthetic_user_75061,True,synthetic://app_store/syn-app-0072,Can't find anything older than a year,,[],"{""rating"": 2}",ios,"I'm trying to find the candid of my cousin laughing during the haldi. I need it now because she wants it for her album. I can picture yellow everywhere and marigold flowers. I don't remember when exactly. I searched ""haldi"" and got thousands of results to scroll through. All the results look the same as tiny thumbnails. I asked my sister if she still had it. Found one that might be it, but I'm not sure it's the same one.",app_store:syn-app-0072
app_store,syn-app-0073,2025-03-01T09:20:31,synthetic_user_70809,True,synthetic://app_store/syn-app-0073,Search needs to be smarter,,[],"{""rating"": 2}",ios,"I've been looking for the photo of the view from the train window for days. I need it because I was telling someone about the trip and wanted to show them. It was in 2018 or 2019, can't pin it down. This was during the Europe backpacking trip. I don't remember when exactly. I searched ""view from train window with green hills"" and it gave me hundreds of photos. Searched for ""train"" and it gave me hundreds of photos. I have hundreds of similar shots and can't tell which one it was. I asked my sister if she still had it. I found a similar one but not the exact photo I wanted.",app_store:syn-app-0073
app_store,syn-app-0074,2025-11-19T18:31:20,synthetic_user_58400,True,synthetic://app_store/syn-app-0074,"Good backup, weak search",,[],"{""rating"": 3}",ios,"Didn't remember anything except mist everywhere and everyone in raincoats, searched for that and it showed up. Impressed.",app_store:syn-app-0074
app_store,syn-app-0075,2025-11-18T02:59:53,synthetic_user_12577,True,synthetic://app_store/syn-app-0075,Love it but search is frustrating,,[],"{""rating"": 3}",ios,"Couldn't find a photo with a guy we met on a trek anywhere, then realised it was on my old phone and never got backed up.",app_store:syn-app-0075
app_store,syn-app-0076,2024-04-11T09:25:01,synthetic_user_53429,True,synthetic://app_store/syn-app-0076,"Good backup, weak search",,[],"{""rating"": 4}",ios,"I've been looking for the photo I took of my passport page for days. I need it because I need the number urgently for a booking. All I remember visually is my thumb covering one corner. I can't remember the date at all. I searched ""photo of passport page"" but it just showed random photos. After that I had no idea what else to try. I checked my Gmail in case I had sent it to someone. Finally found it after three days.",app_store:syn-app-0076
app_store,syn-app-0077,2025-03-08T04:18:26,synthetic_user_70101,True,synthetic://app_store/syn-app-0077,Search can't find old photos,,[],"{""rating"": 5}",ios,"Deleted photos don't free up space on the phone, confusing. Shared album invite link doesn't work for my dad.",app_store:syn-app-0077
app_store,syn-app-0078,2024-03-06T12:31:09,synthetic_user_27752,True,synthetic://app_store/syn-app-0078,"Good backup, weak search",,[],"{""rating"": 5}",ios,"I take a ridiculous number of screenshots. I've been looking for the screenshot where I had the information about that course for days. I need it because the application deadline might be close. I remember a blue banner with a university logo. Not sure which month or year, honestly. I typed ""screenshot linkedin"" in search and there it was. Tried ""course"" and there it was. I tried the screenshots category filter as well. Finally found it after half an hour of scrolling.",app_store:syn-app-0078
app_store,syn-app-0079,2024-01-12T08:02:19,synthetic_user_80856,True,synthetic://app_store/syn-app-0079,Almost perfect,,[],"{""rating"": 2}",ios,"I don't remember dates, nobody does. Searching by date is useless for old memories.",app_store:syn-app-0079
app_store,syn-app-0080,2024-09-18T21:16:08,synthetic_user_19974,True,synthetic://app_store/syn-app-0080,Can't find anything older than a year,,[],"{""rating"": 5}",ios,"I've been looking for a picture of my dad teaching my daughter to ride a bike for days. It was while learning to ride a bike. I can't remember the date at all. I typed ""bicycle"" in search and there it was. I went through the face group for that person too. Got it eventually, after three days.",app_store:syn-app-0080
app_store,syn-app-0081,2025-11-04T22:59:48,synthetic_user_4088,True,synthetic://app_store/syn-app-0081,Almost perfect,,[],"{""rating"": 3}",ios,"Does anyone know how to find the photo with the bride and my grandmother? I remember my grandmother and my sister-in-law being in it. It's from my brother's wedding. I don't remember which album it went into. Searched for ""old lady in green saree with bride on stage"" and nothing came up. I searched ""reception"" and got no results. The photo is definitely in my library but search never shows it. In the end I texted my friend to send it again. I found a similar one but not the exact photo I wanted.",app_store:syn-app-0081
app_store,syn-app-0082,2026-02-03T09:29:19,synthetic_user_71233,True,synthetic://app_store/syn-app-0082,Can't find anything older than a year,,[],"{""rating"": 4}",ios,"Honestly search is amazing. I typed ""washing machine warranty card"" and it found the photo of the warranty card for the washing machine in seconds.",app_store:syn-app-0082
app_store,syn-app-0083,2025-03-14T08:07:49,synthetic_user_77280,True,synthetic://app_store/syn-app-0083,Search needs to be smarter,,[],"{""rating"": 2}",ios,"Couldn't find the photo of the rash on my arm anywhere, then realised it was on my old phone and never got backed up.",app_store:syn-app-0083
app_store,syn-app-0084,2024-06-25T13:27:02,synthetic_user_30673,True,synthetic://app_store/syn-app-0084,Search can't find old photos,,[],"{""rating"": 3}",ios,"Looking for a photo of the biryani my grandmother made. I remember a huge copper pot and her hands in the shot. Not sure which month or year, honestly. Searched for ""biryani"" and got no results. After that I had no idea what else to try. In the end I texted my friend to send it again. Eventually I just gave up.",app_store:syn-app-0084
app_store,syn-app-0085,2025-03-05T17:06:01,synthetic_user_59591,True,synthetic://app_store/syn-app-0085,Search can't find old photos,,[],"{""rating"": 3}",ios,"Honestly, Syncing between my two phones is inconsistent.",app_store:syn-app-0085
app_store,syn-app-0086,2024-01-18T05:43:45,synthetic_user_47477,True,synthetic://app_store/syn-app-0086,Can't find anything older than a year,,[],"{""rating"": 3}",ios,"Half my library is screenshots. I'm trying to find a short video of the band at the pub. I need it now because I want to find the band name. It was while singing a cover of some old song. No idea what the thing is actually called. I searched ""video of band with violin red lights pub"" and nothing came up. Tried ""friday 2022"" and nothing came up. Screen recordings don't seem to be indexed at all. I kept retyping different searches. Still haven't found it.",app_store:syn-app-0086
app_store,syn-app-0087,2025-04-29T12:01:23,synthetic_user_94405,True,synthetic://app_store/syn-app-0087,Search can't find old photos,,[],"{""rating"": 2}",ios,"I don't remember dates, nobody does. Searching by date is useless for old memories.",app_store:syn-app-0087
app_store,syn-app-0088,2023-11-27T23:33:57,synthetic_user_53857,True,synthetic://app_store/syn-app-0088,Search can't find old photos,,[],"{""rating"": 3}",ios,Minor gripe: I wish the video editor had more music options. Can't figure out how to download all my photos to a hard drive.,app_store:syn-app-0088
app_store,syn-app-0089,2024-01-08T22:41:25,synthetic_user_86461,True,synthetic://app_store/syn-app-0089,Can't find anything older than a year,,[],"{""rating"": 4}",ios,"I'm trying to find a picture of the waterfall we hiked to. This was during the Meghalaya road trip. I don't remember the name of the place. Searched for ""waterfall with people in raincoats and mist"" and it popped up near the top. I jumped to roughly that year with the scrollbar and went month by month. Finally found it after three days.",app_store:syn-app-0089
app_store,syn-app-0090,2025-02-19T12:45:43,synthetic_user_77207,True,synthetic://app_store/syn-app-0090,Almost perfect,,[],"{""rating"": 3}",ios,"I take a ridiculous number of screenshots. I'm trying to find the photo of the menu at the street food stall. I need it because I want to recommend it to someone visiting. It was while eating chaat after the market. It was taken somewhere in Old Delhi. I can't recall where exactly it was. Searched for ""delhi winter"" and got a bunch of pictures that had nothing to do with it. It took ""menu"" literally and ignored everything else. I checked all my albums one by one. Still haven't found it.",app_store:syn-app-0090
app_store,syn-app-0091,2023-08-07T05:38:07,synthetic_user_55846,True,synthetic://app_store/syn-app-0091,Search needs to be smarter,,[],"{""rating"": 3}",ios,"Does anyone know how to find the class photo from school farewell? I need it now because our class WhatsApp group is collecting old photos. Timing wise it was 2010, I think. The location data was probably off. I searched ""2010"" and nothing came up. I think it's in my partner's library, not mine. I checked all my albums one by one. Never found it.",app_store:syn-app-0091
app_store,syn-app-0092,2026-07-26T00:11:33,synthetic_user_11939,True,synthetic://app_store/syn-app-0092,Almost perfect,,[],"{""rating"": 1}",ios,"Does anyone know how to find the photo of us at the football match? I need it now because reunion group chat asked for it. Timing wise it was some time after school ended. It had my school friends in it. I don't remember when exactly. Tried ""football"" and got no results. I searched ""stadium"" and nothing came up. I didn't know what else to try. I went through the face group for that person too. Still haven't found it.",app_store:syn-app-0092
app_store,syn-app-0093,2023-05-12T09:34:43,synthetic_user_29067,True,synthetic://app_store/syn-app-0093,Where did my photo go?,,[],"{""rating"": 3}",ios,"The widget on the home screen shows the same photo every day. Deleted photos don't free up space on the phone, confusing.",app_store:syn-app-0093
app_store,syn-app-0094,2026-06-11T23:53:26,synthetic_user_68289,True,synthetic://app_store/syn-app-0094,Where did my photo go?,,[],"{""rating"": 3}",ios,"Couldn't find the photo of the prescription for my mother's eye drops anywhere, then realised it was on my old phone and never got backed up.",app_store:syn-app-0094
app_store,syn-app-0095,2025-06-18T00:23:23,synthetic_user_26438,True,synthetic://app_store/syn-app-0095,Almost perfect,,[],"{""rating"": 5}",ios,Two things. App keeps crashing when I open a large video.,app_store:syn-app-0095
app_store,syn-app-0096,2024-02-03T01:13:25,synthetic_user_78579,True,synthetic://app_store/syn-app-0096,Can't find anything older than a year,,[],"{""rating"": 5}",ios,"Didn't remember anything except a small wave design on my wrist, all red around it, searched for that and it showed up. Impressed.",app_store:syn-app-0096
app_store,syn-app-0097,2025-04-07T20:55:54,synthetic_user_609,True,synthetic://app_store/syn-app-0097,Where did my photo go?,,[],"{""rating"": 1}",ios,"On photos.google.com from my PC. I've been looking for a screenshot of a map with a pin someone sent for days. I need it because I'm finally planning that trek. All I remember visually is a Google Maps screen with a red pin in the hills. I don't remember the name of the place. I typed ""map"" in search and got no results. It just doesn't show up in search even though I know it's there. Ended up scrolling back through years of photos. I gave up on finding it.",app_store:syn-app-0097
app_store,syn-app-0098,2023-05-29T18:19:11,synthetic_user_38568,True,synthetic://app_store/syn-app-0098,Where did my photo go?,,[],"{""rating"": 3}",ios,"Minor gripe: Syncing between my two phones is inconsistent. The editing tools are great, the magic eraser is really good.",app_store:syn-app-0098
app_store,syn-app-0099,2023-06-05T20:11:26,synthetic_user_23394,True,synthetic://app_store/syn-app-0099,"Good backup, weak search",,[],"{""rating"": 2}",ios,"I've been looking for the photo of the parking spot sign for days. It had the level and bay number on it. For context, I took it so I'd remember where I parked. I don't remember the exact words on it. Tried ""parking"" and got no results. I typed ""parking pillar sign"" in search but it just showed random photos. I didn't know what else to try. Ended up scrolling back through years of photos. I found a similar one but not the exact photo I wanted.",app_store:syn-app-0099
app_store,syn-app-0100,2024-01-10T06:55:25,synthetic_user_65404,True,synthetic://app_store/syn-app-0100,Search needs to be smarter,,[],"{""rating"": 3}",ios,"Honestly, Can't figure out how to download all my photos to a hard drive. Printing service delivery took two weeks.",app_store:syn-app-0100
app_store,syn-app-0101,2023-03-08T18:17:40,synthetic_user_45519,True,synthetic://app_store/syn-app-0101,"Good backup, weak search",,[],"{""rating"": 3}",ios,"I'm trying to find a picture of my dad teaching my daughter to ride a bike. It had my dad and my daughter in it. It was while learning to ride a bike. I have no idea what year it was. I typed ""grandfather teaching girl to ride pink bike"" in search and got no results. I typed ""summer 2022"" in search and got no results. The photo is definitely in my library but search never shows it. I went through the face group for that person too. Found one that might be it, but I'm not sure it's the same one.",app_store:syn-app-0101
app_store,syn-app-0102,2025-11-27T16:45:02,synthetic_user_41373,True,synthetic://app_store/syn-app-0102,Search needs to be smarter,,[],"{""rating"": 3}",ios,"Honestly search is amazing. I typed ""grey running shoes with green sole"" and it found the photo of the shoes I tried on in the store in seconds.",app_store:syn-app-0102
app_store,syn-app-0103,2026-04-04T03:40:05,synthetic_user_42655,True,synthetic://app_store/syn-app-0103,Where did my photo go?,,[],"{""rating"": 5}",ios,Two things. Can't figure out how to download all my photos to a hard drive.,app_store:syn-app-0103
app_store,syn-app-0104,2024-04-30T09:48:31,synthetic_user_61780,True,synthetic://app_store/syn-app-0104,Can't find anything older than a year,,[],"{""rating"": 4}",ios,"Didn't remember anything except purple and green striped leaves in a hanging pot, searched for that and it showed up. Impressed.",app_store:syn-app-0104
app_store,syn-app-0105,2026-03-08T01:44:13,synthetic_user_52219,True,synthetic://app_store/syn-app-0105,Search can't find old photos,,[],"{""rating"": 3}",ios,"On Android. Looking for the photo of us dancing at the sangeet. It had my husband and his cousins in it. It was the night before our wedding. I don't remember which album it went into. Searched for ""dance"" and it gave me hundreds of photos. Searched for ""sangeet"" and got thousands of results to scroll through. There are so many almost identical shots from that day that I can't tell which one it is. I checked all my albums one by one. Found one that might be it, but I'm not sure it's the same one.",app_store:syn-app-0105
app_store,syn-app-0106,2026-07-17T05:16:25,synthetic_user_21964,True,synthetic://app_store/syn-app-0106,Search needs to be smarter,,[],"{""rating"": 2}",ios,"Does anyone know how to find a picture of the ramen bowl from the tiny shop? I need it now because a friend wants the shop name. I remember a black bowl with a soft egg cut in half. I know it was near the station in Tokyo. I don't know what it's called. I typed ""ramen bowl with egg at a small shop near station"" in search and got thousands of results to scroll through. I have hundreds of similar shots and can't tell which one it was. I even googled how to search Google Photos better. Never found it.",app_store:syn-app-0106
app_store,syn-app-0107,2025-03-24T03:45:01,synthetic_user_12524,True,synthetic://app_store/syn-app-0107,Search can't find old photos,,[],"{""rating"": 4}",ios,"Half my library is screenshots. I've been looking for the photo of the team at the offsite for days. I know it was at a resort outside the city. Timing wise it was before I switched jobs, 2021 maybe. Not sure which month or year, honestly. I searched ""team"" and there it was. I checked all my albums one by one. Finally found it after two evenings.",app_store:syn-app-0107
app_store,syn-app-0108,2025-12-09T03:01:51,synthetic_user_13622,True,synthetic://app_store/syn-app-0108,Where did my photo go?,,[],"{""rating"": 5}",ios,Two things. Storage is full again and now they want me to pay for more. Too expensive for what it is.,app_store:syn-app-0108
app_store,syn-app-0109,2025-01-19T15:00:28,synthetic_user_34053,True,synthetic://app_store/syn-app-0109,Love it but search is frustrating,,[],"{""rating"": 2}",ios,"I'm trying to find the picture of the wine label from our anniversary dinner. I need it now because I want to buy the same wine again. It was taken on our 5th anniversary. Timing wise it was a couple of years back. I can't recall what it said exactly. Tried ""anniversary 2023"" and got a bunch of pictures that had nothing to do with it. I typed ""wine bottle with bird drawing on label"" in search and got a bunch of pictures that had nothing to do with it. It took ""wine"" literally and ignored everything else. I went through the map view hoping to spot it. I gave up on finding it.",app_store:syn-app-0109
app_store,syn-app-0110,2023-10-07T12:31:13,synthetic_user_37586,True,synthetic://app_store/syn-app-0110,"Good backup, weak search",,[],"{""rating"": 5}",ios,Minor gripe: Storage is full again and now they want me to pay for more. Too expensive for what it is.,app_store:syn-app-0110
app_store,syn-app-0111,2023-10-07T10:32:37,synthetic_user_14464,True,synthetic://app_store/syn-app-0111,Search needs to be smarter,,[],"{""rating"": 2}",ios,"Looking for the photo of the street where we got lost. I need it now because we want to frame it. It had my husband in it. It was taken in some old town in Portugal. I don't even remember what the event was called. I searched ""narrow street with yellow tiles and tram"" and got a bunch of pictures that had nothing to do with it. I typed ""street"" in search and got no results. I didn't know what else to try. I went through the map view hoping to spot it. Eventually I just gave up.",app_store:syn-app-0111
app_store,syn-app-0112,2024-10-18T00:42:22,synthetic_user_19942,True,synthetic://app_store/syn-app-0112,Search can't find old photos,,[],"{""rating"": 5}",ios,Update: Face grouping merged my twin daughters into one person lol. I wish the video editor had more music options.,app_store:syn-app-0112
app_store,syn-app-0113,2024-07-31T09:48:03,synthetic_user_16389,True,synthetic://app_store/syn-app-0113,Search needs to be smarter,,[],"{""rating"": 4}",ios,App keeps crashing when I open a large video.,app_store:syn-app-0113
app_store,syn-app-0114,2023-09-07T09:03:51,synthetic_user_50436,True,synthetic://app_store/syn-app-0114,Almost perfect,,[],"{""rating"": 4}",ios,"Does anyone know how to find a screenshot of a recipe from Instagram? I need it because guests are coming this weekend. Timing wise it was sometime this year. I don't know what word the app would use for it. Searched for ""recipe"" and nothing came up. How do you even search for something like that? I tried the screenshots category filter as well. Got it eventually, after about an hour.",app_store:syn-app-0114
app_store,syn-app-0115,2023-01-19T01:31:44,synthetic_user_76162,True,synthetic://app_store/syn-app-0115,Almost perfect,,[],"{""rating"": 3}",ios,"I search in Photos pretty much every day. I'm trying to find the group photo from the night we all stayed up on the terrace. I need it because one of them is getting married and we're making a video. Timing wise it was final year of college, so around 2016. Not sure which month or year, honestly. Tried ""terrace"" and nothing came up. Searched for ""friends on terrace at night with fairy lights"" and got no results. It came from my old phone and I'm not sure it ever got backed up. I went through the face group for that person too. Never found it.",app_store:syn-app-0115
app_store,syn-app-0116,2026-02-18T10:43:48,synthetic_user_71137,True,synthetic://app_store/syn-app-0116,Search needs to be smarter,,[],"{""rating"": 4}",ios,"I'm trying to find the picture of my college marksheet. I need it because background verification asked for it. It was maybe 2020 when I was job hunting. I can't remember the date at all. Searched for ""marksheet"" and nothing came up. Searched for ""college marksheet with blue border"" and got no results. The text in the photo doesn't seem to be searchable. Eventually I searched my WhatsApp chats instead. Got it eventually, after way too long.",app_store:syn-app-0116
app_store,syn-app-0117,2025-10-15T20:04:41,synthetic_user_20202,True,synthetic://app_store/syn-app-0117,Can't find anything older than a year,,[],"{""rating"": 4}",ios,"I use search a lot for work stuff. I'm trying to find a picture of my dad teaching my daughter to ride a bike. All I remember visually is a pink bicycle and dad in his old cap. Timing wise it was one summer, 3 or 4 years ago. I can't remember the date at all. I typed ""summer 2022"" in search and there it was. I jumped to roughly that year with the scrollbar and went month by month. Finally found it after three days.",app_store:syn-app-0117
app_store,syn-app-0118,2025-01-09T20:19:00,synthetic_user_97449,True,synthetic://app_store/syn-app-0118,"Good backup, weak search",,[],"{""rating"": 2}",ios,"Looking for the photo of my daughter on stage at her school play. I need it because she wants to show her friends. It was at the annual day function. I have no idea what year it was. I searched ""annual day"" and got thousands of results to scroll through. I searched ""girl in sunflower costume on stage"" and it gave me hundreds of photos. There are so many almost identical shots from that day that I can't tell which one it is. I went through the face group for that person too. I found a similar one but not the exact photo I wanted.",app_store:syn-app-0118
app_store,syn-app-0119,2024-11-22T23:56:24,synthetic_user_20732,True,synthetic://app_store/syn-app-0119,Can't find anything older than a year,,[],"{""rating"": 5}",ios,"On iOS. Looking for that picture from the trip where we stayed near the beach. I need it because I want to book the same homestay. I remember location was probably off on my phone. We were at a homestay near a quiet beach when I took it. Not sure which month or year, honestly. Searched for ""beach 2021"" and got no results. The location data was probably off so there's nothing to go on. Ended up scrolling back through years of photos. Got it eventually, after three days.",app_store:syn-app-0119
reddit,syn-red-0000,2025-01-18T12:40:53,synthetic_user_24967,True,synthetic://reddit/syn-red-0000,Is there a better way to search for stuff like this?,,[],"{""score"": 789, ""num_comments"": 39}",reddit/r/iphone,"Been backing up everything since 2015. I've been looking for the family photo from Diwali where everyone is wearing white for days. It was for Diwali. It was one of the Diwalis between 2017 and 2020. I can picture everyone in white kurtas with diyas in front. I can't remember the date at all. Tried ""family in white clothes with diyas"" and it gave me hundreds of photos. Searched for ""diwali"" and got thousands of results to scroll through. I have hundreds of similar shots and can't tell which one it was. I went through the face group for that person too. I gave up on finding it. Am I doing something wrong?",reddit:syn-red-0000
reddit,syn-red-0001,2023-12-15T02:11:18,synthetic_user_37226,True,synthetic://reddit/syn-red-0001,Search can't find the family photo from Diwali where everyone is wearing white,,[],"{""score"": 477, ""num_comments"": 83}",reddit/r/android,"I'm trying to find the family photo from Diwali where everyone is wearing white. I need it because my aunt asked me to send it. I remember everyone in white kurtas with diyas in front. It was for Diwali. Timing wise it was one of the Diwalis between 2017 and 2020. It was taken at my aunt's house. I don't remember when exactly. I searched ""diwali"" and got thousands of results to scroll through. Tried ""family in white clothes with diyas"" and it gave me hundreds of photos. Searched for ""diwali 2018"" and it gave me hundreds of photos. I have hundreds of similar shots and can't tell which one it was. I jumped to roughly that year with the scrollbar and went month by month. I gave up on finding it. Is there a better way to search for stuff like this?",reddit:syn-red-0001
reddit,syn-red-0002,2024-07-09T13:06:54,synthetic_user_14141,True,synthetic://reddit/syn-red-0002,Anyone else?,,"[""If it was a screenshot, open the Screenshots category first and then scroll by month."", ""Name the face groups. Searching a person's name works way better than describing them."", ""Search by year first, like \""2019\"", then scroll within that. Much faster than scrolling from today.""]","{""score"": 324, ""num_comments"": 62}",reddit/r/googlephotos,Two things. Why did they move the sharing button? The new layout is confusing.,reddit:syn-red-0002
reddit,syn-red-0003,2023-06-30T06:47:14,synthetic_user_26066,True,synthetic://reddit/syn-red-0003,Lost an old photo somewhere in 40k photos,,[],"{""score"": 41, ""num_comments"": 31}",reddit/r/android,"Something that helps: Search for the thing plus the city, e.g. ""cake bangalore"", works better than a sentence for me.",reddit:syn-red-0003
reddit,syn-red-0004,2026-03-19T05:33:41,synthetic_user_55897,True,synthetic://reddit/syn-red-0004,Search can't find the photo of my handwritten letter to myself,,"[""Search for the thing plus the city, e.g. \""cake bangalore\"", works better than a sentence for me."", ""Try searching for something visible in the photo instead of what happened, like \""stage\"" or \""cake\""."", ""If it was a screenshot, open the Screenshots category first and then scroll by month.""]","{""score"": 669, ""num_comments"": 17}",reddit/r/android,"Looking for the photo of my handwritten letter to myself. I remember it showed some goals for the next five years. I remember I wrote it on my 25th birthday and took a photo before sealing it. Timing wise it was my 25th birthday. I can't recall what it said exactly. Tried ""birthday"" but it just showed random photos. It took ""letter"" literally and ignored everything else. I checked all my albums one by one. Ended up scrolling back through years of photos. Never found it. Am I doing something wrong?",reddit:syn-red-0004
reddit,syn-red-0005,2023-06-12T17:21:09,synthetic_user_17575,True,synthetic://reddit/syn-red-0005,Lost the photo of the warranty card for the washing machine somewhere in 40k photos,,"[""Try searching for something visible in the photo instead of what happened, like \""stage\"" or \""cake\""."", ""Name the face groups. Searching a person's name works way better than describing them.""]","{""score"": 504, ""num_comments"": 60}",reddit/r/android,"I'm trying to find the photo of the warranty card for the washing machine. I need it because the machine broke and service wants the warranty. It was when we bought it, 2 years ago maybe. I can picture a small card taped to the invoice. Not sure which month or year, honestly. I can't recall what it said exactly. Tried ""washing machine warranty card"" and nothing came up. Tried ""warranty 2024"" and nothing came up. It just doesn't show up in search even though I know it's there. Ended up scrolling back through years of photos. Still haven't found it.",reddit:syn-red-0005
reddit,syn-red-0006,2025-03-04T18:47:29,synthetic_user_82660,True,synthetic://reddit/syn-red-0006,Search can't find a picture of the ramen bowl from the tiny shop,,"[""Name the face groups. Searching a person's name works way better than describing them."", ""You can search text inside photos sometimes, but it only works if the words are clear in the image."", ""Search for the thing plus the city, e.g. \""cake bangalore\"", works better than a sentence for me.""]","{""score"": 473, ""num_comments"": 21}",reddit/r/GooglePixel,"Looking for a picture of the ramen bowl from the tiny shop. It was taken near the station in Tokyo. I remember a black bowl with a soft egg cut in half. No idea what the thing is actually called. Searched for ""ramen bowl with egg at a small shop near station"" and got a bunch of pictures that had nothing to do with it. Searched for ""tokyo april 2023"" and got a bunch of pictures that had nothing to do with it. I searched ""ramen"" but it just showed random photos. It took ""ramen"" literally and ignored everything else. I went through the map view hoping to spot it. I scrolled for like 40 minutes. Found one that might be it, but I'm not sure it's the same one. Any tips?",reddit:syn-red-0006
reddit,syn-red-0007,2025-11-24T05:10:43,synthetic_user_60762,True,synthetic://reddit/syn-red-0007,Can't find an old photo. Any tips?,,[],"{""score"": 185, ""num_comments"": 99}",reddit/r/datahoarder,"Search should work the way I remember things, like 'team in matching t shirts by a pool', not just single words.",reddit:syn-red-0007
reddit,syn-red-0008,2025-04-26T11:46:36,synthetic_user_59098,True,synthetic://reddit/syn-red-0008,How do you find a photo when you only half remember it?,,"[""Use the date jump on the scrollbar, drag to the year and go month by month."", ""If it was a screenshot, open the Screenshots category first and then scroll by month."", ""Ask whoever was there, someone in the group chat usually still has it.""]","{""score"": 93, ""num_comments"": 32}",reddit/r/googlephotos,Found the photo of the warranty card for the washing machine by searching the person's face and then scrolling a bit. Took two minutes.,reddit:syn-red-0008
reddit,syn-red-0009,2026-06-29T09:12:55,synthetic_user_1600,True,synthetic://reddit/syn-red-0009,Lost the photo from the Ganpati procession somewhere in 40k photos,,[],"{""score"": 623, ""num_comments"": 112}",reddit/r/datahoarder,"Looking for the photo from the Ganpati procession. I need it now because our society newsletter wanted old pictures. It was taken on the road near our society. It was not sure which year. I can picture red gulal everywhere and the idol behind us. It was at the Ganpati visarjan. I can't remember the date at all. Searched for ""ganpati"" and got thousands of results to scroll through. All the results look the same as tiny thumbnails. I jumped to roughly that year with the scrollbar and went month by month. Ended up scrolling back through years of photos. Eventually I just gave up. How do you all deal with this?",reddit:syn-red-0009
reddit,syn-red-0010,2023-05-19T15:33:30,synthetic_user_72151,True,synthetic://reddit/syn-red-0010,Lost a photo of the rental agreement somewhere in 40k photos,,"[""Search by year first, like \""2019\"", then scroll within that. Much faster than scrolling from today.""]","{""score"": 712, ""num_comments"": 110}",reddit/r/iphone,"Looking for a photo of the rental agreement. I need it because the landlord is refusing to return the deposit. It had something about the notice period on it. For context, the landlord only gave us one copy so I photographed every page. I remember stamp paper with a purple stamp. It was when we moved into this flat, 2021 or so. I don't remember the exact words on it. I searched ""agreement 2021"" but it just showed random photos. Tried ""rent agreement document pages"" and nothing came up. Tried ""agreement"" and got no results. How do you even search for something like that? Tried synonyms like ""contract"" too. I checked my Gmail in case I had sent it to someone. Got it eventually, after way too long. Any tips?",reddit:syn-red-0010
reddit,syn-red-0011,2024-06-05T02:28:11,synthetic_user_40340,True,synthetic://reddit/syn-red-0011,Is there a better way to search for stuff like this?,,"[""Tip: if location history was on, try the map view and zoom into the area instead of searching the name."", ""Search by year first, like \""2019\"", then scroll within that. Much faster than scrolling from today.""]","{""score"": 703, ""num_comments"": 42}",reddit/r/android,"Does anyone know how to find the photo of us at the football match? I need it now because reunion group chat asked for it. It's from the derby match. Timing wise it was some time after school ended. I remember my school friends being in it. We were in the stadium when I took it. Not sure which month or year, honestly. Tried ""football"" and got no results. I searched ""friends with painted faces at football match"" and nothing came up. Searched for ""stadium"" and nothing came up. It came from my old phone and I'm not sure it ever got backed up. In the end I texted my friend to send it again. I went through the face group for that person too. Still haven't found it. Am I doing something wrong?",reddit:syn-red-0011
reddit,syn-red-0012,2024-02-02T12:02:01,synthetic_user_44294,True,synthetic://reddit/syn-red-0012,Lost an old photo somewhere in 40k photos,,[],"{""score"": 662, ""num_comments"": 17}",reddit/r/datahoarder,"Was sure I'd never find the photo of the stage when they announced the results, but searching ""award"" plus the year got it on the first try.",reddit:syn-red-0012
reddit,syn-red-0013,2024-03-18T19:07:05,synthetic_user_39625,True,synthetic://reddit/syn-red-0013,Search can't find the photo of my son's vaccination card,,[],"{""score"": 797, ""num_comments"": 25}",reddit/r/googlephotos,"Does anyone know how to find the photo of my son's vaccination card? I need it because school admission needs it. Timing wise it was when he was a baby. It had the dates of the last booster on it. I can picture a pink card with stamps. The photo shows the vaccination card. I don't know what it's called. I can't recall what it said exactly. I typed ""vaccine"" in search and got no results. The photo is definitely in my library but search never shows it. Eventually I searched my WhatsApp chats instead. I kept retyping different searches. Got it eventually, after half an hour of scrolling. Is there a better way to search for stuff like this?",reddit:syn-red-0013
reddit,syn-red-0014,2025-12-26T11:37:11,synthetic_user_57817,True,synthetic://reddit/syn-red-0014,How do you find a photo when you only half remember it?,,"[""You can search text inside photos sometimes, but it only works if the words are clear in the image.""]","{""score"": 118, ""num_comments"": 1}",reddit/r/iphone,"Does anyone know how to find the photo of my handwritten letter to myself? I need it because I'm turning 30 and wanted to read it. It's a picture of a letter. It had some goals for the next five years on it. It was my 25th birthday. For context, I wrote it on my 25th birthday and took a photo before sealing it. I can't recall what it said exactly. I searched ""birthday"" and it gave me hundreds of photos. Searched for ""letter"" and it gave me hundreds of photos. I typed ""handwritten letter on cream paper"" in search and it gave me hundreds of photos. I have hundreds of similar shots and can't tell which one it was. Tried synonyms like ""note"" too. Ended up scrolling back through years of photos. Found one that might be it, but I'm not sure it's the same one. Any tips?",reddit:syn-red-0014
reddit,syn-red-0015,2025-07-22T11:18:03,synthetic_user_89715,True,synthetic://reddit/syn-red-0015,How do you find a photo when you only half remember it?,,"[""Try searching for something visible in the photo instead of what happened, like \""stage\"" or \""cake\"".""]","{""score"": 882, ""num_comments"": 114}",reddit/r/datahoarder,"I use search a lot for work stuff. I'm trying to find the video of my nephew saying his first word. I need it now because it's his first birthday party. We were at my sister's house when I took it. I remember it was a video call I screen-recorded. I remember my nephew being in it. Timing wise it was when he was around one. I have no idea what year it was. The location data was probably off. I typed ""baby saying first word video"" in search and got no results. Tried ""baby video"" and nothing came up. It just doesn't show up in search even though I know it's there. I scrolled for like 40 minutes. Eventually I just gave up. How do you all deal with this?",reddit:syn-red-0015
reddit,syn-red-0016,2024-03-02T21:30:59,synthetic_user_56511,True,synthetic://reddit/syn-red-0016,Search can't find the photo of my dad's blood test report,,"[""Try searching for something visible in the photo instead of what happened, like \""stage\"" or \""cake\"".""]","{""score"": 679, ""num_comments"": 85}",reddit/r/android,"Does anyone know how to find the photo of my dad's blood test report? All I remember visually is a report with a hospital logo. It was before his surgery, early last year. I remember the lab gave only a paper copy. Not sure which month or year, honestly. I don't remember the exact words on it. Searched for ""lab report 2025"" and got no results. Tried ""report"" and nothing came up. How do you even search for something like that? Tried synonyms like ""test results"" too. Finally found it after half an hour of scrolling. How do you all deal with this?",reddit:syn-red-0016
reddit,syn-red-0017,2024-12-06T03:15:03,synthetic_user_76379,True,synthetic://reddit/syn-red-0017,Is there a better way to search for stuff like this?,,"[""Try searching for something visible in the photo instead of what happened, like \""stage\"" or \""cake\""."", ""You can search text inside photos sometimes, but it only works if the words are clear in the image."", ""Tip: if location history was on, try the map view and zoom into the area instead of searching the name.""]","{""score"": 379, ""num_comments"": 115}",reddit/r/android,"Half my library is screenshots. I've been looking for the photo of the view from the train window for days. I need it because I was telling someone about the trip and wanted to show them. I remember green hills and a reflection of my face in the glass. It was taken on the train somewhere between two cities. I remember nobody, it was just me being in it. It's from the Europe backpacking trip. I can't remember the date at all. No clue what the place was called. I typed ""view from train window with green hills"" in search and it popped up near the top. I jumped to roughly that year with the scrollbar and went month by month. I scrolled for like 40 minutes. Got it eventually, after way too long. Any tips?",reddit:syn-red-0017
reddit,syn-red-0018,2025-06-13T04:56:36,synthetic_user_11097,True,synthetic://reddit/syn-red-0018,Lost the photo of the bill I took sometime last summer somewhere in 40k photos,,"[""Use the date jump on the scrollbar, drag to the year and go month by month."", ""Try searching for something visible in the photo instead of what happened, like \""stage\"" or \""cake\""."", ""Ask whoever was there, someone in the group chat usually still has it.""]","{""score"": 522, ""num_comments"": 54}",reddit/r/datahoarder,"I've been looking for the photo of the bill I took sometime last summer for days. I need it now because a friend still hasn't paid me back and disputes the amount. For context, we were splitting it between six people. Timing wise it was sometime last summer. I can't recall what it said exactly. Tried ""bill"" and got no results. Searched for ""june bill"" and nothing came up. Tried ""restaurant bill split between friends"" and nothing came up. The text on the bill isn't searchable as far as I can tell. Eventually I searched my WhatsApp chats instead. I found a similar one but not the exact photo I wanted. Is there a better way to search for stuff like this?",reddit:syn-red-0018
reddit,syn-red-0019,2024-12-23T10:43:36,synthetic_user_37907,True,synthetic://reddit/syn-red-0019,Is there a better way to search for stuff like this?,,"[""Use the date jump on the scrollbar, drag to the year and go month by month."", ""You can search text inside photos sometimes, but it only works if the words are clear in the image.""]","{""score"": 63, ""num_comments"": 80}",reddit/r/googlephotos,"On photos.google.com from my PC. Does anyone know how to find the photo of the electrician's handwritten estimate? I need it because he's charging way more now. Timing wise it was a few months ago. All I remember visually is blue pen on lined paper. The photo shows a handwritten estimate. I don't know what word the app would use for it. I can't recall what it said exactly. I searched ""estimate"" and it gave me hundreds of photos. Searched for ""electrician"" and it gave me hundreds of photos. I searched ""handwritten estimate on notebook paper"" and got thousands of results to scroll through. I have hundreds of similar shots and can't tell which one it was. I checked my Gmail in case I had sent it to someone. Never found it. Is there a better way to search for stuff like this?",reddit:syn-red-0019
reddit,syn-red-0020,2023-04-16T23:53:45,synthetic_user_38240,True,synthetic://reddit/syn-red-0020,Rant,,"[""Ask whoever was there, someone in the group chat usually still has it."", ""Search by year first, like \""2019\"", then scroll within that. Much faster than scrolling from today.""]","{""score"": 130, ""num_comments"": 64}",reddit/r/android,Minor gripe: Printing service delivery took two weeks. App keeps crashing when I open a large video.,reddit:syn-red-0020
reddit,syn-red-0021,2023-09-29T22:25:13,synthetic_user_36827,True,synthetic://reddit/syn-red-0021,Search can't find an old photo,,[],"{""score"": 760, ""num_comments"": 14}",reddit/r/iphone,"Didn't remember anything except an orange sky and a red railing in the corner, searched for that and it showed up. Impressed.",reddit:syn-red-0021
reddit,syn-red-0022,2024-06-21T05:17:05,synthetic_user_69526,True,synthetic://reddit/syn-red-0022,Search can't find the photo of the warranty card for the washing machine,,"[""Name the face groups. Searching a person's name works way better than describing them."", ""Check whether the photo was ever backed up. If it was from an old phone it might never have been uploaded."", ""Tip: if location history was on, try the map view and zoom into the area instead of searching the name.""]","{""score"": 100, ""num_comments"": 117}",reddit/r/googlephotos,"Looking for the photo of the warranty card for the washing machine. I need it because the machine broke and service wants the warranty. I remember it showed the serial number. Timing wise it was when we bought it, 2 years ago maybe. The photo shows the warranty card. I remember a small card taped to the invoice. I can't recall what it said exactly. I searched ""warranty 2024"" and it popped up near the top. I searched ""warranty"" and there it was. Searched for ""washing machine warranty card"" and it popped up near the top. Eventually I searched my WhatsApp chats instead. I kept retyping different searches. Got it eventually, after way too long. How do you all deal with this?",reddit:syn-red-0022
reddit,syn-red-0023,2026-06-04T23:44:27,synthetic_user_35728,True,synthetic://reddit/syn-red-0023,Search can't find an old photo,,"[""Search by year first, like \""2019\"", then scroll within that. Much faster than scrolling from today."", ""You can search text inside photos sometimes, but it only works if the words are clear in the image.""]","{""score"": 671, ""num_comments"": 74}",reddit/r/iphone,"Couldn't find the photo of my car's insurance papers anywhere, then realised it was on my old phone and never got backed up.",reddit:syn-red-0023
reddit,syn-red-0024,2026-05-23T04:43:47,synthetic_user_49277,True,synthetic://reddit/syn-red-0024,Can't find the candid of my cousin laughing during the haldi. Any tips?,,"[""You can search text inside photos sometimes, but it only works if the words are clear in the image.""]","{""score"": 302, ""num_comments"": 59}",reddit/r/GooglePixel,"I'm trying to find the candid of my cousin laughing during the haldi. I need it because she wants it for her album. For context, someone had just thrown haldi on her. It had my cousin in it. I remember yellow everywhere and marigold flowers. Timing wise it was the morning before the wedding, 2023. I don't remember when exactly. I searched ""haldi"" and nothing came up. The photo is definitely in my library but search never shows it. Ended up scrolling back through years of photos. Eventually I just gave up.",reddit:syn-red-0024
reddit,syn-red-0025,2023-11-01T23:46:12,synthetic_user_83930,True,synthetic://reddit/syn-red-0025,Lost the picture of the medicine I took when I was sick last year somewhere in 40k photos,,"[""Try searching for something visible in the photo instead of what happened, like \""stage\"" or \""cake\""."", ""Check whether the photo was ever backed up. If it was from an old phone it might never have been uploaded.""]","{""score"": 401, ""num_comments"": 73}",reddit/r/googlephotos,"I've got about 90k photos and videos. Does anyone know how to find the picture of the medicine I took when I was sick last year? I need it because I'm sick again and want the same medicine. I remember it showed the medicine name. It was last year, maybe during the rainy season. All I remember visually is a silver strip with orange tablets. For context, the doctor prescribed it when I had that bad fever. I don't know what it's called. Not sure which month or year, honestly. Tried ""medicine"" and nothing came up. I know exactly what it looks like but can't put it into search words. I scrolled for like 40 minutes. I checked my Gmail in case I had sent it to someone. Still haven't found it. Any tips?",reddit:syn-red-0025
reddit,syn-red-0026,2023-02-21T21:35:18,synthetic_user_31258,True,synthetic://reddit/syn-red-0026,Can't find the photo of the view from the train window. Any tips?,,"[""Ask whoever was there, someone in the group chat usually still has it."", ""Search for the thing plus the city, e.g. \""cake bangalore\"", works better than a sentence for me.""]","{""score"": 855, ""num_comments"": 103}",reddit/r/datahoarder,"Does anyone know how to find the photo of the view from the train window? I need it now because I was telling someone about the trip and wanted to show them. I can picture green hills and a reflection of my face in the glass. It was in 2018 or 2019, can't pin it down. It's from the Europe backpacking trip. I don't remember when exactly. Tried ""view from train window with green hills"" and nothing came up. Searched for ""train"" and nothing came up. Searched for ""train 2018"" and nothing came up. It just doesn't show up in search even though I know it's there. I jumped to roughly that year with the scrollbar and went month by month. Ended up scrolling back through years of photos. Finally found it after two evenings. How do you all deal with this?",reddit:syn-red-0026
reddit,syn-red-0027,2026-05-03T22:24:51,synthetic_user_28910,True,synthetic://reddit/syn-red-0027,Lost the photo of the whiteboard from our planning session somewhere in 40k photos,,"[""Name the face groups. Searching a person's name works way better than describing them."", ""Check whether the photo was ever backed up. If it was from an old phone it might never have been uploaded.""]","{""score"": 124, ""num_comments"": 87}",reddit/r/GooglePixel,"Looking for the photo of the whiteboard from our planning session. I need it because my manager needs the timeline. It was sometime last quarter. It was taken in the small meeting room. I don't remember the exact words on it. Not sure which month or year, honestly. Tried ""whiteboard"" and nothing came up. I searched ""whiteboard with launch timeline"" and got no results. Searched for ""whiteboard march"" and nothing came up. I didn't know what else to try. I went through the map view hoping to spot it. Finally found it after way too long. Any tips?",reddit:syn-red-0027
reddit,syn-red-0028,2024-03-12T01:39:35,synthetic_user_77736,True,synthetic://reddit/syn-red-0028,Search can't find an old photo,,[],"{""score"": 124, ""num_comments"": 35}",reddit/r/GooglePixel,"Didn't remember anything except a small card taped to the invoice, searched for that and it showed up. Impressed.",reddit:syn-red-0028
reddit,syn-red-0029,2025-01-27T20:08:56,synthetic_user_21627,True,synthetic://reddit/syn-red-0029,How do you find a photo when you only half remember it?,,[],"{""score"": 137, ""num_comments"": 12}",reddit/r/datahoarder,"I don't remember dates, nobody does. Searching by date is useless for old memories.",reddit:syn-red-0029
reddit,syn-red-0030,2025-11-05T07:59:00,synthetic_user_60845,True,synthetic://reddit/syn-red-0030,Can't find the photo of the temple on the hill. Any tips?,,"[""Search by year first, like \""2019\"", then scroll within that. Much faster than scrolling from today.""]","{""score"": 816, ""num_comments"": 19}",reddit/r/iphone,"Does anyone know how to find the photo of the temple on the hill? I need it now because my parents want to visit again. It was a long time ago, maybe 2015. It was taken on a hill somewhere on the way to Mysore. I remember white steps going up and monkeys on the wall. This was during a drive with my parents. No clue what the place was called. I searched ""white temple on hill with steps"" and nothing came up. I searched ""temple"" and got a bunch of pictures that had nothing to do with it. I ran out of ideas pretty quickly. Ended up scrolling back through years of photos. I kept retyping different searches. Got it eventually, after three days. Is there a better way to search for stuff like this?",reddit:syn-red-0030
reddit,syn-red-0031,2024-03-27T02:40:37,synthetic_user_61733,True,synthetic://reddit/syn-red-0031,Can't find the screenshot of the train booking confirmation. Any tips?,,"[""Try searching for something visible in the photo instead of what happened, like \""stage\"" or \""cake\""."", ""If it was a screenshot, open the Screenshots category first and then scroll by month."", ""Ask whoever was there, someone in the group chat usually still has it.""]","{""score"": 183, ""num_comments"": 49}",reddit/r/datahoarder,"I've been looking for the screenshot of the train booking confirmation for days. I need it because the TTE asked for the PNR. It was last month. I remember a white screen with a green tick. It had the PNR number on it. I can't recall what it said exactly. I typed ""ticket"" in search and it popped up near the top. I typed ""pnr"" in search and there it was. I searched ""train ticket booking confirmation screenshot"" and it popped up near the top. I tried the screenshots category filter as well. Finally found it after way too long.",reddit:syn-red-0031
reddit,syn-red-0032,2025-06-08T21:05:51,synthetic_user_29151,True,synthetic://reddit/syn-red-0032,Is there a better way to search for stuff like this?,,[],"{""score"": 428, ""num_comments"": 5}",reddit/r/GooglePixel,"A lot of my photos come from shared albums. I've been looking for the photo of us dancing at the sangeet for days. I need it now because I wanted it for our first anniversary post. I remember my husband and his cousins being in it. I can picture a disco ball and me in a pink lehenga. I remember we had practised that dance for weeks. It was at the sangeet night. I'm not sure if I ever put it in an album. Searched for ""couple dancing under disco ball pink lehenga"" and there it was. I checked all my albums one by one. In the end I texted my friend to send it again. Finally found it after half an hour of scrolling.",reddit:syn-red-0032
reddit,syn-red-0033,2024-01-14T13:29:11,synthetic_user_82157,True,synthetic://reddit/syn-red-0033,Can't find the photo of the street where we got lost. Any tips?,,"[""Check whether the photo was ever backed up. If it was from an old phone it might never have been uploaded."", ""Search for the thing plus the city, e.g. \""cake bangalore\"", works better than a sentence for me."", ""Tip: if location history was on, try the map view and zoom into the area instead of searching the name.""]","{""score"": 304, ""num_comments"": 54}",reddit/r/googlephotos,"I've been looking for the photo of the street where we got lost for days. It was on the third or fourth day of the trip. I know it was in some old town in Portugal. This was during our honeymoon. I remember my husband being in it. No clue what the place was called. I don't even remember what the event was called. Tried ""narrow street with yellow tiles and tram"" and got thousands of results to scroll through. I have hundreds of similar shots and can't tell which one it was. I asked my sister if she still had it. Still haven't found it. How do you all deal with this?",reddit:syn-red-0033
reddit,syn-red-0034,2025-01-23T02:23:21,synthetic_user_24687,True,synthetic://reddit/syn-red-0034,Can't find a picture of the sofa fabric sample. Any tips?,,"[""Try searching for something visible in the photo instead of what happened, like \""stage\"" or \""cake\""."", ""You can search text inside photos sometimes, but it only works if the words are clear in the image."", ""Search by year first, like \""2019\"", then scroll within that. Much faster than scrolling from today.""]","{""score"": 112, ""num_comments"": 21}",reddit/r/googlephotos,"I've got about 90k photos and videos. Does anyone know how to find a picture of the sofa fabric sample? I need it because we're finally ordering the sofa. I remember the shop said to send them the photo when ordering. It's a picture of a fabric swatch. I can picture a mustard-coloured textured fabric. It was taken at the furniture shop. I don't know what it's called. Not sure which month or year, honestly. I typed ""furniture shop"" in search and got no results. I typed ""fabric"" in search and nothing came up. I typed ""mustard fabric sample"" in search and got a bunch of pictures that had nothing to do with it. I know exactly what it looks like but can't put it into search words. I scrolled for like 40 minutes. Tried synonyms like ""cloth"" too. I found a similar one but not the exact photo I wanted. How do you all deal with this?",reddit:syn-red-0034
reddit,syn-red-0035,2023-09-28T11:09:32,synthetic_user_22509,True,synthetic://reddit/syn-red-0035,Lost a photo with a guy we met on a trek somewhere in 40k photos,,"[""You can search text inside photos sometimes, but it only works if the words are clear in the image."", ""Tip: if location history was on, try the map view and zoom into the area instead of searching the name.""]","{""score"": 152, ""num_comments"": 45}",reddit/r/GooglePixel,"I've been looking for a photo with a guy we met on a trek for days. I need it now because I found him on Instagram and wanted to send it. It's from the Himachal trek. Timing wise it was 2019 I think. I remember a guy from Germany we met on the way being in it. I don't remember the name of the place. Searched for ""trek"" and got no results. I think it's in my partner's library, not mine. I went through the face group for that person too. I asked my sister if she still had it. Never found it. Am I doing something wrong?",reddit:syn-red-0035
reddit,syn-red-0036,2023-11-26T19:29:25,synthetic_user_37387,True,synthetic://reddit/syn-red-0036,How do you find a photo when you only half remember it?,,"[""Try searching for something visible in the photo instead of what happened, like \""stage\"" or \""cake\"".""]","{""score"": 244, ""num_comments"": 14}",reddit/r/GooglePixel,"The search is fine if you know exactly what you want, but not when you only half remember it.",reddit:syn-red-0036
reddit,syn-red-0037,2024-11-24T04:05:21,synthetic_user_95897,True,synthetic://reddit/syn-red-0037,How do you find a photo when you only half remember it?,,[],"{""score"": 316, ""num_comments"": 3}",reddit/r/googlephotos,"I search in Photos pretty much every day. Does anyone know how to find a sunset photo from the hotel balcony? I need it because I want to use it as a wallpaper again. This was during that Switzerland trip. I remember an orange sky and a red railing in the corner. It was in summer, I'm not sure which year. It had my wife in it. Not sure which month or year, honestly. Tried ""sunset from hotel balcony with red railing"" and it gave me hundreds of photos. I have hundreds of similar shots and can't tell which one it was. I scrolled for like 40 minutes. I jumped to roughly that year with the scrollbar and went month by month. I gave up on finding it. How do you all deal with this?",reddit:syn-red-0037
reddit,syn-red-0038,2025-03-01T13:34:27,synthetic_user_1597,True,synthetic://reddit/syn-red-0038,Search can't find the candid of my cousin laughing during the haldi,,"[""Ask whoever was there, someone in the group chat usually still has it."", ""Search for the thing plus the city, e.g. \""cake bangalore\"", works better than a sentence for me.""]","{""score"": 90, ""num_comments"": 27}",reddit/r/iphone,"Does anyone know how to find the candid of my cousin laughing during the haldi? I need it because she wants it for her album. All I remember visually is yellow everywhere and marigold flowers. It's from my cousin's haldi. I remember my cousin being in it. Not sure which month or year, honestly. I searched ""girl laughing covered in yellow with marigolds"" and got thousands of results to scroll through. All the results look the same as tiny thumbnails. I scrolled for like 40 minutes. I gave up on finding it. Am I doing something wrong?",reddit:syn-red-0038
reddit,syn-red-0039,2025-06-25T10:30:31,synthetic_user_21468,True,synthetic://reddit/syn-red-0039,Lost an old photo somewhere in 40k photos,,"[""Use the date jump on the scrollbar, drag to the year and go month by month.""]","{""score"": 613, ""num_comments"": 11}",reddit/r/datahoarder,"From experience, Name the face groups. Searching a person's name works way better than describing them.",reddit:syn-red-0039
reddit,syn-red-0040,2026-08-13T08:54:39,synthetic_user_3728,True,synthetic://reddit/syn-red-0040,Lost the photo of the menu at the street food stall somewhere in 40k photos,,[],"{""score"": 614, ""num_comments"": 95}",reddit/r/iphone,"My wife and I share a partner library. Looking for the photo of the menu at the street food stall. I need it now because I want to recommend it to someone visiting. It was while eating chaat after the market. Timing wise it was a winter evening, not sure which year. It was taken somewhere in Old Delhi. I can't recall what it said exactly. I don't remember when exactly. I searched ""delhi winter"" and nothing came up. I typed ""handwritten street food menu board"" in search and got no results. I didn't know what else to try. I scrolled for like 40 minutes. I asked my sister if she still had it. Still haven't found it. Any tips?",reddit:syn-red-0040
reddit,syn-red-0041,2025-09-11T20:35:30,synthetic_user_57156,True,synthetic://reddit/syn-red-0041,Lost an old photo somewhere in 40k photos,,[],"{""score"": 383, ""num_comments"": 65}",reddit/r/iphone,"Pro tip: Use the date jump on the scrollbar, drag to the year and go month by month.",reddit:syn-red-0041
reddit,syn-red-0042,2024-06-15T05:55:44,synthetic_user_76238,True,synthetic://reddit/syn-red-0042,How do you find a photo when you only half remember it?,,"[""Ask whoever was there, someone in the group chat usually still has it."", ""Try searching for something visible in the photo instead of what happened, like \""stage\"" or \""cake\"".""]","{""score"": 366, ""num_comments"": 20}",reddit/r/googlephotos,"Something that helps: Tip: if location history was on, try the map view and zoom into the area instead of searching the name.",reddit:syn-red-0042
reddit,syn-red-0043,2023-06-06T04:14:38,synthetic_user_17200,True,synthetic://reddit/syn-red-0043,Search can't find a sunset photo from the hotel balcony,,"[""Check whether the photo was ever backed up. If it was from an old phone it might never have been uploaded."", ""Try searching for something visible in the photo instead of what happened, like \""stage\"" or \""cake\"".""]","{""score"": 837, ""num_comments"": 56}",reddit/r/datahoarder,"On Android. Does anyone know how to find a sunset photo from the hotel balcony? It had my wife in it. I know it was at the hotel near the lake. This was during that Switzerland trip. I have no idea what year it was. No clue what the place was called. I typed ""sunset from hotel balcony with red railing"" in search and got thousands of results to scroll through. Searched for ""sunset"" and got thousands of results to scroll through. I searched ""switzerland july"" and it gave me hundreds of photos. There are so many almost identical shots from that day that I can't tell which one it is. Ended up scrolling back through years of photos. I found a similar one but not the exact photo I wanted. Any tips?",reddit:syn-red-0043
reddit,syn-red-0044,2023-08-31T08:05:44,synthetic_user_16870,True,synthetic://reddit/syn-red-0044,Quick question,,"[""You can search text inside photos sometimes, but it only works if the words are clear in the image.""]","{""score"": 129, ""num_comments"": 26}",reddit/r/GooglePixel,App keeps crashing when I open a large video. The app is slow to load thumbnails on my old phone.,reddit:syn-red-0044
reddit,syn-red-0045,2025-10-22T22:19:01,synthetic_user_31696,True,synthetic://reddit/syn-red-0045,Can't find the photo of the dessert we ordered at that restaurant. Any tips?,,[],"{""score"": 840, ""num_comments"": 74}",reddit/r/android,"I've been looking for the photo of the dessert we ordered at that restaurant for days. I need it now because I want to go back but forgot the restaurant name. It was taken at some rooftop place in Bangalore. It was last year, maybe around October. I can picture a chocolate dome with gold stuff on top. I don't even remember what the event was called. I don't remember the name of the place. Tried ""bangalore october"" but it just showed random photos. It doesn't understand what I'm describing at all. I scrolled for like 40 minutes. I jumped to roughly that year with the scrollbar and went month by month. Got it eventually, after two evenings.",reddit:syn-red-0045
reddit,syn-red-0046,2023-03-25T02:59:40,synthetic_user_43006,True,synthetic://reddit/syn-red-0046,Lost a picture of the sofa fabric sample somewhere in 40k photos,,"[""Ask whoever was there, someone in the group chat usually still has it."", ""You can search text inside photos sometimes, but it only works if the words are clear in the image.""]","{""score"": 704, ""num_comments"": 107}",reddit/r/googlephotos,"A lot of my photos come from shared albums. Looking for a picture of the sofa fabric sample. I need it because we're finally ordering the sofa. It's a picture of a fabric swatch. I can picture a mustard-coloured textured fabric. No idea what the thing is actually called. I searched ""fabric"" and got no results. Searched for ""furniture shop"" but it just showed random photos. How do you even search for something like that? I scrolled for like 40 minutes. Found one that might be it, but I'm not sure it's the same one. How do you all deal with this?",reddit:syn-red-0046
reddit,syn-red-0047,2026-05-20T14:43:31,synthetic_user_63508,True,synthetic://reddit/syn-red-0047,How do you find a photo when you only half remember it?,,"[""Search by year first, like \""2019\"", then scroll within that. Much faster than scrolling from today."", ""Use the date jump on the scrollbar, drag to the year and go month by month."", ""You can search text inside photos sometimes, but it only works if the words are clear in the image.""]","{""score"": 502, ""num_comments"": 63}",reddit/r/iphone,"My wife and I share a partner library. I've been looking for the photo of the team at the offsite for days. I need it because a colleague is leaving and we're making a card. I remember my old team being in it. I remember everyone in matching t-shirts by a pool. I know it was at a resort outside the city. Not sure which month or year, honestly. I typed ""offsite 2021"" in search and nothing came up. Tried ""team"" and got no results. Tried ""team in matching t shirts by a pool"" and got no results. I think it's on my old phone and never got backed up. I jumped to roughly that year with the scrollbar and went month by month. I asked my sister if she still had it. Found one that might be it, but I'm not sure it's the same one.",reddit:syn-red-0047
reddit,syn-red-0048,2023-09-01T13:58:03,synthetic_user_58997,True,synthetic://reddit/syn-red-0048,Lost a picture of my dad teaching my daughter to ride a bike somewhere in 40k photos,,"[""Tip: if location history was on, try the map view and zoom into the area instead of searching the name."", ""Use the date jump on the scrollbar, drag to the year and go month by month."", ""Try searching for something visible in the photo instead of what happened, like \""stage\"" or \""cake\"".""]","{""score"": 571, ""num_comments"": 84}",reddit/r/datahoarder,"I search in Photos pretty much every day. Does anyone know how to find a picture of my dad teaching my daughter to ride a bike? I need it because it's for my dad's retirement card. It was taken in the park near my parents' place. It was while learning to ride a bike. Not sure which month or year, honestly. Searched for ""grandfather teaching girl to ride pink bike"" and got no results. How do you even search for something like that? Ended up scrolling back through years of photos. I jumped to roughly that year with the scrollbar and went month by month. I gave up on finding it. Am I doing something wrong?",reddit:syn-red-0048
reddit,syn-red-0049,2025-10-03T15:40:50,synthetic_user_17627,True,synthetic://reddit/syn-red-0049,Lost an old photo somewhere in 40k photos,,"[""Search by year first, like \""2019\"", then scroll within that. Much faster than scrolling from today."", ""Ask whoever was there, someone in the group chat usually still has it."", ""Search for the thing plus the city, e.g. \""cake bangalore\"", works better than a sentence for me.""]","{""score"": 488, ""num_comments"": 71}",reddit/r/iphone,"Pro tip: Try searching for something visible in the photo instead of what happened, like ""stage"" or ""cake"".",reddit:syn-red-0049
reddit,syn-red-0050,2024-09-16T04:10:03,synthetic_user_44249,True,synthetic://reddit/syn-red-0050,Is there a better way to search for stuff like this?,,"[""Tip: if location history was on, try the map view and zoom into the area instead of searching the name."", ""Ask whoever was there, someone in the group chat usually still has it.""]","{""score"": 674, ""num_comments"": 110}",reddit/r/googlephotos,"Does anyone know how to find the picture of the dent on my car? I need it because the insurance surveyor wants the original photo. I remember a scooter hit my car in the parking lot. I can picture a scratch on the silver door near the handle. I don't remember when exactly. I searched ""car dent"" and got a bunch of pictures that had nothing to do with it. I typed ""car"" in search and got a bunch of pictures that had nothing to do with it. I searched ""dent on silver car door"" but it just showed random photos. It seems like search ignores half of what I type and only matches one word. Tried synonyms like ""scratch"" too. Eventually I just gave up. Is there a better way to search for stuff like this?",reddit:syn-red-0050
reddit,syn-red-0051,2024-11-20T09:57:10,synthetic_user_8817,True,synthetic://reddit/syn-red-0051,Lost the photo of the team at the offsite somewhere in 40k photos,,"[""If it was a screenshot, open the Screenshots category first and then scroll by month."", ""Check whether the photo was ever backed up. If it was from an old phone it might never have been uploaded."", ""Search by year first, like \""2019\"", then scroll within that. Much faster than scrolling from today.""]","{""score"": 668, ""num_comments"": 105}",reddit/r/android,"I've been looking for the photo of the team at the offsite for days. I need it because a colleague is leaving and we're making a card. It had my old team in it. I know it was at a resort outside the city. Timing wise it was before I switched jobs, 2021 maybe. I don't remember the name of the place. I don't remember when exactly. I searched ""team in matching t shirts by a pool"" and nothing came up. I typed ""team"" in search and nothing came up. I think it's on my old phone and never got backed up. I went through the face group for that person too. I jumped to roughly that year with the scrollbar and went month by month. Still haven't found it.",reddit:syn-red-0051
reddit,syn-red-0052,2024-06-30T10:27:03,synthetic_user_84678,True,synthetic://reddit/syn-red-0052,Is there a better way to search for stuff like this?,,"[""Name the face groups. Searching a person's name works way better than describing them.""]","{""score"": 245, ""num_comments"": 14}",reddit/r/iphone,"Looking for the photo of my daughter on stage at her school play. I remember the lighting was bad so most shots were blurry. All I remember visually is a sunflower costume and a blue curtain. It's from the annual day function. I don't even remember what the event was called. Not sure which month or year, honestly. Tried ""annual day"" and got a bunch of pictures that had nothing to do with it. Tried ""girl in sunflower costume on stage"" but it just showed random photos. It seems like search ignores half of what I type and only matches one word. I went through the face group for that person too. I jumped to roughly that year with the scrollbar and went month by month. I gave up on finding it. Is there a better way to search for stuff like this?",reddit:syn-red-0052
reddit,syn-red-0053,2025-03-23T05:07:03,synthetic_user_30938,True,synthetic://reddit/syn-red-0053,Is there a better way to search for stuff like this?,,[],"{""score"": 535, ""num_comments"": 85}",reddit/r/android,"On my Pixel. Does anyone know how to find the photo of the dessert we ordered at that restaurant? It had my sister in it. All I remember visually is a chocolate dome with gold stuff on top. I don't even remember what the event was called. No clue what the place was called. I searched ""bangalore october"" but it just showed random photos. It seems like search ignores half of what I type and only matches one word. Tried synonyms like ""cake"" too. I even googled how to search Google Photos better. Eventually I just gave up. Any tips?",reddit:syn-red-0053
reddit,syn-red-0054,2025-05-17T17:17:20,synthetic_user_89487,True,synthetic://reddit/syn-red-0054,How do you find a photo when you only half remember it?,,"[""Ask whoever was there, someone in the group chat usually still has it."", ""Check whether the photo was ever backed up. If it was from an old phone it might never have been uploaded.""]","{""score"": 842, ""num_comments"": 39}",reddit/r/iphone,"Looking for the photo of the temple on the hill. It was a long time ago, maybe 2015. It was taken on a hill somewhere on the way to Mysore. I remember white steps going up and monkeys on the wall. I don't even remember what the event was called. Searched for ""white temple on hill with steps"" and it popped up near the top. I even googled how to search Google Photos better. Ended up scrolling back through years of photos. Got it eventually, after three days. Is there a better way to search for stuff like this?",reddit:syn-red-0054
reddit,syn-red-0055,2023-03-13T01:59:26,synthetic_user_90529,True,synthetic://reddit/syn-red-0055,Search can't find an old photo,,"[""You can search text inside photos sometimes, but it only works if the words are clear in the image."", ""Check whether the photo was ever backed up. If it was from an old phone it might never have been uploaded."", ""Search by year first, like \""2019\"", then scroll within that. Much faster than scrolling from today.""]","{""score"": 548, ""num_comments"": 110}",reddit/r/GooglePixel,"Use the date jump on the scrollbar, drag to the year and go month by month.",reddit:syn-red-0055
reddit,syn-red-0056,2024-02-14T22:52:32,synthetic_user_40048,True,synthetic://reddit/syn-red-0056,Can't find the old scanned photo of my grandparents' wedding. Any tips?,,[],"{""score"": 162, ""num_comments"": 31}",reddit/r/android,"I use search a lot for work stuff. I'm trying to find the old scanned photo of my grandparents' wedding. I need it because we're printing a family tree. It had my grandparents in it. For context, it came through WhatsApp at some point. All I remember visually is black and white, grandma in a big necklace. Not sure which month or year, honestly. The photo probably has no proper date on it. I searched ""black and white wedding photo grandparents"" and it popped up near the top. I typed ""old photo"" in search and it popped up near the top. I searched ""scan"" and there it was. I jumped to roughly that year with the scrollbar and went month by month. Finally found it after way too long. Am I doing something wrong?",reddit:syn-red-0056
reddit,syn-red-0057,2025-04-20T11:37:44,synthetic_user_59177,True,synthetic://reddit/syn-red-0057,How do you find a photo when you only half remember it?,,"[""Try searching for something visible in the photo instead of what happened, like \""stage\"" or \""cake\""."", ""Check whether the photo was ever backed up. If it was from an old phone it might never have been uploaded.""]","{""score"": 819, ""num_comments"": 36}",reddit/r/datahoarder,"Thought search was broken but a photo of the rental agreement was in my partner's library, not mine.",reddit:syn-red-0057
reddit,syn-red-0058,2023-08-31T08:10:23,synthetic_user_93528,True,synthetic://reddit/syn-red-0058,Search can't find the old scanned photo of my grandparents' wedding,,"[""Ask whoever was there, someone in the group chat usually still has it."", ""Name the face groups. Searching a person's name works way better than describing them.""]","{""score"": 134, ""num_comments"": 55}",reddit/r/GooglePixel,"Looking for the old scanned photo of my grandparents' wedding. I can picture black and white, grandma in a big necklace. I remember it came through WhatsApp at some point. It was a scan my uncle sent me. I can't remember the date at all. I typed ""black and white wedding photo grandparents"" in search and nothing came up. I just didn't know how to describe it in a way search would get. I went through the face group for that person too. I jumped to roughly that year with the scrollbar and went month by month. Found one that might be it, but I'm not sure it's the same one. Is there a better way to search for stuff like this?",reddit:syn-red-0058
reddit,syn-red-0059,2026-02-14T02:08:20,synthetic_user_6830,True,synthetic://reddit/syn-red-0059,Lost the picture of the dent on my car somewhere in 40k photos,,"[""Use the date jump on the scrollbar, drag to the year and go month by month."", ""Tip: if location history was on, try the map view and zoom into the area instead of searching the name.""]","{""score"": 6, ""num_comments"": 32}",reddit/r/GooglePixel,"Looking for the picture of the dent on my car. I need it because the insurance surveyor wants the original photo. Timing wise it was maybe 6 months ago. For context, a scooter hit my car in the parking lot. I have no idea what year it was. Tried ""dent on silver car door"" and it popped up near the top. I checked all my albums one by one. I asked my sister if she still had it. Finally found it after about an hour. Am I doing something wrong?",reddit:syn-red-0059
reddit,syn-red-0060,2024-10-08T17:53:12,synthetic_user_19826,True,synthetic://reddit/syn-red-0060,Can't find the photo of my son's vaccination card. Any tips?,,"[""Try searching for something visible in the photo instead of what happened, like \""stage\"" or \""cake\"".""]","{""score"": 56, ""num_comments"": 29}",reddit/r/datahoarder,"Looking for the photo of my son's vaccination card. I need it now because school admission needs it. It had the dates of the last booster on it. Timing wise it was when he was a baby. It's a picture of the vaccination card. I can't recall what it said exactly. I typed ""vaccination"" in search and got no results. I know exactly what it looks like but can't put it into search words. Tried synonyms like ""immunisation"" too. I checked my Gmail in case I had sent it to someone. Got it eventually, after two evenings.",reddit:syn-red-0060
reddit,syn-red-0061,2025-02-04T21:29:36,synthetic_user_13902,True,synthetic://reddit/syn-red-0061,Can't find the old scanned photo of my grandparents' wedding. Any tips?,,[],"{""score"": 472, ""num_comments"": 106}",reddit/r/GooglePixel,"I've been looking for the old scanned photo of my grandparents' wedding for days. I need it because we're printing a family tree. I remember black and white, grandma in a big necklace. For context, it came through WhatsApp at some point. It's a scan my uncle sent me. The location data was probably off. Tried ""old photo"" and nothing came up. Searched for ""scan"" and nothing came up. The photo is definitely in my library but search never shows it. I jumped to roughly that year with the scrollbar and went month by month. I scrolled for like 40 minutes. Finally found it after way too long. Am I doing something wrong?",reddit:syn-red-0061
reddit,syn-red-0062,2025-10-02T15:44:30,synthetic_user_96454,True,synthetic://reddit/syn-red-0062,How do you find a photo when you only half remember it?,,"[""Search by year first, like \""2019\"", then scroll within that. Much faster than scrolling from today."", ""Check whether the photo was ever backed up. If it was from an old phone it might never have been uploaded.""]","{""score"": 525, ""num_comments"": 25}",reddit/r/android,"I take a ridiculous number of screenshots. Does anyone know how to find the screenshot of the train booking confirmation? I need it because the TTE asked for the PNR. It had the PNR number on it. For context, the email never came so I screenshotted the app. I remember a white screen with a green tick. I can't recall what it said exactly. I searched ""ticket"" and nothing came up. Tried ""pnr"" and got no results. It just doesn't show up in search even though I know it's there. Ended up scrolling back through years of photos. I kept retyping different searches. I gave up on finding it. Am I doing something wrong?",reddit:syn-red-0062
reddit,syn-red-0063,2025-11-17T03:55:07,synthetic_user_66932,True,synthetic://reddit/syn-red-0063,Can't find the photo of my son's vaccination card. Any tips?,,"[""Use the date jump on the scrollbar, drag to the year and go month by month."", ""You can search text inside photos sometimes, but it only works if the words are clear in the image."", ""Check whether the photo was ever backed up. If it was from an old phone it might never have been uploaded.""]","{""score"": 261, ""num_comments"": 74}",reddit/r/datahoarder,"I use search a lot for work stuff. Looking for the photo of my son's vaccination card. I need it because school admission needs it. Timing wise it was when he was a baby. It had the dates of the last booster on it. The photo shows the vaccination card. No idea what the thing is actually called. I can't recall what it said exactly. Tried ""baby vaccination card pink"" and nothing came up. How do you even search for something like that? Tried synonyms like ""immunisation"" too. Ended up scrolling back through years of photos. Still haven't found it. How do you all deal with this?",reddit:syn-red-0063
reddit,syn-red-0064,2023-08-22T16:51:10,synthetic_user_23534,True,synthetic://reddit/syn-red-0064,Lost an old photo somewhere in 40k photos,,[],"{""score"": 86, ""num_comments"": 53}",reddit/r/GooglePixel,Spent an hour looking for a picture of the waterfall we hiked to and it turns out I had deleted it years ago. Not the app's fault.,reddit:syn-red-0064
reddit,syn-red-0065,2023-02-02T06:51:10,synthetic_user_3514,True,synthetic://reddit/syn-red-0065,How do you find a photo when you only half remember it?,,"[""Name the face groups. Searching a person's name works way better than describing them.""]","{""score"": 863, ""num_comments"": 80}",reddit/r/datahoarder,"On my Pixel. Does anyone know how to find the photo of the notes a friend shared before exams? It had something about thermodynamics formulas on it. Timing wise it was final semester. All I remember visually is pages with yellow highlighter. I have no idea what year it was. I don't remember the exact words on it. Searched for ""notes"" and got no results. Searched for ""exam notes"" and got no results. It just doesn't show up in search even though I know it's there. I went through the map view hoping to spot it. Ended up scrolling back through years of photos. Found one that might be it, but I'm not sure it's the same one. Is there a better way to search for stuff like this?",reddit:syn-red-0065
reddit,syn-red-0066,2023-06-26T10:57:21,synthetic_user_60742,True,synthetic://reddit/syn-red-0066,Lost an old photo somewhere in 40k photos,,"[""Tip: if location history was on, try the map view and zoom into the area instead of searching the name."", ""Search by year first, like \""2019\"", then scroll within that. Much faster than scrolling from today."", ""Try searching for something visible in the photo instead of what happened, like \""stage\"" or \""cake\"".""]","{""score"": 157, ""num_comments"": 94}",reddit/r/GooglePixel,"Was sure I'd never find the picture of the dent on my car, but searching ""car"" plus the year got it on the first try.",reddit:syn-red-0066
reddit,syn-red-0067,2025-08-23T00:42:52,synthetic_user_58918,True,synthetic://reddit/syn-red-0067,How do you find a photo when you only half remember it?,,"[""You can search text inside photos sometimes, but it only works if the words are clear in the image.""]","{""score"": 584, ""num_comments"": 106}",reddit/r/android,"From experience, Ask whoever was there, someone in the group chat usually still has it.",reddit:syn-red-0067
reddit,syn-red-0068,2023-07-30T22:57:09,synthetic_user_93466,True,synthetic://reddit/syn-red-0068,Anyone else?,,"[""Use the date jump on the scrollbar, drag to the year and go month by month."", ""Search for the thing plus the city, e.g. \""cake bangalore\"", works better than a sentence for me."", ""You can search text inside photos sometimes, but it only works if the words are clear in the image.""]","{""score"": 38, ""num_comments"": 62}",reddit/r/datahoarder,Backup has been stuck on 'preparing' for three days. Very annoying. Shared album invite link doesn't work for my dad.,reddit:syn-red-0068
reddit,syn-red-0069,2023-09-26T10:40:55,synthetic_user_94764,True,synthetic://reddit/syn-red-0069,Search can't find the photo of us dancing at the sangeet,,"[""Try searching for something visible in the photo instead of what happened, like \""stage\"" or \""cake\""."", ""If it was a screenshot, open the Screenshots category first and then scroll by month."", ""You can search text inside photos sometimes, but it only works if the words are clear in the image.""]","{""score"": 708, ""num_comments"": 95}",reddit/r/datahoarder,"I've been looking for the photo of us dancing at the sangeet for days. I need it now because I wanted it for our first anniversary post. It's from the sangeet night. For context, we had practised that dance for weeks. I'm not sure if I ever put it in an album. Searched for ""couple dancing under disco ball pink lehenga"" and got thousands of results to scroll through. All the results look the same as tiny thumbnails. I scrolled for like 40 minutes. I gave up on finding it. How do you all deal with this?",reddit:syn-red-0069
reddit,syn-red-0070,2023-12-21T07:15:46,synthetic_user_20488,True,synthetic://reddit/syn-red-0070,Lost an old photo somewhere in 40k photos,,[],"{""score"": 813, ""num_comments"": 53}",reddit/r/android,Spent an hour looking for the photo of the street where we got lost and it turns out I had deleted it years ago. Not the app's fault.,reddit:syn-red-0070
reddit,syn-red-0071,2023-08-16T03:51:19,synthetic_user_80028,True,synthetic://reddit/syn-red-0071,Is there a better way to search for stuff like this?,,[],"{""score"": 520, ""num_comments"": 13}",reddit/r/googlephotos,"Looking for the photo of my handwritten letter to myself. All I remember visually is a cream paper with my messy handwriting. I remember I wrote it on my 25th birthday and took a photo before sealing it. It was my 25th birthday. I can't recall what it said exactly. Tried ""letter"" and got a bunch of pictures that had nothing to do with it. I typed ""birthday"" in search and got no results. I just didn't know how to describe it in a way search would get. I even googled how to search Google Photos better. I went through the map view hoping to spot it. Never found it.",reddit:syn-red-0071
reddit,syn-red-0072,2025-01-08T22:55:02,synthetic_user_87162,True,synthetic://reddit/syn-red-0072,Is there a better way to search for stuff like this?,,"[""If it was a screenshot, open the Screenshots category first and then scroll by month."", ""Try searching for something visible in the photo instead of what happened, like \""stage\"" or \""cake\""."", ""Name the face groups. Searching a person's name works way better than describing them.""]","{""score"": 424, ""num_comments"": 117}",reddit/r/GooglePixel,"Does anyone know how to find the photo of the dessert we ordered at that restaurant? I remember my sister being in it. It was at my sister's birthday dinner. I can't recall the name of the event. I can't recall where exactly it was. I typed ""dessert"" in search and got a bunch of pictures that had nothing to do with it. It doesn't understand what I'm describing at all. I scrolled for like 40 minutes. I gave up on finding it. Is there a better way to search for stuff like this?",reddit:syn-red-0072
reddit,syn-red-0073,2023-09-16T18:56:59,synthetic_user_70882,True,synthetic://reddit/syn-red-0073,Can't find the photo of us dancing at the sangeet. Any tips?,,"[""Search for the thing plus the city, e.g. \""cake bangalore\"", works better than a sentence for me."", ""Check whether the photo was ever backed up. If it was from an old phone it might never have been uploaded.""]","{""score"": 776, ""num_comments"": 81}",reddit/r/GooglePixel,"I have 12 years of photos in there. I'm trying to find the photo of us dancing at the sangeet. I need it because I wanted it for our first anniversary post. All I remember visually is a disco ball and me in a pink lehenga. It was at the sangeet night. It had my husband and his cousins in it. Timing wise it was the night before our wedding. I don't remember which album it went into. I searched ""sangeet"" and got thousands of results to scroll through. Searched for ""couple dancing under disco ball pink lehenga"" and got thousands of results to scroll through. Searched for ""dance"" and got thousands of results to scroll through. I have hundreds of similar shots and can't tell which one it was. I checked all my albums one by one. Ended up scrolling back through years of photos. Got it eventually, after way too long. Am I doing something wrong?",reddit:syn-red-0073
reddit,syn-red-0074,2025-11-23T21:12:12,synthetic_user_25238,True,synthetic://reddit/syn-red-0074,Can't find the photo of the dessert we ordered at that restaurant. Any tips?,,"[""Name the face groups. Searching a person's name works way better than describing them.""]","{""score"": 849, ""num_comments"": 52}",reddit/r/datahoarder,"I'm trying to find the photo of the dessert we ordered at that restaurant. I need it because I want to go back but forgot the restaurant name. Timing wise it was last year, maybe around October. It had my sister in it. We were at some rooftop place in Bangalore when I took it. It was at my sister's birthday dinner. I can't recall where exactly it was. I can't recall the name of the event. I typed ""bangalore october"" in search and got a bunch of pictures that had nothing to do with it. It took ""dessert"" literally and ignored everything else. In the end I texted my friend to send it again. I found a similar one but not the exact photo I wanted. Am I doing something wrong?",reddit:syn-red-0074
reddit,syn-red-0075,2023-05-08T15:28:10,synthetic_user_17047,True,synthetic://reddit/syn-red-0075,How do you find a photo when you only half remember it?,,"[""Search by year first, like \""2019\"", then scroll within that. Much faster than scrolling from today."", ""Check whether the photo was ever backed up. If it was from an old phone it might never have been uploaded."", ""Name the face groups. Searching a person's name works way better than describing them.""]","{""score"": 603, ""num_comments"": 71}",reddit/r/datahoarder,"Search by year first, like ""2019"", then scroll within that. Much faster than scrolling from today.",reddit:syn-red-0075
reddit,syn-red-0076,2023-04-10T11:06:38,synthetic_user_37156,True,synthetic://reddit/syn-red-0076,Lost the photo of my son's vaccination card somewhere in 40k photos,,[],"{""score"": 126, ""num_comments"": 70}",reddit/r/GooglePixel,"On my Samsung. I've been looking for the photo of my son's vaccination card for days. I need it because school admission needs it. I remember the doctor asked us to keep a copy. I remember it showed the dates of the last booster. Timing wise it was when he was a baby. I don't know what it's called. I don't remember the exact words on it. I searched ""baby vaccination card pink"" and got a bunch of pictures that had nothing to do with it. I searched ""vaccination"" and nothing came up. I typed ""vaccine"" in search and got a bunch of pictures that had nothing to do with it. I know exactly what it looks like but can't put it into search words. Eventually I searched my WhatsApp chats instead. Ended up scrolling back through years of photos. I gave up on finding it. Is there a better way to search for stuff like this?",reddit:syn-red-0076
reddit,syn-red-0077,2025-09-12T20:51:52,synthetic_user_40593,True,synthetic://reddit/syn-red-0077,Lost an old photo somewhere in 40k photos,,"[""Name the face groups. Searching a person's name works way better than describing them."", ""Ask whoever was there, someone in the group chat usually still has it.""]","{""score"": 855, ""num_comments"": 92}",reddit/r/android,Found the photo of the stage when they announced the results by searching the person's face and then scrolling a bit. Took two minutes.,reddit:syn-red-0077
reddit,syn-red-0078,2026-07-27T16:46:55,synthetic_user_99834,True,synthetic://reddit/syn-red-0078,Quick question,,"[""Try searching for something visible in the photo instead of what happened, like \""stage\"" or \""cake\""."", ""Check whether the photo was ever backed up. If it was from an old phone it might never have been uploaded."", ""Search by year first, like \""2019\"", then scroll within that. Much faster than scrolling from today.""]","{""score"": 820, ""num_comments"": 79}",reddit/r/datahoarder,Minor gripe: Too many notifications about 'memories' I didn't ask for.,reddit:syn-red-0078
reddit,syn-red-0079,2024-04-21T14:23:45,synthetic_user_44433,True,synthetic://reddit/syn-red-0079,Can't find an old photo. Any tips?,,"[""You can search text inside photos sometimes, but it only works if the words are clear in the image."", ""Search by year first, like \""2019\"", then scroll within that. Much faster than scrolling from today."", ""Try searching for something visible in the photo instead of what happened, like \""stage\"" or \""cake\"".""]","{""score"": 725, ""num_comments"": 3}",reddit/r/android,"I remember photos by who I was with and what we were doing, not by where the GPS says I was.",reddit:syn-red-0079
reddit,syn-red-0080,2024-01-10T09:18:16,synthetic_user_11747,True,synthetic://reddit/syn-red-0080,Lost the picture of the pharmacy receipt somewhere in 40k photos,,"[""Tip: if location history was on, try the map view and zoom into the area instead of searching the name.""]","{""score"": 630, ""num_comments"": 41}",reddit/r/iphone,"Looking for the picture of the pharmacy receipt. The photo shows a pharmacy bill. I remember I needed it for insurance reimbursement. It had the medicine names and total on it. Timing wise it was around when I was sick last year. I have no idea what year it was. Searched for ""pharmacy"" and nothing came up. Searched for ""pharmacy medicine bill"" and nothing came up. I searched ""receipt"" and got no results. The text on the bill isn't searchable as far as I can tell. Eventually I searched my WhatsApp chats instead. Ended up scrolling back through years of photos. Never found it. Is there a better way to search for stuff like this?",reddit:syn-red-0080
reddit,syn-red-0081,2025-03-09T03:35:42,synthetic_user_41948,True,synthetic://reddit/syn-red-0081,Lost an old photo somewhere in 40k photos,,"[""You can search text inside photos sometimes, but it only works if the words are clear in the image."", ""Name the face groups. Searching a person's name works way better than describing them.""]","{""score"": 848, ""num_comments"": 115}",reddit/r/GooglePixel,"Didn't remember anything except the green rug and him holding the sofa, searched for that and it showed up. Impressed.",reddit:syn-red-0081
reddit,syn-red-0082,2026-05-07T21:20:12,synthetic_user_30997,True,synthetic://reddit/syn-red-0082,Is there a better way to search for stuff like this?,,"[""Search by year first, like \""2019\"", then scroll within that. Much faster than scrolling from today."", ""You can search text inside photos sometimes, but it only works if the words are clear in the image."", ""Tip: if location history was on, try the map view and zoom into the area instead of searching the name.""]","{""score"": 326, ""num_comments"": 59}",reddit/r/datahoarder,Spent an hour looking for a picture of the ramen bowl from the tiny shop and it turns out I had deleted it years ago. Not the app's fault.,reddit:syn-red-0082
reddit,syn-red-0083,2023-01-03T16:55:02,synthetic_user_81360,True,synthetic://reddit/syn-red-0083,Can't find the photo of the bill I took sometime last summer. Any tips?,,[],"{""score"": 494, ""num_comments"": 34}",reddit/r/GooglePixel,"Looking for the photo of the bill I took sometime last summer. It's a picture of a restaurant bill. I remember it showed the total and the GST number. Timing wise it was sometime last summer. Not sure which month or year, honestly. Tried ""june bill"" and got no results. I didn't know what else to try. I scrolled for like 40 minutes. Never found it. Am I doing something wrong?",reddit:syn-red-0083
reddit,syn-red-0084,2025-09-28T14:18:03,synthetic_user_70533,True,synthetic://reddit/syn-red-0084,Is there a better way to search for stuff like this?,,[],"{""score"": 853, ""num_comments"": 104}",reddit/r/googlephotos,"I've used Google Photos since it launched. Does anyone know how to find the photo of the electrician's handwritten estimate? I remember blue pen on lined paper. Timing wise it was a few months ago. The photo shows a handwritten estimate. No idea what to search for really. I typed ""handwritten estimate on notebook paper"" in search and nothing came up. I typed ""electrician"" in search and nothing came up. I searched ""estimate"" and got no results. The text on the bill isn't searchable as far as I can tell. I kept retyping different searches. Never found it. Any tips?",reddit:syn-red-0084
reddit,syn-red-0085,2023-09-18T09:27:09,synthetic_user_74698,True,synthetic://reddit/syn-red-0085,Search can't find the screenshot where I had the information about that course,,"[""Tip: if location history was on, try the map view and zoom into the area instead of searching the name.""]","{""score"": 710, ""num_comments"": 86}",reddit/r/android,"I've got about 90k photos and videos. Looking for the screenshot where I had the information about that course. I need it now because the application deadline might be close. I remember someone posted it on LinkedIn. It had the course fees and the deadline on it. Timing wise it was a few months ago. I can't recall what it said exactly. I have no idea what year it was. Tried ""screenshot of course details with fees"" and it popped up near the top. I searched ""course"" and it popped up near the top. I tried the screenshots category filter as well. Ended up scrolling back through years of photos. Finally found it after about an hour. Is there a better way to search for stuff like this?",reddit:syn-red-0085
reddit,syn-red-0086,2026-07-06T22:45:58,synthetic_user_12678,True,synthetic://reddit/syn-red-0086,Lost the photo of my car's insurance papers somewhere in 40k photos,,[],"{""score"": 607, ""num_comments"": 102}",reddit/r/datahoarder,"A lot of my photos come from shared albums. Does anyone know how to find the photo of my car's insurance papers? I need it because I had an accident and need the policy number. I remember I took it in the car when the traffic police stopped me once. It had the policy number on it. The photo shows the insurance papers. I can picture a folded paper on the dashboard. I can't recall what it said exactly. I typed ""insurance"" in search and nothing came up. Tried ""car insurance paper on dashboard"" and got no results. After that I had no idea what else to try. I checked my Gmail in case I had sent it to someone. Never found it. Any tips?",reddit:syn-red-0086
reddit,syn-red-0087,2023-07-16T22:28:31,synthetic_user_98561,True,synthetic://reddit/syn-red-0087,Is there a better way to search for stuff like this?,,[],"{""score"": 465, ""num_comments"": 49}",reddit/r/GooglePixel,"Looking for the photo of my dad's blood test report. All I remember visually is a report with a hospital logo. The photo shows a lab report. I remember the lab gave only a paper copy. Not sure which month or year, honestly. Searched for ""report"" and got no results. Tried ""lab report 2025"" and nothing came up. I searched ""blood test report hospital"" and got a bunch of pictures that had nothing to do with it. I didn't know what else to try. Ended up scrolling back through years of photos. Tried synonyms like ""test results"" too. I found a similar one but not the exact photo I wanted. How do you all deal with this?",reddit:syn-red-0087
reddit,syn-red-0088,2026-04-10T19:42:08,synthetic_user_19087,True,synthetic://reddit/syn-red-0088,Search can't find the photo of my son's vaccination card,,"[""You can search text inside photos sometimes, but it only works if the words are clear in the image."", ""Check whether the photo was ever backed up. If it was from an old phone it might never have been uploaded.""]","{""score"": 9, ""num_comments"": 66}",reddit/r/datahoarder,"Looking for the photo of my son's vaccination card. I remember the doctor asked us to keep a copy. The photo shows the vaccination card. I can picture a pink card with stamps. I remember it showed the dates of the last booster. No idea what the thing is actually called. I can't recall what it said exactly. I searched ""vaccination"" and nothing came up. The text in the photo doesn't seem to be searchable. I checked my Gmail in case I had sent it to someone. Got it eventually, after half an hour of scrolling. Is there a better way to search for stuff like this?",reddit:syn-red-0088
reddit,syn-red-0089,2024-11-09T13:41:11,synthetic_user_26911,True,synthetic://reddit/syn-red-0089,Can't find the photo of the warranty card for the washing machine. Any tips?,,"[""Tip: if location history was on, try the map view and zoom into the area instead of searching the name."", ""Search by year first, like \""2019\"", then scroll within that. Much faster than scrolling from today.""]","{""score"": 367, ""num_comments"": 3}",reddit/r/GooglePixel,"Been backing up everything since 2015. Looking for the photo of the warranty card for the washing machine. I need it now because the machine broke and service wants the warranty. All I remember visually is a small card taped to the invoice. The photo shows the warranty card. I can't recall what it said exactly. I don't remember when exactly. Searched for ""washing machine warranty card"" and nothing came up. Tried ""warranty"" and nothing came up. The photo is definitely in my library but search never shows it. Eventually I searched my WhatsApp chats instead. Found one that might be it, but I'm not sure it's the same one. How do you all deal with this?",reddit:syn-red-0089
reddit,syn-red-0090,2023-09-25T06:54:16,synthetic_user_25124,True,synthetic://reddit/syn-red-0090,Search can't find the photo of the warranty card for the washing machine,,"[""Use the date jump on the scrollbar, drag to the year and go month by month."", ""Name the face groups. Searching a person's name works way better than describing them.""]","{""score"": 652, ""num_comments"": 31}",reddit/r/datahoarder,"On my Samsung. Looking for the photo of the warranty card for the washing machine. I need it because the machine broke and service wants the warranty. It had the serial number on it. I can picture a small card taped to the invoice. It was when we bought it, 2 years ago maybe. I have no idea what year it was. I don't remember the exact words on it. Tried ""warranty 2024"" and it popped up near the top. Searched for ""warranty"" and there it was. I kept retyping different searches. Ended up scrolling back through years of photos. Finally found it after two evenings.",reddit:syn-red-0090
reddit,syn-red-0091,2025-07-14T08:32:01,synthetic_user_51891,True,synthetic://reddit/syn-red-0091,Lost the photo of my first tattoo right after I got it somewhere in 40k photos,,"[""Use the date jump on the scrollbar, drag to the year and go month by month."", ""Try searching for something visible in the photo instead of what happened, like \""stage\"" or \""cake\""."", ""Check whether the photo was ever backed up. If it was from an old phone it might never have been uploaded.""]","{""score"": 261, ""num_comments"": 70}",reddit/r/iphone,"I've been looking for the photo of my first tattoo right after I got it for days. I need it because the artist asked for a before picture. I can picture a small wave design on my wrist, all red around it. It was a few years back. I remember it was still covered with cling film. The photo shows a tattoo. I don't remember when exactly. I typed ""tattoo"" in search and got thousands of results to scroll through. Searched for ""fresh wave tattoo on wrist"" and got thousands of results to scroll through. All the results look the same as tiny thumbnails. Tried synonyms like ""ink"" too. I went through the map view hoping to spot it. Finally found it after two evenings. Is there a better way to search for stuff like this?",reddit:syn-red-0091
reddit,syn-red-0092,2025-06-29T18:53:22,synthetic_user_46081,True,synthetic://reddit/syn-red-0092,Is there a better way to search for stuff like this?,,[],"{""score"": 477, ""num_comments"": 65}",reddit/r/GooglePixel,"Couldn't find a photo of the tiny café we found in Goa anywhere, then realised it was on my old phone and never got backed up.",reddit:syn-red-0092
reddit,syn-red-0093,2024-01-26T21:59:31,synthetic_user_18070,True,synthetic://reddit/syn-red-0093,Can't find the photo of the prescription for my mother's eye drops. Any tips?,,"[""You can search text inside photos sometimes, but it only works if the words are clear in the image."", ""Check whether the photo was ever backed up. If it was from an old phone it might never have been uploaded.""]","{""score"": 802, ""num_comments"": 51}",reddit/r/iphone,"On the web version on my laptop. Does anyone know how to find the photo of the prescription for my mother's eye drops? I remember it showed the name of the eye drops. I remember the doctor's handwriting was unreadable. I can picture a small slip with a clinic stamp. I don't remember the exact words on it. I don't know what it's called. I searched ""prescription"" and nothing came up. I know exactly what it looks like but can't put it into search words. Tried synonyms like ""doctor note"" too. Never found it.",reddit:syn-red-0093
reddit,syn-red-0094,2023-02-17T20:39:53,synthetic_user_4221,True,synthetic://reddit/syn-red-0094,Search can't find the photo of my first tattoo right after I got it,,"[""Name the face groups. Searching a person's name works way better than describing them."", ""If it was a screenshot, open the Screenshots category first and then scroll by month."", ""Use the date jump on the scrollbar, drag to the year and go month by month.""]","{""score"": 66, ""num_comments"": 68}",reddit/r/GooglePixel,"A lot of my photos come from shared albums. Does anyone know how to find the photo of my first tattoo right after I got it? The photo shows a tattoo. I remember a small wave design on my wrist, all red around it. For context, it was still covered with cling film. Timing wise it was a few years back. I can't remember the date at all. Tried ""fresh wave tattoo on wrist"" and nothing came up. I searched ""tattoo"" and got no results. How do you even search for something like that? I jumped to roughly that year with the scrollbar and went month by month. I kept retyping different searches. I found a similar one but not the exact photo I wanted. Is there a better way to search for stuff like this?",reddit:syn-red-0094
reddit,syn-red-0095,2023-11-18T04:01:55,synthetic_user_16926,True,synthetic://reddit/syn-red-0095,Lost the photo of us dancing at the sangeet somewhere in 40k photos,,[],"{""score"": 399, ""num_comments"": 115}",reddit/r/datahoarder,"I've been looking for the photo of us dancing at the sangeet for days. I need it because I wanted it for our first anniversary post. I remember a disco ball and me in a pink lehenga. Timing wise it was the night before our wedding. I don't remember which album it went into. I typed ""dance"" in search and there it was. In the end I texted my friend to send it again. I checked all my albums one by one. Got it eventually, after way too long.",reddit:syn-red-0095
reddit,syn-red-0096,2024-09-26T15:44:09,synthetic_user_93018,True,synthetic://reddit/syn-red-0096,How do you find a photo when you only half remember it?,,"[""Use the date jump on the scrollbar, drag to the year and go month by month."", ""If it was a screenshot, open the Screenshots category first and then scroll by month.""]","{""score"": 515, ""num_comments"": 91}",reddit/r/datahoarder,Spent an hour looking for the photo of a plant I saw at a nursery and it turns out I had deleted it years ago. Not the app's fault.,reddit:syn-red-0096
reddit,syn-red-0097,2023-10-20T16:13:42,synthetic_user_8384,True,synthetic://reddit/syn-red-0097,Quick question,,"[""Search for the thing plus the city, e.g. \""cake bangalore\"", works better than a sentence for me.""]","{""score"": 337, ""num_comments"": 116}",reddit/r/datahoarder,Face grouping merged my twin daughters into one person lol. Can't figure out how to download all my photos to a hard drive.,reddit:syn-red-0097
reddit,syn-red-0098,2025-08-05T20:58:34,synthetic_user_5122,True,synthetic://reddit/syn-red-0098,Search can't find an old photo,,"[""Check whether the photo was ever backed up. If it was from an old phone it might never have been uploaded."", ""You can search text inside photos sometimes, but it only works if the words are clear in the image."", ""Name the face groups. Searching a person's name works way better than describing them.""]","{""score"": 628, ""num_comments"": 105}",reddit/r/googlephotos,"I remember photos by who I was with and what we were doing, not by where the GPS says I was.",reddit:syn-red-0098
reddit,syn-red-0099,2024-12-04T14:32:22,synthetic_user_25480,True,synthetic://reddit/syn-red-0099,Can't find that picture from the trip where we stayed near the beach. Any tips?,,"[""Search by year first, like \""2019\"", then scroll within that. Much faster than scrolling from today."", ""Try searching for something visible in the photo instead of what happened, like \""stage\"" or \""cake\"".""]","{""score"": 335, ""num_comments"": 85}",reddit/r/googlephotos,"I've been looking for that picture from the trip where we stayed near the beach for days. I need it because I want to book the same homestay. It's from a long weekend trip. I remember location was probably off on my phone. I can picture a hammock between two coconut trees. I don't remember when exactly. The location data was probably off. I searched ""beach 2021"" and got no results. I searched ""beach"" and got no results. Searched for ""hammock between coconut trees near beach homestay"" and nothing came up. The location data was probably off so there's nothing to go on. Ended up scrolling back through years of photos. I jumped to roughly that year with the scrollbar and went month by month. Found one that might be it, but I'm not sure it's the same one. How do you all deal with this?",reddit:syn-red-0099
reddit,syn-red-0100,2024-05-26T13:38:25,synthetic_user_31265,True,synthetic://reddit/syn-red-0100,Can't find the photo of the shoes I tried on in the store. Any tips?,,"[""Tip: if location history was on, try the map view and zoom into the area instead of searching the name."", ""Use the date jump on the scrollbar, drag to the year and go month by month."", ""Check whether the photo was ever backed up. If it was from an old phone it might never have been uploaded.""]","{""score"": 841, ""num_comments"": 24}",reddit/r/googlephotos,"There are something like 45,000 pictures in my account. I'm trying to find the photo of the shoes I tried on in the store. I need it because I want to order them online. We were at a mall when I took it. For context, I took it to check the price online later. I remember grey shoes with a neon green sole. I don't remember the name of the place. I typed ""shoes"" in search and nothing came up. I searched ""grey running shoes with green sole"" and nothing came up. I searched ""mall october"" and nothing came up. Text inside screenshots doesn't seem to be searchable. I even googled how to search Google Photos better. Ended up scrolling back through years of photos. Got it eventually, after two evenings. Is there a better way to search for stuff like this?",reddit:syn-red-0100
reddit,syn-red-0101,2024-07-24T23:39:49,synthetic_user_81777,True,synthetic://reddit/syn-red-0101,Can't find the screenshot where I had the information about that course. Any tips?,,"[""Name the face groups. Searching a person's name works way better than describing them.""]","{""score"": 309, ""num_comments"": 98}",reddit/r/googlephotos,"On iOS. I've been looking for the screenshot where I had the information about that course for days. I need it because the application deadline might be close. I remember a blue banner with a university logo. I remember it showed the course fees and the deadline. I don't remember when exactly. Searched for ""course"" and it popped up near the top. I scrolled for like 40 minutes. Finally found it after about an hour. Am I doing something wrong?",reddit:syn-red-0101
reddit,syn-red-0102,2026-05-09T16:09:20,synthetic_user_96895,True,synthetic://reddit/syn-red-0102,Search can't find the photo of the bill I took sometime last summer,,"[""Tip: if location history was on, try the map view and zoom into the area instead of searching the name."", ""Search for the thing plus the city, e.g. \""cake bangalore\"", works better than a sentence for me.""]","{""score"": 811, ""num_comments"": 53}",reddit/r/GooglePixel,"Does anyone know how to find the photo of the bill I took sometime last summer? For context, we were splitting it between six people. I remember a long crumpled receipt. I remember it showed the total and the GST number. It's a picture of a restaurant bill. I can't recall what it said exactly. Not sure which month or year, honestly. I searched ""june bill"" and nothing came up. Tried ""bill"" and got no results. I searched ""restaurant bill split between friends"" and nothing came up. The photo is definitely in my library but search never shows it. I checked my Gmail in case I had sent it to someone. Ended up scrolling back through years of photos. Still haven't found it. Am I doing something wrong?",reddit:syn-red-0102
reddit,syn-red-0103,2023-07-07T06:19:24,synthetic_user_77677,True,synthetic://reddit/syn-red-0103,How do you find a photo when you only half remember it?,,[],"{""score"": 437, ""num_comments"": 92}",reddit/r/GooglePixel,"Looking for the photo of my dad's blood test report. All I remember visually is a report with a hospital logo. It was before his surgery, early last year. I can't recall what it said exactly. I don't remember when exactly. I searched ""blood test report hospital"" and got no results. After that I had no idea what else to try. Ended up scrolling back through years of photos. Still haven't found it.",reddit:syn-red-0103
reddit,syn-red-0104,2025-08-19T07:07:32,synthetic_user_20280,True,synthetic://reddit/syn-red-0104,Can't find a photo of the rental agreement. Any tips?,,"[""Ask whoever was there, someone in the group chat usually still has it."", ""Name the face groups. Searching a person's name works way better than describing them.""]","{""score"": 426, ""num_comments"": 50}",reddit/r/googlephotos,"My wife and I share a partner library. Does anyone know how to find a photo of the rental agreement? I need it because the landlord is refusing to return the deposit. I can picture stamp paper with a purple stamp. For context, the landlord only gave us one copy so I photographed every page. I remember it showed something about the notice period. The photo shows the rental agreement. I can't remember the date at all. I searched ""agreement"" and got no results. Tried ""rent agreement document pages"" and got a bunch of pictures that had nothing to do with it. I know exactly what it looks like but can't put it into search words. I checked my Gmail in case I had sent it to someone. Ended up scrolling back through years of photos. Got it eventually, after two evenings. Is there a better way to search for stuff like this?",reddit:syn-red-0104
reddit,syn-red-0105,2026-08-05T21:25:10,synthetic_user_9336,True,synthetic://reddit/syn-red-0105,Rant,,[],"{""score"": 395, ""num_comments"": 119}",reddit/r/datahoarder,"Honestly, Uploading in original quality eats my data plan. I wish the video editor had more music options.",reddit:syn-red-0105
reddit,syn-red-0106,2024-06-06T12:41:28,synthetic_user_66795,True,synthetic://reddit/syn-red-0106,Search can't find an old photo,,[],"{""score"": 667, ""num_comments"": 49}",reddit/r/datahoarder,"Couldn't find the photo of the warranty card for the washing machine anywhere, then realised it was on my old phone and never got backed up.",reddit:syn-red-0106
reddit,syn-red-0107,2024-05-11T17:23:36,synthetic_user_4522,True,synthetic://reddit/syn-red-0107,Can't find an old photo. Any tips?,,"[""You can search text inside photos sometimes, but it only works if the words are clear in the image.""]","{""score"": 620, ""num_comments"": 58}",reddit/r/iphone,"From experience, If it was a screenshot, open the Screenshots category first and then scroll by month.",reddit:syn-red-0107
reddit,syn-red-0108,2025-10-04T00:03:26,synthetic_user_12697,True,synthetic://reddit/syn-red-0108,Is there a better way to search for stuff like this?,,"[""You can search text inside photos sometimes, but it only works if the words are clear in the image."", ""Name the face groups. Searching a person's name works way better than describing them."", ""Try searching for something visible in the photo instead of what happened, like \""stage\"" or \""cake\"".""]","{""score"": 181, ""num_comments"": 47}",reddit/r/datahoarder,"I've been looking for that photo where I was wearing the blue shirt for days. I need it because I need a profile photo for a new job. All I remember visually is me in a light blue linen shirt against a white wall. It was maybe two summers ago. I know it was at a friend's place, I think. I can't remember the date at all. I typed ""me wearing blue shirt white wall"" in search and got thousands of results to scroll through. I searched ""summer"" and got thousands of results to scroll through. There are so many almost identical shots from that day that I can't tell which one it is. I asked my sister if she still had it. Gave up for the day and tried again the next week. I found a similar one but not the exact photo I wanted. Any tips?",reddit:syn-red-0108
reddit,syn-red-0109,2025-09-23T06:37:33,synthetic_user_65878,True,synthetic://reddit/syn-red-0109,Lost an old photo somewhere in 40k photos,,"[""Try searching for something visible in the photo instead of what happened, like \""stage\"" or \""cake\"".""]","{""score"": 206, ""num_comments"": 7}",reddit/r/googlephotos,"Was sure I'd never find a picture of my dad teaching my daughter to ride a bike, but searching ""bicycle"" plus the year got it on the first try.",reddit:syn-red-0109
reddit,syn-red-0110,2025-04-17T16:02:47,synthetic_user_82160,True,synthetic://reddit/syn-red-0110,Can't find an old photo. Any tips?,,"[""Search by year first, like \""2019\"", then scroll within that. Much faster than scrolling from today.""]","{""score"": 301, ""num_comments"": 10}",reddit/r/android,It's frustrating that I have to guess what word the app uses for something.,reddit:syn-red-0110
reddit,syn-red-0111,2023-01-07T16:38:09,synthetic_user_91528,True,synthetic://reddit/syn-red-0111,Can't find the photo with the bride and my grandmother. Any tips?,,[],"{""score"": 890, ""num_comments"": 67}",reddit/r/GooglePixel,"On the web version on my laptop. I'm trying to find the photo with the bride and my grandmother. I need it because grandma wants a print. I can picture grandma in a green saree sitting on the stage. It's from my brother's wedding. Not sure which month or year, honestly. I typed ""old lady in green saree with bride on stage"" in search and got a bunch of pictures that had nothing to do with it. Tried ""reception"" and got a bunch of pictures that had nothing to do with it. I didn't know what else to try. I asked my sister if she still had it. I scrolled for like 40 minutes. Eventually I just gave up. How do you all deal with this?",reddit:syn-red-0111
reddit,syn-red-0112,2023-06-28T10:58:18,synthetic_user_88219,True,synthetic://reddit/syn-red-0112,How do you find a photo when you only half remember it?,,"[""Search by year first, like \""2019\"", then scroll within that. Much faster than scrolling from today."", ""Ask whoever was there, someone in the group chat usually still has it."", ""If it was a screenshot, open the Screenshots category first and then scroll by month.""]","{""score"": 250, ""num_comments"": 27}",reddit/r/datahoarder,"I'm trying to find a photo with a guy we met on a trek. I need it because I found him on Instagram and wanted to send it. All I remember visually is a yellow jacket and a flag behind us. Timing wise it was 2019 I think. It had a guy from Germany we met on the way in it. I never knew his name. No clue what the place was called. Searched for ""photo with foreigner in yellow jacket on mountain top"" and got a bunch of pictures that had nothing to do with it. Searched for ""trek"" and got no results. I didn't know what else to try. I went through the face group for that person too. Found one that might be it, but I'm not sure it's the same one.",reddit:syn-red-0112
reddit,syn-red-0113,2023-08-05T15:50:02,synthetic_user_93816,True,synthetic://reddit/syn-red-0113,How do you find a photo when you only half remember it?,,"[""Name the face groups. Searching a person's name works way better than describing them."", ""You can search text inside photos sometimes, but it only works if the words are clear in the image.""]","{""score"": 226, ""num_comments"": 92}",reddit/r/googlephotos,"What worked for me: Search by year first, like ""2019"", then scroll within that. Much faster than scrolling from today.",reddit:syn-red-0113
reddit,syn-red-0114,2026-04-23T19:30:02,synthetic_user_24885,True,synthetic://reddit/syn-red-0114,Search can't find the photo of us at the football match,,"[""Try searching for something visible in the photo instead of what happened, like \""stage\"" or \""cake\""."", ""Search for the thing plus the city, e.g. \""cake bangalore\"", works better than a sentence for me.""]","{""score"": 680, ""num_comments"": 77}",reddit/r/datahoarder,"I'm trying to find the photo of us at the football match. I need it now because reunion group chat asked for it. We were in the stadium when I took it. It's from the derby match. It had my school friends in it. I remember all of us with painted faces. I don't even remember what the event was called. I searched ""stadium"" and nothing came up. Tried ""friends with painted faces at football match"" but it just showed random photos. I didn't know what else to try. I asked my sister if she still had it. I went through the face group for that person too. Found one that might be it, but I'm not sure it's the same one. How do you all deal with this?",reddit:syn-red-0114
reddit,syn-red-0115,2024-01-02T17:44:58,synthetic_user_95341,True,synthetic://reddit/syn-red-0115,How do you find a photo when you only half remember it?,,[],"{""score"": 562, ""num_comments"": 50}",reddit/r/iphone,"Does anyone know how to find the photo of the bill I took sometime last summer? I need it because a friend still hasn't paid me back and disputes the amount. The photo shows a restaurant bill. I remember it showed the total and the GST number. All I remember visually is a long crumpled receipt. I don't remember the exact words on it. Searched for ""june bill"" and got a bunch of pictures that had nothing to do with it. I searched ""restaurant bill split between friends"" and got no results. I just didn't know how to describe it in a way search would get. I kept retyping different searches. Eventually I just gave up. How do you all deal with this?",reddit:syn-red-0115
reddit,syn-red-0116,2024-01-03T01:54:37,synthetic_user_15380,True,synthetic://reddit/syn-red-0116,Is there a better way to search for stuff like this?,,"[""Try searching for something visible in the photo instead of what happened, like \""stage\"" or \""cake\""."", ""Name the face groups. Searching a person's name works way better than describing them."", ""If it was a screenshot, open the Screenshots category first and then scroll by month.""]","{""score"": 35, ""num_comments"": 15}",reddit/r/iphone,"I've been looking for a shot of the fireworks at the new year party for days. I need it now because I wanted to post a throwback. It was one of the new years, 2019 or 2020. For context, it was just before midnight. It's from the new year party at the club. I can't remember the date at all. Tried ""fireworks"" and it gave me hundreds of photos. Tried ""green fireworks over pool"" and it gave me hundreds of photos. I searched ""31 december"" and it gave me hundreds of photos. All the results look the same as tiny thumbnails. Ended up scrolling back through years of photos. I jumped to roughly that year with the scrollbar and went month by month. I found a similar one but not the exact photo I wanted.",reddit:syn-red-0116
reddit,syn-red-0117,2024-09-11T21:42:19,synthetic_user_22608,True,synthetic://reddit/syn-red-0117,Quick question,,[],"{""score"": 797, ""num_comments"": 59}",reddit/r/datahoarder,Two things. Uploading in original quality eats my data plan.,reddit:syn-red-0117
reddit,syn-red-0118,2026-04-12T19:37:25,synthetic_user_93552,True,synthetic://reddit/syn-red-0118,Can't find the picture of the dent on my car. Any tips?,,"[""Use the date jump on the scrollbar, drag to the year and go month by month.""]","{""score"": 712, ""num_comments"": 23}",reddit/r/GooglePixel,"Looking for the picture of the dent on my car. I need it now because the insurance surveyor wants the original photo. Timing wise it was maybe 6 months ago. I remember a scooter hit my car in the parking lot. All I remember visually is a scratch on the silver door near the handle. I can't remember the date at all. Tried ""dent on silver car door"" and nothing came up. I searched ""car dent"" and nothing came up. I know exactly what it looks like but can't put it into search words. I jumped to roughly that year with the scrollbar and went month by month. Finally found it after three days. Any tips?",reddit:syn-red-0118
reddit,syn-red-0119,2024-04-30T01:20:14,synthetic_user_24651,True,synthetic://reddit/syn-red-0119,How do you find a photo when you only half remember it?,,"[""Use the date jump on the scrollbar, drag to the year and go month by month.""]","{""score"": 566, ""num_comments"": 27}",reddit/r/iphone,"I moved all my old phone photos in years ago. Does anyone know how to find the photo of the street where we got lost? I need it because we want to frame it. I know it was in some old town in Portugal. It was on the third or fourth day of the trip. I remember yellow tiles on the walls and a tram line. I can't recall where exactly it was. Searched for ""lisbon"" and it gave me hundreds of photos. I have hundreds of similar shots and can't tell which one it was. I scrolled for like 40 minutes. I went through the map view hoping to spot it. Finally found it after about an hour. Is there a better way to search for stuff like this?",reddit:syn-red-0119
google_photos_community,syn-goo-0000,2025-11-20T19:23:03,synthetic_user_91472,True,synthetic://google_photos_community/syn-goo-0000,Help finding an old photo in my library,Google Photos Help Community > Search & browse,"[""Product Expert: Use the date jump on the scrollbar, drag to the year and go month by month.""]","{""same_question"": 24, ""recommended_answer"": false}",google_photos_help_community,"I've been looking for the family photo from Diwali where everyone is wearing white for days. It was one of the Diwalis between 2017 and 2020. I remember the whole extended family being in it. It was for Diwali. I can't remember the date at all. I searched ""diwali"" and got a bunch of pictures that had nothing to do with it. How do you even search for something like that? I scrolled for like 40 minutes. I went through the face group for that person too. Never found it.",google_photos_community:syn-goo-0000
google_photos_community,syn-goo-0001,2026-08-09T18:46:11,synthetic_user_4643,True,synthetic://google_photos_community/syn-goo-0001,Help finding an old photo in my library,Google Photos Help Community > Search & browse,"[""Product Expert: Check whether the photo was ever backed up. If it was from an old phone it might never have been uploaded.""]","{""same_question"": 0, ""recommended_answer"": false}",google_photos_help_community,"Looking for a picture of the sofa fabric sample. I need it now because we're finally ordering the sofa. I remember the shop said to send them the photo when ordering. All I remember visually is a mustard-coloured textured fabric. I know it was at the furniture shop. I have no idea what year it was. I typed ""mustard fabric sample"" in search and it gave me hundreds of photos. Tried ""furniture shop"" and it gave me hundreds of photos. All the results look the same as tiny thumbnails. Ended up scrolling back through years of photos. I tried the screenshots category filter as well. Found one that might be it, but I'm not sure it's the same one. Using photos.google.com on Windows.",google_photos_community:syn-goo-0001
google_photos_community,syn-goo-0002,2023-01-11T12:43:58,synthetic_user_94690,True,synthetic://google_photos_community/syn-goo-0002,Help finding an old photo in my library,Google Photos Help Community > Search & browse,"[""Product Expert: Tip: if location history was on, try the map view and zoom into the area instead of searching the name."", ""Product Expert: Search by year first, like \""2019\"", then scroll within that. Much faster than scrolling from today.""]","{""same_question"": 55, ""recommended_answer"": false}",google_photos_help_community,"Spent an hour looking for the photo of my daughter on stage at her school play and it turns out I had deleted it years ago. Not the app's fault. Device: Pixel 8, Android 15.",google_photos_community:syn-goo-0002
google_photos_community,syn-goo-0003,2025-04-21T04:30:32,synthetic_user_63886,True,synthetic://google_photos_community/syn-goo-0003,Search not finding a photo I know exists,Google Photos Help Community > Search & browse,"[""Product Expert: If it was a screenshot, open the Screenshots category first and then scroll by month."", ""Product Expert: Ask whoever was there, someone in the group chat usually still has it.""]","{""same_question"": 50, ""recommended_answer"": false}",google_photos_help_community,"I don't remember dates, nobody does. Searching by date is useless for old memories.",google_photos_community:syn-goo-0003
google_photos_community,syn-goo-0004,2024-01-09T19:31:50,synthetic_user_35321,True,synthetic://google_photos_community/syn-goo-0004,Help finding an old photo in my library,Google Photos Help Community > Search & browse,"[""Product Expert: Try searching for something visible in the photo instead of what happened, like \""stage\"" or \""cake\""."", ""Product Expert: Use the date jump on the scrollbar, drag to the year and go month by month.""]","{""same_question"": 45, ""recommended_answer"": false}",google_photos_help_community,Pro tip: Name the face groups. Searching a person's name works way better than describing them.,google_photos_community:syn-goo-0004
google_photos_community,syn-goo-0005,2023-04-17T12:27:25,synthetic_user_56317,True,synthetic://google_photos_community/syn-goo-0005,Help finding an old photo in my library,Google Photos Help Community > Search & browse,"[""Product Expert: You can search text inside photos sometimes, but it only works if the words are clear in the image."", ""Product Expert: Use the date jump on the scrollbar, drag to the year and go month by month.""]","{""same_question"": 62, ""recommended_answer"": true}",google_photos_help_community,"Looking for the photo of the view from the train window. I need it now because I was telling someone about the trip and wanted to show them. We were on the train somewhere between two cities when I took it. This was during the Europe backpacking trip. I have no idea what year it was. I can't recall where exactly it was. I typed ""train 2018"" in search and got a bunch of pictures that had nothing to do with it. Tried ""view from train window with green hills"" but it just showed random photos. It seems like search ignores half of what I type and only matches one word. I jumped to roughly that year with the scrollbar and went month by month. Still haven't found it.",google_photos_community:syn-goo-0005
google_photos_community,syn-goo-0006,2025-02-17T14:49:45,synthetic_user_68809,True,synthetic://google_photos_community/syn-goo-0006,Search not finding a photo I know exists,Google Photos Help Community > Search & browse,"[""Product Expert: Check whether the photo was ever backed up. If it was from an old phone it might never have been uploaded.""]","{""same_question"": 54, ""recommended_answer"": false}",google_photos_help_community,"Looking for the photo of the team at the offsite. I need it now because a colleague is leaving and we're making a card. It was before I switched jobs, 2021 maybe. It's from the team offsite. I have no idea what year it was. Tried ""offsite 2021"" and nothing came up. Searched for ""team"" and nothing came up. Tried ""team in matching t shirts by a pool"" but it just showed random photos. I ran out of ideas pretty quickly. Tried synonyms like ""office trip"" too. Eventually I just gave up. Device: iPhone 14, iOS 18.",google_photos_community:syn-goo-0006
google_photos_community,syn-goo-0007,2026-04-11T13:58:58,synthetic_user_11433,True,synthetic://google_photos_community/syn-goo-0007,Search not finding a photo I know exists,Google Photos Help Community > Search & browse,"[""Product Expert: Tip: if location history was on, try the map view and zoom into the area instead of searching the name.""]","{""same_question"": 75, ""recommended_answer"": false}",google_photos_help_community,"I search in Photos pretty much every day. Does anyone know how to find the photo I took of my passport page? I need it because I need the number urgently for a booking. The photo shows my passport. It was two or three years ago. I can picture my thumb covering one corner. I can't recall what it said exactly. I don't remember when exactly. I searched ""photo of passport page"" and there it was. I typed ""passport"" in search and it popped up near the top. I kept retyping different searches. Ended up scrolling back through years of photos. Got it eventually, after two evenings.",google_photos_community:syn-goo-0007
google_photos_community,syn-goo-0008,2023-07-22T02:43:34,synthetic_user_71641,True,synthetic://google_photos_community/syn-goo-0008,General question,Google Photos Help Community > Search & browse,"[""Product Expert: Ask whoever was there, someone in the group chat usually still has it."", ""Product Expert: If it was a screenshot, open the Screenshots category first and then scroll by month.""]","{""same_question"": 68, ""recommended_answer"": false}",google_photos_help_community,"Two things. Can't figure out how to download all my photos to a hard drive. Device: iPhone 14, iOS 18.",google_photos_community:syn-goo-0008
google_photos_community,syn-goo-0009,2026-02-01T09:11:39,synthetic_user_99530,True,synthetic://google_photos_community/syn-goo-0009,Unable to locate an old photo,Google Photos Help Community > Search & browse,"[""Product Expert: Search by year first, like \""2019\"", then scroll within that. Much faster than scrolling from today."", ""Product Expert: Name the face groups. Searching a person's name works way better than describing them.""]","{""same_question"": 8, ""recommended_answer"": false}",google_photos_help_community,"I remember photos by who I was with and what we were doing, not by where the GPS says I was. Device: iPhone 14, iOS 18.",google_photos_community:syn-goo-0009
google_photos_community,syn-goo-0010,2024-05-02T10:37:32,synthetic_user_5123,True,synthetic://google_photos_community/syn-goo-0010,Unable to locate the picture of my college marksheet,Google Photos Help Community > Search & browse,"[""Product Expert: You can search text inside photos sometimes, but it only works if the words are clear in the image.""]","{""same_question"": 6, ""recommended_answer"": false}",google_photos_help_community,"I've been looking for the picture of my college marksheet for days. I need it because background verification asked for it. I remember a certificate with a blue border. Timing wise it was maybe 2020 when I was job hunting. No idea what to search for really. Tried ""college marksheet with blue border"" and nothing came up. Tried ""2020 certificate"" and nothing came up. I typed ""marksheet"" in search and got no results. The photo is definitely in my library but search never shows it. I kept retyping different searches. Ended up scrolling back through years of photos. Finally found it after three days. Device: Pixel 8, Android 15.",google_photos_community:syn-goo-0010
google_photos_community,syn-goo-0011,2024-07-04T07:25:28,synthetic_user_76239,True,synthetic://google_photos_community/syn-goo-0011,Search not finding a photo I know exists,Google Photos Help Community > Search & browse,"[""Product Expert: If it was a screenshot, open the Screenshots category first and then scroll by month."", ""Product Expert: Name the face groups. Searching a person's name works way better than describing them.""]","{""same_question"": 47, ""recommended_answer"": true}",google_photos_help_community,"On my Samsung. Does anyone know how to find a photo with a guy we met on a trek? I need it because I found him on Instagram and wanted to send it. We were at the top of the trek when I took it. It was 2019 I think. It had a guy from Germany we met on the way in it. It's from the Himachal trek. No clue what the place was called. I don't remember the person's name. I searched ""photo with foreigner in yellow jacket on mountain top"" and got no results. I didn't know what else to try. I jumped to roughly that year with the scrollbar and went month by month. I went through the face group for that person too. Found one that might be it, but I'm not sure it's the same one. Using photos.google.com on Windows.",google_photos_community:syn-goo-0011
google_photos_community,syn-goo-0012,2023-02-12T04:00:22,synthetic_user_1776,True,synthetic://google_photos_community/syn-goo-0012,Search not finding a photo I know exists,Google Photos Help Community > Search & browse,"[""Product Expert: Search by year first, like \""2019\"", then scroll within that. Much faster than scrolling from today.""]","{""same_question"": 34, ""recommended_answer"": true}",google_photos_help_community,"On the web version on my laptop. Does anyone know how to find the photo of my son's vaccination card? I need it because school admission needs it. I remember it showed the dates of the last booster. All I remember visually is a pink card with stamps. I don't remember the exact words on it. Searched for ""vaccination"" and nothing came up. I ran out of ideas pretty quickly. Eventually I searched my WhatsApp chats instead. I kept retyping different searches. Never found it.",google_photos_community:syn-goo-0012
google_photos_community,syn-goo-0013,2025-10-04T06:10:24,synthetic_user_14435,True,synthetic://google_photos_community/syn-goo-0013,How can I find the picture of the medicine I took when I was sick last year when I don't remember the date?,Google Photos Help Community > Search & browse,"[""Product Expert: Check whether the photo was ever backed up. If it was from an old phone it might never have been uploaded."", ""Product Expert: Search by year first, like \""2019\"", then scroll within that. Much faster than scrolling from today.""]","{""same_question"": 78, ""recommended_answer"": false}",google_photos_help_community,"Does anyone know how to find the picture of the medicine I took when I was sick last year? I need it because I'm sick again and want the same medicine. It's a picture of a strip of tablets. It was last year, maybe during the rainy season. No idea what the thing is actually called. I searched ""fever medicine"" and got no results. Searched for ""medicine"" and nothing came up. Tried ""medicine strip orange tablets"" and nothing came up. After that I had no idea what else to try. I checked my Gmail in case I had sent it to someone. Ended up scrolling back through years of photos. Got it eventually, after about an hour. Device: Pixel 8, Android 15.",google_photos_community:syn-goo-0013
google_photos_community,syn-goo-0014,2024-10-17T05:22:49,synthetic_user_51196,True,synthetic://google_photos_community/syn-goo-0014,Help finding an old photo in my library,Google Photos Help Community > Search & browse,"[""Product Expert: Search by year first, like \""2019\"", then scroll within that. Much faster than scrolling from today.""]","{""same_question"": 73, ""recommended_answer"": false}",google_photos_help_community,"Looking for the photo of the stage when they announced the results. For context, I was holding a trophy. It had my team in it. I can't recall the name of the event. I typed ""me on stage with trophy under purple lights"" in search and got a bunch of pictures that had nothing to do with it. It doesn't understand what I'm describing at all. Ended up scrolling back through years of photos. Eventually I just gave up. Using photos.google.com on Windows.",google_photos_community:syn-goo-0014
google_photos_community,syn-goo-0015,2025-01-12T20:19:47,synthetic_user_62118,True,synthetic://google_photos_community/syn-goo-0015,How can I find a screenshot of a recipe from Instagram when I don't remember the date?,Google Photos Help Community > Search & browse,"[""Product Expert: Check whether the photo was ever backed up. If it was from an old phone it might never have been uploaded.""]","{""same_question"": 46, ""recommended_answer"": false}",google_photos_help_community,"I've been looking for a screenshot of a recipe from Instagram for days. I need it now because guests are coming this weekend. It had something with paneer and cashew paste on it. All I remember visually is a dark background with white text. I don't know what word the app would use for it. Tried ""paneer recipe screenshot"" and got no results. Searched for ""instagram screenshot"" but it just showed random photos. How do you even search for something like that? I tried the screenshots category filter as well. Still haven't found it. Device: Pixel 8, Android 15.",google_photos_community:syn-goo-0015
google_photos_community,syn-goo-0016,2025-08-20T05:06:04,synthetic_user_98055,True,synthetic://google_photos_community/syn-goo-0016,Help finding an old photo in my library,Google Photos Help Community > Search & browse,"[""Product Expert: Check whether the photo was ever backed up. If it was from an old phone it might never have been uploaded."", ""Product Expert: Ask whoever was there, someone in the group chat usually still has it.""]","{""same_question"": 1, ""recommended_answer"": true}",google_photos_help_community,"On my Samsung. I'm trying to find the photo of a plant I saw at a nursery. I need it now because I want to buy it now that I have a balcony. Timing wise it was last spring. It was taken at a nursery near my office. It's a picture of a plant with striped leaves. I don't know what it's called. Tried ""nursery"" and got a bunch of pictures that had nothing to do with it. I searched ""plant"" but it just showed random photos. I just didn't know how to describe it in a way search would get. Tried synonyms like ""leaves"" too. I found a similar one but not the exact photo I wanted. Device: iPhone 14, iOS 18.",google_photos_community:syn-goo-0016
google_photos_community,syn-goo-0017,2026-08-29T23:22:13,synthetic_user_53097,True,synthetic://google_photos_community/syn-goo-0017,Search not finding a photo I know exists,Google Photos Help Community > Search & browse,"[""Product Expert: Check whether the photo was ever backed up. If it was from an old phone it might never have been uploaded.""]","{""same_question"": 54, ""recommended_answer"": true}",google_photos_help_community,"I've been looking for the photo of the dessert we ordered at that restaurant for days. It's from my sister's birthday dinner. It was last year, maybe around October. We were at some rooftop place in Bangalore when I took it. I can picture a chocolate dome with gold stuff on top. I don't even remember what the event was called. No clue what the place was called. Tried ""chocolate dessert with gold on top"" and got thousands of results to scroll through. There are so many almost identical shots from that day that I can't tell which one it is. I went through the map view hoping to spot it. Found one that might be it, but I'm not sure it's the same one. Using photos.google.com on Windows.",google_photos_community:syn-goo-0017
google_photos_community,syn-goo-0018,2025-10-28T03:40:38,synthetic_user_65821,True,synthetic://google_photos_community/syn-goo-0018,How can I find the photo of the dessert we ordered at that restaurant when I don't remember the date?,Google Photos Help Community > Search & browse,"[""Product Expert: Ask whoever was there, someone in the group chat usually still has it."", ""Product Expert: Tip: if location history was on, try the map view and zoom into the area instead of searching the name.""]","{""same_question"": 37, ""recommended_answer"": true}",google_photos_help_community,"On the web version on my laptop. Looking for the photo of the dessert we ordered at that restaurant. I need it because I want to go back but forgot the restaurant name. It was last year, maybe around October. It had my sister in it. It was taken at some rooftop place in Bangalore. I don't even remember what the event was called. I searched ""chocolate dessert with gold on top"" and it popped up near the top. I typed ""dessert"" in search and it popped up near the top. Searched for ""bangalore october"" and there it was. In the end I texted my friend to send it again. I checked all my albums one by one. Got it eventually, after way too long. Device: Pixel 8, Android 15.",google_photos_community:syn-goo-0018
google_photos_community,syn-goo-0019,2023-05-20T10:11:55,synthetic_user_75564,True,synthetic://google_photos_community/syn-goo-0019,Unable to locate the screenshot where I had the information about that course,Google Photos Help Community > Search & browse,"[""Product Expert: Search by year first, like \""2019\"", then scroll within that. Much faster than scrolling from today.""]","{""same_question"": 22, ""recommended_answer"": false}",google_photos_help_community,"Does anyone know how to find the screenshot where I had the information about that course? I need it because the application deadline might be close. I can picture a blue banner with a university logo. I remember it showed the course fees and the deadline. For context, someone posted it on LinkedIn. Timing wise it was a few months ago. I have no idea what year it was. I searched ""screenshot linkedin"" and nothing came up. I searched ""screenshot of course details with fees"" and nothing came up. I typed ""course"" in search and nothing came up. It just doesn't show up in search even though I know it's there. Ended up scrolling back through years of photos. Got it eventually, after two evenings. Device: iPhone 14, iOS 18.",google_photos_community:syn-goo-0019
google_photos_community,syn-goo-0020,2023-07-11T12:42:15,synthetic_user_61063,True,synthetic://google_photos_community/syn-goo-0020,Help finding an old photo in my library,Google Photos Help Community > Search & browse,"[""Product Expert: Search by year first, like \""2019\"", then scroll within that. Much faster than scrolling from today.""]","{""same_question"": 23, ""recommended_answer"": false}",google_photos_help_community,"Looking for a picture of the site inspection issue. I need it now because the client is disputing the report. Timing wise it was a few months back. It's a picture of a cracked pipe fitting. We were at the client's warehouse when I took it. Not sure which month or year, honestly. No idea what the thing is actually called. Tried ""warehouse"" and nothing came up. I searched ""pipe"" and got no results. I think it's on my old phone and never got backed up. Ended up scrolling back through years of photos. I kept retyping different searches. I found a similar one but not the exact photo I wanted. Using photos.google.com on Windows.",google_photos_community:syn-goo-0020
google_photos_community,syn-goo-0021,2023-06-17T10:51:43,synthetic_user_93350,True,synthetic://google_photos_community/syn-goo-0021,Help finding an old photo in my library,Google Photos Help Community > Search & browse,"[""Product Expert: You can search text inside photos sometimes, but it only works if the words are clear in the image.""]","{""same_question"": 23, ""recommended_answer"": false}",google_photos_help_community,"My wife and I share a partner library. Does anyone know how to find the photo of my handwritten letter to myself? I need it because I'm turning 30 and wanted to read it. I can picture a cream paper with my messy handwriting. It had some goals for the next five years on it. I remember I wrote it on my 25th birthday and took a photo before sealing it. I can't recall what it said exactly. Searched for ""letter"" and got thousands of results to scroll through. I searched ""handwritten letter on cream paper"" and it gave me hundreds of photos. Searched for ""birthday"" and got thousands of results to scroll through. All the results look the same as tiny thumbnails. Ended up scrolling back through years of photos. Never found it. Using photos.google.com on Windows.",google_photos_community:syn-goo-0021
google_photos_community,syn-goo-0022,2024-08-31T05:59:25,synthetic_user_26031,True,synthetic://google_photos_community/syn-goo-0022,General question,Google Photos Help Community > Search & browse,"[""Product Expert: Ask whoever was there, someone in the group chat usually still has it."", ""Product Expert: Use the date jump on the scrollbar, drag to the year and go month by month.""]","{""same_question"": 68, ""recommended_answer"": false}",google_photos_help_community,"Honestly, Deleted photos don't free up space on the phone, confusing. Device: iPhone 14, iOS 18.",google_photos_community:syn-goo-0022
google_photos_community,syn-goo-0023,2025-01-15T00:35:22,synthetic_user_39576,True,synthetic://google_photos_community/syn-goo-0023,How can I find the picture of the wine label from our anniversary dinner when I don't remember the date?,Google Photos Help Community > Search & browse,"[""Product Expert: Ask whoever was there, someone in the group chat usually still has it."", ""Product Expert: Name the face groups. Searching a person's name works way better than describing them.""]","{""same_question"": 52, ""recommended_answer"": false}",google_photos_help_community,"I search in Photos pretty much every day. Looking for the picture of the wine label from our anniversary dinner. It was a couple of years back. I can picture a label with a drawing of a bird. I know it was at the Italian place downtown. I don't know what it's called. Tried ""wine bottle with bird drawing on label"" and got thousands of results to scroll through. I searched ""anniversary 2023"" and it gave me hundreds of photos. Searched for ""wine"" and it gave me hundreds of photos. I have hundreds of similar shots and can't tell which one it was. Ended up scrolling back through years of photos. I kept retyping different searches. I gave up on finding it. Device: iPhone 14, iOS 18.",google_photos_community:syn-goo-0023
google_photos_community,syn-goo-0024,2025-08-19T04:31:50,synthetic_user_45955,True,synthetic://google_photos_community/syn-goo-0024,Help finding an old photo in my library,Google Photos Help Community > Search & browse,"[""Product Expert: Tip: if location history was on, try the map view and zoom into the area instead of searching the name."", ""Product Expert: Check whether the photo was ever backed up. If it was from an old phone it might never have been uploaded.""]","{""same_question"": 28, ""recommended_answer"": false}",google_photos_help_community,"On photos.google.com from my PC. Does anyone know how to find the photo of the parking spot sign? I need it because I got a parking fine and need to prove where I was. It was a few weeks ago. It was taken in a multi-level parking. It had the level and bay number on it. All I remember visually is a green pillar with a letter and number. I don't remember the name of the place. I can't recall what it said exactly. Searched for ""parking pillar sign"" and nothing came up. The location data was probably off so there's nothing to go on. I even googled how to search Google Photos better. I scrolled for like 40 minutes. Still haven't found it. Using photos.google.com on Windows.",google_photos_community:syn-goo-0024
google_photos_community,syn-goo-0025,2023-07-23T04:35:58,synthetic_user_66093,True,synthetic://google_photos_community/syn-goo-0025,Help finding an old photo in my library,Google Photos Help Community > Search & browse,"[""Product Expert: Search for the thing plus the city, e.g. \""cake bangalore\"", works better than a sentence for me."", ""Product Expert: Try searching for something visible in the photo instead of what happened, like \""stage\"" or \""cake\"".""]","{""same_question"": 41, ""recommended_answer"": true}",google_photos_help_community,"Does anyone know how to find the selfie from the concert? I need it now because it's her birthday and I want to post it. It was not sure if it was the first or second day. It had my best friend in it. It was at the Coldplay concert. Not sure which month or year, honestly. Searched for ""coldplay"" and there it was. I jumped to roughly that year with the scrollbar and went month by month. In the end I texted my friend to send it again. Got it eventually, after two evenings.",google_photos_community:syn-goo-0025
google_photos_community,syn-goo-0026,2026-07-31T21:05:37,synthetic_user_13555,True,synthetic://google_photos_community/syn-goo-0026,Help finding an old photo in my library,Google Photos Help Community > Search & browse,"[""Product Expert: Search by year first, like \""2019\"", then scroll within that. Much faster than scrolling from today.""]","{""same_question"": 18, ""recommended_answer"": true}",google_photos_help_community,"I've been looking for the photo of the street where we got lost for days. I need it now because we want to frame it. It was on the third or fourth day of the trip. It's from our honeymoon. No clue what the place was called. Tried ""narrow street with yellow tiles and tram"" and got thousands of results to scroll through. All the results look the same as tiny thumbnails. I jumped to roughly that year with the scrollbar and went month by month. Eventually I just gave up.",google_photos_community:syn-goo-0026
google_photos_community,syn-goo-0027,2024-12-11T17:37:07,synthetic_user_80478,True,synthetic://google_photos_community/syn-goo-0027,Search not finding a photo I know exists,Google Photos Help Community > Search & browse,"[""Product Expert: Search by year first, like \""2019\"", then scroll within that. Much faster than scrolling from today."", ""Product Expert: If it was a screenshot, open the Screenshots category first and then scroll by month.""]","{""same_question"": 77, ""recommended_answer"": true}",google_photos_help_community,"I'm trying to find the photo from our college fest. I need it now because 10 year reunion is coming up. Timing wise it was second year, so 2014 or 2015. I can picture all of us in black t-shirts in front of a big banner. I can't recall the name of the event. I typed ""college fest"" in search and there it was. I checked all my albums one by one. Finally found it after half an hour of scrolling.",google_photos_community:syn-goo-0027
google_photos_community,syn-goo-0028,2025-06-06T16:14:38,synthetic_user_55540,True,synthetic://google_photos_community/syn-goo-0028,Unable to locate a picture of the waterfall we hiked to,Google Photos Help Community > Search & browse,"[""Product Expert: Use the date jump on the scrollbar, drag to the year and go month by month.""]","{""same_question"": 49, ""recommended_answer"": false}",google_photos_help_community,"Looking for a picture of the waterfall we hiked to. I need it now because my cousin asked for it for a reunion slideshow. It's from the Meghalaya road trip. I remember my cousins being in it. I can't recall where exactly it was. Searched for ""meghalaya 2020"" and it popped up near the top. I typed ""waterfall with people in raincoats and mist"" in search and there it was. Tried ""waterfall"" and it popped up near the top. I jumped to roughly that year with the scrollbar and went month by month. In the end I texted my friend to send it again. Finally found it after way too long. Device: iPhone 14, iOS 18.",google_photos_community:syn-goo-0028
google_photos_community,syn-goo-0029,2024-03-13T16:56:37,synthetic_user_74379,True,synthetic://google_photos_community/syn-goo-0029,Search not finding a photo I know exists,Google Photos Help Community > Search & browse,"[""Product Expert: Name the face groups. Searching a person's name works way better than describing them.""]","{""same_question"": 36, ""recommended_answer"": false}",google_photos_help_community,"Does anyone know how to find the picture of the pharmacy receipt? I need it because the insurance claim deadline is this week. It's a picture of a pharmacy bill. I remember it showed the medicine names and total. For context, I needed it for insurance reimbursement. It was around when I was sick last year. I don't remember when exactly. I don't remember the exact words on it. I typed ""receipt"" in search but it just showed random photos. I ran out of ideas pretty quickly. Eventually I searched my WhatsApp chats instead. I gave up on finding it. Device: iPhone 14, iOS 18.",google_photos_community:syn-goo-0029
google_photos_community,syn-goo-0030,2025-12-16T01:25:27,synthetic_user_44222,True,synthetic://google_photos_community/syn-goo-0030,How can I find the photo I took of my passport page when I don't remember the date?,Google Photos Help Community > Search & browse,"[""Product Expert: Search by year first, like \""2019\"", then scroll within that. Much faster than scrolling from today."", ""Product Expert: Name the face groups. Searching a person's name works way better than describing them.""]","{""same_question"": 38, ""recommended_answer"": true}",google_photos_help_community,"On photos.google.com from my PC. I'm trying to find the photo I took of my passport page. I need it because I need the number urgently for a booking. Timing wise it was two or three years ago. The photo shows my passport. I remember I took it when applying for a visa. All I remember visually is my thumb covering one corner. I don't remember the exact words on it. I don't remember when exactly. Searched for ""visa 2022"" and got no results. The text in the photo doesn't seem to be searchable. Tried synonyms like ""id"" too. Finally found it after three days.",google_photos_community:syn-goo-0030
google_photos_community,syn-goo-0031,2023-06-13T20:15:35,synthetic_user_41048,True,synthetic://google_photos_community/syn-goo-0031,How can I find an old photo when I don't remember the date?,Google Photos Help Community > Search & browse,"[""Product Expert: You can search text inside photos sometimes, but it only works if the words are clear in the image."", ""Product Expert: Ask whoever was there, someone in the group chat usually still has it.""]","{""same_question"": 63, ""recommended_answer"": false}",google_photos_help_community,Pro tip: Name the face groups. Searching a person's name works way better than describing them. Using photos.google.com on Windows.,google_photos_community:syn-goo-0031
google_photos_community,syn-goo-0032,2026-06-19T03:44:26,synthetic_user_3838,True,synthetic://google_photos_community/syn-goo-0032,How can I find an old photo when I don't remember the date?,Google Photos Help Community > Search & browse,"[""Product Expert: Try searching for something visible in the photo instead of what happened, like \""stage\"" or \""cake\"".""]","{""same_question"": 13, ""recommended_answer"": false}",google_photos_help_community,"Couldn't find the video of my dog meeting the new puppy anywhere, then realised it was on my old phone and never got backed up. Device: Pixel 8, Android 15.",google_photos_community:syn-goo-0032
google_photos_community,syn-goo-0033,2024-04-08T06:11:47,synthetic_user_11536,True,synthetic://google_photos_community/syn-goo-0033,Unable to locate an old photo,Google Photos Help Community > Search & browse,"[""Product Expert: Tip: if location history was on, try the map view and zoom into the area instead of searching the name.""]","{""same_question"": 33, ""recommended_answer"": false}",google_photos_help_community,"I remember photos by who I was with and what we were doing, not by where the GPS says I was. Device: Pixel 8, Android 15.",google_photos_community:syn-goo-0033
google_photos_community,syn-goo-0034,2024-09-15T02:43:55,synthetic_user_34567,True,synthetic://google_photos_community/syn-goo-0034,General question,Google Photos Help Community > Search & browse,"[""Product Expert: You can search text inside photos sometimes, but it only works if the words are clear in the image."", ""Product Expert: Try searching for something visible in the photo instead of what happened, like \""stage\"" or \""cake\"".""]","{""same_question"": 17, ""recommended_answer"": false}",google_photos_help_community,"The editing tools are great, the magic eraser is really good. Device: iPhone 14, iOS 18.",google_photos_community:syn-goo-0034
google_photos_community,syn-goo-0035,2024-01-20T17:45:16,synthetic_user_13701,True,synthetic://google_photos_community/syn-goo-0035,Search not finding a photo I know exists,Google Photos Help Community > Search & browse,"[""Product Expert: You can search text inside photos sometimes, but it only works if the words are clear in the image."", ""Product Expert: Ask whoever was there, someone in the group chat usually still has it.""]","{""same_question"": 19, ""recommended_answer"": false}",google_photos_help_community,"I've been looking for the photo of the menu at the street food stall for days. It was while eating chaat after the market. I remember it showed the prices and the name of the stall. I can't remember the date at all. I don't remember the exact words on it. Tried ""handwritten street food menu board"" but it just showed random photos. I searched ""menu"" and got a bunch of pictures that had nothing to do with it. It seems like search ignores half of what I type and only matches one word. Ended up scrolling back through years of photos. Never found it. Device: iPhone 14, iOS 18.",google_photos_community:syn-goo-0035
google_photos_community,syn-goo-0036,2023-11-05T14:27:06,synthetic_user_65823,True,synthetic://google_photos_community/syn-goo-0036,Unable to locate a picture of the ramen bowl from the tiny shop,Google Photos Help Community > Search & browse,"[""Product Expert: Ask whoever was there, someone in the group chat usually still has it.""]","{""same_question"": 34, ""recommended_answer"": false}",google_photos_help_community,"I've used Google Photos since it launched. I've been looking for a picture of the ramen bowl from the tiny shop for days. I remember my brother being in it. I remember a black bowl with a soft egg cut in half. I don't remember the name of the place. No idea what the thing is actually called. I searched ""ramen bowl with egg at a small shop near station"" and it popped up near the top. I jumped to roughly that year with the scrollbar and went month by month. I scrolled for like 40 minutes. Got it eventually, after two evenings. Using photos.google.com on Windows.",google_photos_community:syn-goo-0036
google_photos_community,syn-goo-0037,2024-02-02T10:42:15,synthetic_user_24831,True,synthetic://google_photos_community/syn-goo-0037,General question,Google Photos Help Community > Search & browse,"[""Product Expert: Use the date jump on the scrollbar, drag to the year and go month by month.""]","{""same_question"": 35, ""recommended_answer"": false}",google_photos_help_community,Two things. Uploading in original quality eats my data plan. Using photos.google.com on Windows.,google_photos_community:syn-goo-0037
google_photos_community,syn-goo-0038,2023-04-13T23:31:57,synthetic_user_32629,True,synthetic://google_photos_community/syn-goo-0038,Search not finding a photo I know exists,Google Photos Help Community > Search & browse,"[""Product Expert: Tip: if location history was on, try the map view and zoom into the area instead of searching the name.""]","{""same_question"": 4, ""recommended_answer"": false}",google_photos_help_community,Spent an hour looking for the photo of my son's vaccination card and it turns out I had deleted it years ago. Not the app's fault.,google_photos_community:syn-goo-0038
google_photos_community,syn-goo-0039,2023-02-12T06:27:47,synthetic_user_34581,True,synthetic://google_photos_community/syn-goo-0039,Search not finding a photo I know exists,Google Photos Help Community > Search & browse,"[""Product Expert: Use the date jump on the scrollbar, drag to the year and go month by month.""]","{""same_question"": 45, ""recommended_answer"": false}",google_photos_help_community,"Does anyone know how to find the video of my mom singing at the dinner table? I need it because I want to play it at her 60th. I remember mom laughing halfway through and the candle on the table. It had my mom in it. I don't remember when exactly. Tried ""sunday dinner"" and got thousands of results to scroll through. Tried ""video of mom singing at dinner"" and it gave me hundreds of photos. I searched ""mom singing"" and it gave me hundreds of photos. There are so many almost identical shots from that day that I can't tell which one it is. Ended up scrolling back through years of photos. I went through the face group for that person too. Never found it.",google_photos_community:syn-goo-0039
google_photos_community,syn-goo-0040,2026-08-03T00:45:16,synthetic_user_19385,True,synthetic://google_photos_community/syn-goo-0040,Search not finding a photo I know exists,Google Photos Help Community > Search & browse,"[""Product Expert: Check whether the photo was ever backed up. If it was from an old phone it might never have been uploaded.""]","{""same_question"": 63, ""recommended_answer"": true}",google_photos_help_community,"Looking for the photo of the electrician's handwritten estimate. It had the amount for rewiring on it. It's a picture of a handwritten estimate. I can't recall what it said exactly. I typed ""handwritten estimate on notebook paper"" in search and got a bunch of pictures that had nothing to do with it. I typed ""electrician"" in search and got a bunch of pictures that had nothing to do with it. I typed ""estimate"" in search and got no results. I didn't know what else to try. I kept retyping different searches. Ended up scrolling back through years of photos. Never found it. Using photos.google.com on Windows.",google_photos_community:syn-goo-0040
google_photos_community,syn-goo-0041,2024-02-27T03:15:01,synthetic_user_25407,True,synthetic://google_photos_community/syn-goo-0041,How can I find an old photo when I don't remember the date?,Google Photos Help Community > Search & browse,"[""Product Expert: Search for the thing plus the city, e.g. \""cake bangalore\"", works better than a sentence for me."", ""Product Expert: Ask whoever was there, someone in the group chat usually still has it.""]","{""same_question"": 67, ""recommended_answer"": true}",google_photos_help_community,"Didn't remember anything except blue pen on lined paper, searched for that and it showed up. Impressed. Using photos.google.com on Windows.",google_photos_community:syn-goo-0041
google_photos_community,syn-goo-0042,2024-08-02T21:35:35,synthetic_user_16178,True,synthetic://google_photos_community/syn-goo-0042,Help finding an old photo in my library,Google Photos Help Community > Search & browse,"[""Product Expert: Tip: if location history was on, try the map view and zoom into the area instead of searching the name."", ""Product Expert: Name the face groups. Searching a person's name works way better than describing them.""]","{""same_question"": 45, ""recommended_answer"": false}",google_photos_help_community,"I've been looking for the photo of my handwritten letter to myself for days. I remember it showed some goals for the next five years. For context, I wrote it on my 25th birthday and took a photo before sealing it. I remember a cream paper with my messy handwriting. I don't remember the exact words on it. Tried ""birthday"" and it popped up near the top. Tried ""letter"" and it popped up near the top. I jumped to roughly that year with the scrollbar and went month by month. I went through the map view hoping to spot it. Finally found it after two evenings.",google_photos_community:syn-goo-0042
google_photos_community,syn-goo-0043,2023-10-05T15:09:26,synthetic_user_72651,True,synthetic://google_photos_community/syn-goo-0043,Unable to locate a sunset photo from the hotel balcony,Google Photos Help Community > Search & browse,"[""Product Expert: Search by year first, like \""2019\"", then scroll within that. Much faster than scrolling from today."", ""Product Expert: You can search text inside photos sometimes, but it only works if the words are clear in the image.""]","{""same_question"": 72, ""recommended_answer"": false}",google_photos_help_community,"I've been looking for a sunset photo from the hotel balcony for days. I need it because I want to use it as a wallpaper again. It had my wife in it. It was in summer, I'm not sure which year. I have no idea what year it was. Searched for ""sunset from hotel balcony with red railing"" and got thousands of results to scroll through. I typed ""sunset"" in search and got thousands of results to scroll through. I have hundreds of similar shots and can't tell which one it was. I jumped to roughly that year with the scrollbar and went month by month. I went through the map view hoping to spot it. I found a similar one but not the exact photo I wanted. Device: Pixel 8, Android 15.",google_photos_community:syn-goo-0043
google_photos_community,syn-goo-0044,2023-01-13T16:51:01,synthetic_user_67896,True,synthetic://google_photos_community/syn-goo-0044,How can I find the photo of the whiteboard from our planning session when I don't remember the date?,Google Photos Help Community > Search & browse,"[""Product Expert: Tip: if location history was on, try the map view and zoom into the area instead of searching the name.""]","{""same_question"": 34, ""recommended_answer"": false}",google_photos_help_community,"Half my library is screenshots. I'm trying to find the photo of the whiteboard from our planning session. It had something about the launch timeline on it. I know it was in the small meeting room. I remember we photographed it after the workshop. I can't remember the date at all. I can't recall what it said exactly. Tried ""whiteboard march"" and got no results. I think it's on my old phone and never got backed up. I asked my sister if she still had it. Still haven't found it. Using photos.google.com on Windows.",google_photos_community:syn-goo-0044
google_photos_community,syn-goo-0045,2023-07-19T10:34:46,synthetic_user_74113,True,synthetic://google_photos_community/syn-goo-0045,General question,Google Photos Help Community > Search & browse,"[""Product Expert: Tip: if location history was on, try the map view and zoom into the area instead of searching the name."", ""Product Expert: Search by year first, like \""2019\"", then scroll within that. Much faster than scrolling from today.""]","{""same_question"": 74, ""recommended_answer"": false}",google_photos_help_community,Minor gripe: Shared album invite link doesn't work for my dad. Using photos.google.com on Windows.,google_photos_community:syn-goo-0045
google_photos_community,syn-goo-0046,2023-09-10T15:44:29,synthetic_user_19168,True,synthetic://google_photos_community/syn-goo-0046,Search not finding a photo I know exists,Google Photos Help Community > Search & browse,"[""Product Expert: If it was a screenshot, open the Screenshots category first and then scroll by month.""]","{""same_question"": 21, ""recommended_answer"": false}",google_photos_help_community,"On the web version on my laptop. I've been looking for the screenshot where I had the information about that course for days. I need it because the application deadline might be close. It was a few months ago. It had the course fees and the deadline on it. I remember a blue banner with a university logo. I remember someone posted it on LinkedIn. I don't remember the exact words on it. Searched for ""course"" and it gave me hundreds of photos. Searched for ""screenshot linkedin"" and it gave me hundreds of photos. I typed ""screenshot of course details with fees"" in search and got thousands of results to scroll through. All the results look the same as tiny thumbnails. I checked my Gmail in case I had sent it to someone. I found a similar one but not the exact photo I wanted.",google_photos_community:syn-goo-0046
google_photos_community,syn-goo-0047,2025-09-02T17:29:35,synthetic_user_38015,True,synthetic://google_photos_community/syn-goo-0047,How can I find an old photo when I don't remember the date?,Google Photos Help Community > Search & browse,"[""Product Expert: Check whether the photo was ever backed up. If it was from an old phone it might never have been uploaded."", ""Product Expert: You can search text inside photos sometimes, but it only works if the words are clear in the image.""]","{""same_question"": 50, ""recommended_answer"": false}",google_photos_help_community,"Something that helps: If it was a screenshot, open the Screenshots category first and then scroll by month. Device: iPhone 14, iOS 18.",google_photos_community:syn-goo-0047
google_photos_community,syn-goo-0048,2025-05-03T15:28:03,synthetic_user_19420,True,synthetic://google_photos_community/syn-goo-0048,Unable to locate an old photo,Google Photos Help Community > Search & browse,"[""Product Expert: Search by year first, like \""2019\"", then scroll within that. Much faster than scrolling from today."", ""Product Expert: Name the face groups. Searching a person's name works way better than describing them.""]","{""same_question"": 1, ""recommended_answer"": false}",google_photos_help_community,"Ask whoever was there, someone in the group chat usually still has it.",google_photos_community:syn-goo-0048
google_photos_community,syn-goo-0049,2023-03-02T05:47:43,synthetic_user_30369,True,synthetic://google_photos_community/syn-goo-0049,How can I find the photo of the view from the train window when I don't remember the date?,Google Photos Help Community > Search & browse,"[""Product Expert: Ask whoever was there, someone in the group chat usually still has it."", ""Product Expert: Check whether the photo was ever backed up. If it was from an old phone it might never have been uploaded.""]","{""same_question"": 29, ""recommended_answer"": false}",google_photos_help_community,"On my Samsung. Looking for the photo of the view from the train window. I need it now because I was telling someone about the trip and wanted to show them. It was in 2018 or 2019, can't pin it down. I remember green hills and a reflection of my face in the glass. We were on the train somewhere between two cities when I took it. It's from the Europe backpacking trip. I can't recall where exactly it was. I typed ""train 2018"" in search and got a bunch of pictures that had nothing to do with it. I searched ""view from train window with green hills"" and got no results. Searched for ""train"" and nothing came up. How do you even search for something like that? I jumped to roughly that year with the scrollbar and went month by month. I went through the map view hoping to spot it. Found one that might be it, but I'm not sure it's the same one.",google_photos_community:syn-goo-0049
google_photos_community,syn-goo-0050,2024-04-29T03:50:19,synthetic_user_22806,True,synthetic://google_photos_community/syn-goo-0050,Help finding an old photo in my library,Google Photos Help Community > Search & browse,"[""Product Expert: Tip: if location history was on, try the map view and zoom into the area instead of searching the name.""]","{""same_question"": 78, ""recommended_answer"": true}",google_photos_help_community,It would help if the app told me why a photo showed up in results. Using photos.google.com on Windows.,google_photos_community:syn-goo-0050
google_photos_community,syn-goo-0051,2025-06-23T13:37:43,synthetic_user_79499,True,synthetic://google_photos_community/syn-goo-0051,Search not finding a photo I know exists,Google Photos Help Community > Search & browse,"[""Product Expert: Search by year first, like \""2019\"", then scroll within that. Much faster than scrolling from today."", ""Product Expert: Ask whoever was there, someone in the group chat usually still has it.""]","{""same_question"": 48, ""recommended_answer"": true}",google_photos_help_community,Spent an hour looking for the photo of the view from the train window and it turns out I had deleted it years ago. Not the app's fault.,google_photos_community:syn-goo-0051
google_photos_community,syn-goo-0052,2026-02-18T05:01:11,synthetic_user_8802,True,synthetic://google_photos_community/syn-goo-0052,Help finding an old photo in my library,Google Photos Help Community > Search & browse,"[""Product Expert: Search by year first, like \""2019\"", then scroll within that. Much faster than scrolling from today."", ""Product Expert: Use the date jump on the scrollbar, drag to the year and go month by month.""]","{""same_question"": 16, ""recommended_answer"": false}",google_photos_help_community,"Looking for the photo of the rash on my arm. I need it because the rash is back and the doctor wants to compare. It was about eight months ago. I remember red patches near my elbow. I don't know what word the app would use for it. I can't remember the date at all. I searched ""red rash on arm"" and got no results. I just didn't know how to describe it in a way search would get. I scrolled for like 40 minutes. I checked my Gmail in case I had sent it to someone. Got it eventually, after three days. Using photos.google.com on Windows.",google_photos_community:syn-goo-0052
google_photos_community,syn-goo-0053,2024-04-17T01:52:27,synthetic_user_78838,True,synthetic://google_photos_community/syn-goo-0053,How can I find an old photo when I don't remember the date?,Google Photos Help Community > Search & browse,"[""Product Expert: You can search text inside photos sometimes, but it only works if the words are clear in the image.""]","{""same_question"": 32, ""recommended_answer"": false}",google_photos_help_community,"Couldn't find the group photo from the night we all stayed up on the terrace anywhere, then realised it was on my old phone and never got backed up. Device: iPhone 14, iOS 18.",google_photos_community:syn-goo-0053
google_photos_community,syn-goo-0054,2025-05-02T21:46:40,synthetic_user_96900,True,synthetic://google_photos_community/syn-goo-0054,Help finding an old photo in my library,Google Photos Help Community > Search & browse,"[""Product Expert: You can search text inside photos sometimes, but it only works if the words are clear in the image.""]","{""same_question"": 5, ""recommended_answer"": true}",google_photos_help_community,"I've been looking for the photo from the Ganpati procession for days. I know it was on the road near our society. It was at the Ganpati visarjan. I remember my neighbours being in it. I don't remember when exactly. I searched ""people covered in red colour with ganesh idol"" but it just showed random photos. I typed ""ganpati"" in search but it just showed random photos. It seems like search ignores half of what I type and only matches one word. I jumped to roughly that year with the scrollbar and went month by month. I went through the face group for that person too. Eventually I just gave up.",google_photos_community:syn-goo-0054
google_photos_community,syn-goo-0055,2025-04-25T19:31:23,synthetic_user_74455,True,synthetic://google_photos_community/syn-goo-0055,How can I find a photo of the rental agreement when I don't remember the date?,Google Photos Help Community > Search & browse,"[""Product Expert: Tip: if location history was on, try the map view and zoom into the area instead of searching the name.""]","{""same_question"": 9, ""recommended_answer"": true}",google_photos_help_community,"Looking for a photo of the rental agreement. I need it now because the landlord is refusing to return the deposit. It was when we moved into this flat, 2021 or so. I remember it showed something about the notice period. I remember stamp paper with a purple stamp. For context, the landlord only gave us one copy so I photographed every page. I can't recall what it said exactly. I searched ""agreement"" and got no results. I typed ""rent agreement document pages"" in search and got no results. I typed ""agreement 2021"" in search and got no results. The text in the photo doesn't seem to be searchable. Eventually I searched my WhatsApp chats instead. Found one that might be it, but I'm not sure it's the same one.",google_photos_community:syn-goo-0055
google_photos_community,syn-goo-0056,2023-06-10T07:24:40,synthetic_user_17974,True,synthetic://google_photos_community/syn-goo-0056,Unable to locate a picture of the site inspection issue,Google Photos Help Community > Search & browse,"[""Product Expert: Search by year first, like \""2019\"", then scroll within that. Much faster than scrolling from today.""]","{""same_question"": 47, ""recommended_answer"": false}",google_photos_help_community,"I'm trying to find a picture of the site inspection issue. I need it because the client is disputing the report. I can picture a rusty pipe with a yellow tag. For context, I took it for the report and never sent it. I don't know what it's called. I typed ""warehouse"" in search and nothing came up. I typed ""rusty pipe with yellow tag at warehouse"" in search and nothing came up. I think it's on my old phone and never got backed up. I jumped to roughly that year with the scrollbar and went month by month. Got it eventually, after half an hour of scrolling. Device: Pixel 8, Android 15.",google_photos_community:syn-goo-0056
google_photos_community,syn-goo-0057,2024-03-19T00:59:44,synthetic_user_44688,True,synthetic://google_photos_community/syn-goo-0057,Help finding an old photo in my library,Google Photos Help Community > Search & browse,"[""Product Expert: Search by year first, like \""2019\"", then scroll within that. Much faster than scrolling from today.""]","{""same_question"": 70, ""recommended_answer"": false}",google_photos_help_community,"Half my library is screenshots. I'm trying to find the screenshot of the product I wanted to buy. I need it now because there's a sale now. I remember it showed the brand name. I remember I saw it in an ad and screenshotted it. No idea what the thing is actually called. Tried ""brass lamp with curved neck"" and got a bunch of pictures that had nothing to do with it. Searched for ""lamp"" but it just showed random photos. How do you even search for something like that? I tried the screenshots category filter as well. Tried synonyms like ""light"" too. Never found it. Using photos.google.com on Windows.",google_photos_community:syn-goo-0057
google_photos_community,syn-goo-0058,2025-08-07T15:25:52,synthetic_user_75052,True,synthetic://google_photos_community/syn-goo-0058,Search not finding a photo I know exists,Google Photos Help Community > Search & browse,"[""Product Expert: Ask whoever was there, someone in the group chat usually still has it."", ""Product Expert: If it was a screenshot, open the Screenshots category first and then scroll by month.""]","{""same_question"": 16, ""recommended_answer"": false}",google_photos_help_community,"Pro tip: Search for the thing plus the city, e.g. ""cake bangalore"", works better than a sentence for me. Device: iPhone 14, iOS 18.",google_photos_community:syn-goo-0058
google_photos_community,syn-goo-0059,2024-05-26T19:45:46,synthetic_user_38774,True,synthetic://google_photos_community/syn-goo-0059,Help finding an old photo in my library,Google Photos Help Community > Search & browse,"[""Product Expert: Use the date jump on the scrollbar, drag to the year and go month by month.""]","{""same_question"": 35, ""recommended_answer"": false}",google_photos_help_community,"Honestly search is amazing. I typed ""selfie at concert with confetti"" and it found the selfie from the concert in seconds. Device: iPhone 14, iOS 18.",google_photos_community:syn-goo-0059
google_photos_community,syn-goo-0060,2025-06-20T21:06:47,synthetic_user_41593,True,synthetic://google_photos_community/syn-goo-0060,Search not finding a photo I know exists,Google Photos Help Community > Search & browse,"[""Product Expert: You can search text inside photos sometimes, but it only works if the words are clear in the image.""]","{""same_question"": 32, ""recommended_answer"": true}",google_photos_help_community,"Does anyone know how to find the picture of the medicine I took when I was sick last year? I need it because I'm sick again and want the same medicine. Timing wise it was last year, maybe during the rainy season. I remember the doctor prescribed it when I had that bad fever. I don't know what it's called. I can't recall what it said exactly. Tried ""fever medicine"" and got no results. I typed ""medicine strip orange tablets"" in search and got no results. Tried ""medicine"" and nothing came up. The photo is definitely in my library but search never shows it. Ended up scrolling back through years of photos. Still haven't found it.",google_photos_community:syn-goo-0060
google_photos_community,syn-goo-0061,2026-06-01T07:41:59,synthetic_user_41039,True,synthetic://google_photos_community/syn-goo-0061,Search not finding a photo I know exists,Google Photos Help Community > Search & browse,"[""Product Expert: Use the date jump on the scrollbar, drag to the year and go month by month."", ""Product Expert: Tip: if location history was on, try the map view and zoom into the area instead of searching the name.""]","{""same_question"": 19, ""recommended_answer"": false}",google_photos_help_community,"I've been looking for a photo of the bookshelf I wanted to build for days. I need it now because the carpenter is coming tomorrow. It had my friend in it. It's a picture of a wall shelf. It was sometime last year. For context, I saw it at a friend's house. I don't remember when exactly. I typed ""hexagon wooden wall shelf"" in search and there it was. Tried ""shelf"" and it popped up near the top. I jumped to roughly that year with the scrollbar and went month by month. Finally found it after about an hour. Device: iPhone 14, iOS 18.",google_photos_community:syn-goo-0061
google_photos_community,syn-goo-0062,2025-07-08T15:14:59,synthetic_user_30115,True,synthetic://google_photos_community/syn-goo-0062,Search not finding a photo I know exists,Google Photos Help Community > Search & browse,"[""Product Expert: Use the date jump on the scrollbar, drag to the year and go month by month."", ""Product Expert: Try searching for something visible in the photo instead of what happened, like \""stage\"" or \""cake\"".""]","{""same_question"": 77, ""recommended_answer"": true}",google_photos_help_community,"Does anyone know how to find the video of my dog meeting the new puppy? I need it now because our old dog passed away last week. I remember our old dog being in it. Timing wise it was right after we adopted the puppy, 2020. I can't remember the date at all. I searched ""dog video"" and it gave me hundreds of photos. Searched for ""video of old dog meeting new puppy"" and got thousands of results to scroll through. There are so many almost identical shots from that day that I can't tell which one it is. Tried synonyms like ""puppy"" too. I scrolled for like 40 minutes. Eventually I just gave up. Device: Pixel 8, Android 15.",google_photos_community:syn-goo-0062
google_photos_community,syn-goo-0063,2024-12-26T04:38:25,synthetic_user_52732,True,synthetic://google_photos_community/syn-goo-0063,Unable to locate the selfie from the concert,Google Photos Help Community > Search & browse,"[""Product Expert: Check whether the photo was ever backed up. If it was from an old phone it might never have been uploaded.""]","{""same_question"": 43, ""recommended_answer"": false}",google_photos_help_community,"Looking for the selfie from the concert. It was at the Coldplay concert. It was not sure if it was the first or second day. I have no idea what year it was. Tried ""selfie at concert with confetti"" and nothing came up. I searched ""coldplay"" and nothing came up. It came from my old phone and I'm not sure it ever got backed up. I went through the face group for that person too. I gave up on finding it. Device: Pixel 8, Android 15.",google_photos_community:syn-goo-0063
google_photos_community,syn-goo-0064,2024-10-23T13:59:00,synthetic_user_41756,True,synthetic://google_photos_community/syn-goo-0064,Search not finding a photo I know exists,Google Photos Help Community > Search & browse,"[""Product Expert: If it was a screenshot, open the Screenshots category first and then scroll by month.""]","{""same_question"": 55, ""recommended_answer"": false}",google_photos_help_community,"Looking for the picture of the medicine I took when I was sick last year. I need it because I'm sick again and want the same medicine. It was last year, maybe during the rainy season. It had the medicine name on it. I don't remember when exactly. I can't recall what it said exactly. I typed ""medicine strip orange tablets"" in search and nothing came up. I typed ""fever medicine"" in search and got no results. It just doesn't show up in search even though I know it's there. I checked my Gmail in case I had sent it to someone. I gave up on finding it. Device: Pixel 8, Android 15.",google_photos_community:syn-goo-0064
google_photos_community,syn-goo-0065,2023-02-22T13:27:16,synthetic_user_26626,True,synthetic://google_photos_community/syn-goo-0065,Help finding an old photo in my library,Google Photos Help Community > Search & browse,"[""Product Expert: Search for the thing plus the city, e.g. \""cake bangalore\"", works better than a sentence for me."", ""Product Expert: Try searching for something visible in the photo instead of what happened, like \""stage\"" or \""cake\"".""]","{""same_question"": 58, ""recommended_answer"": true}",google_photos_help_community,"On my Samsung. Does anyone know how to find the picture of the pharmacy receipt? It was around when I was sick last year. I remember I needed it for insurance reimbursement. I can't recall what it said exactly. Tried ""receipt"" but it just showed random photos. How do you even search for something like that? I kept retyping different searches. Still haven't found it. Device: iPhone 14, iOS 18.",google_photos_community:syn-goo-0065
google_photos_community,syn-goo-0066,2025-09-19T06:48:44,synthetic_user_96149,True,synthetic://google_photos_community/syn-goo-0066,Unable to locate the photo of the dessert we ordered at that restaurant,Google Photos Help Community > Search & browse,"[""Product Expert: If it was a screenshot, open the Screenshots category first and then scroll by month.""]","{""same_question"": 11, ""recommended_answer"": false}",google_photos_help_community,"I search in Photos pretty much every day. Looking for the photo of the dessert we ordered at that restaurant. I need it now because I want to go back but forgot the restaurant name. I remember a chocolate dome with gold stuff on top. Timing wise it was last year, maybe around October. It's from my sister's birthday dinner. I can't recall where exactly it was. Searched for ""bangalore october"" but it just showed random photos. Tried ""dessert"" and nothing came up. Tried ""chocolate dessert with gold on top"" but it just showed random photos. How do you even search for something like that? I even googled how to search Google Photos better. I scrolled for like 40 minutes. Found one that might be it, but I'm not sure it's the same one. Using photos.google.com on Windows.",google_photos_community:syn-goo-0066
google_photos_community,syn-goo-0067,2024-10-28T09:00:26,synthetic_user_86824,True,synthetic://google_photos_community/syn-goo-0067,How can I find the picture of the dent on my car when I don't remember the date?,Google Photos Help Community > Search & browse,"[""Product Expert: Ask whoever was there, someone in the group chat usually still has it.""]","{""same_question"": 40, ""recommended_answer"": false}",google_photos_help_community,"Half my library is screenshots. I've been looking for the picture of the dent on my car for days. I need it because the insurance surveyor wants the original photo. The photo shows a dent on the car door. I can picture a scratch on the silver door near the handle. I can't remember the date at all. Searched for ""car"" and got no results. Searched for ""dent on silver car door"" and got no results. I just didn't know how to describe it in a way search would get. I scrolled for like 40 minutes. Never found it. Using photos.google.com on Windows.",google_photos_community:syn-goo-0067
google_photos_community,syn-goo-0068,2026-06-04T12:00:12,synthetic_user_16936,True,synthetic://google_photos_community/syn-goo-0068,How can I find a shot of the fireworks at the new year party when I don't remember the date?,Google Photos Help Community > Search & browse,"[""Product Expert: Search by year first, like \""2019\"", then scroll within that. Much faster than scrolling from today."", ""Product Expert: Check whether the photo was ever backed up. If it was from an old phone it might never have been uploaded.""]","{""same_question"": 45, ""recommended_answer"": false}",google_photos_help_community,"I'm trying to find a shot of the fireworks at the new year party. I need it now because I wanted to post a throwback. It had a bunch of friends in it. Timing wise it was one of the new years, 2019 or 2020. For context, it was just before midnight. I can picture green fireworks over a swimming pool. Not sure which month or year, honestly. I typed ""green fireworks over pool"" in search and got a bunch of pictures that had nothing to do with it. I typed ""31 december"" in search but it just showed random photos. It took ""fireworks"" literally and ignored everything else. Ended up scrolling back through years of photos. I jumped to roughly that year with the scrollbar and went month by month. Finally found it after three days.",google_photos_community:syn-goo-0068
google_photos_community,syn-goo-0069,2024-07-06T03:05:30,synthetic_user_10030,True,synthetic://google_photos_community/syn-goo-0069,Help finding an old photo in my library,Google Photos Help Community > Search & browse,"[""Product Expert: Tip: if location history was on, try the map view and zoom into the area instead of searching the name.""]","{""same_question"": 69, ""recommended_answer"": false}",google_photos_help_community,"Does anyone know how to find the photo of the bill I took sometime last summer? I need it because a friend still hasn't paid me back and disputes the amount. All I remember visually is a long crumpled receipt. It was sometime last summer. It had the total and the GST number on it. It's a picture of a restaurant bill. I don't remember the exact words on it. Tried ""bill"" and got no results. I searched ""restaurant bill split between friends"" and nothing came up. I searched ""june bill"" and got no results. The text on the bill isn't searchable as far as I can tell. I kept retyping different searches. I found a similar one but not the exact photo I wanted.",google_photos_community:syn-goo-0069
google_photos_community,syn-goo-0070,2024-02-02T22:03:09,synthetic_user_40919,True,synthetic://google_photos_community/syn-goo-0070,Help finding an old photo in my library,Google Photos Help Community > Search & browse,"[""Product Expert: You can search text inside photos sometimes, but it only works if the words are clear in the image.""]","{""same_question"": 35, ""recommended_answer"": false}",google_photos_help_community,"Couldn't find a photo of the biryani my grandmother made anywhere, then realised it was on my old phone and never got backed up. Device: iPhone 14, iOS 18.",google_photos_community:syn-goo-0070
google_photos_community,syn-goo-0071,2025-09-30T21:36:19,synthetic_user_32763,True,synthetic://google_photos_community/syn-goo-0071,Search not finding a photo I know exists,Google Photos Help Community > Search & browse,"[""Product Expert: Use the date jump on the scrollbar, drag to the year and go month by month."", ""Product Expert: Ask whoever was there, someone in the group chat usually still has it.""]","{""same_question"": 66, ""recommended_answer"": false}",google_photos_help_community,"Looking for a photo of the biryani my grandmother made. I need it now because she passed away and I really want that picture. All I remember visually is a huge copper pot and her hands in the shot. It had my grandmother in it. Honestly it means a lot to me. I have no idea what year it was. Tried ""biryani"" and got thousands of results to scroll through. Searched for ""eid 2021"" and it gave me hundreds of photos. I have hundreds of similar shots and can't tell which one it was. I jumped to roughly that year with the scrollbar and went month by month. I went through the map view hoping to spot it. Found one that might be it, but I'm not sure it's the same one.",google_photos_community:syn-goo-0071
google_photos_community,syn-goo-0072,2025-10-07T09:10:33,synthetic_user_53983,True,synthetic://google_photos_community/syn-goo-0072,Unable to locate an old photo,Google Photos Help Community > Search & browse,"[""Product Expert: Tip: if location history was on, try the map view and zoom into the area instead of searching the name.""]","{""same_question"": 41, ""recommended_answer"": false}",google_photos_help_community,"Spent an hour looking for the photo of the warranty card for the washing machine and it turns out I had deleted it years ago. Not the app's fault. Device: iPhone 14, iOS 18.",google_photos_community:syn-goo-0072
google_photos_community,syn-goo-0073,2024-03-04T20:28:36,synthetic_user_64058,True,synthetic://google_photos_community/syn-goo-0073,Unable to locate an old photo,Google Photos Help Community > Search & browse,"[""Product Expert: Check whether the photo was ever backed up. If it was from an old phone it might never have been uploaded.""]","{""same_question"": 59, ""recommended_answer"": false}",google_photos_help_community,"Couldn't find the photo of the bill I took sometime last summer anywhere, then realised it was on my old phone and never got backed up. Using photos.google.com on Windows.",google_photos_community:syn-goo-0073
google_photos_community,syn-goo-0074,2026-05-23T09:08:50,synthetic_user_61880,True,synthetic://google_photos_community/syn-goo-0074,Search not finding a photo I know exists,Google Photos Help Community > Search & browse,"[""Product Expert: Try searching for something visible in the photo instead of what happened, like \""stage\"" or \""cake\""."", ""Product Expert: Use the date jump on the scrollbar, drag to the year and go month by month.""]","{""same_question"": 67, ""recommended_answer"": false}",google_photos_help_community,"I've used Google Photos since it launched. I've been looking for the photo I took of my passport page for days. I need it now because I need the number urgently for a booking. It had the passport number and expiry date on it. The photo shows my passport. Not sure which month or year, honestly. I don't remember the exact words on it. I typed ""passport"" in search and it popped up near the top. I typed ""photo of passport page"" in search and there it was. Eventually I searched my WhatsApp chats instead. Got it eventually, after three days. Using photos.google.com on Windows.",google_photos_community:syn-goo-0074
google_photos_community,syn-goo-0075,2023-11-09T03:44:57,synthetic_user_95768,True,synthetic://google_photos_community/syn-goo-0075,Unable to locate the photo of my car's insurance papers,Google Photos Help Community > Search & browse,"[""Product Expert: You can search text inside photos sometimes, but it only works if the words are clear in the image.""]","{""same_question"": 72, ""recommended_answer"": true}",google_photos_help_community,"I've been looking for the photo of my car's insurance papers for days. I need it because I had an accident and need the policy number. All I remember visually is a folded paper on the dashboard. For context, I took it in the car when the traffic police stopped me once. It had the policy number on it. I have no idea what year it was. I searched ""insurance"" and nothing came up. I typed ""insurance"" in search and got no results. The text in the photo doesn't seem to be searchable. I checked my Gmail in case I had sent it to someone. Tried synonyms like ""policy"" too. Still haven't found it. Device: Pixel 8, Android 15.",google_photos_community:syn-goo-0075
google_photos_community,syn-goo-0076,2026-08-13T13:56:33,synthetic_user_43274,True,synthetic://google_photos_community/syn-goo-0076,Help finding an old photo in my library,Google Photos Help Community > Search & browse,"[""Product Expert: Try searching for something visible in the photo instead of what happened, like \""stage\"" or \""cake\"".""]","{""same_question"": 0, ""recommended_answer"": false}",google_photos_help_community,"Something that helps: Use the date jump on the scrollbar, drag to the year and go month by month. Device: iPhone 14, iOS 18.",google_photos_community:syn-goo-0076
google_photos_community,syn-goo-0077,2026-02-21T16:04:47,synthetic_user_64237,True,synthetic://google_photos_community/syn-goo-0077,How can I find the video of my dog meeting the new puppy when I don't remember the date?,Google Photos Help Community > Search & browse,"[""Product Expert: Check whether the photo was ever backed up. If it was from an old phone it might never have been uploaded."", ""Product Expert: Try searching for something visible in the photo instead of what happened, like \""stage\"" or \""cake\"".""]","{""same_question"": 3, ""recommended_answer"": false}",google_photos_help_community,"I've been looking for the video of my dog meeting the new puppy for days. I need it now because our old dog passed away last week. It had our old dog in it. It's the funniest thing. It was taken in our backyard. Timing wise it was right after we adopted the puppy, 2020. Not sure which month or year, honestly. I typed ""2020 video"" in search and it popped up near the top. I searched ""video of old dog meeting new puppy"" and there it was. Gave up for the day and tried again the next week. Finally found it after way too long. Device: iPhone 14, iOS 18.",google_photos_community:syn-goo-0077
google_photos_community,syn-goo-0078,2023-03-01T22:18:56,synthetic_user_93495,True,synthetic://google_photos_community/syn-goo-0078,Search not finding a photo I know exists,Google Photos Help Community > Search & browse,"[""Product Expert: Search by year first, like \""2019\"", then scroll within that. Much faster than scrolling from today.""]","{""same_question"": 53, ""recommended_answer"": false}",google_photos_help_community,"On my iPhone. Does anyone know how to find the picture of the dent on my car? I need it now because the insurance surveyor wants the original photo. For context, a scooter hit my car in the parking lot. It's a picture of a dent on the car door. Timing wise it was maybe 6 months ago. I have no idea what year it was. I typed ""dent on silver car door"" in search and it popped up near the top. I searched ""car dent"" and it popped up near the top. Searched for ""car"" and it popped up near the top. I kept retyping different searches. Finally found it after half an hour of scrolling. Device: Pixel 8, Android 15.",google_photos_community:syn-goo-0078
google_photos_community,syn-goo-0079,2024-12-19T04:17:09,synthetic_user_44754,True,synthetic://google_photos_community/syn-goo-0079,How can I find the picture of the wine label from our anniversary dinner when I don't remember the date?,Google Photos Help Community > Search & browse,"[""Product Expert: Search by year first, like \""2019\"", then scroll within that. Much faster than scrolling from today."", ""Product Expert: Use the date jump on the scrollbar, drag to the year and go month by month.""]","{""same_question"": 11, ""recommended_answer"": true}",google_photos_help_community,"Looking for the picture of the wine label from our anniversary dinner. We were at the Italian place downtown when I took it. It had my partner in it. It was a couple of years back. It was taken on our 5th anniversary. No idea what the thing is actually called. Tried ""anniversary 2023"" and got a bunch of pictures that had nothing to do with it. Tried ""wine"" and got a bunch of pictures that had nothing to do with it. I typed ""wine bottle with bird drawing on label"" in search but it just showed random photos. How do you even search for something like that? Ended up scrolling back through years of photos. I went through the map view hoping to spot it. Never found it. Using photos.google.com on Windows.",google_photos_community:syn-goo-0079
google_photos_community,syn-goo-0080,2023-03-17T21:18:26,synthetic_user_50551,True,synthetic://google_photos_community/syn-goo-0080,Search not finding a photo I know exists,Google Photos Help Community > Search & browse,"[""Product Expert: Check whether the photo was ever backed up. If it was from an old phone it might never have been uploaded."", ""Product Expert: You can search text inside photos sometimes, but it only works if the words are clear in the image.""]","{""same_question"": 26, ""recommended_answer"": false}",google_photos_help_community,"On my iPhone. Does anyone know how to find a sunset photo from the hotel balcony? I need it now because I want to use it as a wallpaper again. It was taken at the hotel near the lake. This was during that Switzerland trip. It was in summer, I'm not sure which year. It had my wife in it. I can't recall where exactly it was. I can't remember the date at all. Tried ""sunset from hotel balcony with red railing"" and got no results. It just doesn't show up in search even though I know it's there. I jumped to roughly that year with the scrollbar and went month by month. I scrolled for like 40 minutes. Found one that might be it, but I'm not sure it's the same one. Device: Pixel 8, Android 15.",google_photos_community:syn-goo-0080
google_photos_community,syn-goo-0081,2024-07-04T03:18:15,synthetic_user_67275,True,synthetic://google_photos_community/syn-goo-0081,Unable to locate an old photo,Google Photos Help Community > Search & browse,"[""Product Expert: Ask whoever was there, someone in the group chat usually still has it.""]","{""same_question"": 33, ""recommended_answer"": true}",google_photos_help_community,"Something that helps: Search for the thing plus the city, e.g. ""cake bangalore"", works better than a sentence for me. Device: Pixel 8, Android 15.",google_photos_community:syn-goo-0081
google_photos_community,syn-goo-0082,2024-05-13T09:11:45,synthetic_user_94813,True,synthetic://google_photos_community/syn-goo-0082,Unable to locate a picture of the ramen bowl from the tiny shop,Google Photos Help Community > Search & browse,"[""Product Expert: Name the face groups. Searching a person's name works way better than describing them."", ""Product Expert: You can search text inside photos sometimes, but it only works if the words are clear in the image.""]","{""same_question"": 5, ""recommended_answer"": false}",google_photos_help_community,"I moved all my old phone photos in years ago. Does anyone know how to find a picture of the ramen bowl from the tiny shop? It's from the Japan trip. I remember a black bowl with a soft egg cut in half. It had my brother in it. No idea what the thing is actually called. I can't recall where exactly it was. I typed ""tokyo april 2023"" in search and got no results. Searched for ""ramen"" and nothing came up. After that I had no idea what else to try. I went through the map view hoping to spot it. I kept retyping different searches. I gave up on finding it. Device: iPhone 14, iOS 18.",google_photos_community:syn-goo-0082
google_photos_community,syn-goo-0083,2024-09-21T02:55:34,synthetic_user_24195,True,synthetic://google_photos_community/syn-goo-0083,Search not finding a photo I know exists,Google Photos Help Community > Search & browse,"[""Product Expert: Search by year first, like \""2019\"", then scroll within that. Much faster than scrolling from today."", ""Product Expert: If it was a screenshot, open the Screenshots category first and then scroll by month.""]","{""same_question"": 19, ""recommended_answer"": false}",google_photos_help_community,"Looking for the class photo from school farewell. It was 2010, I think. It's a photo of a printed photo my classmate sent. The photo probably has no proper date on it. I have no idea what year it was. Tried ""class photo on school steps sarees suits"" and it popped up near the top. I jumped to roughly that year with the scrollbar and went month by month. I kept retyping different searches. Finally found it after half an hour of scrolling. Device: Pixel 8, Android 15.",google_photos_community:syn-goo-0083
google_photos_community,syn-goo-0084,2025-09-04T05:48:03,synthetic_user_45182,True,synthetic://google_photos_community/syn-goo-0084,Help finding an old photo in my library,Google Photos Help Community > Search & browse,"[""Product Expert: If it was a screenshot, open the Screenshots category first and then scroll by month."", ""Product Expert: Ask whoever was there, someone in the group chat usually still has it.""]","{""same_question"": 48, ""recommended_answer"": false}",google_photos_help_community,Spent an hour looking for a photo of the bookshelf I wanted to build and it turns out I had deleted it years ago. Not the app's fault.,google_photos_community:syn-goo-0084
google_photos_community,syn-goo-0085,2023-09-21T11:35:27,synthetic_user_17501,True,synthetic://google_photos_community/syn-goo-0085,Unable to locate an old photo,Google Photos Help Community > Search & browse,"[""Product Expert: Name the face groups. Searching a person's name works way better than describing them."", ""Product Expert: Use the date jump on the scrollbar, drag to the year and go month by month.""]","{""same_question"": 68, ""recommended_answer"": true}",google_photos_help_community,Found the screenshot where I had the information about that course by searching the person's face and then scrolling a bit. Took two minutes. Using photos.google.com on Windows.,google_photos_community:syn-goo-0085
google_photos_community,syn-goo-0086,2025-11-25T03:52:30,synthetic_user_60938,True,synthetic://google_photos_community/syn-goo-0086,Unable to locate the picture of my college marksheet,Google Photos Help Community > Search & browse,"[""Product Expert: Name the face groups. Searching a person's name works way better than describing them.""]","{""same_question"": 1, ""recommended_answer"": true}",google_photos_help_community,"I take a ridiculous number of screenshots. Looking for the picture of my college marksheet. I need it because background verification asked for it. I remember a certificate with a blue border. I remember I sent it to some HR at some point. No idea what to search for really. Tried ""marksheet"" and got no results. I typed ""college marksheet with blue border"" in search and got a bunch of pictures that had nothing to do with it. I know exactly what it looks like but can't put it into search words. I checked my Gmail in case I had sent it to someone. Tried synonyms like ""certificate"" too. Still haven't found it.",google_photos_community:syn-goo-0086
google_photos_community,syn-goo-0087,2023-04-10T16:55:17,synthetic_user_36924,True,synthetic://google_photos_community/syn-goo-0087,How can I find a photo of the biryani my grandmother made when I don't remember the date?,Google Photos Help Community > Search & browse,"[""Product Expert: Ask whoever was there, someone in the group chat usually still has it."", ""Product Expert: Check whether the photo was ever backed up. If it was from an old phone it might never have been uploaded.""]","{""same_question"": 6, ""recommended_answer"": false}",google_photos_help_community,"I moved all my old phone photos in years ago. I've been looking for a photo of the biryani my grandmother made for days. I need it now because she passed away and I really want that picture. Honestly it means a lot to me. All I remember visually is a huge copper pot and her hands in the shot. I know it was at my grandmother's house. I have no idea what year it was. I searched ""grandma serving biryani from a copper pot"" but it just showed random photos. It seems like search ignores half of what I type and only matches one word. Gave up for the day and tried again the next week. I checked all my albums one by one. Never found it.",google_photos_community:syn-goo-0087
google_photos_community,syn-goo-0088,2023-06-11T12:17:52,synthetic_user_83458,True,synthetic://google_photos_community/syn-goo-0088,Help finding an old photo in my library,Google Photos Help Community > Search & browse,"[""Product Expert: Tip: if location history was on, try the map view and zoom into the area instead of searching the name."", ""Product Expert: Try searching for something visible in the photo instead of what happened, like \""stage\"" or \""cake\"".""]","{""same_question"": 32, ""recommended_answer"": false}",google_photos_help_community,"I've got about 90k photos and videos. I'm trying to find the screenshot of a chat where my landlord agreed to the repair. I need it now because he's now saying he never agreed. It was sometime last spring. I remember I screenshotted the WhatsApp chat as proof. I remember my landlord being in it. I don't remember the exact words on it. I can't remember the date at all. I typed ""whatsapp"" in search and got no results. Searched for ""screenshot of chat with landlord about repair"" and nothing came up. I typed ""chat screenshot"" in search and got no results. Text inside screenshots doesn't seem to be searchable. I tried the screenshots category filter as well. Never found it. Device: iPhone 14, iOS 18.",google_photos_community:syn-goo-0088
google_photos_community,syn-goo-0089,2026-06-06T10:28:46,synthetic_user_95441,True,synthetic://google_photos_community/syn-goo-0089,Help finding an old photo in my library,Google Photos Help Community > Search & browse,"[""Product Expert: Search for the thing plus the city, e.g. \""cake bangalore\"", works better than a sentence for me."", ""Product Expert: Name the face groups. Searching a person's name works way better than describing them.""]","{""same_question"": 60, ""recommended_answer"": false}",google_photos_help_community,"Looking for the screenshot of the product I wanted to buy. The photo shows a lamp. I can picture a brass lamp with a curved neck. It was a couple of months ago. I can't recall what it said exactly. I don't know what it's called. I searched ""brass lamp with curved neck"" and got no results. I searched ""lamp"" and got a bunch of pictures that had nothing to do with it. I typed ""screenshot lamp"" in search and got a bunch of pictures that had nothing to do with it. I know exactly what it looks like but can't put it into search words. I tried the screenshots category filter as well. Ended up scrolling back through years of photos. Eventually I just gave up. Using photos.google.com on Windows.",google_photos_community:syn-goo-0089
google_photos_community,syn-goo-0090,2024-12-10T16:10:46,synthetic_user_19893,True,synthetic://google_photos_community/syn-goo-0090,Help finding an old photo in my library,Google Photos Help Community > Search & browse,"[""Product Expert: Search for the thing plus the city, e.g. \""cake bangalore\"", works better than a sentence for me.""]","{""same_question"": 21, ""recommended_answer"": false}",google_photos_help_community,"Couldn't find a sunset photo from the hotel balcony anywhere, then realised it was on my old phone and never got backed up. Using photos.google.com on Windows.",google_photos_community:syn-goo-0090
google_photos_community,syn-goo-0091,2024-12-21T07:55:41,synthetic_user_54811,True,synthetic://google_photos_community/syn-goo-0091,Unable to locate the group photo from the night we all stayed up on the terrace,Google Photos Help Community > Search & browse,"[""Product Expert: Search by year first, like \""2019\"", then scroll within that. Much faster than scrolling from today."", ""Product Expert: Check whether the photo was ever backed up. If it was from an old phone it might never have been uploaded.""]","{""same_question"": 64, ""recommended_answer"": false}",google_photos_help_community,"I use search a lot for work stuff. I've been looking for the group photo from the night we all stayed up on the terrace for days. I need it because one of them is getting married and we're making a video. For context, it was the night before someone moved abroad. We were on my friend's terrace when I took it. I can picture fairy lights and everyone squinting because of the flash. It had the whole hostel gang in it. I have no idea what year it was. I don't remember the person's name. Tried ""2016 night"" and got no results. I searched ""friends on terrace at night with fairy lights"" and got no results. Tried ""terrace"" and nothing came up. I think it's in my partner's library, not mine. I jumped to roughly that year with the scrollbar and went month by month. I gave up on finding it. Device: iPhone 14, iOS 18.",google_photos_community:syn-goo-0091
google_photos_community,syn-goo-0092,2023-02-16T21:53:39,synthetic_user_85736,True,synthetic://google_photos_community/syn-goo-0092,Search not finding a photo I know exists,Google Photos Help Community > Search & browse,"[""Product Expert: Ask whoever was there, someone in the group chat usually still has it.""]","{""same_question"": 47, ""recommended_answer"": false}",google_photos_help_community,"I've been looking for the photo of us dancing at the sangeet for days. I need it because I wanted it for our first anniversary post. Timing wise it was the night before our wedding. All I remember visually is a disco ball and me in a pink lehenga. It had my husband and his cousins in it. I don't remember which album it went into. Tried ""dance"" and it gave me hundreds of photos. I searched ""sangeet"" and got thousands of results to scroll through. I have hundreds of similar shots and can't tell which one it was. I asked my sister if she still had it. Still haven't found it. Using photos.google.com on Windows.",google_photos_community:syn-goo-0092
google_photos_community,syn-goo-0093,2024-02-14T11:45:00,synthetic_user_17386,True,synthetic://google_photos_community/syn-goo-0093,General question,Google Photos Help Community > Search & browse,"[""Product Expert: Tip: if location history was on, try the map view and zoom into the area instead of searching the name.""]","{""same_question"": 26, ""recommended_answer"": false}",google_photos_help_community,"Two things. App keeps crashing when I open a large video. Device: iPhone 14, iOS 18.",google_photos_community:syn-goo-0093
google_photos_community,syn-goo-0094,2023-08-01T05:18:54,synthetic_user_34406,True,synthetic://google_photos_community/syn-goo-0094,Search not finding a photo I know exists,Google Photos Help Community > Search & browse,"[""Product Expert: Name the face groups. Searching a person's name works way better than describing them."", ""Product Expert: Check whether the photo was ever backed up. If it was from an old phone it might never have been uploaded.""]","{""same_question"": 18, ""recommended_answer"": false}",google_photos_help_community,"I've used Google Photos since it launched. I'm trying to find the photo of the team at the offsite. I need it now because a colleague is leaving and we're making a card. All I remember visually is everyone in matching t-shirts by a pool. It's from the team offsite. I know it was at a resort outside the city. It was before I switched jobs, 2021 maybe. Not sure which month or year, honestly. Searched for ""offsite 2021"" and got no results. I typed ""team"" in search and got no results. I didn't know what else to try. I jumped to roughly that year with the scrollbar and went month by month. I found a similar one but not the exact photo I wanted.",google_photos_community:syn-goo-0094
google_photos_community,syn-goo-0095,2024-06-25T03:32:10,synthetic_user_43257,True,synthetic://google_photos_community/syn-goo-0095,Help finding an old photo in my library,Google Photos Help Community > Search & browse,"[""Product Expert: If it was a screenshot, open the Screenshots category first and then scroll by month."", ""Product Expert: You can search text inside photos sometimes, but it only works if the words are clear in the image.""]","{""same_question"": 43, ""recommended_answer"": true}",google_photos_help_community,"From experience, If it was a screenshot, open the Screenshots category first and then scroll by month.",google_photos_community:syn-goo-0095
google_photos_community,syn-goo-0096,2023-12-15T12:31:56,synthetic_user_84390,True,synthetic://google_photos_community/syn-goo-0096,Unable to locate a picture of the site inspection issue,Google Photos Help Community > Search & browse,"[""Product Expert: Name the face groups. Searching a person's name works way better than describing them."", ""Product Expert: Ask whoever was there, someone in the group chat usually still has it.""]","{""same_question"": 21, ""recommended_answer"": false}",google_photos_help_community,"Does anyone know how to find a picture of the site inspection issue? I need it now because the client is disputing the report. All I remember visually is a rusty pipe with a yellow tag. I remember I took it for the report and never sent it. Timing wise it was a few months back. I know it was at the client's warehouse. Not sure which month or year, honestly. I typed ""rusty pipe with yellow tag at warehouse"" in search and got a bunch of pictures that had nothing to do with it. Tried ""pipe"" and nothing came up. I typed ""warehouse"" in search but it just showed random photos. How do you even search for something like that? I jumped to roughly that year with the scrollbar and went month by month. Never found it. Device: Pixel 8, Android 15.",google_photos_community:syn-goo-0096
google_photos_community,syn-goo-0097,2025-07-23T06:27:36,synthetic_user_5273,True,synthetic://google_photos_community/syn-goo-0097,Unable to locate the photo of my son's vaccination card,Google Photos Help Community > Search & browse,"[""Product Expert: If it was a screenshot, open the Screenshots category first and then scroll by month.""]","{""same_question"": 8, ""recommended_answer"": false}",google_photos_help_community,"I'm trying to find the photo of my son's vaccination card. I need it now because school admission needs it. The photo shows the vaccination card. For context, the doctor asked us to keep a copy. All I remember visually is a pink card with stamps. I don't know what it's called. I searched ""vaccine"" and got no results. I typed ""vaccination"" in search and nothing came up. I searched ""baby vaccination card pink"" and nothing came up. The text in the photo doesn't seem to be searchable. I scrolled for like 40 minutes. Eventually I searched my WhatsApp chats instead. Finally found it after two evenings. Device: iPhone 14, iOS 18.",google_photos_community:syn-goo-0097
google_photos_community,syn-goo-0098,2026-04-21T23:07:01,synthetic_user_80532,True,synthetic://google_photos_community/syn-goo-0098,How can I find the photo of the menu at the street food stall when I don't remember the date?,Google Photos Help Community > Search & browse,"[""Product Expert: Name the face groups. Searching a person's name works way better than describing them."", ""Product Expert: You can search text inside photos sometimes, but it only works if the words are clear in the image.""]","{""same_question"": 63, ""recommended_answer"": false}",google_photos_help_community,"I've got about 90k photos and videos. I'm trying to find the photo of the menu at the street food stall. I need it because I want to recommend it to someone visiting. I can picture a handwritten board in Hindi. It was while eating chaat after the market. Not sure which month or year, honestly. Searched for ""menu"" and got thousands of results to scroll through. I have hundreds of similar shots and can't tell which one it was. Tried synonyms like ""food board"" too. I found a similar one but not the exact photo I wanted. Using photos.google.com on Windows.",google_photos_community:syn-goo-0098
google_photos_community,syn-goo-0099,2024-08-04T23:29:38,synthetic_user_39274,True,synthetic://google_photos_community/syn-goo-0099,Search not finding a photo I know exists,Google Photos Help Community > Search & browse,"[""Product Expert: You can search text inside photos sometimes, but it only works if the words are clear in the image."", ""Product Expert: Search for the thing plus the city, e.g. \""cake bangalore\"", works better than a sentence for me.""]","{""same_question"": 64, ""recommended_answer"": false}",google_photos_help_community,"Thought search was broken but a shot of the fireworks at the new year party was in my partner's library, not mine. Device: iPhone 14, iOS 18.",google_photos_community:syn-goo-0099
google_photos_community,syn-goo-0100,2024-01-09T17:45:08,synthetic_user_854,True,synthetic://google_photos_community/syn-goo-0100,Help finding an old photo in my library,Google Photos Help Community > Search & browse,"[""Product Expert: Try searching for something visible in the photo instead of what happened, like \""stage\"" or \""cake\""."", ""Product Expert: Use the date jump on the scrollbar, drag to the year and go month by month.""]","{""same_question"": 8, ""recommended_answer"": false}",google_photos_help_community,"From experience, Search by year first, like ""2019"", then scroll within that. Much faster than scrolling from today. Device: iPhone 14, iOS 18.",google_photos_community:syn-goo-0100
google_photos_community,syn-goo-0101,2024-12-02T23:13:28,synthetic_user_90041,True,synthetic://google_photos_community/syn-goo-0101,Search not finding a photo I know exists,Google Photos Help Community > Search & browse,"[""Product Expert: If it was a screenshot, open the Screenshots category first and then scroll by month.""]","{""same_question"": 27, ""recommended_answer"": false}",google_photos_help_community,"Found the screenshot where I had the information about that course by searching the person's face and then scrolling a bit. Took two minutes. Device: Pixel 8, Android 15.",google_photos_community:syn-goo-0101
google_photos_community,syn-goo-0102,2025-12-22T17:10:49,synthetic_user_13489,True,synthetic://google_photos_community/syn-goo-0102,Search not finding a photo I know exists,Google Photos Help Community > Search & browse,"[""Product Expert: Check whether the photo was ever backed up. If it was from an old phone it might never have been uploaded.""]","{""same_question"": 20, ""recommended_answer"": true}",google_photos_help_community,"Pro tip: Check whether the photo was ever backed up. If it was from an old phone it might never have been uploaded. Device: iPhone 14, iOS 18.",google_photos_community:syn-goo-0102
google_photos_community,syn-goo-0103,2025-04-17T12:52:28,synthetic_user_84645,True,synthetic://google_photos_community/syn-goo-0103,Help finding an old photo in my library,Google Photos Help Community > Search & browse,"[""Product Expert: Tip: if location history was on, try the map view and zoom into the area instead of searching the name."", ""Product Expert: If it was a screenshot, open the Screenshots category first and then scroll by month.""]","{""same_question"": 26, ""recommended_answer"": false}",google_photos_help_community,"Does anyone know how to find the candid of my cousin laughing during the haldi? I need it now because she wants it for her album. For context, someone had just thrown haldi on her. It had my cousin in it. I don't remember when exactly. I typed ""girl laughing covered in yellow with marigolds"" in search and got a bunch of pictures that had nothing to do with it. I ran out of ideas pretty quickly. I asked my sister if she still had it. Ended up scrolling back through years of photos. I found a similar one but not the exact photo I wanted. Device: Pixel 8, Android 15.",google_photos_community:syn-goo-0103
google_photos_community,syn-goo-0104,2026-05-27T21:20:23,synthetic_user_49154,True,synthetic://google_photos_community/syn-goo-0104,How can I find the selfie from the concert when I don't remember the date?,Google Photos Help Community > Search & browse,"[""Product Expert: Check whether the photo was ever backed up. If it was from an old phone it might never have been uploaded.""]","{""same_question"": 35, ""recommended_answer"": false}",google_photos_help_community,"I've been looking for the selfie from the concert for days. I remember confetti in the air behind us. It was not sure if it was the first or second day. I can't remember the date at all. Searched for ""selfie at concert with confetti"" but it just showed random photos. I didn't know what else to try. I went through the face group for that person too. I jumped to roughly that year with the scrollbar and went month by month. I gave up on finding it.",google_photos_community:syn-goo-0104
google_photos_community,syn-goo-0105,2025-01-11T12:07:28,synthetic_user_26081,True,synthetic://google_photos_community/syn-goo-0105,Unable to locate a picture of the site inspection issue,Google Photos Help Community > Search & browse,"[""Product Expert: Try searching for something visible in the photo instead of what happened, like \""stage\"" or \""cake\"".""]","{""same_question"": 15, ""recommended_answer"": false}",google_photos_help_community,"Looking for a picture of the site inspection issue. I need it because the client is disputing the report. It was a few months back. The photo shows a cracked pipe fitting. I don't know what it's called. I searched ""warehouse"" but it just showed random photos. I typed ""rusty pipe with yellow tag at warehouse"" in search and got a bunch of pictures that had nothing to do with it. It took ""pipe"" literally and ignored everything else. I scrolled for like 40 minutes. Found one that might be it, but I'm not sure it's the same one. Device: iPhone 14, iOS 18.",google_photos_community:syn-goo-0105
google_photos_community,syn-goo-0106,2024-11-26T16:31:52,synthetic_user_69168,True,synthetic://google_photos_community/syn-goo-0106,How can I find a picture of the site inspection issue when I don't remember the date?,Google Photos Help Community > Search & browse,"[""Product Expert: Use the date jump on the scrollbar, drag to the year and go month by month."", ""Product Expert: You can search text inside photos sometimes, but it only works if the words are clear in the image.""]","{""same_question"": 0, ""recommended_answer"": false}",google_photos_help_community,"Does anyone know how to find a picture of the site inspection issue? For context, I took it for the report and never sent it. I know it was at the client's warehouse. I don't remember when exactly. I don't know what it's called. I searched ""pipe"" and got no results. I searched ""warehouse"" and got no results. Searched for ""rusty pipe with yellow tag at warehouse"" and got a bunch of pictures that had nothing to do with it. I didn't know what else to try. I checked all my albums one by one. Found one that might be it, but I'm not sure it's the same one. Using photos.google.com on Windows.",google_photos_community:syn-goo-0106
google_photos_community,syn-goo-0107,2024-12-14T02:31:18,synthetic_user_42920,True,synthetic://google_photos_community/syn-goo-0107,Search not finding a photo I know exists,Google Photos Help Community > Search & browse,"[""Product Expert: If it was a screenshot, open the Screenshots category first and then scroll by month.""]","{""same_question"": 38, ""recommended_answer"": true}",google_photos_help_community,"I've been looking for the photo from my friend's wedding where we were standing outside for days. I need it because it's their anniversary next week. It had the groom and our school gang in it. All I remember visually is me in a maroon sherwani and fairy lights on a gate. No clue what the place was called. Tried ""wedding"" and got no results. I think it's in a shared album someone else made, not my library. In the end I texted my friend to send it again. Found one that might be it, but I'm not sure it's the same one. Device: iPhone 14, iOS 18.",google_photos_community:syn-goo-0107
google_photos_community,syn-goo-0108,2023-09-04T17:48:28,synthetic_user_97077,True,synthetic://google_photos_community/syn-goo-0108,Unable to locate the video of my dog meeting the new puppy,Google Photos Help Community > Search & browse,"[""Product Expert: If it was a screenshot, open the Screenshots category first and then scroll by month."", ""Product Expert: Use the date jump on the scrollbar, drag to the year and go month by month.""]","{""same_question"": 11, ""recommended_answer"": false}",google_photos_help_community,"Looking for the video of my dog meeting the new puppy. I need it now because our old dog passed away last week. I can picture the puppy running circles around him. I know it was in our backyard. I can't remember the date at all. I searched ""video of old dog meeting new puppy"" and there it was. I kept retyping different searches. Finally found it after two evenings. Device: iPhone 14, iOS 18.",google_photos_community:syn-goo-0108
google_photos_community,syn-goo-0109,2025-08-20T01:25:10,synthetic_user_8019,True,synthetic://google_photos_community/syn-goo-0109,Unable to locate the photo of my daughter on stage at her school play,Google Photos Help Community > Search & browse,"[""Product Expert: Use the date jump on the scrollbar, drag to the year and go month by month."", ""Product Expert: Name the face groups. Searching a person's name works way better than describing them.""]","{""same_question"": 20, ""recommended_answer"": false}",google_photos_help_community,"On the web version on my laptop. I've been looking for the photo of my daughter on stage at her school play for days. It's from the annual day function. It was when she was in 2nd or 3rd standard. I remember the lighting was bad so most shots were blurry. All I remember visually is a sunflower costume and a blue curtain. I can't recall the name of the event. Not sure which month or year, honestly. I searched ""girl in sunflower costume on stage"" and it gave me hundreds of photos. There are so many almost identical shots from that day that I can't tell which one it is. Ended up scrolling back through years of photos. Found one that might be it, but I'm not sure it's the same one. Device: Pixel 8, Android 15.",google_photos_community:syn-goo-0109
google_photos_community,syn-goo-0110,2023-01-31T12:41:40,synthetic_user_29189,True,synthetic://google_photos_community/syn-goo-0110,Help finding an old photo in my library,Google Photos Help Community > Search & browse,"[""Product Expert: Search by year first, like \""2019\"", then scroll within that. Much faster than scrolling from today.""]","{""same_question"": 60, ""recommended_answer"": false}",google_photos_help_community,"On photos.google.com from my PC. I'm trying to find the video of my mom singing at the dinner table. It had my mom in it. I remember mom laughing halfway through and the candle on the table. Not sure which month or year, honestly. Tried ""sunday dinner"" and it popped up near the top. I jumped to roughly that year with the scrollbar and went month by month. Finally found it after about an hour.",google_photos_community:syn-goo-0110
google_photos_community,syn-goo-0111,2024-09-08T11:57:53,synthetic_user_93121,True,synthetic://google_photos_community/syn-goo-0111,Unable to locate the photo of us dancing at the sangeet,Google Photos Help Community > Search & browse,"[""Product Expert: Check whether the photo was ever backed up. If it was from an old phone it might never have been uploaded.""]","{""same_question"": 54, ""recommended_answer"": false}",google_photos_help_community,"I search in Photos pretty much every day. I've been looking for the photo of us dancing at the sangeet for days. I need it because I wanted it for our first anniversary post. I remember we had practised that dance for weeks. It was at the sangeet night. I'm not sure if I ever put it in an album. I searched ""dance"" and got no results. I ran out of ideas pretty quickly. I asked my sister if she still had it. Eventually I just gave up. Using photos.google.com on Windows.",google_photos_community:syn-goo-0111
google_photos_community,syn-goo-0112,2025-11-29T09:34:14,synthetic_user_8272,True,synthetic://google_photos_community/syn-goo-0112,Help finding an old photo in my library,Google Photos Help Community > Search & browse,"[""Product Expert: Search for the thing plus the city, e.g. \""cake bangalore\"", works better than a sentence for me.""]","{""same_question"": 16, ""recommended_answer"": true}",google_photos_help_community,"Half my library is screenshots. I'm trying to find the photo of the dessert we ordered at that restaurant. I need it now because I want to go back but forgot the restaurant name. I can picture a chocolate dome with gold stuff on top. It was taken at some rooftop place in Bangalore. Timing wise it was last year, maybe around October. It had my sister in it. I don't remember the name of the place. I searched ""bangalore october"" and got a bunch of pictures that had nothing to do with it. I typed ""chocolate dessert with gold on top"" in search but it just showed random photos. I ran out of ideas pretty quickly. I went through the map view hoping to spot it. I kept retyping different searches. I gave up on finding it. Device: iPhone 14, iOS 18.",google_photos_community:syn-goo-0112
google_photos_community,syn-goo-0113,2023-12-08T13:38:02,synthetic_user_20807,True,synthetic://google_photos_community/syn-goo-0113,Search not finding a photo I know exists,Google Photos Help Community > Search & browse,"[""Product Expert: Try searching for something visible in the photo instead of what happened, like \""stage\"" or \""cake\"".""]","{""same_question"": 69, ""recommended_answer"": false}",google_photos_help_community,"I'm trying to find the video of my dog meeting the new puppy. It's the funniest thing. I can picture the puppy running circles around him. I can't remember the date at all. I searched ""2020 video"" and nothing came up. Screen recordings don't seem to be indexed at all. I kept retyping different searches. I went through the map view hoping to spot it. Still haven't found it.",google_photos_community:syn-goo-0113
google_photos_community,syn-goo-0114,2024-12-18T02:34:04,synthetic_user_29662,True,synthetic://google_photos_community/syn-goo-0114,Search not finding a photo I know exists,Google Photos Help Community > Search & browse,"[""Product Expert: Search by year first, like \""2019\"", then scroll within that. Much faster than scrolling from today."", ""Product Expert: Try searching for something visible in the photo instead of what happened, like \""stage\"" or \""cake\"".""]","{""same_question"": 26, ""recommended_answer"": false}",google_photos_help_community,"I'm trying to find the photo of the rash on my arm. I need it now because the rash is back and the doctor wants to compare. It's a picture of a rash. All I remember visually is red patches near my elbow. It was about eight months ago. I don't know what word the app would use for it. Not sure which month or year, honestly. Tried ""rash"" and nothing came up. I know exactly what it looks like but can't put it into search words. I checked my Gmail in case I had sent it to someone. Still haven't found it. Device: iPhone 14, iOS 18.",google_photos_community:syn-goo-0114
google_photos_community,syn-goo-0115,2026-07-28T04:16:13,synthetic_user_68238,True,synthetic://google_photos_community/syn-goo-0115,How can I find an old photo when I don't remember the date?,Google Photos Help Community > Search & browse,"[""Product Expert: If it was a screenshot, open the Screenshots category first and then scroll by month."", ""Product Expert: Ask whoever was there, someone in the group chat usually still has it.""]","{""same_question"": 38, ""recommended_answer"": false}",google_photos_help_community,"Spent an hour looking for the screenshot of a chat where my landlord agreed to the repair and it turns out I had deleted it years ago. Not the app's fault. Device: iPhone 14, iOS 18.",google_photos_community:syn-goo-0115
google_photos_community,syn-goo-0116,2024-11-04T15:16:43,synthetic_user_87422,True,synthetic://google_photos_community/syn-goo-0116,Unable to locate the picture of my college marksheet,Google Photos Help Community > Search & browse,"[""Product Expert: Tip: if location history was on, try the map view and zoom into the area instead of searching the name.""]","{""same_question"": 12, ""recommended_answer"": false}",google_photos_help_community,"A lot of my photos come from shared albums. Looking for the picture of my college marksheet. All I remember visually is a certificate with a blue border. The photo shows my marksheet. Timing wise it was maybe 2020 when I was job hunting. I don't know what word the app would use for it. I have no idea what year it was. Tried ""2020 certificate"" and got a bunch of pictures that had nothing to do with it. I didn't know what else to try. I scrolled for like 40 minutes. I kept retyping different searches. Never found it. Device: iPhone 14, iOS 18.",google_photos_community:syn-goo-0116
google_photos_community,syn-goo-0117,2025-04-24T01:01:59,synthetic_user_95559,True,synthetic://google_photos_community/syn-goo-0117,Unable to locate the picture of my college marksheet,Google Photos Help Community > Search & browse,"[""Product Expert: Check whether the photo was ever backed up. If it was from an old phone it might never have been uploaded."", ""Product Expert: Use the date jump on the scrollbar, drag to the year and go month by month.""]","{""same_question"": 31, ""recommended_answer"": true}",google_photos_help_community,"I take a ridiculous number of screenshots. I'm trying to find the picture of my college marksheet. I need it because background verification asked for it. All I remember visually is a certificate with a blue border. It had my semester grades on it. It was maybe 2020 when I was job hunting. I can't remember the date at all. No idea what to search for really. I typed ""2020 certificate"" in search and got no results. I searched ""college marksheet with blue border"" and got a bunch of pictures that had nothing to do with it. I searched ""marksheet"" but it just showed random photos. I didn't know what else to try. I checked my Gmail in case I had sent it to someone. Still haven't found it. Using photos.google.com on Windows.",google_photos_community:syn-goo-0117
google_photos_community,syn-goo-0118,2026-04-06T11:18:21,synthetic_user_66338,True,synthetic://google_photos_community/syn-goo-0118,Search not finding a photo I know exists,Google Photos Help Community > Search & browse,"[""Product Expert: Use the date jump on the scrollbar, drag to the year and go month by month."", ""Product Expert: Search by year first, like \""2019\"", then scroll within that. Much faster than scrolling from today.""]","{""same_question"": 25, ""recommended_answer"": true}",google_photos_help_community,"I'm trying to find the photo of the shoes I tried on in the store. I need it because I want to order them online. I can picture grey shoes with a neon green sole. The photo shows running shoes. It was taken at a mall. No clue what the place was called. I don't know what it's called. Searched for ""grey running shoes with green sole"" but it just showed random photos. Searched for ""mall october"" and got no results. Searched for ""shoes"" and got no results. I just didn't know how to describe it in a way search would get. Ended up scrolling back through years of photos. Eventually I just gave up. Device: iPhone 14, iOS 18.",google_photos_community:syn-goo-0118
google_photos_community,syn-goo-0119,2025-06-20T23:35:20,synthetic_user_28307,True,synthetic://google_photos_community/syn-goo-0119,How can I find the screenshot of the train booking confirmation when I don't remember the date?,Google Photos Help Community > Search & browse,"[""Product Expert: If it was a screenshot, open the Screenshots category first and then scroll by month."", ""Product Expert: Tip: if location history was on, try the map view and zoom into the area instead of searching the name.""]","{""same_question"": 78, ""recommended_answer"": false}",google_photos_help_community,"Does anyone know how to find the screenshot of the train booking confirmation? I need it because the TTE asked for the PNR. Timing wise it was last month. It had the PNR number on it. For context, the email never came so I screenshotted the app. I don't remember the exact words on it. I typed ""pnr"" in search but it just showed random photos. I know exactly what it looks like but can't put it into search words. Eventually I searched my WhatsApp chats instead. Finally found it after two evenings. Device: Pixel 8, Android 15.",google_photos_community:syn-goo-0119
social_media,syn-soc-0000,2026-08-18T23:02:49,synthetic_user_10691,True,synthetic://social_media/syn-soc-0000,,,[],"{""likes"": 1539, ""reposts"": 24}",instagram_comments,"Does anyone know how to find the photo of the street where we got lost? I need it now because we want to frame it. I can picture yellow tiles on the walls and a tram line. I can't recall the name of the event. I typed ""street"" in search and it popped up near the top. Finally found it after half an hour of scrolling. @googlephotos",social_media:syn-soc-0000
social_media,syn-soc-0001,2026-02-14T02:09:12,synthetic_user_89484,True,synthetic://social_media/syn-soc-0001,,,[],"{""likes"": 345, ""reposts"": 0}",x,The widget on the home screen shows the same photo every day. @googlephotos,social_media:syn-soc-0001
social_media,syn-soc-0002,2023-11-01T16:12:20,synthetic_user_3976,True,synthetic://social_media/syn-soc-0002,,,[],"{""likes"": 1915, ""reposts"": 137}",x,"Does anyone know how to find the photo I took of my passport page? It had the passport number and expiry date on it. I can't remember the date at all. I typed ""passport"" in search and nothing came up. The photo is definitely in my library but search never shows it. I scrolled for like 40 minutes. I found a similar one but not the exact photo I wanted.",social_media:syn-soc-0002
social_media,syn-soc-0003,2024-09-30T10:36:38,synthetic_user_14126,True,synthetic://social_media/syn-soc-0003,,,[],"{""likes"": 1208, ""reposts"": 132}",threads,it would help if the app told me why a photo showed up in results. @googlephotos,social_media:syn-soc-0003
social_media,syn-soc-0004,2025-01-03T02:08:03,synthetic_user_62970,True,synthetic://social_media/syn-soc-0004,,,[],"{""likes"": 1736, ""reposts"": 133}",x,"i've been looking for a picture of the ramen bowl from the tiny shop for days. it was spring 2023 i think. i don't know what it's called. tried ""ramen"" and it gave me hundreds of photos. all the results look the same as tiny thumbnails. found one that might be it, but i'm not sure it's the same one.",social_media:syn-soc-0004
social_media,syn-soc-0005,2023-04-23T19:12:27,synthetic_user_5456,True,synthetic://social_media/syn-soc-0005,,,[],"{""likes"": 628, ""reposts"": 150}",x,"I've been looking for the photo of the prescription for my mother's eye drops for days. Timing wise it was sometime after her cataract surgery. I don't know what it's called. I searched ""prescription"" and got no results. How do you even search for something like that? I checked my Gmail in case I had sent it to someone. Never found it. #GooglePhotos",social_media:syn-soc-0005
social_media,syn-soc-0006,2024-10-04T01:44:45,synthetic_user_70030,True,synthetic://social_media/syn-soc-0006,,,[],"{""likes"": 1979, ""reposts"": 77}",x,"Honestly I've stopped using search and just scroll, it's more predictable.",social_media:syn-soc-0006
social_media,syn-soc-0007,2025-06-07T18:30:33,synthetic_user_68679,True,synthetic://social_media/syn-soc-0007,,,[],"{""likes"": 1394, ""reposts"": 178}",facebook,it would help if the app told me why a photo showed up in results. #googlephotos,social_media:syn-soc-0007
social_media,syn-soc-0008,2023-04-02T05:40:37,synthetic_user_18568,True,synthetic://social_media/syn-soc-0008,,,[],"{""likes"": 1273, ""reposts"": 171}",threads,"I'm trying to find the old scanned photo of my grandparents' wedding. I need it now because we're printing a family tree. I remember black and white, grandma in a big necklace. I have no idea what year it was. I typed ""old photo"" in search and nothing came up. It just doesn't show up in search even though I know it's there. I found a similar one but not the exact photo I wanted.",social_media:syn-soc-0008
social_media,syn-soc-0009,2024-07-12T14:53:55,synthetic_user_90476,True,synthetic://social_media/syn-soc-0009,,,[],"{""likes"": 1686, ""reposts"": 105}",instagram_comments,Update: Printing service delivery took two weeks. The app is slow to load thumbnails on my old phone.,social_media:syn-soc-0009
social_media,syn-soc-0010,2025-09-26T09:13:36,synthetic_user_78660,True,synthetic://social_media/syn-soc-0010,,,[],"{""likes"": 85, ""reposts"": 178}",instagram_comments,It would help if the app told me why a photo showed up in results.,social_media:syn-soc-0010
social_media,syn-soc-0011,2026-07-29T04:09:52,synthetic_user_15109,True,synthetic://social_media/syn-soc-0011,,,[],"{""likes"": 136, ""reposts"": 46}",instagram_comments,"Love the collage feature, made a nice one for my mom. #GooglePhotos",social_media:syn-soc-0011
social_media,syn-soc-0012,2023-03-19T14:07:44,synthetic_user_24179,True,synthetic://social_media/syn-soc-0012,,,[],"{""likes"": 495, ""reposts"": 111}",x,"I'm trying to find the photo of the menu at the street food stall. I need it because I want to recommend it to someone visiting. It was a winter evening, not sure which year. No clue what the place was called. I searched ""menu"" and got a bunch of pictures that had nothing to do with it. It took ""menu"" literally and ignored everything else. I found a similar one but not the exact photo I wanted.",social_media:syn-soc-0012
social_media,syn-soc-0013,2025-02-17T05:34:26,synthetic_user_38247,True,synthetic://social_media/syn-soc-0013,,,[],"{""likes"": 461, ""reposts"": 47}",x,"I'm trying to find the photo of the whiteboard from our planning session. I remember we photographed it after the workshop. I can't recall what it said exactly. Searched for ""whiteboard"" but it just showed random photos. It doesn't understand what I'm describing at all. I gave up on finding it.",social_media:syn-soc-0013
social_media,syn-soc-0014,2023-05-23T08:56:54,synthetic_user_78860,True,synthetic://social_media/syn-soc-0014,,,[],"{""likes"": 1140, ""reposts"": 41}",facebook,two things. the locked folder is a nice privacy feature. storage is full again and now they want me to pay for more. too expensive for what it is.,social_media:syn-soc-0014
social_media,syn-soc-0015,2025-04-19T18:51:41,synthetic_user_70028,True,synthetic://social_media/syn-soc-0015,,,[],"{""likes"": 1482, ""reposts"": 82}",threads,"Backup has been stuck on 'preparing' for three days. Very annoying. The editing tools are great, the magic eraser is really good.",social_media:syn-soc-0015
social_media,syn-soc-0016,2026-06-08T09:06:13,synthetic_user_45239,True,synthetic://social_media/syn-soc-0016,,,[],"{""likes"": 1882, ""reposts"": 39}",instagram_comments,"I'm trying to find the photo of the dessert we ordered at that restaurant. We were at some rooftop place in Bangalore when I took it. I don't remember the name of the place. Searched for ""dessert"" and got a bunch of pictures that had nothing to do with it. I didn't know what else to try. I kept retyping different searches. I gave up on finding it. #help",social_media:syn-soc-0016
social_media,syn-soc-0017,2025-04-11T15:19:59,synthetic_user_54752,True,synthetic://social_media/syn-soc-0017,,,[],"{""likes"": 909, ""reposts"": 99}",instagram_comments,"Does anyone know how to find the photo from our college fest? I can picture all of us in black t-shirts in front of a big banner. I can't recall the name of the event. Searched for ""college fest"" and nothing came up. It just doesn't show up in search even though I know it's there. Found one that might be it, but I'm not sure it's the same one. #help",social_media:syn-soc-0017
social_media,syn-soc-0018,2025-12-21T07:29:49,synthetic_user_32244,True,synthetic://social_media/syn-soc-0018,,,[],"{""likes"": 1164, ""reposts"": 49}",threads,"Was sure I'd never find a shot of the fireworks at the new year party, but searching ""fireworks"" plus the year got it on the first try. #GooglePhotos",social_media:syn-soc-0018
social_media,syn-soc-0019,2025-08-06T19:57:34,synthetic_user_53504,True,synthetic://social_media/syn-soc-0019,,,[],"{""likes"": 437, ""reposts"": 100}",facebook,it's frustrating that i have to guess what word the app uses for something. @googlephotos,social_media:syn-soc-0019
social_media,syn-soc-0020,2024-02-10T05:29:10,synthetic_user_53908,True,synthetic://social_media/syn-soc-0020,,,[],"{""likes"": 503, ""reposts"": 189}",instagram_comments,"i've been looking for the picture of the wine label from our anniversary dinner for days. timing wise it was a couple of years back. i don't know what it's called. searched for ""wine"" but it just showed random photos. it took ""wine"" literally and ignored everything else. got it eventually, after three days. @googlephotos",social_media:syn-soc-0020
social_media,syn-soc-0021,2024-11-24T06:22:46,synthetic_user_37976,True,synthetic://social_media/syn-soc-0021,,,[],"{""likes"": 1643, ""reposts"": 143}",x,"does anyone know how to find the photo of my handwritten letter to myself? the photo shows a letter. i can't recall what it said exactly. tried ""birthday"" and got no results. after that i had no idea what else to try. tried synonyms like ""note"" too. got it eventually, after way too long. @googlephotos",social_media:syn-soc-0021
social_media,syn-soc-0022,2023-08-31T19:22:50,synthetic_user_81040,True,synthetic://social_media/syn-soc-0022,,,[],"{""likes"": 1150, ""reposts"": 141}",threads,"I remember photos by who I was with and what we were doing, not by where the GPS says I was. #help",social_media:syn-soc-0022
social_media,syn-soc-0023,2024-05-25T04:07:38,synthetic_user_87014,True,synthetic://social_media/syn-soc-0023,,,[],"{""likes"": 198, ""reposts"": 193}",instagram_comments,"honestly i've stopped using search and just scroll, it's more predictable. #googlephotos",social_media:syn-soc-0023
social_media,syn-soc-0024,2023-10-04T22:43:13,synthetic_user_39335,True,synthetic://social_media/syn-soc-0024,,,[],"{""likes"": 227, ""reposts"": 171}",threads,"does anyone know how to find the photo of the notes a friend shared before exams? it was final semester. i can't recall what it said exactly. i typed ""handwritten thermodynamics notes"" in search and nothing came up. it just doesn't show up in search even though i know it's there. eventually i just gave up. #help",social_media:syn-soc-0024
social_media,syn-soc-0025,2024-06-22T16:20:42,synthetic_user_56747,True,synthetic://social_media/syn-soc-0025,,,[],"{""likes"": 558, ""reposts"": 191}",x,"Looking for the photo of my dad's blood test report. I need it now because the new doctor wants old values. It was before his surgery, early last year. I can't recall what it said exactly. Tried ""blood test report hospital"" and nothing came up. The writing on it isn't searchable, it seems. I gave up on finding it. @googlephotos",social_media:syn-soc-0025
social_media,syn-soc-0026,2025-05-19T14:49:31,synthetic_user_92704,True,synthetic://social_media/syn-soc-0026,,,[],"{""likes"": 1931, ""reposts"": 88}",threads,"I'm trying to find the picture of the medicine I took when I was sick last year. I remember the doctor prescribed it when I had that bad fever. No idea what the thing is actually called. Searched for ""medicine"" and got a bunch of pictures that had nothing to do with it. After that I had no idea what else to try. Tried synonyms like ""tablets"" too. I found a similar one but not the exact photo I wanted. @googlephotos",social_media:syn-soc-0026
social_media,syn-soc-0027,2025-09-28T10:15:15,synthetic_user_34953,True,synthetic://social_media/syn-soc-0027,,,[],"{""likes"": 1881, ""reposts"": 171}",instagram_comments,"something that helps: if it was a screenshot, open the screenshots category first and then scroll by month.",social_media:syn-soc-0027
social_media,syn-soc-0028,2023-08-21T00:50:15,synthetic_user_16846,True,synthetic://social_media/syn-soc-0028,,,[],"{""likes"": 152, ""reposts"": 45}",threads,"Pro tip: Search for the thing plus the city, e.g. ""cake bangalore"", works better than a sentence for me.",social_media:syn-soc-0028
social_media,syn-soc-0029,2023-06-28T02:44:44,synthetic_user_1264,True,synthetic://social_media/syn-soc-0029,,,[],"{""likes"": 1782, ""reposts"": 158}",facebook,update: printing service delivery took two weeks.,social_media:syn-soc-0029
social_media,syn-soc-0030,2023-09-07T02:02:41,synthetic_user_92294,True,synthetic://social_media/syn-soc-0030,,,[],"{""likes"": 1880, ""reposts"": 190}",threads,"Minor gripe: Shared album invite link doesn't work for my dad. The editing tools are great, the magic eraser is really good. #GooglePhotos",social_media:syn-soc-0030
social_media,syn-soc-0031,2024-02-09T09:35:06,synthetic_user_18860,True,synthetic://social_media/syn-soc-0031,,,[],"{""likes"": 1433, ""reposts"": 31}",threads,"Looking for the photo of my son's first steps. It was when he was around one, so 2019 probably. Not sure which month or year, honestly. I typed ""baby standing holding sofa on green rug"" in search and there it was. I went through the face group for that person too. Finally found it after two evenings.",social_media:syn-soc-0031
social_media,syn-soc-0032,2023-05-07T02:17:09,synthetic_user_64739,True,synthetic://social_media/syn-soc-0032,,,[],"{""likes"": 1269, ""reposts"": 193}",x,"I've been looking for the picture of the houseboat we stayed on for days. This was during our family trip to Kerala. I don't remember the name of the place. Tried ""dad standing on a boat with a wooden roof"" but it just showed random photos. It doesn't understand what I'm describing at all. I jumped to roughly that year with the scrollbar and went month by month. Eventually I just gave up. @googlephotos",social_media:syn-soc-0032
social_media,syn-soc-0033,2023-01-25T03:12:44,synthetic_user_41733,True,synthetic://social_media/syn-soc-0033,,,[],"{""likes"": 1429, ""reposts"": 174}",facebook,"I remember photos by who I was with and what we were doing, not by where the GPS says I was.",social_media:syn-soc-0033
social_media,syn-soc-0034,2025-04-05T16:52:48,synthetic_user_60868,True,synthetic://social_media/syn-soc-0034,,,[],"{""likes"": 290, ""reposts"": 188}",threads,"I've been looking for the video of my nephew saying his first word for days. I need it now because it's his first birthday party. Timing wise it was when he was around one. The location data was probably off. I searched ""screen recording"" and got no results. Screen recordings don't seem to be indexed at all. I kept retyping different searches. I gave up on finding it. #help",social_media:syn-soc-0034
social_media,syn-soc-0035,2025-02-20T23:01:02,synthetic_user_19580,True,synthetic://social_media/syn-soc-0035,,,[],"{""likes"": 28, ""reposts"": 111}",facebook,"Honestly, Storage is full again and now they want me to pay for more. Too expensive for what it is. Too many notifications about 'memories' I didn't ask for. #help",social_media:syn-soc-0035
social_media,syn-soc-0036,2024-12-24T03:51:35,synthetic_user_8769,True,synthetic://social_media/syn-soc-0036,,,[],"{""likes"": 1244, ""reposts"": 74}",instagram_comments,"looking for the photo of the rash on my arm. i need it now because the rash is back and the doctor wants to compare. i remember red patches near my elbow. i don't remember when exactly. tried ""rash"" and it popped up near the top. eventually i searched my whatsapp chats instead. got it eventually, after about an hour. @googlephotos",social_media:syn-soc-0036
social_media,syn-soc-0037,2025-05-02T17:51:31,synthetic_user_1699,True,synthetic://social_media/syn-soc-0037,,,[],"{""likes"": 693, ""reposts"": 161}",threads,"Was sure I'd never find the photo of my son's vaccination card, but searching ""vaccination"" plus the year got it on the first try. @googlephotos",social_media:syn-soc-0037
social_media,syn-soc-0038,2023-09-23T19:17:00,synthetic_user_36948,True,synthetic://social_media/syn-soc-0038,,,[],"{""likes"": 1652, ""reposts"": 176}",facebook,"The search is fine if you know exactly what you want, but not when you only half remember it. @googlephotos",social_media:syn-soc-0038
social_media,syn-soc-0039,2025-09-27T20:30:32,synthetic_user_61571,True,synthetic://social_media/syn-soc-0039,,,[],"{""likes"": 1046, ""reposts"": 24}",facebook,"Does anyone know how to find the photo of us dancing at the sangeet? It's from the sangeet night. I don't remember which album it went into. I typed ""sangeet"" in search and it gave me hundreds of photos. There are so many almost identical shots from that day that I can't tell which one it is. I checked all my albums one by one. Still haven't found it.",social_media:syn-soc-0039
social_media,syn-soc-0040,2025-12-19T17:52:28,synthetic_user_60645,True,synthetic://social_media/syn-soc-0040,,,[],"{""likes"": 137, ""reposts"": 115}",facebook,"Honestly search is amazing. I typed ""handwritten street food menu board"" and it found the photo of the menu at the street food stall in seconds.",social_media:syn-soc-0040
social_media,syn-soc-0041,2024-02-04T19:03:36,synthetic_user_66077,True,synthetic://social_media/syn-soc-0041,,,[],"{""likes"": 1619, ""reposts"": 96}",threads,"I've been looking for the family photo from Diwali where everyone is wearing white for days. It had the whole extended family in it. I don't remember when exactly. Tried ""family in white clothes with diyas"" and there it was. Got it eventually, after about an hour. @googlephotos",social_media:syn-soc-0041
social_media,syn-soc-0042,2024-06-18T07:26:10,synthetic_user_18882,True,synthetic://social_media/syn-soc-0042,,,[],"{""likes"": 59, ""reposts"": 166}",x,It's frustrating that I have to guess what word the app uses for something. @googlephotos,social_media:syn-soc-0042
social_media,syn-soc-0043,2023-09-11T01:54:31,synthetic_user_42799,True,synthetic://social_media/syn-soc-0043,,,[],"{""likes"": 755, ""reposts"": 36}",instagram_comments,"Does anyone know how to find a picture of the site inspection issue? I need it now because the client is disputing the report. The photo shows a cracked pipe fitting. No idea what the thing is actually called. I typed ""warehouse"" in search and nothing came up. I think it's on my old phone and never got backed up. Never found it.",social_media:syn-soc-0043
social_media,syn-soc-0044,2025-01-07T13:00:03,synthetic_user_44323,True,synthetic://social_media/syn-soc-0044,,,[],"{""likes"": 703, ""reposts"": 192}",instagram_comments,"does anyone know how to find a screenshot of a map with a pin someone sent? i need it because i'm finally planning that trek. i remember a friend shared the location of a trekking base camp. i don't remember the exact words on it. tried ""map"" and it gave me hundreds of photos. there are so many almost identical shots from that day that i can't tell which one it is. finally found it after about an hour.",social_media:syn-soc-0044
social_media,syn-soc-0045,2025-05-02T23:22:04,synthetic_user_51903,True,synthetic://social_media/syn-soc-0045,,,[],"{""likes"": 1667, ""reposts"": 53}",x,"The search is fine if you know exactly what you want, but not when you only half remember it. #GooglePhotos",social_media:syn-soc-0045
social_media,syn-soc-0046,2023-02-18T15:06:26,synthetic_user_72093,True,synthetic://social_media/syn-soc-0046,,,[],"{""likes"": 409, ""reposts"": 150}",x,"looking for the photo of the menu at the street food stall. i remember a handwritten board in hindi. i can't remember the date at all. i typed ""menu"" in search and got a bunch of pictures that had nothing to do with it. it took ""menu"" literally and ignored everything else. i scrolled for like 40 minutes. i gave up on finding it.",social_media:syn-soc-0046
social_media,syn-soc-0047,2024-12-16T02:56:07,synthetic_user_76229,True,synthetic://social_media/syn-soc-0047,,,[],"{""likes"": 813, ""reposts"": 54}",threads,"search should work the way i remember things, like 'black and white wedding photo grandparents', not just single words. @googlephotos",social_media:syn-soc-0047
social_media,syn-soc-0048,2024-07-30T09:40:18,synthetic_user_72910,True,synthetic://social_media/syn-soc-0048,,,[],"{""likes"": 327, ""reposts"": 51}",instagram_comments,"Use the date jump on the scrollbar, drag to the year and go month by month. @googlephotos",social_media:syn-soc-0048
social_media,syn-soc-0049,2024-06-17T14:17:43,synthetic_user_15619,True,synthetic://social_media/syn-soc-0049,,,[],"{""likes"": 59, ""reposts"": 114}",instagram_comments,"Honestly, Shared album invite link doesn't work for my dad. Can't figure out how to download all my photos to a hard drive. @googlephotos",social_media:syn-soc-0049
social_media,syn-soc-0050,2023-03-27T14:06:24,synthetic_user_13989,True,synthetic://social_media/syn-soc-0050,,,[],"{""likes"": 1555, ""reposts"": 145}",threads,Can't figure out how to download all my photos to a hard drive. App keeps crashing when I open a large video. #GooglePhotos,social_media:syn-soc-0050
social_media,syn-soc-0051,2025-10-03T17:28:57,synthetic_user_73509,True,synthetic://social_media/syn-soc-0051,,,[],"{""likes"": 1628, ""reposts"": 170}",facebook,"Does anyone know how to find a photo with a guy we met on a trek? I need it because I found him on Instagram and wanted to send it. It had a guy from Germany we met on the way in it. I never knew his name. Tried ""trek"" and got no results. It just doesn't show up in search even though I know it's there. I asked my sister if she still had it. Eventually I just gave up.",social_media:syn-soc-0051
social_media,syn-soc-0052,2023-03-13T04:22:18,synthetic_user_39590,True,synthetic://social_media/syn-soc-0052,,,[],"{""likes"": 935, ""reposts"": 52}",facebook,"does anyone know how to find the group photo from the night we all stayed up on the terrace? we were on my friend's terrace when i took it. i can't remember the date at all. tried ""terrace"" but it just showed random photos. i ran out of ideas pretty quickly. i asked my sister if she still had it. found one that might be it, but i'm not sure it's the same one. #googlephotos",social_media:syn-soc-0052
social_media,syn-soc-0053,2023-12-24T00:31:20,synthetic_user_14756,True,synthetic://social_media/syn-soc-0053,,,[],"{""likes"": 932, ""reposts"": 148}",threads,"I remember photos by who I was with and what we were doing, not by where the GPS says I was.",social_media:syn-soc-0053
social_media,syn-soc-0054,2026-02-27T17:27:58,synthetic_user_8294,True,synthetic://social_media/syn-soc-0054,,,[],"{""likes"": 133, ""reposts"": 101}",threads,"Honestly I've stopped using search and just scroll, it's more predictable. #GooglePhotos",social_media:syn-soc-0054
social_media,syn-soc-0055,2025-06-04T16:57:20,synthetic_user_54057,True,synthetic://social_media/syn-soc-0055,,,[],"{""likes"": 1181, ""reposts"": 11}",x,Two things. Backup has been stuck on 'preparing' for three days. Very annoying. #GooglePhotos,social_media:syn-soc-0055
social_media,syn-soc-0056,2026-01-20T05:58:02,synthetic_user_48924,True,synthetic://social_media/syn-soc-0056,,,[],"{""likes"": 656, ""reposts"": 188}",threads,"Looking for a short video of the band at the pub. It was one weekend, maybe 2022. No clue what the place was called. Searched for ""friday 2022"" and nothing came up. The photo is definitely in my library but search never shows it. I jumped to roughly that year with the scrollbar and went month by month. Got it eventually, after way too long. @googlephotos",social_media:syn-soc-0056
social_media,syn-soc-0057,2025-08-15T12:38:59,synthetic_user_38331,True,synthetic://social_media/syn-soc-0057,,,[],"{""likes"": 1383, ""reposts"": 138}",instagram_comments,"Didn't remember anything except a disco ball and me in a pink lehenga, searched for that and it showed up. Impressed. #GooglePhotos",social_media:syn-soc-0057
social_media,syn-soc-0058,2025-10-23T19:48:22,synthetic_user_5502,True,synthetic://social_media/syn-soc-0058,,,[],"{""likes"": 1178, ""reposts"": 1}",x,"Looking for the video of my dog meeting the new puppy. It had our old dog in it. I can't remember the date at all. Tried ""2020 video"" and nothing came up. Screen recordings don't seem to be indexed at all. I scrolled for like 40 minutes. Eventually I just gave up.",social_media:syn-soc-0058
social_media,syn-soc-0059,2025-09-28T04:15:25,synthetic_user_42662,True,synthetic://social_media/syn-soc-0059,,,[],"{""likes"": 1071, ""reposts"": 168}",instagram_comments,"Honestly, Love the collage feature, made a nice one for my mom. @googlephotos",social_media:syn-soc-0059
social_media,syn-soc-0060,2023-08-06T08:13:17,synthetic_user_83947,True,synthetic://social_media/syn-soc-0060,,,[],"{""likes"": 1708, ""reposts"": 177}",threads,Found the family photo from Diwali where everyone is wearing white by searching the person's face and then scrolling a bit. Took two minutes. #help,social_media:syn-soc-0060
social_media,syn-soc-0061,2023-08-09T18:01:47,synthetic_user_18920,True,synthetic://social_media/syn-soc-0061,,,[],"{""likes"": 495, ""reposts"": 193}",facebook,Minor gripe: Storage is full again and now they want me to pay for more. Too expensive for what it is.,social_media:syn-soc-0061
social_media,syn-soc-0062,2025-05-27T22:32:47,synthetic_user_77291,True,synthetic://social_media/syn-soc-0062,,,[],"{""likes"": 1390, ""reposts"": 125}",x,"I'm trying to find the photo of the temple on the hill. I need it now because my parents want to visit again. It's from a drive with my parents. I can't recall where exactly it was. Searched for ""mysore 2015"" and there it was. I jumped to roughly that year with the scrollbar and went month by month. Finally found it after half an hour of scrolling. #help",social_media:syn-soc-0062
social_media,syn-soc-0063,2026-07-16T03:25:21,synthetic_user_59596,True,synthetic://social_media/syn-soc-0063,,,[],"{""likes"": 494, ""reposts"": 154}",facebook,"I've been looking for the photo of my car's insurance papers for days. Timing wise it was last year sometime. I can't recall what it said exactly. Searched for ""car insurance paper on dashboard"" and nothing came up. It just doesn't show up in search even though I know it's there. Ended up scrolling back through years of photos. Eventually I just gave up. #help",social_media:syn-soc-0063
social_media,syn-soc-0064,2025-07-14T10:40:55,synthetic_user_21331,True,synthetic://social_media/syn-soc-0064,,,[],"{""likes"": 1231, ""reposts"": 84}",facebook,"I'm trying to find a sunset photo from the hotel balcony. This was during that Switzerland trip. I have no idea what year it was. Searched for ""sunset from hotel balcony with red railing"" and it gave me hundreds of photos. All the results look the same as tiny thumbnails. Got it eventually, after two evenings.",social_media:syn-soc-0064
social_media,syn-soc-0065,2023-10-13T04:48:21,synthetic_user_97039,True,synthetic://social_media/syn-soc-0065,,,[],"{""likes"": 897, ""reposts"": 127}",x,"Looking for the screenshot where I had the information about that course. I remember someone posted it on LinkedIn. I can't recall what it said exactly. Searched for ""course"" and nothing came up. It just doesn't show up in search even though I know it's there. Finally found it after two evenings.",social_media:syn-soc-0065
social_media,syn-soc-0066,2025-12-11T13:24:32,synthetic_user_83208,True,synthetic://social_media/syn-soc-0066,,,[],"{""likes"": 857, ""reposts"": 121}",x,"from experience, tip: if location history was on, try the map view and zoom into the area instead of searching the name.",social_media:syn-soc-0066
social_media,syn-soc-0067,2023-05-18T02:22:22,synthetic_user_11435,True,synthetic://social_media/syn-soc-0067,,,[],"{""likes"": 972, ""reposts"": 102}",facebook,Found the photo of the team at the offsite by searching the person's face and then scrolling a bit. Took two minutes. @googlephotos,social_media:syn-soc-0067
social_media,syn-soc-0068,2023-02-19T05:53:53,synthetic_user_11321,True,synthetic://social_media/syn-soc-0068,,,[],"{""likes"": 1361, ""reposts"": 50}",threads,Too many notifications about 'memories' I didn't ask for.,social_media:syn-soc-0068
social_media,syn-soc-0069,2025-09-05T02:25:58,synthetic_user_86017,True,synthetic://social_media/syn-soc-0069,,,[],"{""likes"": 237, ""reposts"": 143}",instagram_comments,"didn't remember anything except red lights and the singer with a violin, searched for that and it showed up. impressed. #googlephotos",social_media:syn-soc-0069
social_media,syn-soc-0070,2025-09-06T17:25:48,synthetic_user_28065,True,synthetic://social_media/syn-soc-0070,,,[],"{""likes"": 794, ""reposts"": 141}",threads,"Does anyone know how to find the family photo from Diwali where everyone is wearing white? I remember everyone in white kurtas with diyas in front. I don't remember when exactly. Tried ""family in white clothes with diyas"" and it popped up near the top. Finally found it after way too long.",social_media:syn-soc-0070
social_media,syn-soc-0071,2023-02-26T07:00:45,synthetic_user_88035,True,synthetic://social_media/syn-soc-0071,,,[],"{""likes"": 921, ""reposts"": 155}",instagram_comments,"I'm trying to find the photo I took of my passport page. I remember my thumb covering one corner. Not sure which month or year, honestly. Searched for ""passport"" but it just showed random photos. I ran out of ideas pretty quickly. Never found it. @googlephotos",social_media:syn-soc-0071
social_media,syn-soc-0072,2026-06-13T18:33:07,synthetic_user_53284,True,synthetic://social_media/syn-soc-0072,,,[],"{""likes"": 1226, ""reposts"": 133}",threads,Found a picture of my dad teaching my daughter to ride a bike by searching the person's face and then scrolling a bit. Took two minutes. #GooglePhotos,social_media:syn-soc-0072
social_media,syn-soc-0073,2024-11-21T03:18:45,synthetic_user_90626,True,synthetic://social_media/syn-soc-0073,,,[],"{""likes"": 1091, ""reposts"": 132}",facebook,"I'm trying to find the photo of the shoes I tried on in the store. I need it now because I want to order them online. Timing wise it was around Diwali sales. No idea what the thing is actually called. I typed ""grey running shoes with green sole"" in search and got no results. Text inside screenshots doesn't seem to be searchable. Ended up scrolling back through years of photos. I gave up on finding it. #help",social_media:syn-soc-0073
social_media,syn-soc-0074,2024-07-09T10:31:12,synthetic_user_77913,True,synthetic://social_media/syn-soc-0074,,,[],"{""likes"": 641, ""reposts"": 82}",threads,"Honestly, Face grouping merged my twin daughters into one person lol.",social_media:syn-soc-0074
social_media,syn-soc-0075,2026-07-31T08:59:38,synthetic_user_26965,True,synthetic://social_media/syn-soc-0075,,,[],"{""likes"": 374, ""reposts"": 165}",facebook,"Looking for the picture of the pharmacy receipt. I remember thermal paper that was already fading. I don't remember when exactly. I typed ""pharmacy"" in search and nothing came up. It just doesn't show up in search even though I know it's there. Still haven't found it.",social_media:syn-soc-0075
social_media,syn-soc-0076,2024-06-28T01:51:23,synthetic_user_56060,True,synthetic://social_media/syn-soc-0076,,,[],"{""likes"": 975, ""reposts"": 111}",x,"I've been looking for the photo of us dancing at the sangeet for days. I can picture a disco ball and me in a pink lehenga. I'm not sure if I ever put it in an album. I typed ""dance"" in search and it popped up near the top. I checked all my albums one by one. Got it eventually, after two evenings. #help",social_media:syn-soc-0076
social_media,syn-soc-0077,2025-01-10T01:59:03,synthetic_user_5378,True,synthetic://social_media/syn-soc-0077,,,[],"{""likes"": 220, ""reposts"": 140}",facebook,"Search should work the way I remember things, like 'ramen bowl with egg at a small shop near station', not just single words.",social_media:syn-soc-0077
social_media,syn-soc-0078,2026-01-14T22:26:19,synthetic_user_2285,True,synthetic://social_media/syn-soc-0078,,,[],"{""likes"": 1169, ""reposts"": 189}",x,"Does anyone know how to find the photo of the dessert we ordered at that restaurant? I need it because I want to go back but forgot the restaurant name. It was at my sister's birthday dinner. I don't remember the name of the place. Tried ""bangalore october"" but it just showed random photos. It seems like search ignores half of what I type and only matches one word. In the end I texted my friend to send it again. Got it eventually, after two evenings. #GooglePhotos",social_media:syn-soc-0078
social_media,syn-soc-0079,2023-09-13T03:29:01,synthetic_user_32269,True,synthetic://social_media/syn-soc-0079,,,[],"{""likes"": 495, ""reposts"": 117}",threads,"Pro tip: Ask whoever was there, someone in the group chat usually still has it. #help",social_media:syn-soc-0079
social_media,syn-soc-0080,2023-08-08T00:06:55,synthetic_user_31296,True,synthetic://social_media/syn-soc-0080,,,[],"{""likes"": 1187, ""reposts"": 153}",instagram_comments,It's frustrating that I have to guess what word the app uses for something. @googlephotos,social_media:syn-soc-0080
social_media,syn-soc-0081,2023-06-17T14:52:27,synthetic_user_93378,True,synthetic://social_media/syn-soc-0081,,,[],"{""likes"": 307, ""reposts"": 189}",instagram_comments,"Honestly search is amazing. I typed ""whiteboard with launch timeline"" and it found the photo of the whiteboard from our planning session in seconds. #help",social_media:syn-soc-0081
social_media,syn-soc-0082,2026-01-13T09:53:35,synthetic_user_26886,True,synthetic://social_media/syn-soc-0082,,,[],"{""likes"": 1617, ""reposts"": 134}",instagram_comments,"Honestly search is amazing. I typed ""hexagon wooden wall shelf"" and it found a photo of the bookshelf I wanted to build in seconds. #help",social_media:syn-soc-0082
social_media,syn-soc-0083,2026-02-27T08:53:11,synthetic_user_84603,True,synthetic://social_media/syn-soc-0083,,,[],"{""likes"": 1460, ""reposts"": 5}",instagram_comments,"I've been looking for a picture of the waterfall we hiked to for days. I need it now because my cousin asked for it for a reunion slideshow. I remember mist everywhere and everyone in raincoats. I can't remember the date at all. I typed ""waterfall with people in raincoats and mist"" in search and it gave me hundreds of photos. I have hundreds of similar shots and can't tell which one it was. I asked my sister if she still had it. Got it eventually, after about an hour.",social_media:syn-soc-0083
social_media,syn-soc-0084,2023-07-09T22:24:28,synthetic_user_91136,True,synthetic://social_media/syn-soc-0084,,,[],"{""likes"": 512, ""reposts"": 20}",x,"Does anyone know how to find a shot of the fireworks at the new year party? I need it now because I wanted to post a throwback. Timing wise it was one of the new years, 2019 or 2020. I don't remember when exactly. Tried ""fireworks"" and it gave me hundreds of photos. There are so many almost identical shots from that day that I can't tell which one it is. I jumped to roughly that year with the scrollbar and went month by month. Found one that might be it, but I'm not sure it's the same one.",social_media:syn-soc-0084
social_media,syn-soc-0085,2023-10-18T15:52:13,synthetic_user_36505,True,synthetic://social_media/syn-soc-0085,,,[],"{""likes"": 838, ""reposts"": 79}",threads,"honestly, the locked folder is a nice privacy feature. too many notifications about 'memories' i didn't ask for. #googlephotos",social_media:syn-soc-0085
social_media,syn-soc-0086,2026-03-18T23:50:02,synthetic_user_97136,True,synthetic://social_media/syn-soc-0086,,,[],"{""likes"": 1122, ""reposts"": 120}",facebook,"Honestly search is amazing. I typed ""small cafe with blue chairs near the beach"" and it found a photo of the tiny café we found in Goa in seconds. #GooglePhotos",social_media:syn-soc-0086
social_media,syn-soc-0087,2025-11-17T00:45:15,synthetic_user_65655,True,synthetic://social_media/syn-soc-0087,,,[],"{""likes"": 806, ""reposts"": 34}",x,"looking for the photo from our college fest. it had my classmates in it. i don't remember when exactly. tried ""college fest"" and nothing came up. i think it's in my partner's library, not mine. i gave up on finding it.",social_media:syn-soc-0087
social_media,syn-soc-0088,2025-08-13T23:34:09,synthetic_user_68112,True,synthetic://social_media/syn-soc-0088,,,[],"{""likes"": 1539, ""reposts"": 64}",instagram_comments,"I'm trying to find a photo of the rental agreement. I remember the landlord only gave us one copy so I photographed every page. I have no idea what year it was. I searched ""rent agreement document pages"" and got a bunch of pictures that had nothing to do with it. I know exactly what it looks like but can't put it into search words. I kept retyping different searches. Never found it. @googlephotos",social_media:syn-soc-0088
social_media,syn-soc-0089,2025-06-10T23:14:43,synthetic_user_98349,True,synthetic://social_media/syn-soc-0089,,,[],"{""likes"": 1771, ""reposts"": 151}",instagram_comments,"Does anyone know how to find the photo of us dancing at the sangeet? I need it now because I wanted it for our first anniversary post. It's from the sangeet night. I don't remember which album it went into. I typed ""couple dancing under disco ball pink lehenga"" in search and got thousands of results to scroll through. There are so many almost identical shots from that day that I can't tell which one it is. Eventually I just gave up. #GooglePhotos",social_media:syn-soc-0089
social_media,syn-soc-0090,2024-09-10T14:25:51,synthetic_user_32046,True,synthetic://social_media/syn-soc-0090,,,[],"{""likes"": 1844, ""reposts"": 58}",x,It would help if the app told me why a photo showed up in results. #GooglePhotos,social_media:syn-soc-0090
social_media,syn-soc-0091,2026-02-03T17:22:15,synthetic_user_5311,True,synthetic://social_media/syn-soc-0091,,,[],"{""likes"": 721, ""reposts"": 84}",x,"i'm trying to find the photo of us at the football match. i need it because reunion group chat asked for it. all i remember visually is all of us with painted faces. i have no idea what year it was. i typed ""friends with painted faces at football match"" in search and got a bunch of pictures that had nothing to do with it. i know exactly what it looks like but can't put it into search words. i asked my sister if she still had it. never found it. #help",social_media:syn-soc-0091
social_media,syn-soc-0092,2025-06-06T18:42:47,synthetic_user_4739,True,synthetic://social_media/syn-soc-0092,,,[],"{""likes"": 1982, ""reposts"": 39}",x,"Does anyone know how to find that photo where I was wearing the blue shirt? I need it now because I need a profile photo for a new job. I know it was at a friend's place, I think. No clue what the place was called. I typed ""me wearing blue shirt white wall"" in search and got a bunch of pictures that had nothing to do with it. It seems like search ignores half of what I type and only matches one word. Got it eventually, after way too long.",social_media:syn-soc-0092
social_media,syn-soc-0093,2026-07-24T09:43:30,synthetic_user_18868,True,synthetic://social_media/syn-soc-0093,,,[],"{""likes"": 190, ""reposts"": 157}",threads,"Thought search was broken but the photo of us dancing at the sangeet was in my partner's library, not mine. #GooglePhotos",social_media:syn-soc-0093
social_media,syn-soc-0094,2023-12-06T17:58:01,synthetic_user_14973,True,synthetic://social_media/syn-soc-0094,,,[],"{""likes"": 1662, ""reposts"": 87}",instagram_comments,"Looking for the photo from my friend's wedding where we were standing outside. It had the groom and our school gang in it. I can't remember the date at all. Tried ""wedding"" and there it was. Ended up scrolling back through years of photos. Finally found it after way too long.",social_media:syn-soc-0094
social_media,syn-soc-0095,2026-04-26T10:56:06,synthetic_user_33769,True,synthetic://social_media/syn-soc-0095,,,[],"{""likes"": 1136, ""reposts"": 57}",threads,"Does anyone know how to find a short video of the band at the pub? It was while singing a cover of some old song. I don't know what it's called. I typed ""video of band with violin red lights pub"" in search and got no results. Screen recordings don't seem to be indexed at all. I kept retyping different searches. Eventually I just gave up.",social_media:syn-soc-0095
social_media,syn-soc-0096,2023-11-10T03:35:23,synthetic_user_91407,True,synthetic://social_media/syn-soc-0096,,,[],"{""likes"": 845, ""reposts"": 190}",facebook,"Two things. Love the collage feature, made a nice one for my mom.",social_media:syn-soc-0096
social_media,syn-soc-0097,2025-09-23T17:54:29,synthetic_user_51949,True,synthetic://social_media/syn-soc-0097,,,[],"{""likes"": 830, ""reposts"": 110}",threads,"Does anyone know how to find the picture of the pharmacy receipt? I remember thermal paper that was already fading. Not sure which month or year, honestly. Searched for ""pharmacy medicine bill"" and got no results. The photo is definitely in my library but search never shows it. I kept retyping different searches. Found one that might be it, but I'm not sure it's the same one.",social_media:syn-soc-0097
social_media,syn-soc-0098,2023-11-23T21:46:18,synthetic_user_42879,True,synthetic://social_media/syn-soc-0098,,,[],"{""likes"": 1747, ""reposts"": 21}",instagram_comments,"didn't remember anything except a yellow jacket and a flag behind us, searched for that and it showed up. impressed.",social_media:syn-soc-0098
social_media,syn-soc-0099,2026-01-11T15:36:09,synthetic_user_64572,True,synthetic://social_media/syn-soc-0099,,,[],"{""likes"": 105, ""reposts"": 0}",threads,Update: Storage is full again and now they want me to pay for more. Too expensive for what it is.,social_media:syn-soc-0099
social_media,syn-soc-0100,2023-05-14T16:49:59,synthetic_user_79451,True,synthetic://social_media/syn-soc-0100,,,[],"{""likes"": 1317, ""reposts"": 198}",threads,"I'm trying to find a sunset photo from the hotel balcony. I remember my wife being in it. I can't remember the date at all. Searched for ""sunset from hotel balcony with red railing"" and there it was. I went through the map view hoping to spot it. Got it eventually, after two evenings. @googlephotos",social_media:syn-soc-0100
social_media,syn-soc-0101,2024-04-03T10:19:44,synthetic_user_4198,True,synthetic://social_media/syn-soc-0101,,,[],"{""likes"": 1361, ""reposts"": 41}",facebook,Minor gripe: I wish the video editor had more music options. #help,social_media:syn-soc-0101
social_media,syn-soc-0102,2024-09-19T10:41:29,synthetic_user_85654,True,synthetic://social_media/syn-soc-0102,,,[],"{""likes"": 1652, ""reposts"": 60}",instagram_comments,"The search is fine if you know exactly what you want, but not when you only half remember it. #help",social_media:syn-soc-0102
social_media,syn-soc-0103,2025-04-19T04:27:51,synthetic_user_84451,True,synthetic://social_media/syn-soc-0103,,,[],"{""likes"": 1919, ""reposts"": 181}",facebook,"I'm trying to find the picture of the dent on my car. I need it now because the insurance surveyor wants the original photo. I remember a scratch on the silver door near the handle. I can't remember the date at all. I typed ""dent on silver car door"" in search and it popped up near the top. Got it eventually, after way too long.",social_media:syn-soc-0103
social_media,syn-soc-0104,2025-01-15T05:41:56,synthetic_user_51222,True,synthetic://social_media/syn-soc-0104,,,[],"{""likes"": 135, ""reposts"": 12}",facebook,"from experience, tip: if location history was on, try the map view and zoom into the area instead of searching the name. #googlephotos",social_media:syn-soc-0104
social_media,syn-soc-0105,2023-03-28T05:06:34,synthetic_user_31460,True,synthetic://social_media/syn-soc-0105,,,[],"{""likes"": 1960, ""reposts"": 71}",instagram_comments,"Does anyone know how to find a photo of the bookshelf I wanted to build? The photo shows a wall shelf. Not sure which month or year, honestly. I searched ""shelf"" but it just showed random photos. It took ""shelf"" literally and ignored everything else. I scrolled for like 40 minutes. Eventually I just gave up.",social_media:syn-soc-0105
social_media,syn-soc-0106,2023-01-19T22:59:36,synthetic_user_47281,True,synthetic://social_media/syn-soc-0106,,,[],"{""likes"": 690, ""reposts"": 0}",facebook,spent an hour looking for the screenshot of the train booking confirmation and it turns out i had deleted it years ago. not the app's fault. @googlephotos,social_media:syn-soc-0106
social_media,syn-soc-0107,2024-03-08T05:22:53,synthetic_user_43583,True,synthetic://social_media/syn-soc-0107,,,[],"{""likes"": 1087, ""reposts"": 100}",facebook,"I don't remember dates, nobody does. Searching by date is useless for old memories.",social_media:syn-soc-0107
social_media,syn-soc-0108,2026-03-17T08:24:30,synthetic_user_41311,True,synthetic://social_media/syn-soc-0108,,,[],"{""likes"": 920, ""reposts"": 67}",threads,"Does anyone know how to find the video of my nephew saying his first word? For context, it was a video call I screen-recorded. The location data was probably off. Searched for ""baby saying first word video"" and nothing came up. Screen recordings don't seem to be indexed at all. I went through the map view hoping to spot it. Found one that might be it, but I'm not sure it's the same one.",social_media:syn-soc-0108
social_media,syn-soc-0109,2024-04-14T21:06:04,synthetic_user_33310,True,synthetic://social_media/syn-soc-0109,,,[],"{""likes"": 8, ""reposts"": 135}",facebook,It would help if the app told me why a photo showed up in results. #help,social_media:syn-soc-0109
social_media,syn-soc-0110,2025-03-24T00:04:54,synthetic_user_56362,True,synthetic://social_media/syn-soc-0110,,,[],"{""likes"": 1643, ""reposts"": 70}",x,"Was sure I'd never find the old scanned photo of my grandparents' wedding, but searching ""old photo"" plus the year got it on the first try.",social_media:syn-soc-0110
social_media,syn-soc-0111,2026-05-14T01:51:50,synthetic_user_65095,True,synthetic://social_media/syn-soc-0111,,,[],"{""likes"": 1093, ""reposts"": 169}",threads,"Honestly, Storage is full again and now they want me to pay for more. Too expensive for what it is. Syncing between my two phones is inconsistent.",social_media:syn-soc-0111
social_media,syn-soc-0112,2025-01-10T03:33:13,synthetic_user_37850,True,synthetic://social_media/syn-soc-0112,,,[],"{""likes"": 156, ""reposts"": 39}",x,"I've been looking for the screenshot of the product I wanted to buy for days. I need it because there's a sale now. For context, I saw it in an ad and screenshotted it. I don't know what it's called. Tried ""lamp"" and got no results. How do you even search for something like that? I scrolled for like 40 minutes. Still haven't found it. @googlephotos",social_media:syn-soc-0112
social_media,syn-soc-0113,2026-01-21T09:06:44,synthetic_user_95068,True,synthetic://social_media/syn-soc-0113,,,[],"{""likes"": 129, ""reposts"": 41}",x,"i've been looking for the photo of a plant i saw at a nursery for days. i know it was at a nursery near my office. no idea what the thing is actually called. i searched ""plant with purple striped leaves"" and it popped up near the top. got it eventually, after two evenings.",social_media:syn-soc-0113
social_media,syn-soc-0114,2026-08-08T13:25:48,synthetic_user_26098,True,synthetic://social_media/syn-soc-0114,,,[],"{""likes"": 927, ""reposts"": 48}",x,"i've been looking for a photo of the biryani my grandmother made for days. i need it now because she passed away and i really want that picture. i remember a huge copper pot and her hands in the shot. i can't remember the date at all. i searched ""eid 2021"" and it gave me hundreds of photos. i have hundreds of similar shots and can't tell which one it was. tried synonyms like ""rice"" too. never found it.",social_media:syn-soc-0114
social_media,syn-soc-0115,2024-11-24T15:07:44,synthetic_user_98268,True,synthetic://social_media/syn-soc-0115,,,[],"{""likes"": 1765, ""reposts"": 118}",facebook,"thought search was broken but the photo of my daughter on stage at her school play was in my partner's library, not mine.",social_media:syn-soc-0115
social_media,syn-soc-0116,2026-02-23T04:14:29,synthetic_user_77710,True,synthetic://social_media/syn-soc-0116,,,[],"{""likes"": 1012, ""reposts"": 141}",instagram_comments,"Thought search was broken but the picture of the dent on my car was in my partner's library, not mine. #GooglePhotos",social_media:syn-soc-0116
social_media,syn-soc-0117,2026-07-03T01:10:57,synthetic_user_83634,True,synthetic://social_media/syn-soc-0117,,,[],"{""likes"": 639, ""reposts"": 137}",threads,Spent an hour looking for the screenshot of a chat where my landlord agreed to the repair and it turns out I had deleted it years ago. Not the app's fault. @googlephotos,social_media:syn-soc-0117
social_media,syn-soc-0118,2024-01-14T03:23:19,synthetic_user_18012,True,synthetic://social_media/syn-soc-0118,,,[],"{""likes"": 742, ""reposts"": 29}",x,"does anyone know how to find the group photo from the night we all stayed up on the terrace? i need it now because one of them is getting married and we're making a video. i remember fairy lights and everyone squinting because of the flash. i don't remember the person's name. i typed ""friends on terrace at night with fairy lights"" in search and got a bunch of pictures that had nothing to do with it. after that i had no idea what else to try. i found a similar one but not the exact photo i wanted.",social_media:syn-soc-0118
social_media,syn-soc-0119,2023-09-11T06:38:56,synthetic_user_75551,True,synthetic://social_media/syn-soc-0119,,,[],"{""likes"": 474, ""reposts"": 12}",x,"Didn't remember anything except confetti in the air behind us, searched for that and it showed up. Impressed. #GooglePhotos",social_media:syn-soc-0119
youtube,syn-you-0000,2023-08-08T12:25:42,synthetic_user_27044,True,synthetic://youtube/syn-you-0000,,Google Photos vs iCloud Photos: which is better?,[],"{""likes"": 295}",youtube_comments,"i remember photos by who i was with and what we were doing, not by where the gps says i was.",youtube:syn-you-0000
youtube,syn-you-0001,2024-05-31T00:06:40,synthetic_user_56792,True,synthetic://youtube/syn-you-0001,,Google Photos hidden features (2025),[],"{""likes"": 125}",youtube_comments,"I've been looking for the picture of the medicine I took when I was sick last year for days. It was last year, maybe during the rainy season. I don't remember the exact words on it. Tried ""medicine strip orange tablets"" and got no results. The writing on it isn't searchable, it seems. Tried synonyms like ""tablets"" too. Eventually I just gave up.",youtube:syn-you-0001
youtube,syn-you-0002,2025-09-03T14:13:16,synthetic_user_35342,True,synthetic://youtube/syn-you-0002,,Google Photos vs iCloud Photos: which is better?,[],"{""likes"": 451}",youtube_comments,"Great video. Still, looking for the picture of the dent on my car. It was maybe 6 months ago. Not sure which month or year, honestly. Searched for ""car dent"" and it popped up near the top. Tried synonyms like ""scratch"" too. Finally found it after half an hour of scrolling.",youtube:syn-you-0002
youtube,syn-you-0003,2025-02-26T07:58:08,synthetic_user_72318,True,synthetic://youtube/syn-you-0003,,"Organise 50,000 photos in one afternoon",[],"{""likes"": 1314}",youtube_comments,Found a picture of the ramen bowl from the tiny shop by searching the person's face and then scrolling a bit. Took two minutes.,youtube:syn-you-0003
youtube,syn-you-0004,2025-12-05T09:16:38,synthetic_user_90427,True,synthetic://youtube/syn-you-0004,,10 Google Photos search tricks you didn't know,[],"{""likes"": 556}",youtube_comments,"Honestly, Face grouping merged my twin daughters into one person lol.",youtube:syn-you-0004
youtube,syn-you-0005,2025-04-06T00:44:20,synthetic_user_8253,True,synthetic://youtube/syn-you-0005,,"Organise 50,000 photos in one afternoon",[],"{""likes"": 219}",youtube_comments,"Honestly I've stopped using search and just scroll, it's more predictable.",youtube:syn-you-0005
youtube,syn-you-0006,2025-02-17T17:10:46,synthetic_user_81870,True,synthetic://youtube/syn-you-0006,,Google Photos hidden features (2025),[],"{""likes"": 665}",youtube_comments,"great video. still, i've been looking for a photo with a guy we met on a trek for days. i remember a yellow jacket and a flag behind us. i don't remember the person's name. i typed ""trek"" in search and got a bunch of pictures that had nothing to do with it. i know exactly what it looks like but can't put it into search words. i went through the face group for that person too. found one that might be it, but i'm not sure it's the same one.",youtube:syn-you-0006
youtube,syn-you-0007,2024-05-08T19:23:14,synthetic_user_43703,True,synthetic://youtube/syn-you-0007,,Google Photos vs iCloud Photos: which is better?,[],"{""likes"": 466}",youtube_comments,It would help if the app told me why a photo showed up in results.,youtube:syn-you-0007
youtube,syn-you-0008,2026-03-03T04:59:16,synthetic_user_30317,True,synthetic://youtube/syn-you-0008,,Google Photos vs iCloud Photos: which is better?,[],"{""likes"": 89}",youtube_comments,"Honestly search is amazing. I typed ""restaurant bill split between friends"" and it found the photo of the bill I took sometime last summer in seconds.",youtube:syn-you-0008
youtube,syn-you-0009,2024-05-27T21:47:03,synthetic_user_70371,True,synthetic://youtube/syn-you-0009,,10 Google Photos search tricks you didn't know,[],"{""likes"": 974}",youtube_comments,"Great video. Still, i'm trying to find the photo from my friend's wedding where we were standing outside. I need it now because it's their anniversary next week. It was a couple of years ago, winter. I don't remember when exactly. I searched ""wedding"" and it popped up near the top. Finally found it after about an hour.",youtube:syn-you-0009
youtube,syn-you-0010,2024-03-19T14:59:36,synthetic_user_43351,True,synthetic://youtube/syn-you-0010,,10 Google Photos search tricks you didn't know,[],"{""likes"": 181}",youtube_comments,Found the photo I took of my passport page by searching the person's face and then scrolling a bit. Took two minutes.,youtube:syn-you-0010
youtube,syn-you-0011,2023-01-01T15:33:01,synthetic_user_91275,True,synthetic://youtube/syn-you-0011,,How to find old photos fast on Android,[],"{""likes"": 730}",youtube_comments,It's frustrating that I have to guess what word the app uses for something.,youtube:syn-you-0011
youtube,syn-you-0012,2023-02-25T03:33:00,synthetic_user_82209,True,synthetic://youtube/syn-you-0012,,"Organise 50,000 photos in one afternoon",[],"{""likes"": 43}",youtube_comments,"Something that helps: Try searching for something visible in the photo instead of what happened, like ""stage"" or ""cake"".",youtube:syn-you-0012
youtube,syn-you-0013,2023-11-18T08:31:39,synthetic_user_96662,True,synthetic://youtube/syn-you-0013,,10 Google Photos search tricks you didn't know,[],"{""likes"": 367}",youtube_comments,"what worked for me: try searching for something visible in the photo instead of what happened, like ""stage"" or ""cake"".",youtube:syn-you-0013
youtube,syn-you-0014,2023-09-29T10:44:26,synthetic_user_60405,True,synthetic://youtube/syn-you-0014,,10 Google Photos search tricks you didn't know,[],"{""likes"": 1355}",youtube_comments,"What worked for me: If it was a screenshot, open the Screenshots category first and then scroll by month.",youtube:syn-you-0014
youtube,syn-you-0015,2023-08-11T03:05:18,synthetic_user_20648,True,synthetic://youtube/syn-you-0015,,10 Google Photos search tricks you didn't know,[],"{""likes"": 314}",youtube_comments,"Great video. Still, i've been looking for the picture of the medicine I took when I was sick last year for days. I need it because I'm sick again and want the same medicine. I remember a silver strip with orange tablets. Not sure which month or year, honestly. I typed ""medicine"" in search and nothing came up. I didn't know what else to try. I gave up on finding it.",youtube:syn-you-0015
youtube,syn-you-0016,2024-08-28T13:40:20,synthetic_user_70182,True,synthetic://youtube/syn-you-0016,,10 Google Photos search tricks you didn't know,[],"{""likes"": 1190}",youtube_comments,"looking for the photo of the team at the offsite. it had my old team in it. i can't remember the date at all. i typed ""team in matching t shirts by a pool"" in search but it just showed random photos. i didn't know what else to try. finally found it after way too long.",youtube:syn-you-0016
youtube,syn-you-0017,2026-01-05T03:24:20,synthetic_user_34033,True,synthetic://youtube/syn-you-0017,,How to find old photos fast on Android,[],"{""likes"": 1124}",youtube_comments,"looking for the screenshot where i had the information about that course. i need it because the application deadline might be close. all i remember visually is a blue banner with a university logo. i don't know what word the app would use for it. i searched ""course"" and it gave me hundreds of photos. i have hundreds of similar shots and can't tell which one it was. found one that might be it, but i'm not sure it's the same one.",youtube:syn-you-0017
youtube,syn-you-0018,2025-05-25T17:51:31,synthetic_user_26909,True,synthetic://youtube/syn-you-0018,,Google Photos hidden features (2025),[],"{""likes"": 451}",youtube_comments,"What worked for me: Tip: if location history was on, try the map view and zoom into the area instead of searching the name.",youtube:syn-you-0018
youtube,syn-you-0019,2026-07-03T16:06:19,synthetic_user_9363,True,synthetic://youtube/syn-you-0019,,Google Photos vs iCloud Photos: which is better?,[],"{""likes"": 1476}",youtube_comments,Update: Syncing between my two phones is inconsistent.,youtube:syn-you-0019
youtube,syn-you-0020,2026-08-19T13:31:38,synthetic_user_7503,True,synthetic://youtube/syn-you-0020,,10 Google Photos search tricks you didn't know,[],"{""likes"": 1472}",youtube_comments,"this didn't help me: i'm trying to find a sunset photo from the hotel balcony. it's from that switzerland trip. i don't remember the name of the place. i searched ""sunset"" and nothing came up. i ran out of ideas pretty quickly. got it eventually, after three days.",youtube:syn-you-0020
youtube,syn-you-0021,2023-08-24T18:21:02,synthetic_user_84621,True,synthetic://youtube/syn-you-0021,,How to find old photos fast on Android,[],"{""likes"": 598}",youtube_comments,"Honestly I've stopped using search and just scroll, it's more predictable.",youtube:syn-you-0021
youtube,syn-you-0022,2023-10-30T21:51:28,synthetic_user_87574,True,synthetic://youtube/syn-you-0022,,"Organise 50,000 photos in one afternoon",[],"{""likes"": 1105}",youtube_comments,"Search for the thing plus the city, e.g. ""cake bangalore"", works better than a sentence for me.",youtube:syn-you-0022
youtube,syn-you-0023,2023-12-26T10:31:16,synthetic_user_65721,True,synthetic://youtube/syn-you-0023,,"Organise 50,000 photos in one afternoon",[],"{""likes"": 86}",youtube_comments,"Was sure I'd never find the photo I took of my passport page, but searching ""passport"" plus the year got it on the first try.",youtube:syn-you-0023
youtube,syn-you-0024,2023-11-02T09:48:32,synthetic_user_67067,True,synthetic://youtube/syn-you-0024,,How to find old photos fast on Android,[],"{""likes"": 756}",youtube_comments,"Great video. Still, does anyone know how to find the picture of my college marksheet? I remember it showed my semester grades. I don't remember when exactly. I typed ""marksheet"" in search and nothing came up. The text in the photo doesn't seem to be searchable. Eventually I searched my WhatsApp chats instead. Still haven't found it.",youtube:syn-you-0024
youtube,syn-you-0025,2023-03-27T20:07:02,synthetic_user_93623,True,synthetic://youtube/syn-you-0025,,10 Google Photos search tricks you didn't know,[],"{""likes"": 1280}",youtube_comments,Found the candid of my cousin laughing during the haldi by searching the person's face and then scrolling a bit. Took two minutes.,youtube:syn-you-0025
youtube,syn-you-0026,2024-05-07T14:56:03,synthetic_user_78918,True,synthetic://youtube/syn-you-0026,,"Organise 50,000 photos in one afternoon",[],"{""likes"": 1143}",youtube_comments,"From experience, If it was a screenshot, open the Screenshots category first and then scroll by month.",youtube:syn-you-0026
youtube,syn-you-0027,2024-01-20T19:14:08,synthetic_user_84900,True,synthetic://youtube/syn-you-0027,,Google Photos vs iCloud Photos: which is better?,[],"{""likes"": 548}",youtube_comments,"Tried the tips from this video but i've been looking for the photo of the stage when they announced the results for days. I need it because I need it for my portfolio. I remember my team being in it. I don't remember when exactly. Tried ""awards december"" and it popped up near the top. I went through the face group for that person too. Finally found it after way too long.",youtube:syn-you-0027
youtube,syn-you-0028,2025-03-10T10:37:03,synthetic_user_82789,True,synthetic://youtube/syn-you-0028,,Google Photos hidden features (2025),[],"{""likes"": 726}",youtube_comments,"Looking for a screenshot of a recipe from Instagram. It had something with paneer and cashew paste on it. No idea what to search for really. I typed ""recipe"" in search and got no results. Text inside screenshots doesn't seem to be searchable. Never found it.",youtube:syn-you-0028
youtube,syn-you-0029,2023-03-28T06:47:36,synthetic_user_52858,True,synthetic://youtube/syn-you-0029,,Google Photos hidden features (2025),[],"{""likes"": 1476}",youtube_comments,It would help if the app told me why a photo showed up in results.,youtube:syn-you-0029
youtube,syn-you-0030,2024-01-28T00:50:49,synthetic_user_87643,True,synthetic://youtube/syn-you-0030,,10 Google Photos search tricks you didn't know,[],"{""likes"": 962}",youtube_comments,"Honestly, Cancelled my subscription, moving everything to an external drive. App keeps crashing when I open a large video.",youtube:syn-you-0030
youtube,syn-you-0031,2025-11-16T20:57:39,synthetic_user_69514,True,synthetic://youtube/syn-you-0031,,"Organise 50,000 photos in one afternoon",[],"{""likes"": 46}",youtube_comments,"Couldn't find the photo with the bride and my grandmother anywhere, then realised it was on my old phone and never got backed up.",youtube:syn-you-0031
youtube,syn-you-0032,2024-02-02T19:09:31,synthetic_user_33779,True,synthetic://youtube/syn-you-0032,,How to find old photos fast on Android,[],"{""likes"": 1451}",youtube_comments,"this didn't help me: i've been looking for the screenshot of a chat where my landlord agreed to the repair for days. i remember i screenshotted the whatsapp chat as proof. i don't remember when exactly. i typed ""screenshot of chat with landlord about repair"" in search and nothing came up. the photo is definitely in my library but search never shows it. still haven't found it.",youtube:syn-you-0032
youtube,syn-you-0033,2023-07-04T03:26:36,synthetic_user_93232,True,synthetic://youtube/syn-you-0033,,"Organise 50,000 photos in one afternoon",[],"{""likes"": 931}",youtube_comments,Too many notifications about 'memories' I didn't ask for.,youtube:syn-you-0033
youtube,syn-you-0034,2023-04-09T22:04:49,synthetic_user_26033,True,synthetic://youtube/syn-you-0034,,Google Photos hidden features (2025),[],"{""likes"": 1215}",youtube_comments,"thought search was broken but the screenshot where i had the information about that course was in my partner's library, not mine.",youtube:syn-you-0034
youtube,syn-you-0035,2024-03-03T00:58:02,synthetic_user_3853,True,synthetic://youtube/syn-you-0035,,10 Google Photos search tricks you didn't know,[],"{""likes"": 685}",youtube_comments,"This didn't help me: i've been looking for the screenshot of the train booking confirmation for days. It was last month. I don't remember the exact words on it. I searched ""train ticket booking confirmation screenshot"" and got no results. Text inside screenshots doesn't seem to be searchable. Eventually I searched my WhatsApp chats instead. Found one that might be it, but I'm not sure it's the same one.",youtube:syn-you-0035
youtube,syn-you-0036,2026-05-08T19:04:24,synthetic_user_1719,True,synthetic://youtube/syn-you-0036,,Google Photos hidden features (2025),[],"{""likes"": 1409}",youtube_comments,It would help if the app told me why a photo showed up in results.,youtube:syn-you-0036
youtube,syn-you-0037,2023-02-24T21:21:21,synthetic_user_18257,True,synthetic://youtube/syn-you-0037,,Google Photos hidden features (2025),[],"{""likes"": 349}",youtube_comments,"Looking for the photo of my son's vaccination card. I need it now because school admission needs it. It was when he was a baby. I don't know what it's called. I searched ""baby vaccination card pink"" and got no results. After that I had no idea what else to try. I checked my Gmail in case I had sent it to someone. Found one that might be it, but I'm not sure it's the same one.",youtube:syn-you-0037
youtube,syn-you-0038,2026-05-27T21:55:00,synthetic_user_66303,True,synthetic://youtube/syn-you-0038,,Google Photos hidden features (2025),[],"{""likes"": 150}",youtube_comments,"What worked for me: If it was a screenshot, open the Screenshots category first and then scroll by month.",youtube:syn-you-0038
youtube,syn-you-0039,2023-09-21T15:31:44,synthetic_user_2355,True,synthetic://youtube/syn-you-0039,,Google Photos hidden features (2025),[],"{""likes"": 113}",youtube_comments,"Tried the tips from this video but does anyone know how to find the selfie from the concert? I need it now because it's her birthday and I want to post it. It was at the Coldplay concert. I don't remember when exactly. Searched for ""selfie at concert with confetti"" and got no results. I think it's in my partner's library, not mine. I jumped to roughly that year with the scrollbar and went month by month. Found one that might be it, but I'm not sure it's the same one.",youtube:syn-you-0039
youtube,syn-you-0040,2023-08-11T17:40:20,synthetic_user_82100,True,synthetic://youtube/syn-you-0040,,Google Photos vs iCloud Photos: which is better?,[],"{""likes"": 1149}",youtube_comments,"I'm trying to find the old scanned photo of my grandparents' wedding. I need it because we're printing a family tree. It's a scan my uncle sent me. I can't remember the date at all. I typed ""black and white wedding photo grandparents"" in search and nothing came up. I think it's in my partner's library, not mine. Never found it.",youtube:syn-you-0040
youtube,syn-you-0041,2024-06-24T10:34:23,synthetic_user_98259,True,synthetic://youtube/syn-you-0041,,10 Google Photos search tricks you didn't know,[],"{""likes"": 237}",youtube_comments,"Thought search was broken but a picture of the ramen bowl from the tiny shop was in my partner's library, not mine.",youtube:syn-you-0041
youtube,syn-you-0042,2024-02-02T12:28:26,synthetic_user_39117,True,synthetic://youtube/syn-you-0042,,Google Photos hidden features (2025),[],"{""likes"": 976}",youtube_comments,Found the photo from our college fest by searching the person's face and then scrolling a bit. Took two minutes.,youtube:syn-you-0042
youtube,syn-you-0043,2024-06-06T21:13:21,synthetic_user_21705,True,synthetic://youtube/syn-you-0043,,"Organise 50,000 photos in one afternoon",[],"{""likes"": 1446}",youtube_comments,"I'm trying to find the photo of my first tattoo right after I got it. I need it now because the artist asked for a before picture. For context, it was still covered with cling film. I have no idea what year it was. I searched ""tattoo"" and got a bunch of pictures that had nothing to do with it. It took ""tattoo"" literally and ignored everything else. Finally found it after way too long.",youtube:syn-you-0043
youtube,syn-you-0044,2026-07-02T20:51:06,synthetic_user_49265,True,synthetic://youtube/syn-you-0044,,How to find old photos fast on Android,[],"{""likes"": 1131}",youtube_comments,It would help if the app told me why a photo showed up in results.,youtube:syn-you-0044
youtube,syn-you-0045,2023-07-03T19:00:47,synthetic_user_38738,True,synthetic://youtube/syn-you-0045,,Google Photos hidden features (2025),[],"{""likes"": 1096}",youtube_comments,"Something that helps: Ask whoever was there, someone in the group chat usually still has it.",youtube:syn-you-0045
youtube,syn-you-0046,2026-07-28T20:42:28,synthetic_user_32532,True,synthetic://youtube/syn-you-0046,,Google Photos hidden features (2025),[],"{""likes"": 676}",youtube_comments,Something that helps: Name the face groups. Searching a person's name works way better than describing them.,youtube:syn-you-0046
youtube,syn-you-0047,2026-06-21T07:04:47,synthetic_user_22953,True,synthetic://youtube/syn-you-0047,,Google Photos hidden features (2025),[],"{""likes"": 221}",youtube_comments,"the search is fine if you know exactly what you want, but not when you only half remember it.",youtube:syn-you-0047
youtube,syn-you-0048,2024-03-18T11:16:07,synthetic_user_73617,True,synthetic://youtube/syn-you-0048,,"Organise 50,000 photos in one afternoon",[],"{""likes"": 1242}",youtube_comments,"Great video. Still, i'm trying to find the screenshot of the product I wanted to buy. All I remember visually is a brass lamp with a curved neck. I don't remember the exact words on it. I searched ""lamp"" and got no results. Text inside screenshots doesn't seem to be searchable. Tried synonyms like ""light"" too. Never found it.",youtube:syn-you-0048
youtube,syn-you-0049,2024-06-28T03:24:14,synthetic_user_72170,True,synthetic://youtube/syn-you-0049,,"Organise 50,000 photos in one afternoon",[],"{""likes"": 774}",youtube_comments,"I'm trying to find a screenshot of a map with a pin someone sent. Timing wise it was a year or two ago. No clue what the place was called. I typed ""map"" in search and nothing came up. The photo is definitely in my library but search never shows it. I scrolled for like 40 minutes. I found a similar one but not the exact photo I wanted.",youtube:syn-you-0049
youtube,syn-you-0050,2026-04-18T11:18:49,synthetic_user_66719,True,synthetic://youtube/syn-you-0050,,10 Google Photos search tricks you didn't know,[],"{""likes"": 60}",youtube_comments,"Looking for the photo of the rash on my arm. For context, I took it to show the dermatologist how it looked on day one. I don't remember when exactly. I typed ""red rash on arm"" in search and got no results. The writing on it isn't searchable, it seems. Eventually I just gave up.",youtube:syn-you-0050
youtube,syn-you-0051,2023-01-14T18:42:37,synthetic_user_56917,True,synthetic://youtube/syn-you-0051,,"Organise 50,000 photos in one afternoon",[],"{""likes"": 800}",youtube_comments,"Search should work the way I remember things, like 'ramen bowl with egg at a small shop near station', not just single words.",youtube:syn-you-0051
youtube,syn-you-0052,2023-04-23T04:15:07,synthetic_user_50749,True,synthetic://youtube/syn-you-0052,,"Organise 50,000 photos in one afternoon",[],"{""likes"": 413}",youtube_comments,"from experience, search by year first, like ""2019"", then scroll within that. much faster than scrolling from today.",youtube:syn-you-0052
youtube,syn-you-0053,2023-02-22T01:44:40,synthetic_user_8679,True,synthetic://youtube/syn-you-0053,,Google Photos vs iCloud Photos: which is better?,[],"{""likes"": 1080}",youtube_comments,"didn't remember anything except a google maps screen with a red pin in the hills, searched for that and it showed up. impressed.",youtube:syn-you-0053
youtube,syn-you-0054,2024-08-23T22:55:57,synthetic_user_79499,True,synthetic://youtube/syn-you-0054,,10 Google Photos search tricks you didn't know,[],"{""likes"": 658}",youtube_comments,"pro tip: search by year first, like ""2019"", then scroll within that. much faster than scrolling from today.",youtube:syn-you-0054
youtube,syn-you-0055,2026-04-07T16:08:26,synthetic_user_84157,True,synthetic://youtube/syn-you-0055,,Google Photos vs iCloud Photos: which is better?,[],"{""likes"": 1284}",youtube_comments,"was sure i'd never find the candid of my cousin laughing during the haldi, but searching ""haldi"" plus the year got it on the first try.",youtube:syn-you-0055
youtube,syn-you-0056,2025-02-26T01:44:11,synthetic_user_21098,True,synthetic://youtube/syn-you-0056,,"Organise 50,000 photos in one afternoon",[],"{""likes"": 136}",youtube_comments,"This didn't help me: i've been looking for a screenshot of a recipe from Instagram for days. I need it now because guests are coming this weekend. It had something with paneer and cashew paste on it. No idea what to search for really. Tried ""instagram screenshot"" and got thousands of results to scroll through. There are so many almost identical shots from that day that I can't tell which one it is. Never found it.",youtube:syn-you-0056
youtube,syn-you-0057,2025-12-28T09:34:05,synthetic_user_8802,True,synthetic://youtube/syn-you-0057,,Google Photos hidden features (2025),[],"{""likes"": 406}",youtube_comments,Minor gripe: Storage is full again and now they want me to pay for more. Too expensive for what it is. Uploading in original quality eats my data plan.,youtube:syn-you-0057
youtube,syn-you-0058,2025-01-02T06:14:05,synthetic_user_26557,True,synthetic://youtube/syn-you-0058,,How to find old photos fast on Android,[],"{""likes"": 821}",youtube_comments,"didn't remember anything except a pink bicycle and dad in his old cap, searched for that and it showed up. impressed.",youtube:syn-you-0058
youtube,syn-you-0059,2023-01-22T07:27:38,synthetic_user_21531,True,synthetic://youtube/syn-you-0059,,10 Google Photos search tricks you didn't know,[],"{""likes"": 160}",youtube_comments,"I remember photos by who I was with and what we were doing, not by where the GPS says I was.",youtube:syn-you-0059
youtube,syn-you-0060,2024-10-23T01:44:23,synthetic_user_18461,True,synthetic://youtube/syn-you-0060,,How to find old photos fast on Android,[],"{""likes"": 1045}",youtube_comments,"does anyone know how to find a photo of the tiny café we found in goa? i need it because my friend is going to goa and asked for the name. i remember blue wooden chairs and a hand-painted menu board. not sure which month or year, honestly. i typed ""goa 2022"" in search and got no results. how do you even search for something like that? finally found it after three days.",youtube:syn-you-0060
youtube,syn-you-0061,2024-07-18T10:22:04,synthetic_user_6933,True,synthetic://youtube/syn-you-0061,,Google Photos hidden features (2025),[],"{""likes"": 925}",youtube_comments,Name the face groups. Searching a person's name works way better than describing them.,youtube:syn-you-0061
youtube,syn-you-0062,2024-06-18T18:54:42,synthetic_user_55032,True,synthetic://youtube/syn-you-0062,,"Organise 50,000 photos in one afternoon",[],"{""likes"": 1118}",youtube_comments,"Great video. Still, i've been looking for the group photo from the night we all stayed up on the terrace for days. It was final year of college, so around 2016. I can't remember the date at all. I searched ""terrace"" and got no results. I didn't know what else to try. Found one that might be it, but I'm not sure it's the same one.",youtube:syn-you-0062
youtube,syn-you-0063,2026-01-20T23:10:47,synthetic_user_56189,True,synthetic://youtube/syn-you-0063,,10 Google Photos search tricks you didn't know,[],"{""likes"": 928}",youtube_comments,"I'm trying to find the photo of the temple on the hill. It's from a drive with my parents. No clue what the place was called. I typed ""white temple on hill with steps"" in search and nothing came up. It just doesn't show up in search even though I know it's there. Found one that might be it, but I'm not sure it's the same one.",youtube:syn-you-0063
youtube,syn-you-0064,2025-04-09T18:52:11,synthetic_user_19207,True,synthetic://youtube/syn-you-0064,,10 Google Photos search tricks you didn't know,[],"{""likes"": 747}",youtube_comments,"I don't remember dates, nobody does. Searching by date is useless for old memories.",youtube:syn-you-0064
youtube,syn-you-0065,2025-12-06T23:42:47,synthetic_user_22834,True,synthetic://youtube/syn-you-0065,,"Organise 50,000 photos in one afternoon",[],"{""likes"": 284}",youtube_comments,"Tried the tips from this video but looking for the candid of my cousin laughing during the haldi. I need it now because she wants it for her album. It had my cousin in it. I have no idea what year it was. I searched ""2023 wedding"" and got thousands of results to scroll through. All the results look the same as tiny thumbnails. Eventually I just gave up.",youtube:syn-you-0065
youtube,syn-you-0066,2026-05-25T12:17:45,synthetic_user_96393,True,synthetic://youtube/syn-you-0066,,"Organise 50,000 photos in one afternoon",[],"{""likes"": 1133}",youtube_comments,"This didn't help me: does anyone know how to find the photo of us dancing at the sangeet? I remember we had practised that dance for weeks. I'm not sure if I ever put it in an album. I searched ""dance"" and nothing came up. It just doesn't show up in search even though I know it's there. I scrolled for like 40 minutes. Still haven't found it.",youtube:syn-you-0066
youtube,syn-you-0067,2024-12-11T16:27:06,synthetic_user_82059,True,synthetic://youtube/syn-you-0067,,"Organise 50,000 photos in one afternoon",[],"{""likes"": 1039}",youtube_comments,"You can search text inside photos sometimes, but it only works if the words are clear in the image.",youtube:syn-you-0067
youtube,syn-you-0068,2026-06-04T19:22:36,synthetic_user_64549,True,synthetic://youtube/syn-you-0068,,"Organise 50,000 photos in one afternoon",[],"{""likes"": 307}",youtube_comments,"I've been looking for that picture from the trip where we stayed near the beach for days. I need it because I want to book the same homestay. It was taken at a homestay near a quiet beach. No clue what the place was called. Searched for ""hammock between coconut trees near beach homestay"" and there it was. Got it eventually, after way too long.",youtube:syn-you-0068
youtube,syn-you-0069,2025-10-15T05:36:13,synthetic_user_16972,True,synthetic://youtube/syn-you-0069,,How to find old photos fast on Android,[],"{""likes"": 1057}",youtube_comments,"The search is fine if you know exactly what you want, but not when you only half remember it.",youtube:syn-you-0069
youtube,syn-you-0070,2024-07-26T19:43:30,synthetic_user_23056,True,synthetic://youtube/syn-you-0070,,How to find old photos fast on Android,[],"{""likes"": 549}",youtube_comments,"Looking for the photo I took of my passport page. I need it now because I need the number urgently for a booking. I remember I took it when applying for a visa. I can't recall what it said exactly. Searched for ""photo of passport page"" and nothing came up. The photo is definitely in my library but search never shows it. Eventually I just gave up.",youtube:syn-you-0070
youtube,syn-you-0071,2024-11-02T06:47:38,synthetic_user_69866,True,synthetic://youtube/syn-you-0071,,Google Photos vs iCloud Photos: which is better?,[],"{""likes"": 364}",youtube_comments,"Looking for the photo of my handwritten letter to myself. I remember I wrote it on my 25th birthday and took a photo before sealing it. I can't recall what it said exactly. I searched ""letter"" and got thousands of results to scroll through. All the results look the same as tiny thumbnails. Got it eventually, after about an hour.",youtube:syn-you-0071
youtube,syn-you-0072,2023-12-10T20:57:04,synthetic_user_22525,True,synthetic://youtube/syn-you-0072,,Google Photos vs iCloud Photos: which is better?,[],"{""likes"": 1206}",youtube_comments,Pro tip: Name the face groups. Searching a person's name works way better than describing them.,youtube:syn-you-0072
youtube,syn-you-0073,2026-05-30T13:28:23,synthetic_user_13398,True,synthetic://youtube/syn-you-0073,,Google Photos hidden features (2025),[],"{""likes"": 1033}",youtube_comments,minor gripe: shared album invite link doesn't work for my dad.,youtube:syn-you-0073
youtube,syn-you-0074,2026-05-11T17:37:51,synthetic_user_21602,True,synthetic://youtube/syn-you-0074,,Google Photos hidden features (2025),[],"{""likes"": 1068}",youtube_comments,"Tried the tips from this video but does anyone know how to find the screenshot of a chat where my landlord agreed to the repair? I need it now because he's now saying he never agreed. It had my landlord in it. I don't remember when exactly. Tried ""whatsapp"" and got no results. The photo is definitely in my library but search never shows it. Found one that might be it, but I'm not sure it's the same one.",youtube:syn-you-0074
youtube,syn-you-0075,2023-03-19T03:07:53,synthetic_user_47739,True,synthetic://youtube/syn-you-0075,,Google Photos hidden features (2025),[],"{""likes"": 807}",youtube_comments,It's frustrating that I have to guess what word the app uses for something.,youtube:syn-you-0075
youtube,syn-you-0076,2024-10-31T11:56:00,synthetic_user_26515,True,synthetic://youtube/syn-you-0076,,10 Google Photos search tricks you didn't know,[],"{""likes"": 443}",youtube_comments,The app is slow to load thumbnails on my old phone. The locked folder is a nice privacy feature.,youtube:syn-you-0076
youtube,syn-you-0077,2023-05-04T22:01:47,synthetic_user_96010,True,synthetic://youtube/syn-you-0077,,Google Photos vs iCloud Photos: which is better?,[],"{""likes"": 13}",youtube_comments,"Great video. Still, does anyone know how to find the candid of my cousin laughing during the haldi? I need it now because she wants it for her album. It was the morning before the wedding, 2023. I have no idea what year it was. I typed ""haldi"" in search and it gave me hundreds of photos. All the results look the same as tiny thumbnails. Ended up scrolling back through years of photos. I found a similar one but not the exact photo I wanted.",youtube:syn-you-0077
youtube,syn-you-0078,2025-11-10T12:16:48,synthetic_user_97098,True,synthetic://youtube/syn-you-0078,,"Organise 50,000 photos in one afternoon",[],"{""likes"": 1294}",youtube_comments,"I've been looking for a photo of the biryani my grandmother made for days. I can picture a huge copper pot and her hands in the shot. Not sure which month or year, honestly. I typed ""eid 2021"" in search and got thousands of results to scroll through. There are so many almost identical shots from that day that I can't tell which one it is. Found one that might be it, but I'm not sure it's the same one.",youtube:syn-you-0078
youtube,syn-you-0079,2025-01-14T11:33:12,synthetic_user_93411,True,synthetic://youtube/syn-you-0079,,"Organise 50,000 photos in one afternoon",[],"{""likes"": 589}",youtube_comments,something that helps: name the face groups. searching a person's name works way better than describing them.,youtube:syn-you-0079
youtube,syn-you-0080,2023-09-01T03:01:16,synthetic_user_90856,True,synthetic://youtube/syn-you-0080,,Google Photos vs iCloud Photos: which is better?,[],"{""likes"": 680}",youtube_comments,minor gripe: the app is slow to load thumbnails on my old phone.,youtube:syn-you-0080
youtube,syn-you-0081,2023-03-29T05:40:39,synthetic_user_40218,True,synthetic://youtube/syn-you-0081,,How to find old photos fast on Android,[],"{""likes"": 1309}",youtube_comments,"Tip: if location history was on, try the map view and zoom into the area instead of searching the name.",youtube:syn-you-0081
youtube,syn-you-0082,2024-04-29T04:46:27,synthetic_user_84233,True,synthetic://youtube/syn-you-0082,,10 Google Photos search tricks you didn't know,[],"{""likes"": 667}",youtube_comments,"Honestly search is amazing. I typed ""red rash on arm"" and it found the photo of the rash on my arm in seconds.",youtube:syn-you-0082
youtube,syn-you-0083,2024-11-27T17:29:43,synthetic_user_4428,True,synthetic://youtube/syn-you-0083,,"Organise 50,000 photos in one afternoon",[],"{""likes"": 417}",youtube_comments,"Couldn't find a photo of the tiny café we found in Goa anywhere, then realised it was on my old phone and never got backed up.",youtube:syn-you-0083
youtube,syn-you-0084,2024-01-09T03:39:15,synthetic_user_37212,True,synthetic://youtube/syn-you-0084,,How to find old photos fast on Android,[],"{""likes"": 582}",youtube_comments,"From experience, Search for the thing plus the city, e.g. ""cake bangalore"", works better than a sentence for me.",youtube:syn-you-0084
youtube,syn-you-0085,2026-04-16T22:34:19,synthetic_user_93944,True,synthetic://youtube/syn-you-0085,,Google Photos vs iCloud Photos: which is better?,[],"{""likes"": 295}",youtube_comments,"Couldn't find the photo of my son's vaccination card anywhere, then realised it was on my old phone and never got backed up.",youtube:syn-you-0085
youtube,syn-you-0086,2023-05-09T04:35:53,synthetic_user_26238,True,synthetic://youtube/syn-you-0086,,Google Photos hidden features (2025),[],"{""likes"": 1321}",youtube_comments,"this didn't help me: i'm trying to find the photo of a plant i saw at a nursery. i need it because i want to buy it now that i have a balcony. timing wise it was last spring. i can't recall where exactly it was. tried ""plant"" but it just showed random photos. how do you even search for something like that? eventually i just gave up.",youtube:syn-you-0086
youtube,syn-you-0087,2025-09-10T16:54:11,synthetic_user_42054,True,synthetic://youtube/syn-you-0087,,How to find old photos fast on Android,[],"{""likes"": 1151}",youtube_comments,"I've been looking for the photo of the stage when they announced the results for days. I need it now because I need it for my portfolio. Timing wise it was around the end of the year, 2022 or 2023. I have no idea what year it was. I searched ""me on stage with trophy under purple lights"" and got thousands of results to scroll through. There are so many almost identical shots from that day that I can't tell which one it is. I gave up on finding it.",youtube:syn-you-0087
youtube,syn-you-0088,2026-03-15T01:11:25,synthetic_user_42655,True,synthetic://youtube/syn-you-0088,,Google Photos hidden features (2025),[],"{""likes"": 1266}",youtube_comments,"i don't remember dates, nobody does. searching by date is useless for old memories.",youtube:syn-you-0088
youtube,syn-you-0089,2026-02-08T08:46:40,synthetic_user_95624,True,synthetic://youtube/syn-you-0089,,10 Google Photos search tricks you didn't know,[],"{""likes"": 803}",youtube_comments,"from experience, name the face groups. searching a person's name works way better than describing them.",youtube:syn-you-0089
youtube,syn-you-0090,2023-07-26T15:33:00,synthetic_user_42854,True,synthetic://youtube/syn-you-0090,,10 Google Photos search tricks you didn't know,[],"{""likes"": 1311}",youtube_comments,"This didn't help me: looking for the picture of the dent on my car. It's a picture of a dent on the car door. I have no idea what year it was. Tried ""car"" and there it was. Got it eventually, after two evenings.",youtube:syn-you-0090
youtube,syn-you-0091,2024-08-16T08:59:52,synthetic_user_2563,True,synthetic://youtube/syn-you-0091,,How to find old photos fast on Android,[],"{""likes"": 534}",youtube_comments,"This didn't help me: looking for the photo of the warranty card for the washing machine. I need it now because the machine broke and service wants the warranty. I can picture a small card taped to the invoice. I can't recall what it said exactly. Searched for ""washing machine warranty card"" and nothing came up. The text on the bill isn't searchable as far as I can tell. I gave up on finding it.",youtube:syn-you-0091
youtube,syn-you-0092,2024-10-31T05:02:04,synthetic_user_75966,True,synthetic://youtube/syn-you-0092,,"Organise 50,000 photos in one afternoon",[],"{""likes"": 497}",youtube_comments,"this didn't help me: i've been looking for the photo of the electrician's handwritten estimate for days. i need it because he's charging way more now. i can picture blue pen on lined paper. i don't know what word the app would use for it. tried ""estimate"" and got a bunch of pictures that had nothing to do with it. i didn't know what else to try. ended up scrolling back through years of photos. i gave up on finding it.",youtube:syn-you-0092
youtube,syn-you-0093,2025-01-01T06:43:23,synthetic_user_31037,True,synthetic://youtube/syn-you-0093,,Google Photos vs iCloud Photos: which is better?,[],"{""likes"": 124}",youtube_comments,"This didn't help me: i'm trying to find the photo of the view from the train window. It's from the Europe backpacking trip. I don't remember the name of the place. Searched for ""view from train window with green hills"" and got a bunch of pictures that had nothing to do with it. It took ""train"" literally and ignored everything else. I found a similar one but not the exact photo I wanted.",youtube:syn-you-0093
youtube,syn-you-0094,2024-12-14T00:52:29,synthetic_user_12120,True,synthetic://youtube/syn-you-0094,,Google Photos hidden features (2025),[],"{""likes"": 978}",youtube_comments,"Does anyone know how to find that photo where I was wearing the blue shirt? I need it because I need a profile photo for a new job. I know it was at a friend's place, I think. I don't remember the name of the place. I searched ""summer"" and there it was. Finally found it after three days.",youtube:syn-you-0094
youtube,syn-you-0095,2023-04-27T22:17:06,synthetic_user_25733,True,synthetic://youtube/syn-you-0095,,10 Google Photos search tricks you didn't know,[],"{""likes"": 1180}",youtube_comments,"Something that helps: If it was a screenshot, open the Screenshots category first and then scroll by month.",youtube:syn-you-0095
youtube,syn-you-0096,2025-04-04T03:48:17,synthetic_user_16974,True,synthetic://youtube/syn-you-0096,,10 Google Photos search tricks you didn't know,[],"{""likes"": 247}",youtube_comments,"Great video. Still, looking for a photo of the rental agreement. I need it because the landlord is refusing to return the deposit. It's a picture of the rental agreement. I can't recall what it said exactly. I searched ""rent agreement document pages"" and nothing came up. The photo is definitely in my library but search never shows it. Still haven't found it.",youtube:syn-you-0096
youtube,syn-you-0097,2025-12-19T15:56:01,synthetic_user_32594,True,synthetic://youtube/syn-you-0097,,Google Photos hidden features (2025),[],"{""likes"": 1275}",youtube_comments,"Didn't remember anything except a wooden roof and my dad standing at the front, searched for that and it showed up. Impressed.",youtube:syn-you-0097
youtube,syn-you-0098,2023-01-18T20:59:13,synthetic_user_87152,True,synthetic://youtube/syn-you-0098,,Google Photos hidden features (2025),[],"{""likes"": 307}",youtube_comments,"Does anyone know how to find the family photo from Diwali where everyone is wearing white? I remember everyone in white kurtas with diyas in front. I can't remember the date at all. I searched ""diwali"" and there it was. I went through the face group for that person too. Finally found it after half an hour of scrolling.",youtube:syn-you-0098
youtube,syn-you-0099,2025-01-05T20:00:49,synthetic_user_42813,True,synthetic://youtube/syn-you-0099,,How to find old photos fast on Android,[],"{""likes"": 793}",youtube_comments,"This didn't help me: i'm trying to find the photo from my friend's wedding where we were standing outside. I remember the groom and our school gang being in it. No clue what the place was called. I searched ""wedding"" and it gave me hundreds of photos. There are so many almost identical shots from that day that I can't tell which one it is. I asked my sister if she still had it. I found a similar one but not the exact photo I wanted.",youtube:syn-you-0099
youtube,syn-you-0100,2024-06-15T02:43:43,synthetic_user_97340,True,synthetic://youtube/syn-you-0100,,Google Photos hidden features (2025),[],"{""likes"": 52}",youtube_comments,can't figure out how to download all my photos to a hard drive.,youtube:syn-you-0100
youtube,syn-you-0101,2023-09-10T13:10:24,synthetic_user_80511,True,synthetic://youtube/syn-you-0101,,Google Photos hidden features (2025),[],"{""likes"": 981}",youtube_comments,Found the photo I took of my passport page by searching the person's face and then scrolling a bit. Took two minutes.,youtube:syn-you-0101
youtube,syn-you-0102,2024-03-30T10:23:35,synthetic_user_4244,True,synthetic://youtube/syn-you-0102,,10 Google Photos search tricks you didn't know,[],"{""likes"": 255}",youtube_comments,"great video. still, i've been looking for the photo i took of my passport page for days. i remember i took it when applying for a visa. i can't recall what it said exactly. i typed ""passport"" in search and nothing came up. i ran out of ideas pretty quickly. eventually i searched my whatsapp chats instead. eventually i just gave up.",youtube:syn-you-0102
youtube,syn-you-0103,2026-08-03T16:26:15,synthetic_user_48308,True,synthetic://youtube/syn-you-0103,,Google Photos vs iCloud Photos: which is better?,[],"{""likes"": 631}",youtube_comments,Minor gripe: Uploading in original quality eats my data plan. I wish the video editor had more music options.,youtube:syn-you-0103
youtube,syn-you-0104,2026-04-23T12:40:17,synthetic_user_48754,True,synthetic://youtube/syn-you-0104,,How to find old photos fast on Android,[],"{""likes"": 870}",youtube_comments,"Pro tip: Ask whoever was there, someone in the group chat usually still has it.",youtube:syn-you-0104
youtube,syn-you-0105,2023-08-06T04:58:58,synthetic_user_32912,True,synthetic://youtube/syn-you-0105,,Google Photos vs iCloud Photos: which is better?,[],"{""likes"": 889}",youtube_comments,two things. face grouping merged my twin daughters into one person lol.,youtube:syn-you-0105
youtube,syn-you-0106,2023-07-19T13:20:04,synthetic_user_58688,True,synthetic://youtube/syn-you-0106,,Google Photos hidden features (2025),[],"{""likes"": 1213}",youtube_comments,"tried the tips from this video but i've been looking for a photo of the tiny café we found in goa for days. it was sometime in december, maybe 2021 or 2022. i can't recall where exactly it was. searched for ""small cafe with blue chairs near the beach"" and nothing came up. i ran out of ideas pretty quickly. finally found it after three days.",youtube:syn-you-0106
youtube,syn-you-0107,2025-08-07T03:04:27,synthetic_user_25622,True,synthetic://youtube/syn-you-0107,,"Organise 50,000 photos in one afternoon",[],"{""likes"": 86}",youtube_comments,Shared album invite link doesn't work for my dad.,youtube:syn-you-0107
youtube,syn-you-0108,2023-04-21T16:49:08,synthetic_user_93404,True,synthetic://youtube/syn-you-0108,,Google Photos hidden features (2025),[],"{""likes"": 680}",youtube_comments,"if it was a screenshot, open the screenshots category first and then scroll by month.",youtube:syn-you-0108
youtube,syn-you-0109,2025-12-22T10:01:56,synthetic_user_64491,True,synthetic://youtube/syn-you-0109,,How to find old photos fast on Android,[],"{""likes"": 408}",youtube_comments,It's frustrating that I have to guess what word the app uses for something.,youtube:syn-you-0109
youtube,syn-you-0110,2023-02-20T00:38:04,synthetic_user_74072,True,synthetic://youtube/syn-you-0110,,Google Photos vs iCloud Photos: which is better?,[],"{""likes"": 372}",youtube_comments,"Update: The editing tools are great, the magic eraser is really good.",youtube:syn-you-0110
youtube,syn-you-0111,2025-07-04T15:30:24,synthetic_user_92197,True,synthetic://youtube/syn-you-0111,,Google Photos vs iCloud Photos: which is better?,[],"{""likes"": 1220}",youtube_comments,Something that helps: Check whether the photo was ever backed up. If it was from an old phone it might never have been uploaded.,youtube:syn-you-0111
youtube,syn-you-0112,2023-09-04T20:26:05,synthetic_user_716,True,synthetic://youtube/syn-you-0112,,How to find old photos fast on Android,[],"{""likes"": 407}",youtube_comments,"If it was a screenshot, open the Screenshots category first and then scroll by month.",youtube:syn-you-0112
youtube,syn-you-0113,2025-04-05T15:06:09,synthetic_user_55779,True,synthetic://youtube/syn-you-0113,,How to find old photos fast on Android,[],"{""likes"": 676}",youtube_comments,"Tried the tips from this video but i've been looking for that picture from the trip where we stayed near the beach for days. It's from a long weekend trip. I don't remember when exactly. Tried ""beach 2021"" and got no results. After that I had no idea what else to try. I found a similar one but not the exact photo I wanted.",youtube:syn-you-0113
youtube,syn-you-0114,2023-04-14T16:16:20,synthetic_user_77137,True,synthetic://youtube/syn-you-0114,,Google Photos vs iCloud Photos: which is better?,[],"{""likes"": 1365}",youtube_comments,Why did they move the sharing button? The new layout is confusing.,youtube:syn-you-0114
youtube,syn-you-0115,2024-06-21T21:19:11,synthetic_user_30926,True,synthetic://youtube/syn-you-0115,,"Organise 50,000 photos in one afternoon",[],"{""likes"": 1130}",youtube_comments,"search should work the way i remember things, like 'me wearing blue shirt white wall', not just single words.",youtube:syn-you-0115
youtube,syn-you-0116,2026-03-21T00:06:36,synthetic_user_41293,True,synthetic://youtube/syn-you-0116,,Google Photos hidden features (2025),[],"{""likes"": 1367}",youtube_comments,"Something that helps: You can search text inside photos sometimes, but it only works if the words are clear in the image.",youtube:syn-you-0116
youtube,syn-you-0117,2024-06-07T22:13:47,synthetic_user_79803,True,synthetic://youtube/syn-you-0117,,"Organise 50,000 photos in one afternoon",[],"{""likes"": 77}",youtube_comments,"Search should work the way I remember things, like 'dad standing on a boat with a wooden roof', not just single words.",youtube:syn-you-0117
youtube,syn-you-0118,2025-10-14T14:22:53,synthetic_user_79443,True,synthetic://youtube/syn-you-0118,,"Organise 50,000 photos in one afternoon",[],"{""likes"": 1009}",youtube_comments,"Pro tip: Use the date jump on the scrollbar, drag to the year and go month by month.",youtube:syn-you-0118
youtube,syn-you-0119,2026-04-23T15:59:02,synthetic_user_89804,True,synthetic://youtube/syn-you-0119,,10 Google Photos search tricks you didn't know,[],"{""likes"": 849}",youtube_comments,Two things. Can't figure out how to download all my photos to a hard drive.,youtube:syn-you-0119
forums,syn-for-0000,2026-02-06T20:19:22,synthetic_user_29377,True,synthetic://forums/syn-for-0000,Tips for locating that picture from the trip where we stayed near the beach?,Apps & software,[],"{""views"": 3556, ""replies"": 29}",toms_guide_forum,"A lot of my photos come from shared albums. Looking for that picture from the trip where we stayed near the beach. I need it now because I want to book the same homestay. It was 2021 or 2022, not sure. I know it was at a homestay near a quiet beach. The photo probably has no proper date on it. Not sure which month or year, honestly. I typed ""beach 2021"" in search and there it was. I typed ""beach"" in search and there it was. Searched for ""hammock between coconut trees near beach homestay"" and there it was. I kept retyping different searches. Tried synonyms like ""sea"" too. Got it eventually, after half an hour of scrolling. Am I doing something wrong?",forums:syn-for-0000
forums,syn-for-0001,2024-01-08T10:39:44,synthetic_user_83885,True,synthetic://forums/syn-for-0001,Search vs scrolling for old memories,Apps & software,[],"{""views"": 9324, ""replies"": 39}",xda_forums,Something that helps: Name the face groups. Searching a person's name works way better than describing them.,forums:syn-for-0001
forums,syn-for-0002,2024-06-26T22:16:30,synthetic_user_56270,True,synthetic://forums/syn-for-0002,Tips for locating an old photo?,Apps & software,[],"{""views"": 14895, ""replies"": 32}",xda_forums,"Update: Uploading in original quality eats my data plan. Cancelled my subscription, moving everything to an external drive.",forums:syn-for-0002
forums,syn-for-0003,2023-01-24T05:34:07,synthetic_user_73509,True,synthetic://forums/syn-for-0003,Finding a specific old photo in Google Photos,Apps & software,[],"{""views"": 12696, ""replies"": 9}",macrumors_forums,"Couldn't find the photo of the stage when they announced the results anywhere, then realised it was on my old phone and never got backed up.",forums:syn-for-0003
forums,syn-for-0004,2026-04-02T08:51:11,synthetic_user_82616,True,synthetic://forums/syn-for-0004,Tips for locating an old photo?,Apps & software,[],"{""views"": 17830, ""replies"": 34}",toms_guide_forum,What worked for me: Check whether the photo was ever backed up. If it was from an old phone it might never have been uploaded.,forums:syn-for-0004
forums,syn-for-0005,2025-10-26T20:53:38,synthetic_user_29098,True,synthetic://forums/syn-for-0005,Search vs scrolling for old memories,Apps & software,[],"{""views"": 17505, ""replies"": 32}",macrumors_forums,"What worked for me: Tip: if location history was on, try the map view and zoom into the area instead of searching the name.",forums:syn-for-0005
forums,syn-for-0006,2025-03-31T12:06:14,synthetic_user_91793,True,synthetic://forums/syn-for-0006,Tips for locating the photo of my son's first steps?,Apps & software,[],"{""views"": 9173, ""replies"": 19}",android_central_forums,"I've used Google Photos since it launched. Does anyone know how to find the photo of my son's first steps? I need it because we're making a birthday album. I remember my son being in it. I can picture the green rug and him holding the sofa. It's the one my wife took, not me. I can't remember the date at all. I don't remember which album it went into. Searched for ""baby walking"" and got thousands of results to scroll through. There are so many almost identical shots from that day that I can't tell which one it is. I went through the face group for that person too. I jumped to roughly that year with the scrollbar and went month by month. Eventually I just gave up. Any tips?",forums:syn-for-0006
forums,syn-for-0007,2026-01-07T22:28:44,synthetic_user_32633,True,synthetic://forums/syn-for-0007,Search vs scrolling for old memories,Apps & software,[],"{""views"": 10261, ""replies"": 32}",toms_guide_forum,"Half my library is screenshots. I'm trying to find the photo of my car's insurance papers. I need it now because I had an accident and need the policy number. I remember I took it in the car when the traffic police stopped me once. It's a picture of the insurance papers. I can't recall what it said exactly. I have no idea what year it was. Tried ""insurance"" and nothing came up. I searched ""insurance"" and got no results. Searched for ""car insurance paper on dashboard"" and nothing came up. The photo is definitely in my library but search never shows it. I scrolled for like 40 minutes. Tried synonyms like ""policy"" too. I found a similar one but not the exact photo I wanted.",forums:syn-for-0007
forums,syn-for-0008,2026-05-12T02:01:55,synthetic_user_49674,True,synthetic://forums/syn-for-0008,Finding a specific old photo in Google Photos,Apps & software,[],"{""views"": 861, ""replies"": 38}",xda_forums,"A lot of my photos come from shared albums. Looking for the photo with the bride and my grandmother. I need it now because grandma wants a print. It was at my brother's wedding. I can picture grandma in a green saree sitting on the stage. I remember my grandmother and my sister-in-law being in it. It was reception night. I don't remember which album it went into. I have no idea what year it was. Searched for ""reception"" and it gave me hundreds of photos. I typed ""grandmother"" in search and it gave me hundreds of photos. All the results look the same as tiny thumbnails. I asked my sister if she still had it. Got it eventually, after half an hour of scrolling. How do you all deal with this?",forums:syn-for-0008
forums,syn-for-0009,2024-03-28T07:00:03,synthetic_user_66377,True,synthetic://forums/syn-for-0009,Search vs scrolling for old memories,Apps & software,[],"{""views"": 4337, ""replies"": 15}",xda_forums,"On photos.google.com from my PC. I've been looking for the photo of my dad's blood test report for days. I need it because the new doctor wants old values. Timing wise it was before his surgery, early last year. For context, the lab gave only a paper copy. I can't recall what it said exactly. I typed ""report"" in search and got no results. It just doesn't show up in search even though I know it's there. Tried synonyms like ""test results"" too. I scrolled for like 40 minutes. Never found it.",forums:syn-for-0009
forums,syn-for-0010,2023-09-25T23:03:58,synthetic_user_24159,True,synthetic://forums/syn-for-0010,Tips for locating an old photo?,Apps & software,[],"{""views"": 9526, ""replies"": 3}",toms_guide_forum,Two things. Face grouping merged my twin daughters into one person lol. Uploading in original quality eats my data plan.,forums:syn-for-0010
forums,syn-for-0011,2023-01-13T19:32:46,synthetic_user_1967,True,synthetic://forums/syn-for-0011,Search vs scrolling for old memories,Apps & software,[],"{""views"": 15817, ""replies"": 31}",toms_guide_forum,"I'm trying to find the photo of the menu at the street food stall. I need it now because I want to recommend it to someone visiting. It was while eating chaat after the market. Timing wise it was a winter evening, not sure which year. I know it was somewhere in Old Delhi. I remember it showed the prices and the name of the stall. Not sure which month or year, honestly. I searched ""handwritten street food menu board"" and got thousands of results to scroll through. I searched ""menu"" and it gave me hundreds of photos. There are so many almost identical shots from that day that I can't tell which one it is. I asked my sister if she still had it. I scrolled for like 40 minutes. Found one that might be it, but I'm not sure it's the same one. Any tips?",forums:syn-for-0011
forums,syn-for-0012,2023-06-12T06:17:40,synthetic_user_75738,True,synthetic://forums/syn-for-0012,Search vs scrolling for old memories,Apps & software,[],"{""views"": 496, ""replies"": 17}",macrumors_forums,"Was sure I'd never find the video of my dog meeting the new puppy, but searching ""dog video"" plus the year got it on the first try.",forums:syn-for-0012
forums,syn-for-0013,2024-09-17T23:46:06,synthetic_user_48159,True,synthetic://forums/syn-for-0013,Tips for locating the photo of the team at the offsite?,Apps & software,[],"{""views"": 4822, ""replies"": 12}",toms_guide_forum,"On the web version on my laptop. I've been looking for the photo of the team at the offsite for days. I need it now because a colleague is leaving and we're making a card. It had my old team in it. It's from the team offsite. It was before I switched jobs, 2021 maybe. I can't recall where exactly it was. I don't remember when exactly. I typed ""team"" in search and nothing came up. Tried ""team in matching t shirts by a pool"" and got no results. I typed ""offsite 2021"" in search and got a bunch of pictures that had nothing to do with it. After that I had no idea what else to try. I checked all my albums one by one. I gave up on finding it. Am I doing something wrong?",forums:syn-for-0013
forums,syn-for-0014,2023-10-14T07:02:48,synthetic_user_20206,True,synthetic://forums/syn-for-0014,Tips for locating an old photo?,Apps & software,[],"{""views"": 17655, ""replies"": 39}",toms_guide_forum,"Honestly search is amazing. I typed ""plant with purple striped leaves"" and it found the photo of a plant I saw at a nursery in seconds.",forums:syn-for-0014
forums,syn-for-0015,2025-06-16T14:29:45,synthetic_user_27037,True,synthetic://forums/syn-for-0015,Tips for locating an old photo?,Apps & software,[],"{""views"": 5501, ""replies"": 31}",android_central_forums,Two things. The widget on the home screen shows the same photo every day. Why did they move the sharing button? The new layout is confusing.,forums:syn-for-0015
forums,syn-for-0016,2024-01-28T20:12:36,synthetic_user_70634,True,synthetic://forums/syn-for-0016,Google Photos search is failing me,Apps & software,[],"{""views"": 2434, ""replies"": 30}",toms_guide_forum,"What worked for me: Tip: if location history was on, try the map view and zoom into the area instead of searching the name.",forums:syn-for-0016
forums,syn-for-0017,2023-04-20T19:21:35,synthetic_user_27559,True,synthetic://forums/syn-for-0017,Finding a specific old photo in Google Photos,Apps & software,[],"{""views"": 15618, ""replies"": 38}",macrumors_forums,"On iOS. Looking for the photo of the stage when they announced the results. I need it because I need it for my portfolio. For context, I was holding a trophy. It was at my company's annual awards night. Timing wise it was around the end of the year, 2022 or 2023. I remember my team being in it. I have no idea what year it was. Searched for ""awards december"" and it popped up near the top. I searched ""award"" and it popped up near the top. I typed ""me on stage with trophy under purple lights"" in search and there it was. I jumped to roughly that year with the scrollbar and went month by month. I went through the face group for that person too. Got it eventually, after way too long.",forums:syn-for-0017
forums,syn-for-0018,2026-02-05T03:54:04,synthetic_user_2040,True,synthetic://forums/syn-for-0018,Google Photos search is failing me,Apps & software,[],"{""views"": 19571, ""replies"": 7}",macrumors_forums,"Honestly I've stopped using search and just scroll, it's more predictable.",forums:syn-for-0018
forums,syn-for-0019,2024-04-27T08:40:30,synthetic_user_74450,True,synthetic://forums/syn-for-0019,Finding a specific old photo in Google Photos,Apps & software,[],"{""views"": 18062, ""replies"": 31}",android_central_forums,"Looking for the picture of the wine label from our anniversary dinner. It was a couple of years back. It had my partner in it. I can picture a label with a drawing of a bird. It was for our 5th anniversary. No idea what the thing is actually called. I can't recall what it said exactly. Searched for ""wine"" and got no results. After that I had no idea what else to try. Ended up scrolling back through years of photos. I kept retyping different searches. Still haven't found it. Any tips?",forums:syn-for-0019
forums,syn-for-0020,2025-02-02T13:58:14,synthetic_user_12181,True,synthetic://forums/syn-for-0020,Google Photos search is failing me,Apps & software,[],"{""views"": 18171, ""replies"": 18}",xda_forums,"On my Pixel. I'm trying to find the picture of the houseboat we stayed on. I need it now because I wanted to print it for my parents' anniversary. This was during our family trip to Kerala. Timing wise it was a few years ago, before covid I think. It had my parents in it. It was taken somewhere in the Kerala backwaters. I have no idea what year it was. Searched for ""kerala 2019"" and it popped up near the top. I jumped to roughly that year with the scrollbar and went month by month. Got it eventually, after two evenings. Am I doing something wrong?",forums:syn-for-0020
forums,syn-for-0021,2026-08-06T03:05:47,synthetic_user_77284,True,synthetic://forums/syn-for-0021,Search vs scrolling for old memories,Apps & software,[],"{""views"": 9105, ""replies"": 26}",xda_forums,"Pro tip: If it was a screenshot, open the Screenshots category first and then scroll by month.",forums:syn-for-0021
forums,syn-for-0022,2024-02-04T11:27:49,synthetic_user_40544,True,synthetic://forums/syn-for-0022,Tips for locating an old photo?,Apps & software,[],"{""views"": 3250, ""replies"": 2}",toms_guide_forum,"Something that helps: Try searching for something visible in the photo instead of what happened, like ""stage"" or ""cake"".",forums:syn-for-0022
forums,syn-for-0023,2026-01-14T11:47:38,synthetic_user_13182,True,synthetic://forums/syn-for-0023,Search vs scrolling for old memories,Apps & software,[],"{""views"": 1424, ""replies"": 33}",macrumors_forums,"I've been looking for the photo of the view from the train window for days. I need it because I was telling someone about the trip and wanted to show them. I can picture green hills and a reflection of my face in the glass. It was in 2018 or 2019, can't pin it down. I have no idea what year it was. I typed ""view from train window with green hills"" in search but it just showed random photos. I searched ""train 2018"" and got no results. I ran out of ideas pretty quickly. In the end I texted my friend to send it again. I went through the map view hoping to spot it. Still haven't found it. How do you all deal with this?",forums:syn-for-0023
forums,syn-for-0024,2024-02-03T15:39:07,synthetic_user_55009,True,synthetic://forums/syn-for-0024,Tips for locating an old photo?,Apps & software,[],"{""views"": 18202, ""replies"": 9}",android_central_forums,"Thought search was broken but the photo of my dad's blood test report was in my partner's library, not mine.",forums:syn-for-0024
forums,syn-for-0025,2023-02-15T03:10:00,synthetic_user_17393,True,synthetic://forums/syn-for-0025,Search vs scrolling for old memories,Apps & software,[],"{""views"": 17154, ""replies"": 36}",macrumors_forums,"I'm trying to find the photo of us dancing at the sangeet. I need it now because I wanted it for our first anniversary post. It was the night before our wedding. For context, we had practised that dance for weeks. I'm not sure if I ever put it in an album. I typed ""sangeet"" in search and got no results. Searched for ""couple dancing under disco ball pink lehenga"" and got no results. I think it's in a shared album someone else made, not my library. Ended up scrolling back through years of photos. Eventually I just gave up. How do you all deal with this?",forums:syn-for-0025
forums,syn-for-0026,2024-06-29T06:26:43,synthetic_user_21327,True,synthetic://forums/syn-for-0026,Tips for locating the photo of the warranty card for the washing machine?,Apps & software,[],"{""views"": 16834, ""replies"": 37}",toms_guide_forum,"Does anyone know how to find the photo of the warranty card for the washing machine? I need it now because the machine broke and service wants the warranty. It's a picture of the warranty card. Timing wise it was when we bought it, 2 years ago maybe. For context, I photographed it right after installation. I can't recall what it said exactly. Searched for ""warranty 2024"" and got no results. Tried ""warranty"" but it just showed random photos. After that I had no idea what else to try. I checked my Gmail in case I had sent it to someone. Found one that might be it, but I'm not sure it's the same one. Is there a better way to search for stuff like this?",forums:syn-for-0026
forums,syn-for-0027,2024-06-25T13:20:30,synthetic_user_34917,True,synthetic://forums/syn-for-0027,Finding a specific old photo in Google Photos,Apps & software,[],"{""views"": 18188, ""replies"": 22}",android_central_forums,It would help if the app told me why a photo showed up in results.,forums:syn-for-0027
forums,syn-for-0028,2025-08-20T06:28:01,synthetic_user_65942,True,synthetic://forums/syn-for-0028,Tips for locating the screenshot of a chat where my landlord agreed to the repair?,Apps & software,[],"{""views"": 215, ""replies"": 3}",macrumors_forums,"Does anyone know how to find the screenshot of a chat where my landlord agreed to the repair? I need it because he's now saying he never agreed. I remember my landlord being in it. It was sometime last spring. I remember green chat bubbles. I can't recall what it said exactly. Searched for ""chat screenshot"" and got no results. Text inside screenshots doesn't seem to be searchable. Ended up scrolling back through years of photos. I found a similar one but not the exact photo I wanted. Is there a better way to search for stuff like this?",forums:syn-for-0028
forums,syn-for-0029,2025-11-24T06:39:15,synthetic_user_21091,True,synthetic://forums/syn-for-0029,Search vs scrolling for old memories,Apps & software,[],"{""views"": 7926, ""replies"": 5}",macrumors_forums,"Honestly I've stopped using search and just scroll, it's more predictable.",forums:syn-for-0029
forums,syn-for-0030,2025-06-21T01:56:18,synthetic_user_74647,True,synthetic://forums/syn-for-0030,Finding a specific old photo in Google Photos,Apps & software,[],"{""views"": 1125, ""replies"": 29}",android_central_forums,"I'm trying to find the picture of the wine label from our anniversary dinner. I need it now because I want to buy the same wine again. I remember a label with a drawing of a bird. I remember my partner being in it. I can't recall what it said exactly. I typed ""anniversary 2023"" in search but it just showed random photos. I know exactly what it looks like but can't put it into search words. In the end I texted my friend to send it again. Got it eventually, after two evenings. Is there a better way to search for stuff like this?",forums:syn-for-0030
forums,syn-for-0031,2024-11-11T01:39:11,synthetic_user_20149,True,synthetic://forums/syn-for-0031,Google Photos search is failing me,Apps & software,[],"{""views"": 6052, ""replies"": 4}",toms_guide_forum,"On Android. I've been looking for the photo of the street where we got lost for days. I need it because we want to frame it. It had my husband in it. I know it was in some old town in Portugal. I remember yellow tiles on the walls and a tram line. This was during our honeymoon. I can't recall where exactly it was. I can't recall the name of the event. Tried ""narrow street with yellow tiles and tram"" and got a bunch of pictures that had nothing to do with it. I just didn't know how to describe it in a way search would get. Ended up scrolling back through years of photos. I jumped to roughly that year with the scrollbar and went month by month. I gave up on finding it. Am I doing something wrong?",forums:syn-for-0031
forums,syn-for-0032,2025-02-22T22:57:36,synthetic_user_39048,True,synthetic://forums/syn-for-0032,Finding a specific old photo in Google Photos,Apps & software,[],"{""views"": 10891, ""replies"": 21}",android_central_forums,"I've been looking for the photo of my car's insurance papers for days. Timing wise it was last year sometime. It had the policy number on it. Not sure which month or year, honestly. I can't recall what it said exactly. I typed ""insurance"" in search and got no results. The text in the photo doesn't seem to be searchable. Ended up scrolling back through years of photos. I found a similar one but not the exact photo I wanted. How do you all deal with this?",forums:syn-for-0032
forums,syn-for-0033,2023-04-21T06:26:59,synthetic_user_22045,True,synthetic://forums/syn-for-0033,Tips for locating the photo of the street where we got lost?,Apps & software,[],"{""views"": 7711, ""replies"": 20}",toms_guide_forum,"I'm trying to find the photo of the street where we got lost. I need it now because we want to frame it. I know it was in some old town in Portugal. I remember yellow tiles on the walls and a tram line. It's from our honeymoon. I can't recall the name of the event. No clue what the place was called. I searched ""narrow street with yellow tiles and tram"" and there it was. Searched for ""street"" and it popped up near the top. I searched ""lisbon"" and there it was. I jumped to roughly that year with the scrollbar and went month by month. Got it eventually, after way too long. Any tips?",forums:syn-for-0033
forums,syn-for-0034,2026-07-21T22:29:14,synthetic_user_44536,True,synthetic://forums/syn-for-0034,Tips for locating the photo of the parking spot sign?,Apps & software,[],"{""views"": 1486, ""replies"": 31}",toms_guide_forum,"Does anyone know how to find the photo of the parking spot sign? It was taken in a multi-level parking. I remember a green pillar with a letter and number. I remember I took it so I'd remember where I parked. Timing wise it was a few weeks ago. I don't remember the exact words on it. I typed ""parking pillar sign"" in search and nothing came up. The location data was probably off so there's nothing to go on. Gave up for the day and tried again the next week. Never found it. Any tips?",forums:syn-for-0034
forums,syn-for-0035,2025-01-05T12:36:05,synthetic_user_99610,True,synthetic://forums/syn-for-0035,Tips for locating the picture of the wine label from our anniversary dinner?,Apps & software,[],"{""views"": 4850, ""replies"": 2}",macrumors_forums,"I'm trying to find the picture of the wine label from our anniversary dinner. I need it now because I want to buy the same wine again. It was taken on our 5th anniversary. It was a couple of years back. I can picture a label with a drawing of a bird. We were at the Italian place downtown when I took it. I don't remember the exact words on it. I don't know what it's called. I typed ""anniversary 2023"" in search and nothing came up. Tried ""wine"" and got a bunch of pictures that had nothing to do with it. I typed ""wine bottle with bird drawing on label"" in search but it just showed random photos. I just didn't know how to describe it in a way search would get. Tried synonyms like ""bottle"" too. Gave up for the day and tried again the next week. Found one that might be it, but I'm not sure it's the same one. Is there a better way to search for stuff like this?",forums:syn-for-0035
forums,syn-for-0036,2024-03-22T05:51:00,synthetic_user_82953,True,synthetic://forums/syn-for-0036,Finding a specific old photo in Google Photos,Apps & software,[],"{""views"": 16212, ""replies"": 13}",xda_forums,"I'm trying to find the photo of the stage when they announced the results. I need it now because I need it for my portfolio. It's from my company's annual awards night. Timing wise it was around the end of the year, 2022 or 2023. I don't remember when exactly. I don't even remember what the event was called. Tried ""award"" and it gave me hundreds of photos. I typed ""me on stage with trophy under purple lights"" in search and got thousands of results to scroll through. I searched ""awards december"" and it gave me hundreds of photos. All the results look the same as tiny thumbnails. Ended up scrolling back through years of photos. I went through the face group for that person too. Never found it. Am I doing something wrong?",forums:syn-for-0036
forums,syn-for-0037,2026-06-16T00:14:11,synthetic_user_36908,True,synthetic://forums/syn-for-0037,Tips for locating a short video of the band at the pub?,Apps & software,[],"{""views"": 18484, ""replies"": 35}",toms_guide_forum,"On Android. Looking for a short video of the band at the pub. I need it because I want to find the band name. It's from a random Friday gig. Timing wise it was one weekend, maybe 2022. It was taken at a pub in the old part of town. I don't even remember what the event was called. I don't remember the name of the place. I typed ""band"" in search and nothing came up. Searched for ""friday 2022"" and got no results. I searched ""video of band with violin red lights pub"" and nothing came up. The photo is definitely in my library but search never shows it. I jumped to roughly that year with the scrollbar and went month by month. Still haven't found it. Am I doing something wrong?",forums:syn-for-0037
forums,syn-for-0038,2024-10-24T20:35:33,synthetic_user_24388,True,synthetic://forums/syn-for-0038,Google Photos search is failing me,Apps & software,[],"{""views"": 19495, ""replies"": 37}",xda_forums,"Couldn't find a picture of the sofa fabric sample anywhere, then realised it was on my old phone and never got backed up.",forums:syn-for-0038
forums,syn-for-0039,2025-03-20T01:41:25,synthetic_user_30270,True,synthetic://forums/syn-for-0039,Search vs scrolling for old memories,Apps & software,[],"{""views"": 5921, ""replies"": 0}",android_central_forums,"Was sure I'd never find the photo of the shoes I tried on in the store, but searching ""shoes"" plus the year got it on the first try.",forums:syn-for-0039
forums,syn-for-0040,2025-12-10T04:31:57,synthetic_user_68452,True,synthetic://forums/syn-for-0040,Finding a specific old photo in Google Photos,Apps & software,[],"{""views"": 12044, ""replies"": 36}",toms_guide_forum,"Looking for the photo from our college fest. I need it now because 10 year reunion is coming up. I remember all of us in black t-shirts in front of a big banner. I remember the photos were from an old phone that I backed up later. Timing wise it was second year, so 2014 or 2015. I can't remember the date at all. Tried ""2014"" and nothing came up. It just doesn't show up in search even though I know it's there. Ended up scrolling back through years of photos. Finally found it after half an hour of scrolling.",forums:syn-for-0040
forums,syn-for-0041,2024-09-28T01:56:41,synthetic_user_86161,True,synthetic://forums/syn-for-0041,Google Photos search is failing me,Apps & software,[],"{""views"": 15672, ""replies"": 10}",android_central_forums,"Does anyone know how to find a photo of the tiny café we found in Goa? I need it now because my friend is going to Goa and asked for the name. Timing wise it was sometime in December, maybe 2021 or 2022. I remember blue wooden chairs and a hand-painted menu board. I have no idea what year it was. I typed ""goa 2022"" in search but it just showed random photos. Tried ""cafe"" but it just showed random photos. It doesn't understand what I'm describing at all. I went through the map view hoping to spot it. I jumped to roughly that year with the scrollbar and went month by month. Never found it. Any tips?",forums:syn-for-0041
forums,syn-for-0042,2023-03-15T23:05:05,synthetic_user_27244,True,synthetic://forums/syn-for-0042,Google Photos search is failing me,Apps & software,[],"{""views"": 7226, ""replies"": 8}",macrumors_forums,"On photos.google.com from my PC. I've been looking for the picture of the houseboat we stayed on for days. It's from our family trip to Kerala. I remember my parents being in it. All I remember visually is a wooden roof and my dad standing at the front. We were somewhere in the Kerala backwaters when I took it. I have no idea what year it was. Tried ""dad standing on a boat with a wooden roof"" and it gave me hundreds of photos. I have hundreds of similar shots and can't tell which one it was. Ended up scrolling back through years of photos. Eventually I just gave up. Any tips?",forums:syn-for-0042
forums,syn-for-0043,2026-08-27T05:53:40,synthetic_user_78409,True,synthetic://forums/syn-for-0043,Finding a specific old photo in Google Photos,Apps & software,[],"{""views"": 15440, ""replies"": 19}",toms_guide_forum,"Looking for the picture of the wine label from our anniversary dinner. I need it now because I want to buy the same wine again. It had my partner in it. It was for our 5th anniversary. Timing wise it was a couple of years back. No idea what the thing is actually called. I typed ""wine"" in search but it just showed random photos. Searched for ""anniversary 2023"" and got a bunch of pictures that had nothing to do with it. It took ""wine"" literally and ignored everything else. Gave up for the day and tried again the next week. Ended up scrolling back through years of photos. Still haven't found it. Any tips?",forums:syn-for-0043
forums,syn-for-0044,2026-03-14T18:38:47,synthetic_user_51605,True,synthetic://forums/syn-for-0044,Finding a specific old photo in Google Photos,Apps & software,[],"{""views"": 9985, ""replies"": 37}",macrumors_forums,"Does anyone know how to find the photo from my friend's wedding where we were standing outside? I need it now because it's their anniversary next week. Timing wise it was a couple of years ago, winter. It was at my friend's wedding. I can't remember the date at all. Searched for ""wedding"" but it just showed random photos. I typed ""wedding december"" in search and got no results. Searched for ""friends standing outside wedding venue at night"" and got a bunch of pictures that had nothing to do with it. I ran out of ideas pretty quickly. I asked my sister if she still had it. Still haven't found it. Am I doing something wrong?",forums:syn-for-0044
forums,syn-for-0045,2023-03-16T16:03:19,synthetic_user_56555,True,synthetic://forums/syn-for-0045,Google Photos search is failing me,Apps & software,[],"{""views"": 10082, ""replies"": 38}",toms_guide_forum,"Couldn't find the selfie from the concert anywhere, then realised it was on my old phone and never got backed up.",forums:syn-for-0045
forums,syn-for-0046,2024-06-29T05:30:31,synthetic_user_13292,True,synthetic://forums/syn-for-0046,Search vs scrolling for old memories,Apps & software,[],"{""views"": 19518, ""replies"": 39}",xda_forums,"Looking for a picture of the sofa fabric sample. For context, the shop said to send them the photo when ordering. It was when we were redoing the living room. No idea what the thing is actually called. I have no idea what year it was. I typed ""mustard fabric sample"" in search but it just showed random photos. It took ""fabric"" literally and ignored everything else. Tried synonyms like ""cloth"" too. I gave up on finding it.",forums:syn-for-0046
forums,syn-for-0047,2024-11-08T16:30:45,synthetic_user_52609,True,synthetic://forums/syn-for-0047,Tips for locating a photo of the biryani my grandmother made?,Apps & software,[],"{""views"": 6582, ""replies"": 23}",macrumors_forums,"On my iPhone. Does anyone know how to find a photo of the biryani my grandmother made? It was for Eid. Honestly it means a lot to me. I remember my grandmother being in it. I don't remember when exactly. Tried ""biryani"" but it just showed random photos. I searched ""eid 2021"" but it just showed random photos. Searched for ""grandma serving biryani from a copper pot"" and got a bunch of pictures that had nothing to do with it. It seems like search ignores half of what I type and only matches one word. I went through the face group for that person too. I jumped to roughly that year with the scrollbar and went month by month. Never found it.",forums:syn-for-0047
forums,syn-for-0048,2024-07-19T04:58:38,synthetic_user_31404,True,synthetic://forums/syn-for-0048,Tips for locating a short video of the band at the pub?,Apps & software,[],"{""views"": 6000, ""replies"": 24}",xda_forums,"On the web version on my laptop. I'm trying to find a short video of the band at the pub. I need it now because I want to find the band name. It was while singing a cover of some old song. It was one weekend, maybe 2022. It was at a random Friday gig. No clue what the place was called. No idea what the thing is actually called. Searched for ""video of band with violin red lights pub"" and nothing came up. I typed ""band"" in search and got no results. I typed ""friday 2022"" in search and got no results. The photo is definitely in my library but search never shows it. I even googled how to search Google Photos better. Found one that might be it, but I'm not sure it's the same one. Am I doing something wrong?",forums:syn-for-0048
forums,syn-for-0049,2023-04-18T09:38:24,synthetic_user_85283,True,synthetic://forums/syn-for-0049,Google Photos search is failing me,Apps & software,[],"{""views"": 5208, ""replies"": 26}",android_central_forums,"You can search text inside photos sometimes, but it only works if the words are clear in the image.",forums:syn-for-0049
forums,syn-for-0050,2024-06-30T23:41:00,synthetic_user_88960,True,synthetic://forums/syn-for-0050,Finding a specific old photo in Google Photos,Apps & software,[],"{""views"": 16342, ""replies"": 12}",xda_forums,"Looking for the photo of the parking spot sign. I need it because I got a parking fine and need to prove where I was. It was a few weeks ago. All I remember visually is a green pillar with a letter and number. I remember I took it so I'd remember where I parked. I can't recall where exactly it was. I searched ""parking pillar sign"" and got no results. I searched ""parking"" and got no results. Tried ""parking"" and nothing came up. The location data was probably off so there's nothing to go on. I went through the map view hoping to spot it. Tried synonyms like ""car park"" too. Never found it. How do you all deal with this?",forums:syn-for-0050
forums,syn-for-0051,2025-04-21T12:25:52,synthetic_user_97251,True,synthetic://forums/syn-for-0051,Google Photos search is failing me,Apps & software,[],"{""views"": 14622, ""replies"": 29}",android_central_forums,Minor gripe: Storage is full again and now they want me to pay for more. Too expensive for what it is.,forums:syn-for-0051
forums,syn-for-0052,2023-02-24T21:59:55,synthetic_user_39468,True,synthetic://forums/syn-for-0052,Google Photos search is failing me,Apps & software,[],"{""views"": 13091, ""replies"": 33}",xda_forums,"I'm trying to find the photo of the team at the offsite. All I remember visually is everyone in matching t-shirts by a pool. It had my old team in it. It was at the team offsite. I can't recall where exactly it was. I searched ""team"" and nothing came up. Tried ""offsite 2021"" and got a bunch of pictures that had nothing to do with it. Tried ""team in matching t shirts by a pool"" but it just showed random photos. I know exactly what it looks like but can't put it into search words. I jumped to roughly that year with the scrollbar and went month by month. Still haven't found it. Is there a better way to search for stuff like this?",forums:syn-for-0052
forums,syn-for-0053,2025-08-28T08:05:05,synthetic_user_46404,True,synthetic://forums/syn-for-0053,Google Photos search is failing me,Apps & software,[],"{""views"": 13918, ""replies"": 27}",android_central_forums,"I've been looking for the photo of the temple on the hill for days. I need it because my parents want to visit again. It was a long time ago, maybe 2015. We were on a hill somewhere on the way to Mysore when I took it. No clue what the place was called. I typed ""white temple on hill with steps"" in search and it popped up near the top. Tried ""temple"" and there it was. Tried ""mysore 2015"" and there it was. Ended up scrolling back through years of photos. In the end I texted my friend to send it again. Got it eventually, after half an hour of scrolling. Is there a better way to search for stuff like this?",forums:syn-for-0053
forums,syn-for-0054,2024-12-17T01:15:55,synthetic_user_61543,True,synthetic://forums/syn-for-0054,Finding a specific old photo in Google Photos,Apps & software,[],"{""views"": 1654, ""replies"": 35}",toms_guide_forum,"Search for the thing plus the city, e.g. ""cake bangalore"", works better than a sentence for me.",forums:syn-for-0054
forums,syn-for-0055,2025-11-07T00:36:53,synthetic_user_83196,True,synthetic://forums/syn-for-0055,Tips for locating the video of my dog meeting the new puppy?,Apps & software,[],"{""views"": 5095, ""replies"": 22}",macrumors_forums,"I have 12 years of photos in there. I'm trying to find the video of my dog meeting the new puppy. I need it because our old dog passed away last week. It had our old dog in it. It was right after we adopted the puppy, 2020. All I remember visually is the puppy running circles around him. It's the funniest thing. I have no idea what year it was. I typed ""2020 video"" in search and got no results. Tried ""video of old dog meeting new puppy"" and got no results. It just doesn't show up in search even though I know it's there. Ended up scrolling back through years of photos. I kept retyping different searches. I found a similar one but not the exact photo I wanted. Any tips?",forums:syn-for-0055
forums,syn-for-0056,2023-04-28T18:31:18,synthetic_user_37594,True,synthetic://forums/syn-for-0056,Search vs scrolling for old memories,Apps & software,[],"{""views"": 12022, ""replies"": 24}",android_central_forums,"I search in Photos pretty much every day. I've been looking for the photo of the warranty card for the washing machine for days. I need it now because the machine broke and service wants the warranty. I remember a small card taped to the invoice. I remember I photographed it right after installation. It was when we bought it, 2 years ago maybe. It had the serial number on it. I don't remember when exactly. I can't recall what it said exactly. I searched ""washing machine warranty card"" and got no results. Tried ""warranty 2024"" and got a bunch of pictures that had nothing to do with it. I typed ""warranty"" in search and nothing came up. After that I had no idea what else to try. I checked my Gmail in case I had sent it to someone. Finally found it after way too long. How do you all deal with this?",forums:syn-for-0056
forums,syn-for-0057,2024-06-03T06:08:35,synthetic_user_56963,True,synthetic://forums/syn-for-0057,Finding a specific old photo in Google Photos,Apps & software,[],"{""views"": 16307, ""replies"": 6}",xda_forums,"Does anyone know how to find the photo of the view from the train window? I need it now because I was telling someone about the trip and wanted to show them. I remember green hills and a reflection of my face in the glass. It was taken on the train somewhere between two cities. This was during the Europe backpacking trip. I can't recall where exactly it was. Not sure which month or year, honestly. Tried ""train"" and got no results. Searched for ""train 2018"" and got no results. The photo is definitely in my library but search never shows it. I went through the map view hoping to spot it. I found a similar one but not the exact photo I wanted. Is there a better way to search for stuff like this?",forums:syn-for-0057
forums,syn-for-0058,2023-11-03T11:11:42,synthetic_user_9606,True,synthetic://forums/syn-for-0058,Google Photos search is failing me,Apps & software,[],"{""views"": 14140, ""replies"": 39}",android_central_forums,"What worked for me: Search by year first, like ""2019"", then scroll within that. Much faster than scrolling from today.",forums:syn-for-0058
forums,syn-for-0059,2023-03-16T20:37:18,synthetic_user_68579,True,synthetic://forums/syn-for-0059,Google Photos search is failing me,Apps & software,[],"{""views"": 2481, ""replies"": 10}",toms_guide_forum,"Couldn't find the photo of us dancing at the sangeet anywhere, then realised it was on my old phone and never got backed up.",forums:syn-for-0059
forums,syn-for-0060,2023-06-13T21:54:57,synthetic_user_24297,True,synthetic://forums/syn-for-0060,Search vs scrolling for old memories,Apps & software,[],"{""views"": 12809, ""replies"": 1}",android_central_forums,Spent an hour looking for a picture of the site inspection issue and it turns out I had deleted it years ago. Not the app's fault.,forums:syn-for-0060
forums,syn-for-0061,2025-09-22T13:46:03,synthetic_user_35689,True,synthetic://forums/syn-for-0061,Tips for locating a picture of the site inspection issue?,Apps & software,[],"{""views"": 15776, ""replies"": 0}",toms_guide_forum,"Does anyone know how to find a picture of the site inspection issue? I need it because the client is disputing the report. For context, I took it for the report and never sent it. Timing wise it was a few months back. I can picture a rusty pipe with a yellow tag. It's a picture of a cracked pipe fitting. I have no idea what year it was. No idea what the thing is actually called. Tried ""pipe"" but it just showed random photos. It seems like search ignores half of what I type and only matches one word. Tried synonyms like ""plumbing"" too. Found one that might be it, but I'm not sure it's the same one. Am I doing something wrong?",forums:syn-for-0061
forums,syn-for-0062,2025-05-11T20:26:05,synthetic_user_60852,True,synthetic://forums/syn-for-0062,Tips for locating an old photo?,Apps & software,[],"{""views"": 10181, ""replies"": 34}",toms_guide_forum,Update: Storage is full again and now they want me to pay for more. Too expensive for what it is.,forums:syn-for-0062
forums,syn-for-0063,2025-04-01T10:50:25,synthetic_user_75025,True,synthetic://forums/syn-for-0063,Search vs scrolling for old memories,Apps & software,[],"{""views"": 10192, ""replies"": 5}",toms_guide_forum,Found the screenshot of the train booking confirmation by searching the person's face and then scrolling a bit. Took two minutes.,forums:syn-for-0063
forums,syn-for-0064,2024-12-12T15:31:59,synthetic_user_90521,True,synthetic://forums/syn-for-0064,Tips for locating an old photo?,Apps & software,[],"{""views"": 10883, ""replies"": 2}",xda_forums,Found the photo of the whiteboard from our planning session by searching the person's face and then scrolling a bit. Took two minutes.,forums:syn-for-0064
forums,syn-for-0065,2025-12-19T05:51:55,synthetic_user_60643,True,synthetic://forums/syn-for-0065,Search vs scrolling for old memories,Apps & software,[],"{""views"": 9870, ""replies"": 15}",android_central_forums,"I take a ridiculous number of screenshots. I've been looking for the picture of the houseboat we stayed on for days. I need it because I wanted to print it for my parents' anniversary. It had my parents in it. It's from our family trip to Kerala. All I remember visually is a wooden roof and my dad standing at the front. Not sure which month or year, honestly. I searched ""dad standing on a boat with a wooden roof"" and got a bunch of pictures that had nothing to do with it. How do you even search for something like that? I scrolled for like 40 minutes. I jumped to roughly that year with the scrollbar and went month by month. Eventually I just gave up. How do you all deal with this?",forums:syn-for-0065
forums,syn-for-0066,2025-10-22T15:17:47,synthetic_user_16817,True,synthetic://forums/syn-for-0066,Google Photos search is failing me,Apps & software,[],"{""views"": 18911, ""replies"": 34}",toms_guide_forum,"Does anyone know how to find a short video of the band at the pub? I can picture red lights and the singer with a violin. It was while singing a cover of some old song. Timing wise it was one weekend, maybe 2022. It's from a random Friday gig. I don't remember the name of the place. No idea what the thing is actually called. I typed ""band"" in search and got no results. I typed ""video of band with violin red lights pub"" in search and nothing came up. Searched for ""friday 2022"" and got no results. The photo is definitely in my library but search never shows it. Ended up scrolling back through years of photos. I gave up on finding it.",forums:syn-for-0066
forums,syn-for-0067,2023-08-01T00:17:25,synthetic_user_99647,True,synthetic://forums/syn-for-0067,Google Photos search is failing me,Apps & software,[],"{""views"": 2055, ""replies"": 11}",toms_guide_forum,"Update: The editing tools are great, the magic eraser is really good. Love the collage feature, made a nice one for my mom.",forums:syn-for-0067
forums,syn-for-0068,2023-10-17T12:57:11,synthetic_user_13977,True,synthetic://forums/syn-for-0068,Google Photos search is failing me,Apps & software,[],"{""views"": 15171, ""replies"": 21}",xda_forums,"I use search a lot for work stuff. Looking for the picture of the wine label from our anniversary dinner. I remember a label with a drawing of a bird. I remember my partner being in it. I don't remember the exact words on it. I don't know what it's called. Searched for ""wine bottle with bird drawing on label"" and got no results. I know exactly what it looks like but can't put it into search words. Ended up scrolling back through years of photos. Still haven't found it. Is there a better way to search for stuff like this?",forums:syn-for-0068
forums,syn-for-0069,2025-03-13T06:55:44,synthetic_user_43354,True,synthetic://forums/syn-for-0069,Search vs scrolling for old memories,Apps & software,[],"{""views"": 125, ""replies"": 35}",macrumors_forums,Minor gripe: Please add a dark mode for the web version. Syncing between my two phones is inconsistent.,forums:syn-for-0069
forums,syn-for-0070,2023-05-21T09:30:21,synthetic_user_92512,True,synthetic://forums/syn-for-0070,Tips for locating an old photo?,Apps & software,[],"{""views"": 6248, ""replies"": 16}",macrumors_forums,"Was sure I'd never find that photo where I was wearing the blue shirt, but searching ""blue shirt"" plus the year got it on the first try.",forums:syn-for-0070
forums,syn-for-0071,2025-03-22T19:40:14,synthetic_user_3672,True,synthetic://forums/syn-for-0071,Google Photos search is failing me,Apps & software,[],"{""views"": 18697, ""replies"": 17}",macrumors_forums,"I take a ridiculous number of screenshots. I'm trying to find the screenshot of the train booking confirmation. It was last month. I can picture a white screen with a green tick. I remember it showed the PNR number. I can't recall what it said exactly. Tried ""train ticket booking confirmation screenshot"" and nothing came up. Text inside screenshots doesn't seem to be searchable. I tried the screenshots category filter as well. Got it eventually, after three days. Any tips?",forums:syn-for-0071
forums,syn-for-0072,2023-10-07T00:35:28,synthetic_user_17621,True,synthetic://forums/syn-for-0072,Finding a specific old photo in Google Photos,Apps & software,[],"{""views"": 7112, ""replies"": 13}",toms_guide_forum,"On iOS. I'm trying to find the photo from my friend's wedding where we were standing outside. I need it now because it's their anniversary next week. It was taken outside the venue near the parking area. I remember me in a maroon sherwani and fairy lights on a gate. I don't remember the name of the place. I don't remember when exactly. Searched for ""friends standing outside wedding venue at night"" and got thousands of results to scroll through. Tried ""wedding december"" and it gave me hundreds of photos. There are so many almost identical shots from that day that I can't tell which one it is. Ended up scrolling back through years of photos. Eventually I just gave up. Am I doing something wrong?",forums:syn-for-0072
forums,syn-for-0073,2024-03-25T07:10:56,synthetic_user_33244,True,synthetic://forums/syn-for-0073,Search vs scrolling for old memories,Apps & software,[],"{""views"": 14499, ""replies"": 4}",toms_guide_forum,"Search should work the way I remember things, like 'students in black t shirts in front of banner', not just single words.",forums:syn-for-0073
forums,syn-for-0074,2025-07-23T13:17:47,synthetic_user_1403,True,synthetic://forums/syn-for-0074,Search vs scrolling for old memories,Apps & software,[],"{""views"": 4702, ""replies"": 30}",toms_guide_forum,Name the face groups. Searching a person's name works way better than describing them.,forums:syn-for-0074
forums,syn-for-0075,2025-08-05T03:41:55,synthetic_user_62427,True,synthetic://forums/syn-for-0075,Tips for locating the photo of my dad's blood test report?,Apps & software,[],"{""views"": 13613, ""replies"": 6}",macrumors_forums,"On photos.google.com from my PC. Looking for the photo of my dad's blood test report. I need it because the new doctor wants old values. I can picture a report with a hospital logo. It's a picture of a lab report. It had the sugar and cholesterol values on it. I can't remember the date at all. I can't recall what it said exactly. Searched for ""report"" and there it was. Tried ""lab report 2025"" and there it was. I scrolled for like 40 minutes. I checked my Gmail in case I had sent it to someone. Got it eventually, after three days. How do you all deal with this?",forums:syn-for-0075
forums,syn-for-0076,2024-01-10T09:36:04,synthetic_user_6559,True,synthetic://forums/syn-for-0076,Tips for locating an old photo?,Apps & software,[],"{""views"": 17797, ""replies"": 14}",toms_guide_forum,"Something that helps: Use the date jump on the scrollbar, drag to the year and go month by month.",forums:syn-for-0076
forums,syn-for-0077,2024-12-10T20:07:36,synthetic_user_54516,True,synthetic://forums/syn-for-0077,Finding a specific old photo in Google Photos,Apps & software,[],"{""views"": 14940, ""replies"": 3}",xda_forums,"Does anyone know how to find the photo of my son's vaccination card? I need it now because school admission needs it. I remember it showed the dates of the last booster. All I remember visually is a pink card with stamps. I don't remember the exact words on it. I don't know what it's called. I searched ""vaccination"" and nothing came up. Tried ""vaccine"" and nothing came up. The photo is definitely in my library but search never shows it. I checked my Gmail in case I had sent it to someone. Finally found it after two evenings.",forums:syn-for-0077
forums,syn-for-0078,2025-02-08T06:24:48,synthetic_user_49398,True,synthetic://forums/syn-for-0078,Search vs scrolling for old memories,Apps & software,[],"{""views"": 6353, ""replies"": 12}",macrumors_forums,"Looking for a photo of the bookshelf I wanted to build. I need it because the carpenter is coming tomorrow. It had my friend in it. It's a picture of a wall shelf. I remember wooden shelves shaped like a hexagon. I can't remember the date at all. I typed ""hexagon wooden wall shelf"" in search but it just showed random photos. After that I had no idea what else to try. I scrolled for like 40 minutes. I jumped to roughly that year with the scrollbar and went month by month. Finally found it after about an hour. Am I doing something wrong?",forums:syn-for-0078
forums,syn-for-0079,2026-01-10T07:07:04,synthetic_user_26523,True,synthetic://forums/syn-for-0079,Tips for locating an old photo?,Apps & software,[],"{""views"": 9947, ""replies"": 28}",macrumors_forums,"Honestly I've stopped using search and just scroll, it's more predictable.",forums:syn-for-0079
forums,syn-for-0080,2025-05-06T02:55:58,synthetic_user_52345,True,synthetic://forums/syn-for-0080,Google Photos search is failing me,Apps & software,[],"{""views"": 19861, ""replies"": 8}",xda_forums,"I use search a lot for work stuff. Does anyone know how to find the photo from our college fest? I need it now because 10 year reunion is coming up. I remember the photos were from an old phone that I backed up later. Timing wise it was second year, so 2014 or 2015. I can picture all of us in black t-shirts in front of a big banner. I don't remember when exactly. I don't even remember what the event was called. I typed ""students in black t shirts in front of banner"" in search and got no results. I typed ""college fest"" in search and nothing came up. It just doesn't show up in search even though I know it's there. I kept retyping different searches. I went through the map view hoping to spot it. Still haven't found it. Am I doing something wrong?",forums:syn-for-0080
forums,syn-for-0081,2024-11-17T09:26:15,synthetic_user_81723,True,synthetic://forums/syn-for-0081,Tips for locating a sunset photo from the hotel balcony?,Apps & software,[],"{""views"": 3231, ""replies"": 12}",xda_forums,"I've been looking for a sunset photo from the hotel balcony for days. I need it because I want to use it as a wallpaper again. This was during that Switzerland trip. Timing wise it was in summer, I'm not sure which year. It had my wife in it. I remember an orange sky and a red railing in the corner. Not sure which month or year, honestly. Searched for ""sunset from hotel balcony with red railing"" and nothing came up. I didn't know what else to try. Ended up scrolling back through years of photos. I asked my sister if she still had it. Never found it.",forums:syn-for-0081
forums,syn-for-0082,2026-02-13T19:33:36,synthetic_user_7666,True,synthetic://forums/syn-for-0082,Tips for locating the photo of my son's first steps?,Apps & software,[],"{""views"": 4426, ""replies"": 0}",macrumors_forums,"On my Pixel. I'm trying to find the photo of my son's first steps. I need it because we're making a birthday album. It's the one my wife took, not me. It was taken in our old apartment's living room. I'm not sure if I ever put it in an album. I typed ""2019"" in search but it just showed random photos. Searched for ""baby standing holding sofa on green rug"" and got no results. I know exactly what it looks like but can't put it into search words. Ended up scrolling back through years of photos. I went through the face group for that person too. I gave up on finding it. How do you all deal with this?",forums:syn-for-0082
forums,syn-for-0083,2024-01-02T02:44:03,synthetic_user_25337,True,synthetic://forums/syn-for-0083,Tips for locating the photo of the street where we got lost?,Apps & software,[],"{""views"": 2145, ""replies"": 2}",xda_forums,"I've been looking for the photo of the street where we got lost for days. I need it now because we want to frame it. Timing wise it was on the third or fourth day of the trip. All I remember visually is yellow tiles on the walls and a tram line. I can't recall the name of the event. No clue what the place was called. Tried ""lisbon"" but it just showed random photos. It took ""street"" literally and ignored everything else. I jumped to roughly that year with the scrollbar and went month by month. I found a similar one but not the exact photo I wanted. Is there a better way to search for stuff like this?",forums:syn-for-0083
forums,syn-for-0084,2024-10-30T06:32:02,synthetic_user_35409,True,synthetic://forums/syn-for-0084,Finding a specific old photo in Google Photos,Apps & software,[],"{""views"": 11691, ""replies"": 35}",android_central_forums,"Half my library is screenshots. I'm trying to find the selfie from the concert. I need it because it's her birthday and I want to post it. I remember my best friend being in it. It was at the Coldplay concert. I remember my phone was almost dead. I remember confetti in the air behind us. Not sure which month or year, honestly. I searched ""selfie at concert with confetti"" and nothing came up. I typed ""concert"" in search and nothing came up. It came from my old phone and I'm not sure it ever got backed up. In the end I texted my friend to send it again. I went through the face group for that person too. Never found it. Is there a better way to search for stuff like this?",forums:syn-for-0084
forums,syn-for-0085,2026-03-02T22:15:45,synthetic_user_8185,True,synthetic://forums/syn-for-0085,Search vs scrolling for old memories,Apps & software,[],"{""views"": 13095, ""replies"": 34}",xda_forums,"Was sure I'd never find the screenshot of the train booking confirmation, but searching ""ticket"" plus the year got it on the first try.",forums:syn-for-0085
forums,syn-for-0086,2026-05-31T05:32:49,synthetic_user_12995,True,synthetic://forums/syn-for-0086,Tips for locating a screenshot of a recipe from Instagram?,Apps & software,[],"{""views"": 6172, ""replies"": 29}",android_central_forums,"Looking for a screenshot of a recipe from Instagram. I need it now because guests are coming this weekend. For context, I screenshotted it from a reel. All I remember visually is a dark background with white text. It had something with paneer and cashew paste on it. I can't recall what it said exactly. Searched for ""recipe"" and it gave me hundreds of photos. Searched for ""paneer recipe screenshot"" and got thousands of results to scroll through. I searched ""instagram screenshot"" and it gave me hundreds of photos. There are so many almost identical shots from that day that I can't tell which one it is. Ended up scrolling back through years of photos. I found a similar one but not the exact photo I wanted.",forums:syn-for-0086
forums,syn-for-0087,2025-03-28T19:26:14,synthetic_user_50393,True,synthetic://forums/syn-for-0087,Finding a specific old photo in Google Photos,Apps & software,[],"{""views"": 4583, ""replies"": 20}",macrumors_forums,"Looking for the screenshot where I had the information about that course. I need it because the application deadline might be close. For context, someone posted it on LinkedIn. It was a few months ago. I remember a blue banner with a university logo. It had the course fees and the deadline on it. No idea what to search for really. Not sure which month or year, honestly. I typed ""course"" in search and got no results. I typed ""screenshot of course details with fees"" in search and got no results. Text inside screenshots doesn't seem to be searchable. I tried the screenshots category filter as well. I checked my Gmail in case I had sent it to someone. Got it eventually, after half an hour of scrolling. Is there a better way to search for stuff like this?",forums:syn-for-0087
forums,syn-for-0088,2025-04-10T10:02:29,synthetic_user_9865,True,synthetic://forums/syn-for-0088,Tips for locating a picture of the site inspection issue?,Apps & software,[],"{""views"": 3737, ""replies"": 26}",android_central_forums,"A lot of my photos come from shared albums. Looking for a picture of the site inspection issue. I need it because the client is disputing the report. For context, I took it for the report and never sent it. The photo shows a cracked pipe fitting. Timing wise it was a few months back. I remember a rusty pipe with a yellow tag. No idea what the thing is actually called. Searched for ""warehouse"" and got a bunch of pictures that had nothing to do with it. I searched ""rusty pipe with yellow tag at warehouse"" but it just showed random photos. It doesn't understand what I'm describing at all. I jumped to roughly that year with the scrollbar and went month by month. I asked my sister if she still had it. I gave up on finding it.",forums:syn-for-0088
forums,syn-for-0089,2025-11-28T22:56:04,synthetic_user_45005,True,synthetic://forums/syn-for-0089,Search vs scrolling for old memories,Apps & software,[],"{""views"": 19105, ""replies"": 34}",android_central_forums,"Two things. Love the collage feature, made a nice one for my mom. The app is slow to load thumbnails on my old phone.",forums:syn-for-0089
forums,syn-for-0090,2024-08-22T21:16:22,synthetic_user_69953,True,synthetic://forums/syn-for-0090,Tips for locating an old photo?,Apps & software,[],"{""views"": 9553, ""replies"": 20}",xda_forums,Found that picture from the trip where we stayed near the beach by searching the person's face and then scrolling a bit. Took two minutes.,forums:syn-for-0090
forums,syn-for-0091,2025-09-15T11:06:32,synthetic_user_87393,True,synthetic://forums/syn-for-0091,Search vs scrolling for old memories,Apps & software,[],"{""views"": 8632, ""replies"": 6}",android_central_forums,"I'm trying to find a picture of the waterfall we hiked to. I need it because my cousin asked for it for a reunion slideshow. Timing wise it was during monsoon, around 2020. I remember mist everywhere and everyone in raincoats. Not sure which month or year, honestly. Tried ""waterfall with people in raincoats and mist"" and got thousands of results to scroll through. I typed ""waterfall"" in search and it gave me hundreds of photos. There are so many almost identical shots from that day that I can't tell which one it is. I went through the map view hoping to spot it. Found one that might be it, but I'm not sure it's the same one.",forums:syn-for-0091
forums,syn-for-0092,2023-01-30T05:26:19,synthetic_user_58599,True,synthetic://forums/syn-for-0092,Finding a specific old photo in Google Photos,Apps & software,[],"{""views"": 1598, ""replies"": 0}",macrumors_forums,Spent an hour looking for the photo of the electrician's handwritten estimate and it turns out I had deleted it years ago. Not the app's fault.,forums:syn-for-0092
forums,syn-for-0093,2023-09-09T01:43:59,synthetic_user_30267,True,synthetic://forums/syn-for-0093,Tips for locating the family photo from Diwali where everyone is wearing white?,Apps & software,[],"{""views"": 8309, ""replies"": 8}",macrumors_forums,"I moved all my old phone photos in years ago. Does anyone know how to find the family photo from Diwali where everyone is wearing white? I remember everyone in white kurtas with diyas in front. Timing wise it was one of the Diwalis between 2017 and 2020. We were at my aunt's house when I took it. It was taken on Diwali. Not sure which month or year, honestly. I searched ""diwali 2018"" and nothing came up. Tried ""diwali"" and got no results. How do you even search for something like that? I went through the face group for that person too. Found one that might be it, but I'm not sure it's the same one. Am I doing something wrong?",forums:syn-for-0093
forums,syn-for-0094,2025-09-18T09:59:07,synthetic_user_87197,True,synthetic://forums/syn-for-0094,Search vs scrolling for old memories,Apps & software,[],"{""views"": 18355, ""replies"": 25}",macrumors_forums,"Couldn't find the photo of the bill I took sometime last summer anywhere, then realised it was on my old phone and never got backed up.",forums:syn-for-0094
forums,syn-for-0095,2024-09-08T01:24:21,synthetic_user_49522,True,synthetic://forums/syn-for-0095,Google Photos search is failing me,Apps & software,[],"{""views"": 3878, ""replies"": 20}",android_central_forums,"I don't remember dates, nobody does. Searching by date is useless for old memories.",forums:syn-for-0095
forums,syn-for-0096,2023-01-13T17:48:27,synthetic_user_10726,True,synthetic://forums/syn-for-0096,Tips for locating the photo of my first tattoo right after I got it?,Apps & software,[],"{""views"": 11443, ""replies"": 13}",macrumors_forums,"On my iPhone. Does anyone know how to find the photo of my first tattoo right after I got it? I need it because the artist asked for a before picture. For context, it was still covered with cling film. I can picture a small wave design on my wrist, all red around it. The photo shows a tattoo. Timing wise it was a few years back. Not sure which month or year, honestly. I typed ""tattoo"" in search and there it was. Searched for ""fresh wave tattoo on wrist"" and it popped up near the top. Ended up scrolling back through years of photos. Finally found it after half an hour of scrolling. Is there a better way to search for stuff like this?",forums:syn-for-0096
forums,syn-for-0097,2025-04-11T04:12:39,synthetic_user_65844,True,synthetic://forums/syn-for-0097,Tips for locating a photo of the biryani my grandmother made?,Apps & software,[],"{""views"": 2803, ""replies"": 28}",toms_guide_forum,"I'm trying to find a photo of the biryani my grandmother made. I know it was at my grandmother's house. It was for Eid. I can't remember the date at all. I typed ""grandma serving biryani from a copper pot"" in search but it just showed random photos. I typed ""eid 2021"" in search and got a bunch of pictures that had nothing to do with it. Tried ""biryani"" but it just showed random photos. I didn't know what else to try. Ended up scrolling back through years of photos. I even googled how to search Google Photos better. Eventually I just gave up. Am I doing something wrong?",forums:syn-for-0097
forums,syn-for-0098,2026-05-20T07:23:50,synthetic_user_4803,True,synthetic://forums/syn-for-0098,Search vs scrolling for old memories,Apps & software,[],"{""views"": 16779, ""replies"": 34}",android_central_forums,"I search in Photos pretty much every day. Does anyone know how to find a sunset photo from the hotel balcony? Timing wise it was in summer, I'm not sure which year. I know it was at the hotel near the lake. No clue what the place was called. I don't remember when exactly. I searched ""sunset from hotel balcony with red railing"" and it popped up near the top. I scrolled for like 40 minutes. In the end I texted my friend to send it again. Got it eventually, after half an hour of scrolling. Am I doing something wrong?",forums:syn-for-0098
forums,syn-for-0099,2025-06-30T11:07:52,synthetic_user_53555,True,synthetic://forums/syn-for-0099,Tips for locating the picture of the houseboat we stayed on?,Apps & software,[],"{""views"": 7469, ""replies"": 30}",android_central_forums,"Looking for the picture of the houseboat we stayed on. I need it because I wanted to print it for my parents' anniversary. Timing wise it was a few years ago, before covid I think. It's from our family trip to Kerala. I have no idea what year it was. I can't recall where exactly it was. Tried ""dad standing on a boat with a wooden roof"" and it gave me hundreds of photos. All the results look the same as tiny thumbnails. I jumped to roughly that year with the scrollbar and went month by month. Ended up scrolling back through years of photos. Eventually I just gave up. Am I doing something wrong?",forums:syn-for-0099
forums,syn-for-0100,2023-07-27T18:38:13,synthetic_user_73993,True,synthetic://forums/syn-for-0100,Tips for locating an old photo?,Apps & software,[],"{""views"": 13971, ""replies"": 30}",xda_forums,"Search should work the way I remember things, like 'white temple on hill with steps', not just single words.",forums:syn-for-0100
forums,syn-for-0101,2025-12-26T21:41:03,synthetic_user_72627,True,synthetic://forums/syn-for-0101,Google Photos search is failing me,Apps & software,[],"{""views"": 18971, ""replies"": 1}",toms_guide_forum,"I've been looking for the family photo from Diwali where everyone is wearing white for days. I need it because my aunt asked me to send it. I can picture everyone in white kurtas with diyas in front. It was taken at my aunt's house. I remember the whole extended family being in it. Not sure which month or year, honestly. Searched for ""diwali 2018"" and got no results. I know exactly what it looks like but can't put it into search words. I went through the face group for that person too. Ended up scrolling back through years of photos. I found a similar one but not the exact photo I wanted. Am I doing something wrong?",forums:syn-for-0101
forums,syn-for-0102,2025-08-04T00:31:25,synthetic_user_43013,True,synthetic://forums/syn-for-0102,Tips for locating a photo of the rental agreement?,Apps & software,[],"{""views"": 10821, ""replies"": 6}",macrumors_forums,"Does anyone know how to find a photo of the rental agreement? I need it now because the landlord is refusing to return the deposit. Timing wise it was when we moved into this flat, 2021 or so. I can picture stamp paper with a purple stamp. It's a picture of the rental agreement. For context, the landlord only gave us one copy so I photographed every page. Not sure which month or year, honestly. I can't recall what it said exactly. I searched ""agreement 2021"" and there it was. I searched ""rent agreement document pages"" and it popped up near the top. Searched for ""agreement"" and there it was. Eventually I searched my WhatsApp chats instead. Got it eventually, after about an hour.",forums:syn-for-0102
forums,syn-for-0103,2026-04-13T07:33:47,synthetic_user_28968,True,synthetic://forums/syn-for-0103,Tips for locating the screenshot of the product I wanted to buy?,Apps & software,[],"{""views"": 16584, ""replies"": 34}",xda_forums,"Does anyone know how to find the screenshot of the product I wanted to buy? It had the brand name on it. I remember a brass lamp with a curved neck. It was a couple of months ago. No idea what the thing is actually called. I don't remember the exact words on it. Tried ""brass lamp with curved neck"" and there it was. Searched for ""lamp"" and it popped up near the top. Ended up scrolling back through years of photos. Got it eventually, after way too long. Am I doing something wrong?",forums:syn-for-0103
forums,syn-for-0104,2023-05-01T19:20:14,synthetic_user_43003,True,synthetic://forums/syn-for-0104,Finding a specific old photo in Google Photos,Apps & software,[],"{""views"": 1449, ""replies"": 18}",xda_forums,"I've used Google Photos since it launched. Looking for a picture of the sofa fabric sample. We were at the furniture shop when I took it. I remember a mustard-coloured textured fabric. For context, the shop said to send them the photo when ordering. I don't remember when exactly. I typed ""furniture shop"" in search and it popped up near the top. I tried the screenshots category filter as well. Finally found it after three days.",forums:syn-for-0104
forums,syn-for-0105,2026-04-12T17:44:37,synthetic_user_74461,True,synthetic://forums/syn-for-0105,Tips for locating the photo from the Ganpati procession?,Apps & software,[],"{""views"": 3840, ""replies"": 6}",macrumors_forums,"I've been looking for the photo from the Ganpati procession for days. I need it now because our society newsletter wanted old pictures. It was at the Ganpati visarjan. I can picture red gulal everywhere and the idol behind us. It was taken on the road near our society. I can't remember the date at all. I typed ""people covered in red colour with ganesh idol"" in search and nothing came up. I searched ""september"" and got no results. Searched for ""ganpati"" and nothing came up. It just doesn't show up in search even though I know it's there. I scrolled for like 40 minutes. I jumped to roughly that year with the scrollbar and went month by month. Found one that might be it, but I'm not sure it's the same one. Is there a better way to search for stuff like this?",forums:syn-for-0105
forums,syn-for-0106,2023-08-03T22:41:57,synthetic_user_91300,True,synthetic://forums/syn-for-0106,Google Photos search is failing me,Apps & software,[],"{""views"": 11019, ""replies"": 34}",macrumors_forums,"On Android. I've been looking for the candid of my cousin laughing during the haldi for days. For context, someone had just thrown haldi on her. It's from my cousin's haldi. I remember yellow everywhere and marigold flowers. I don't remember when exactly. I searched ""girl laughing covered in yellow with marigolds"" and got thousands of results to scroll through. All the results look the same as tiny thumbnails. I asked my sister if she still had it. I checked all my albums one by one. Eventually I just gave up. How do you all deal with this?",forums:syn-for-0106
forums,syn-for-0107,2024-06-27T01:33:36,synthetic_user_48929,True,synthetic://forums/syn-for-0107,Finding a specific old photo in Google Photos,Apps & software,[],"{""views"": 6240, ""replies"": 35}",xda_forums,Pro tip: Name the face groups. Searching a person's name works way better than describing them.,forums:syn-for-0107
forums,syn-for-0108,2024-10-17T12:45:54,synthetic_user_14665,True,synthetic://forums/syn-for-0108,Search vs scrolling for old memories,Apps & software,[],"{""views"": 4499, ""replies"": 31}",macrumors_forums,"I'm trying to find the photo of the warranty card for the washing machine. I need it now because the machine broke and service wants the warranty. All I remember visually is a small card taped to the invoice. The photo shows the warranty card. For context, I photographed it right after installation. I don't remember the exact words on it. I searched ""warranty 2024"" and got a bunch of pictures that had nothing to do with it. Searched for ""warranty"" and got a bunch of pictures that had nothing to do with it. I typed ""washing machine warranty card"" in search and nothing came up. How do you even search for something like that? I checked my Gmail in case I had sent it to someone. Never found it. Is there a better way to search for stuff like this?",forums:syn-for-0108
forums,syn-for-0109,2025-08-30T16:21:57,synthetic_user_1825,True,synthetic://forums/syn-for-0109,Google Photos search is failing me,Apps & software,[],"{""views"": 326, ""replies"": 38}",xda_forums,"I'm trying to find the photo of the menu at the street food stall. I need it because I want to recommend it to someone visiting. We were somewhere in Old Delhi when I took it. It had the prices and the name of the stall on it. I can't recall what it said exactly. Searched for ""delhi winter"" and got a bunch of pictures that had nothing to do with it. I didn't know what else to try. In the end I texted my friend to send it again. I found a similar one but not the exact photo I wanted. Am I doing something wrong?",forums:syn-for-0109
forums,syn-for-0110,2023-04-26T18:00:47,synthetic_user_90369,True,synthetic://forums/syn-for-0110,Finding a specific old photo in Google Photos,Apps & software,[],"{""views"": 18564, ""replies"": 13}",macrumors_forums,"I'm trying to find a photo of the tiny café we found in Goa. It's from our Goa trip. All I remember visually is blue wooden chairs and a hand-painted menu board. It was taken somewhere near the beach in north Goa. I don't remember the name of the place. I typed ""goa 2022"" in search and got a bunch of pictures that had nothing to do with it. I know exactly what it looks like but can't put it into search words. I jumped to roughly that year with the scrollbar and went month by month. Still haven't found it.",forums:syn-for-0110
forums,syn-for-0111,2023-10-23T06:45:16,synthetic_user_37960,True,synthetic://forums/syn-for-0111,Google Photos search is failing me,Apps & software,[],"{""views"": 5698, ""replies"": 26}",macrumors_forums,"On my Pixel. Does anyone know how to find the photo of the menu at the street food stall? I need it now because I want to recommend it to someone visiting. It was while eating chaat after the market. We were somewhere in Old Delhi when I took it. Not sure which month or year, honestly. I typed ""delhi winter"" in search and got no results. I just didn't know how to describe it in a way search would get. Ended up scrolling back through years of photos. Never found it. Any tips?",forums:syn-for-0111
forums,syn-for-0112,2023-05-03T03:29:14,synthetic_user_64871,True,synthetic://forums/syn-for-0112,Tips for locating a photo of the biryani my grandmother made?,Apps & software,[],"{""views"": 18501, ""replies"": 0}",android_central_forums,"Half my library is screenshots. Looking for a photo of the biryani my grandmother made. I need it because she passed away and I really want that picture. It was taken at my grandmother's house. It means a lot to me. It was taken on Eid. I remember a huge copper pot and her hands in the shot. Not sure which month or year, honestly. I typed ""eid 2021"" in search and there it was. Searched for ""biryani"" and there it was. I jumped to roughly that year with the scrollbar and went month by month. Got it eventually, after about an hour. Is there a better way to search for stuff like this?",forums:syn-for-0112
forums,syn-for-0113,2023-01-13T16:33:29,synthetic_user_33663,True,synthetic://forums/syn-for-0113,Search vs scrolling for old memories,Apps & software,[],"{""views"": 1812, ""replies"": 9}",android_central_forums,"Looking for the photo of the street where we got lost. I need it because we want to frame it. Timing wise it was on the third or fourth day of the trip. All I remember visually is yellow tiles on the walls and a tram line. I don't remember the name of the place. Searched for ""lisbon"" and it gave me hundreds of photos. I searched ""narrow street with yellow tiles and tram"" and it gave me hundreds of photos. I typed ""street"" in search and got thousands of results to scroll through. I have hundreds of similar shots and can't tell which one it was. Ended up scrolling back through years of photos. In the end I texted my friend to send it again. I found a similar one but not the exact photo I wanted. Am I doing something wrong?",forums:syn-for-0113
forums,syn-for-0114,2025-04-17T02:52:21,synthetic_user_85399,True,synthetic://forums/syn-for-0114,Finding a specific old photo in Google Photos,Apps & software,[],"{""views"": 4438, ""replies"": 17}",macrumors_forums,"On iOS. I'm trying to find the photo of the parking spot sign. I need it because I got a parking fine and need to prove where I was. All I remember visually is a green pillar with a letter and number. For context, I took it so I'd remember where I parked. I remember it showed the level and bay number. I can't recall what it said exactly. Tried ""parking"" and nothing came up. I typed ""parking pillar sign"" in search and got no results. The location data was probably off so there's nothing to go on. Ended up scrolling back through years of photos. I gave up on finding it. How do you all deal with this?",forums:syn-for-0114
forums,syn-for-0115,2024-06-14T00:51:37,synthetic_user_67000,True,synthetic://forums/syn-for-0115,Finding a specific old photo in Google Photos,Apps & software,[],"{""views"": 18549, ""replies"": 7}",toms_guide_forum,"I'm trying to find the photo of my first tattoo right after I got it. I need it now because the artist asked for a before picture. Timing wise it was a few years back. The photo shows a tattoo. All I remember visually is a small wave design on my wrist, all red around it. Not sure which month or year, honestly. Tried ""fresh wave tattoo on wrist"" and there it was. Searched for ""tattoo"" and it popped up near the top. Gave up for the day and tried again the next week. Got it eventually, after way too long. Is there a better way to search for stuff like this?",forums:syn-for-0115
forums,syn-for-0116,2023-10-31T00:31:46,synthetic_user_47091,True,synthetic://forums/syn-for-0116,Google Photos search is failing me,Apps & software,[],"{""views"": 7187, ""replies"": 0}",xda_forums,"Looking for the photo of the electrician's handwritten estimate. I need it because he's charging way more now. I remember he wrote it on a notebook page. I can picture blue pen on lined paper. It's a picture of a handwritten estimate. I don't remember when exactly. I can't recall what it said exactly. Tried ""handwritten estimate on notebook paper"" and nothing came up. Searched for ""electrician"" and got no results. Searched for ""estimate"" and nothing came up. The photo is definitely in my library but search never shows it. Eventually I searched my WhatsApp chats instead. Finally found it after way too long. Am I doing something wrong?",forums:syn-for-0116
forums,syn-for-0117,2024-09-06T19:46:54,synthetic_user_10774,True,synthetic://forums/syn-for-0117,Search vs scrolling for old memories,Apps & software,[],"{""views"": 8504, ""replies"": 24}",toms_guide_forum,"I've used Google Photos since it launched. Does anyone know how to find a photo of the tiny café we found in Goa? I need it because my friend is going to Goa and asked for the name. It was sometime in December, maybe 2021 or 2022. All I remember visually is blue wooden chairs and a hand-painted menu board. It was taken somewhere near the beach in north Goa. This was during our Goa trip. I can't remember the date at all. I don't remember the name of the place. Tried ""goa 2022"" and got a bunch of pictures that had nothing to do with it. It doesn't understand what I'm describing at all. I scrolled for like 40 minutes. I went through the map view hoping to spot it. I gave up on finding it.",forums:syn-for-0117
forums,syn-for-0118,2026-05-07T21:27:45,synthetic_user_67508,True,synthetic://forums/syn-for-0118,Google Photos search is failing me,Apps & software,[],"{""views"": 8210, ""replies"": 27}",macrumors_forums,"Search should work the way I remember things, like 'friends on terrace at night with fairy lights', not just single words.",forums:syn-for-0118
forums,syn-for-0119,2024-07-13T14:43:28,synthetic_user_56615,True,synthetic://forums/syn-for-0119,Finding a specific old photo in Google Photos,Apps & software,[],"{""views"": 3179, ""replies"": 3}",android_central_forums,"Does anyone know how to find the photo of the dessert we ordered at that restaurant? I need it now because I want to go back but forgot the restaurant name. It was at my sister's birthday dinner. I remember a chocolate dome with gold stuff on top. It was taken at some rooftop place in Bangalore. It had my sister in it. I don't even remember what the event was called. I typed ""chocolate dessert with gold on top"" in search but it just showed random photos. I know exactly what it looks like but can't put it into search words. I kept retyping different searches. I jumped to roughly that year with the scrollbar and went month by month. Got it eventually, after three days. How do you all deal with this?",forums:syn-for-0119
