record_id,source,platform,source_id,created_at,is_synthetic,source_url,title,text,text_chars,thread_context,reply_count,replies,engagement_rating,engagement_thumbs_up,engagement_app_version,engagement_score,engagement_num_comments,engagement_same_question,engagement_recommended_answer,engagement_likes,engagement_reposts,engagement_views,engagement_replies,truth_kind,truth_relevant,truth_attempt,truth_scenario,truth_outcome,truth_failure_stage,truth_remembered,truth_forgotten,truth_query_types,truth_queries,truth_query_outcomes,truth_workarounds,truth_segments,truth_counter_evidence
google_play:syn-goo-0000,google_play,android,syn-goo-0000,2025-10-22T06:30:16,True,synthetic://google_play/syn-goo-0000,,"Search is useless for old photos. I'm trying to find the video of my dog meeting the new puppy. I need it now because our old dog passed away last week. We were in our backyard when I took it. I don't remember when exactly. I typed ""2020 video"" in search and got no results. The photo is definitely in my library but search never shows it. I kept retyping different searches. Finally found it after half an hour of scrolling.",425,,0,,5,152,7.27.0,,,,,,,,,attempt,True,True,video,found,C_retrieval,remembered_place,exact_date_unknown,metadata,2020 video,not_found,repeated_search,,
google_play:syn-goo-0001,google_play,android,syn-goo-0001,2023-11-27T19:38:17,True,synthetic://google_play/syn-goo-0001,,search is useless for old photos. it's frustrating that i have to guess what word the app uses for something.,109,,0,,3,165,7.16.0,,,,,,,,,opinion,True,False,,,,,,,,,,,
google_play:syn-goo-0002,google_play,android,syn-goo-0002,2024-05-08T20:39:24,True,synthetic://google_play/syn-goo-0002,,"the app is slow to load thumbnails on my old phone. love the collage feature, made a nice one for my mom.",105,,0,,3,248,7.27.0,,,,,,,,,noise,False,False,,,,,,,,,,,
google_play:syn-goo-0003,google_play,android,syn-goo-0003,2026-01-30T06:00:43,True,synthetic://google_play/syn-goo-0003,,Two things. Too many notifications about 'memories' I didn't ask for.,69,,0,,5,216,7.7.0,,,,,,,,,noise,False,False,,,,,,,,,,,
google_play:syn-goo-0004,google_play,android,syn-goo-0004,2026-08-23T13:35:44,True,synthetic://google_play/syn-goo-0004,,Two things. The app is slow to load thumbnails on my old phone.,63,,0,,5,231,7.4.0,,,,,,,,,noise,False,False,,,,,,,,,,,
google_play:syn-goo-0005,google_play,android,syn-goo-0005,2025-08-26T14:49:14,True,synthetic://google_play/syn-goo-0005,,"Search is useless for old photos. I'm trying to find a photo of the tiny café we found in Goa. It was sometime in December, maybe 2021 or 2022. No clue what the place was called. Searched for ""small cafe with blue chairs near the beach"" and there it was. Got it eventually, after two evenings.",293,,0,,3,220,7.12.0,,,,,,,,,attempt,True,True,travel_memory,found,none_observed,remembered_time_approximation,exact_location_unknown,natural_language,small cafe with blue chairs near the beach,found,,,
google_play:syn-goo-0006,google_play,android,syn-goo-0006,2025-04-04T12:21:13,True,synthetic://google_play/syn-goo-0006,,"Backup has been stuck on 'preparing' for three days. Very annoying. The editing tools are great, the magic eraser is really good.",129,,0,,3,98,7.7.0,,,,,,,,,noise,False,False,,,,,,,,,,,
google_play:syn-goo-0007,google_play,android,syn-goo-0007,2025-08-05T09:05:42,True,synthetic://google_play/syn-goo-0007,,It's frustrating that I have to guess what word the app uses for something.,75,,0,,3,50,7.2.0,,,,,,,,,opinion,True,False,,,,,,,,,,,
google_play:syn-goo-0008,google_play,android,syn-goo-0008,2023-12-07T14:47:49,True,synthetic://google_play/syn-goo-0008,,Update: Why did they move the sharing button? The new layout is confusing.,74,,0,,4,109,7.28.0,,,,,,,,,noise,False,False,,,,,,,,,,,
google_play:syn-goo-0009,google_play,android,syn-goo-0009,2023-01-05T14:12:53,True,synthetic://google_play/syn-goo-0009,,Two things. App keeps crashing when I open a large video.,57,,0,,4,146,7.14.0,,,,,,,,,noise,False,False,,,,,,,,,,,
google_play:syn-goo-0010,google_play,android,syn-goo-0010,2023-05-20T08:33:48,True,synthetic://google_play/syn-goo-0010,,"Search is useless for old photos. I'm trying to find a screenshot of a map with a pin someone sent. It was a year or two ago. I don't remember the exact words on it. I searched ""maps screenshot"" and nothing came up. Text inside screenshots doesn't seem to be searchable. Finally found it after three days.",305,,0,,5,126,7.19.0,,,,,,,,,attempt,True,True,screenshot,found,F_data_index_limitation,remembered_time_approximation,exact_text_unknown,metadata,maps screenshot,not_found,,,
google_play:syn-goo-0011,google_play,android,syn-goo-0011,2026-04-10T20:34:45,True,synthetic://google_play/syn-goo-0011,,"Search is hit or miss. Honestly I've stopped using search and just scroll, it's more predictable.",97,,0,,2,104,7.22.0,,,,,,,,,opinion,True,False,,,,,,,,,,,
google_play:syn-goo-0012,google_play,android,syn-goo-0012,2026-08-14T10:55:21,True,synthetic://google_play/syn-goo-0012,,"Search is hit or miss. I don't remember dates, nobody does. Searching by date is useless for old memories.",106,,0,,1,4,7.15.0,,,,,,,,,opinion,True,False,,,,,,,,,,,
google_play:syn-goo-0013,google_play,android,syn-goo-0013,2023-08-08T20:08:32,True,synthetic://google_play/syn-goo-0013,,"Search is hit or miss. Looking for the photo of the bill I took sometime last summer. I need it because a friend still hasn't paid me back and disputes the amount. For context, we were splitting it between six people. I can't recall what it said exactly. I typed ""june bill"" in search and there it was. Got it eventually, after about an hour.",342,,0,,4,107,7.23.0,,,,,,,,,attempt,True,True,receipt,found,none_observed,remembered_context,exact_text_unknown,metadata,june bill,found,,,
google_play:syn-goo-0014,google_play,android,syn-goo-0014,2025-01-26T21:12:30,True,synthetic://google_play/syn-goo-0014,,"Great backup app but search needs work. I'm trying to find the screenshot of a chat where my landlord agreed to the repair. I need it because he's now saying he never agreed. Timing wise it was sometime last spring. I don't remember the exact words on it. I searched ""chat screenshot"" and nothing came up. The photo is definitely in my library but search never shows it. Eventually I just gave up.",397,,0,,2,65,7.2.0,,,,,,,,,attempt,True,True,screenshot,abandoned,C_retrieval,remembered_time_approximation,exact_text_unknown,metadata,chat screenshot,not_found,abandonment,,
google_play:syn-goo-0015,google_play,android,syn-goo-0015,2024-03-06T09:05:06,True,synthetic://google_play/syn-goo-0015,,"Didn't remember anything except all of us in black t-shirts in front of a big banner, searched for that and it showed up. Impressed.",132,,0,,3,181,7.25.0,,,,,,,,,success,True,True,school_or_college_memory,found,none_observed,,,,,,,,vague_search_succeeded
google_play:syn-goo-0016,google_play,android,syn-goo-0016,2023-11-13T08:37:09,True,synthetic://google_play/syn-goo-0016,,"Great backup app but search needs work. Honestly I've stopped using search and just scroll, it's more predictable.",114,,0,,2,12,7.6.0,,,,,,,,,opinion,True,False,,,,,,,,,,,
google_play:syn-goo-0017,google_play,android,syn-goo-0017,2023-11-23T03:56:08,True,synthetic://google_play/syn-goo-0017,,"honestly, deleted photos don't free up space on the phone, confusing. love the collage feature, made a nice one for my mom.",123,,0,,3,240,7.8.0,,,,,,,,,noise,False,False,,,,,,,,,,,
google_play:syn-goo-0018,google_play,android,syn-goo-0018,2023-03-20T03:56:48,True,synthetic://google_play/syn-goo-0018,,"Does anyone know how to find the photo of my handwritten letter to myself? I can picture a cream paper with my messy handwriting. I can't recall what it said exactly. I searched ""birthday"" but it just showed random photos. It took ""letter"" literally and ignored everything else. I gave up on finding it.",303,,0,,2,160,7.14.0,,,,,,,,,attempt,True,True,personal_memory,abandoned,B_system_understanding,remembered_visual_appearance,exact_text_unknown,metadata,birthday,wrong_results,abandonment,,
google_play:syn-goo-0019,google_play,android,syn-goo-0019,2024-06-05T01:36:57,True,synthetic://google_play/syn-goo-0019,,"Was sure I'd never find the photo of my son's vaccination card, but searching ""vaccination"" plus the year got it on the first try.",130,,0,,4,0,7.17.0,,,,,,,,,success,True,True,document,found,none_observed,,,,,,,,vague_search_succeeded
google_play:syn-goo-0020,google_play,android,syn-goo-0020,2026-06-14T20:43:13,True,synthetic://google_play/syn-goo-0020,,"I'm trying to find a photo of the rental agreement. I remember it showed something about the notice period. I don't remember when exactly. I typed ""rent agreement document pages"" in search and nothing came up. The photo is definitely in my library but search never shows it. I scrolled for like 40 minutes. Eventually I just gave up.",333,,0,,3,0,7.10.0,,,,,,,,,attempt,True,True,document,abandoned,C_retrieval,remembered_text,exact_date_unknown,natural_language,rent agreement document pages,not_found,abandonment; manual_scrolling,,
google_play:syn-goo-0021,google_play,android,syn-goo-0021,2025-08-10T16:05:05,True,synthetic://google_play/syn-goo-0021,,"Didn't remember anything except everyone in matching t-shirts by a pool, searched for that and it showed up. Impressed.",119,,0,,5,109,7.17.0,,,,,,,,,success,True,True,work_memory,found,none_observed,,,,,,,,vague_search_succeeded
google_play:syn-goo-0022,google_play,android,syn-goo-0022,2025-11-21T23:02:40,True,synthetic://google_play/syn-goo-0022,,"Honestly, Why did they move the sharing button? The new layout is confusing.",76,,0,,4,47,7.27.0,,,,,,,,,noise,False,False,,,,,,,,,,,
google_play:syn-goo-0023,google_play,android,syn-goo-0023,2024-02-12T05:21:53,True,synthetic://google_play/syn-goo-0023,,Update: The app is slow to load thumbnails on my old phone.,59,,0,,3,125,7.16.0,,,,,,,,,noise,False,False,,,,,,,,,,,
google_play:syn-goo-0024,google_play,android,syn-goo-0024,2026-06-08T18:22:42,True,synthetic://google_play/syn-goo-0024,,"I'm trying to find the photo of the shoes I tried on in the store. I remember I took it to check the price online later. I can't recall where exactly it was. I searched ""shoes"" and nothing came up. I just didn't know how to describe it in a way search would get. I tried the screenshots category filter as well. Never found it.",327,,0,,2,81,7.24.0,,,,,,,,,attempt,True,True,purchase_related_image,not_found,A_memory_expression,remembered_context,exact_location_unknown,keyword,shoes,not_found,filters,,
google_play:syn-goo-0025,google_play,android,syn-goo-0025,2024-11-08T19:45:21,True,synthetic://google_play/syn-goo-0025,,"Does anyone know how to find the photo of the whiteboard from our planning session? I need it because my manager needs the timeline. I remember we photographed it after the workshop. I don't remember the exact words on it. Tried ""whiteboard with launch timeline"" and there it was. Got it eventually, after way too long.",319,,0,,3,105,7.27.0,,,,,,,,,attempt,True,True,work_memory,found,none_observed,remembered_context,exact_text_unknown,natural_language,whiteboard with launch timeline,found,,,
google_play:syn-goo-0026,google_play,android,syn-goo-0026,2023-02-10T20:57:36,True,synthetic://google_play/syn-goo-0026,,"Honestly I've stopped using search and just scroll, it's more predictable.",74,,0,,1,180,7.10.0,,,,,,,,,opinion,True,False,,,,,,,,,,,
google_play:syn-goo-0027,google_play,android,syn-goo-0027,2026-01-23T21:57:49,True,synthetic://google_play/syn-goo-0027,,"Thought search was broken but a photo of the bookshelf I wanted to build was in my partner's library, not mine.",111,,0,,2,112,7.9.0,,,,,,,,,misattribution,True,True,object_memory,not_found,F_data_index_limitation,,,,,,,,failure_not_search_related
google_play:syn-goo-0028,google_play,android,syn-goo-0028,2025-02-15T10:07:51,True,synthetic://google_play/syn-goo-0028,,"i've been looking for a sunset photo from the hotel balcony for days. it's from that switzerland trip. i have no idea what year it was. tried ""sunset"" but it just showed random photos. it took ""sunset"" literally and ignored everything else. i jumped to roughly that year with the scrollbar and went month by month. found one that might be it, but i'm not sure it's the same one.",378,,0,,2,41,7.16.0,,,,,,,,,attempt,True,True,travel_memory,uncertain,B_system_understanding,remembered_trip,exact_date_unknown,keyword,sunset,wrong_results,date_browsing,,
google_play:syn-goo-0029,google_play,android,syn-goo-0029,2026-08-24T02:29:53,True,synthetic://google_play/syn-goo-0029,,"Search is useless for old photos. I don't remember dates, nobody does. Searching by date is useless for old memories.",117,,0,,1,126,7.7.0,,,,,,,,,opinion,True,False,,,,,,,,,,,
google_play:syn-goo-0030,google_play,android,syn-goo-0030,2026-07-08T08:50:30,True,synthetic://google_play/syn-goo-0030,,"Frustrating search. Does anyone know how to find the photo of the rash on my arm? I need it because the rash is back and the doctor wants to compare. I remember I took it to show the dermatologist how it looked on day one. I don't remember when exactly. I typed ""skin"" in search and got a bunch of pictures that had nothing to do with it. I know exactly what it looks like but can't put it into search words. Still haven't found it.",432,,0,,2,61,7.26.0,,,,,,,,,attempt,True,True,medical_or_health_image,not_found,A_memory_expression,remembered_context,exact_date_unknown,metadata,skin,wrong_results,,,
google_play:syn-goo-0031,google_play,android,syn-goo-0031,2023-06-27T10:09:19,True,synthetic://google_play/syn-goo-0031,,"Great backup app but search needs work. I've been looking for the photo of the shoes I tried on in the store for days. All I remember visually is grey shoes with a neon green sole. I can't recall where exactly it was. I typed ""grey running shoes with green sole"" in search and got a bunch of pictures that had nothing to do with it. It took ""shoes"" literally and ignored everything else. Tried synonyms like ""sneakers"" too. Got it eventually, after two evenings.",462,,0,,4,291,7.20.0,,,,,,,,,attempt,True,True,purchase_related_image,found,B_system_understanding,remembered_visual_appearance,exact_location_unknown,natural_language,grey running shoes with green sole,wrong_results,synonym_search,,
google_play:syn-goo-0032,google_play,android,syn-goo-0032,2025-07-06T00:37:40,True,synthetic://google_play/syn-goo-0032,,"Search is hit or miss. Does anyone know how to find a shot of the fireworks at the new year party? It had a bunch of friends in it. I have no idea what year it was. Searched for ""fireworks"" and got thousands of results to scroll through. I have hundreds of similar shots and can't tell which one it was. Never found it.",319,,0,,1,207,7.23.0,,,,,,,,,attempt,True,True,event_memory,not_found,D_result_evaluation,remembered_person,exact_date_unknown,keyword,fireworks,too_many_results,,,
google_play:syn-goo-0033,google_play,android,syn-goo-0033,2024-03-19T17:37:44,True,synthetic://google_play/syn-goo-0033,,"Frustrating search. Does anyone know how to find the photo of my dad's blood test report? For context, the lab gave only a paper copy. I don't remember when exactly. Tried ""report"" and got no results. The writing on it isn't searchable, it seems. Found one that might be it, but I'm not sure it's the same one.",310,,0,,3,268,7.20.0,,,,,,,,,attempt,True,True,medical_or_health_image,uncertain,F_data_index_limitation,remembered_context,exact_date_unknown,keyword,report,not_found,,,
google_play:syn-goo-0034,google_play,android,syn-goo-0034,2024-04-10T13:08:21,True,synthetic://google_play/syn-goo-0034,,"Didn't remember anything except a black bowl with a soft egg cut in half, searched for that and it showed up. Impressed.",120,,0,,4,7,7.23.0,,,,,,,,,success,True,True,food_restaurant_memory,found,none_observed,,,,,,,,vague_search_succeeded
google_play:syn-goo-0035,google_play,android,syn-goo-0035,2026-02-26T11:03:44,True,synthetic://google_play/syn-goo-0035,,"Great backup app but search needs work. I've been looking for the group photo from the night we all stayed up on the terrace for days. It had the whole hostel gang in it. I can't remember the date at all. I searched ""friends on terrace at night with fairy lights"" and nothing came up. I think it's in my partner's library, not mine. In the end I texted my friend to send it again. Found one that might be it, but I'm not sure it's the same one.",444,,0,,1,285,7.25.0,,,,,,,,,attempt,True,True,friend_memory,uncertain,F_data_index_limitation,remembered_person,exact_date_unknown,natural_language,friends on terrace at night with fairy lights,not_found,ask_another_person,,
google_play:syn-goo-0036,google_play,android,syn-goo-0036,2025-07-11T16:07:08,True,synthetic://google_play/syn-goo-0036,,Found the photo of the warranty card for the washing machine by searching the person's face and then scrolling a bit. Took two minutes.,135,,0,,5,219,7.10.0,,,,,,,,,success,True,True,receipt,found,none_observed,,,,,,,,vague_search_succeeded
google_play:syn-goo-0037,google_play,android,syn-goo-0037,2024-04-23T09:37:55,True,synthetic://google_play/syn-goo-0037,,"looking for the photo of the view from the train window. it's from the europe backpacking trip. i don't remember the name of the place. i typed ""view from train window with green hills"" in search and it gave me hundreds of photos. there are so many almost identical shots from that day that i can't tell which one it is. i scrolled for like 40 minutes. eventually i just gave up.",379,,0,,3,101,7.14.0,,,,,,,,,attempt,True,True,travel_memory,abandoned,D_result_evaluation,remembered_trip,exact_location_unknown,natural_language,view from train window with green hills,too_many_results,abandonment; manual_scrolling,,
google_play:syn-goo-0038,google_play,android,syn-goo-0038,2023-10-19T02:35:59,True,synthetic://google_play/syn-goo-0038,,"Didn't remember anything except a pink bicycle and dad in his old cap, searched for that and it showed up. Impressed.",117,,0,,3,157,7.20.0,,,,,,,,,success,True,True,family_memory,found,none_observed,,,,,,,,vague_search_succeeded
google_play:syn-goo-0039,google_play,android,syn-goo-0039,2026-03-26T01:27:53,True,synthetic://google_play/syn-goo-0039,,"Great backup app but search needs work. I've been looking for the picture of the pharmacy receipt for days. It's a picture of a pharmacy bill. Not sure which month or year, honestly. I searched ""pharmacy"" but it just showed random photos. After that I had no idea what else to try. I gave up on finding it.",306,,0,,2,265,7.21.0,,,,,,,,,attempt,True,True,receipt,abandoned,E_refinement,remembered_object,exact_date_unknown,metadata,pharmacy,wrong_results,abandonment,,
google_play:syn-goo-0040,google_play,android,syn-goo-0040,2023-01-03T23:56:40,True,synthetic://google_play/syn-goo-0040,,"I'm trying to find the photo of us at the football match. I know it was in the stadium. I can't recall the name of the event. I searched ""friends with painted faces at football match"" and got no results. I just didn't know how to describe it in a way search would get. In the end I texted my friend to send it again. Never found it.",332,,0,,2,27,7.7.0,,,,,,,,,attempt,True,True,friend_memory,not_found,A_memory_expression,remembered_place,event_name_unknown,natural_language,friends with painted faces at football match,not_found,ask_another_person,,
google_play:syn-goo-0041,google_play,android,syn-goo-0041,2024-04-05T04:07:51,True,synthetic://google_play/syn-goo-0041,,"Search is useless for old photos. I've been looking for the photo of the prescription for my mother's eye drops for days. The photo shows a prescription. I don't remember the exact words on it. Tried ""eye clinic"" and got no results. I didn't know what else to try. Never found it.",280,,0,,3,78,7.16.0,,,,,,,,,attempt,True,True,medical_or_health_image,not_found,E_refinement,remembered_object,exact_text_unknown,metadata,eye clinic,not_found,,,
google_play:syn-goo-0042,google_play,android,syn-goo-0042,2025-09-15T17:11:34,True,synthetic://google_play/syn-goo-0042,,"i remember photos by who i was with and what we were doing, not by where the gps says i was.",92,,0,,3,74,7.13.0,,,,,,,,,opinion,True,False,,,,,,,,,,,
google_play:syn-goo-0043,google_play,android,syn-goo-0043,2025-02-23T08:30:13,True,synthetic://google_play/syn-goo-0043,,"Search is useless for old photos. I'm trying to find the photo of the warranty card for the washing machine. I need it now because the machine broke and service wants the warranty. Timing wise it was when we bought it, 2 years ago maybe. I don't remember the exact words on it. I typed ""warranty 2024"" in search and got no results. It just doesn't show up in search even though I know it's there. I kept retyping different searches. Found one that might be it, but I'm not sure it's the same one.",496,,0,,2,242,7.23.0,,,,,,,,,attempt,True,True,receipt,uncertain,C_retrieval,remembered_time_approximation,exact_text_unknown,metadata,warranty 2024,not_found,repeated_search,,
google_play:syn-goo-0044,google_play,android,syn-goo-0044,2023-03-17T04:35:47,True,synthetic://google_play/syn-goo-0044,,found the candid of my cousin laughing during the haldi by searching the person's face and then scrolling a bit. took two minutes.,130,,0,,5,169,7.28.0,,,,,,,,,success,True,True,wedding_memory,found,none_observed,,,,,,,,vague_search_succeeded
google_play:syn-goo-0045,google_play,android,syn-goo-0045,2023-02-01T05:14:54,True,synthetic://google_play/syn-goo-0045,,Found the photo of a plant I saw at a nursery by searching the person's face and then scrolling a bit. Took two minutes.,120,,0,,5,79,7.3.0,,,,,,,,,success,True,True,object_memory,found,none_observed,,,,,,,,vague_search_succeeded
google_play:syn-goo-0046,google_play,android,syn-goo-0046,2024-09-05T01:03:14,True,synthetic://google_play/syn-goo-0046,,"Search is hit or miss. Does anyone know how to find a short video of the band at the pub? I know it was at a pub in the old part of town. I don't know what it's called. Tried ""band"" and nothing came up. Screen recordings don't seem to be indexed at all. I went through the face group for that person too. I found a similar one but not the exact photo I wanted.",360,,0,,1,150,7.12.0,,,,,,,,,attempt,True,True,video,partially_found,F_data_index_limitation,remembered_place,exact_object_name_unknown,keyword,band,not_found,people_browsing,,
google_play:syn-goo-0047,google_play,android,syn-goo-0047,2023-11-20T02:41:21,True,synthetic://google_play/syn-goo-0047,,"Search is hit or miss. Looking for a photo of the biryani my grandmother made. It was a few Eids ago. I can't remember the date at all. I typed ""eid 2021"" in search and it popped up near the top. I checked all my albums one by one. Got it eventually, after three days.",268,,0,,5,153,7.21.0,,,,,,,,,attempt,True,True,food_restaurant_memory,found,none_observed,remembered_time_approximation,exact_date_unknown,metadata,eid 2021,found,album_browsing,,
google_play:syn-goo-0048,google_play,android,syn-goo-0048,2025-02-26T17:35:35,True,synthetic://google_play/syn-goo-0048,,Update: The locked folder is a nice privacy feature. The app is slow to load thumbnails on my old phone.,104,,0,,3,195,7.19.0,,,,,,,,,noise,False,False,,,,,,,,,,,
google_play:syn-goo-0049,google_play,android,syn-goo-0049,2024-07-16T00:17:41,True,synthetic://google_play/syn-goo-0049,,Two things. The app is slow to load thumbnails on my old phone. Storage is full again and now they want me to pay for more. Too expensive for what it is.,153,,0,,5,25,7.30.0,,,,,,,,,noise,False,False,,,,,,,,,,,
google_play:syn-goo-0050,google_play,android,syn-goo-0050,2023-09-28T19:38:21,True,synthetic://google_play/syn-goo-0050,,"looking for the photo of my car's insurance papers. i remember i took it in the car when the traffic police stopped me once. i don't remember when exactly. tried ""insurance"" and nothing came up. it just doesn't show up in search even though i know it's there. i kept retyping different searches. eventually i just gave up.",322,,0,,3,139,7.27.0,,,,,,,,,attempt,True,True,document,abandoned,C_retrieval,remembered_context,exact_date_unknown,keyword,insurance,not_found,abandonment; repeated_search,,
google_play:syn-goo-0051,google_play,android,syn-goo-0051,2023-08-10T08:30:47,True,synthetic://google_play/syn-goo-0051,,"Search is useless for old photos. Looking for the photo of my handwritten letter to myself. Timing wise it was my 25th birthday. I can't recall what it said exactly. I typed ""handwritten letter on cream paper"" in search but it just showed random photos. I know exactly what it looks like but can't put it into search words. I checked all my albums one by one. Found one that might be it, but I'm not sure it's the same one.",423,,0,,3,287,7.11.0,,,,,,,,,attempt,True,True,personal_memory,uncertain,A_memory_expression,remembered_time_approximation,exact_text_unknown,natural_language,handwritten letter on cream paper,wrong_results,album_browsing,,
google_play:syn-goo-0052,google_play,android,syn-goo-0052,2025-09-29T22:24:54,True,synthetic://google_play/syn-goo-0052,,"Search is hit or miss. I've been looking for the photo of my son's first steps for days. I need it because we're making a birthday album. All I remember visually is the green rug and him holding the sofa. I can't remember the date at all. I typed ""baby standing holding sofa on green rug"" in search and it popped up near the top. Got it eventually, after about an hour.",369,,0,,3,189,7.7.0,,,,,,,,,attempt,True,True,family_memory,found,none_observed,remembered_visual_appearance,exact_date_unknown,natural_language,baby standing holding sofa on green rug,found,,,
google_play:syn-goo-0053,google_play,android,syn-goo-0053,2025-01-22T19:49:24,True,synthetic://google_play/syn-goo-0053,,Please add a dark mode for the web version.,43,,0,,4,31,7.13.0,,,,,,,,,noise,False,False,,,,,,,,,,,
google_play:syn-goo-0054,google_play,android,syn-goo-0054,2023-10-24T04:43:58,True,synthetic://google_play/syn-goo-0054,,"Search is hit or miss. Looking for a short video of the band at the pub. It was at a random Friday gig. I don't even remember what the event was called. Tried ""friday 2022"" and got no results. The photo is definitely in my library but search never shows it. I gave up on finding it.",282,,0,,1,56,7.22.0,,,,,,,,,attempt,True,True,video,abandoned,C_retrieval,remembered_event,event_name_unknown,metadata,friday 2022,not_found,abandonment,,
google_play:syn-goo-0055,google_play,android,syn-goo-0055,2026-08-10T01:08:02,True,synthetic://google_play/syn-goo-0055,,"i'm trying to find the photo of the menu at the street food stall. it was while eating chaat after the market. i can't recall what it said exactly. searched for ""delhi winter"" but it just showed random photos. it doesn't understand what i'm describing at all. got it eventually, after way too long.",298,,0,,4,218,7.22.0,,,,,,,,,attempt,True,True,food_restaurant_memory,found,B_system_understanding,remembered_activity,exact_text_unknown,metadata,delhi winter,wrong_results,,,
google_play:syn-goo-0056,google_play,android,syn-goo-0056,2026-05-30T05:24:02,True,synthetic://google_play/syn-goo-0056,,"Honestly, Why did they move the sharing button? The new layout is confusing. The widget on the home screen shows the same photo every day.",138,,0,,3,140,7.20.0,,,,,,,,,noise,False,False,,,,,,,,,,,
google_play:syn-goo-0057,google_play,android,syn-goo-0057,2024-06-06T13:37:40,True,synthetic://google_play/syn-goo-0057,,"Frustrating search. I'm trying to find the picture of the pharmacy receipt. I remember I needed it for insurance reimbursement. Not sure which month or year, honestly. I typed ""receipt"" in search and got no results. I know exactly what it looks like but can't put it into search words. I scrolled for like 40 minutes. Never found it.",333,,0,,2,34,7.3.0,,,,,,,,,attempt,True,True,receipt,not_found,A_memory_expression,remembered_context,exact_date_unknown,keyword,receipt,not_found,manual_scrolling,,
google_play:syn-goo-0058,google_play,android,syn-goo-0058,2026-02-13T13:22:56,True,synthetic://google_play/syn-goo-0058,,"Search is hit or miss. I've been looking for a photo of the tiny café we found in Goa for days. It's from our Goa trip. I don't remember when exactly. Tried ""small cafe with blue chairs near the beach"" but it just showed random photos. How do you even search for something like that? I jumped to roughly that year with the scrollbar and went month by month. I gave up on finding it.",382,,0,,3,115,7.26.0,,,,,,,,,attempt,True,True,travel_memory,abandoned,A_memory_expression,remembered_trip,exact_date_unknown,natural_language,small cafe with blue chairs near the beach,wrong_results,abandonment; date_browsing,,
google_play:syn-goo-0059,google_play,android,syn-goo-0059,2023-03-01T06:34:07,True,synthetic://google_play/syn-goo-0059,,"Honestly, The widget on the home screen shows the same photo every day.",71,,0,,5,158,7.30.0,,,,,,,,,noise,False,False,,,,,,,,,,,
google_play:syn-goo-0060,google_play,android,syn-goo-0060,2025-03-31T02:32:00,True,synthetic://google_play/syn-goo-0060,,"Thought search was broken but the picture of the houseboat we stayed on was in my partner's library, not mine.",110,,0,,3,15,7.3.0,,,,,,,,,misattribution,True,True,travel_memory,not_found,F_data_index_limitation,,,,,,,,failure_not_search_related
google_play:syn-goo-0061,google_play,android,syn-goo-0061,2024-11-29T05:43:51,True,synthetic://google_play/syn-goo-0061,,"Couldn't find the old scanned photo of my grandparents' wedding anywhere, then realised it was on my old phone and never got backed up.",135,,0,,2,166,7.25.0,,,,,,,,,misattribution,True,True,family_memory,not_found,F_data_index_limitation,,,,,,,,failure_not_search_related
google_play:syn-goo-0062,google_play,android,syn-goo-0062,2024-03-27T14:23:27,True,synthetic://google_play/syn-goo-0062,,"Search is useless for old photos. I've been looking for the photo of the bill I took sometime last summer for days. I can picture a long crumpled receipt. I don't remember when exactly. I typed ""june bill"" in search and got no results. The photo is definitely in my library but search never shows it. I scrolled for like 40 minutes. Never found it.",348,,0,,1,104,7.10.0,,,,,,,,,attempt,True,True,receipt,not_found,C_retrieval,remembered_visual_appearance,exact_date_unknown,metadata,june bill,not_found,manual_scrolling,,
google_play:syn-goo-0063,google_play,android,syn-goo-0063,2025-05-29T20:52:36,True,synthetic://google_play/syn-goo-0063,,"frustrating search. looking for the photo of the shoes i tried on in the store. i need it because i want to order them online. all i remember visually is grey shoes with a neon green sole. no idea what the thing is actually called. searched for ""grey running shoes with green sole"" but it just showed random photos. it took ""shoes"" literally and ignored everything else. never found it.",386,,0,,3,213,7.10.0,,,,,,,,,attempt,True,True,purchase_related_image,not_found,B_system_understanding,remembered_visual_appearance,exact_object_name_unknown,natural_language,grey running shoes with green sole,wrong_results,,,
google_play:syn-goo-0064,google_play,android,syn-goo-0064,2025-11-10T07:03:35,True,synthetic://google_play/syn-goo-0064,,"search is hit or miss. i've been looking for a sunset photo from the hotel balcony for days. timing wise it was in summer, i'm not sure which year. i can't recall where exactly it was. i typed ""sunset"" in search and there it was. finally found it after three days.",264,,0,,5,75,7.8.0,,,,,,,,,attempt,True,True,travel_memory,found,none_observed,remembered_time_approximation,exact_location_unknown,keyword,sunset,found,,,
google_play:syn-goo-0065,google_play,android,syn-goo-0065,2023-04-26T12:48:49,True,synthetic://google_play/syn-goo-0065,,"search is useless for old photos. i've been looking for a photo with a guy we met on a trek for days. we were at the top of the trek when i took it. no clue what the place was called. tried ""himachal 2019"" and got no results. it came from my old phone and i'm not sure it ever got backed up. i asked my sister if she still had it. never found it.",346,,0,,2,236,7.15.0,,,,,,,,,attempt,True,True,friend_memory,not_found,F_data_index_limitation,remembered_place,exact_location_unknown,metadata,himachal 2019,not_found,ask_another_person,,
google_play:syn-goo-0066,google_play,android,syn-goo-0066,2026-08-13T03:17:15,True,synthetic://google_play/syn-goo-0066,,Spent an hour looking for the photo with the bride and my grandmother and it turns out I had deleted it years ago. Not the app's fault.,135,,0,,3,259,7.13.0,,,,,,,,,misattribution,True,True,wedding_memory,not_found,F_data_index_limitation,,,,,,,,failure_not_search_related
google_play:syn-goo-0067,google_play,android,syn-goo-0067,2025-04-17T12:19:10,True,synthetic://google_play/syn-goo-0067,,"I'm trying to find the photo of the bill I took sometime last summer. For context, we were splitting it between six people. I don't remember the exact words on it. Searched for ""bill"" and got no results. The photo is definitely in my library but search never shows it. I checked my Gmail in case I had sent it to someone. I gave up on finding it.",346,,0,,1,171,7.3.0,,,,,,,,,attempt,True,True,receipt,abandoned,C_retrieval,remembered_context,exact_text_unknown,keyword,bill,not_found,abandonment; other_application,,
google_play:syn-goo-0068,google_play,android,syn-goo-0068,2024-01-05T07:47:54,True,synthetic://google_play/syn-goo-0068,,"does anyone know how to find the photo of the electrician's handwritten estimate? timing wise it was a few months ago. i can't remember the date at all. i typed ""handwritten estimate on notebook paper"" in search and nothing came up. the photo is definitely in my library but search never shows it. ended up scrolling back through years of photos. got it eventually, after half an hour of scrolling.",398,,0,,3,115,7.5.0,,,,,,,,,attempt,True,True,receipt,found,C_retrieval,remembered_time_approximation,exact_date_unknown,natural_language,handwritten estimate on notebook paper,not_found,manual_scrolling,,
google_play:syn-goo-0069,google_play,android,syn-goo-0069,2025-08-18T07:03:50,True,synthetic://google_play/syn-goo-0069,,"Frustrating search. Looking for the group photo from the night we all stayed up on the terrace. I remember fairy lights and everyone squinting because of the flash. I don't remember the person's name. Searched for ""2016 night"" and got no results. It just doesn't show up in search even though I know it's there. Finally found it after half an hour of scrolling.",361,,0,,5,225,7.15.0,,,,,,,,,attempt,True,True,friend_memory,found,C_retrieval,remembered_visual_appearance,person_name_unknown,metadata,2016 night,not_found,,,
google_play:syn-goo-0070,google_play,android,syn-goo-0070,2024-03-30T16:25:30,True,synthetic://google_play/syn-goo-0070,,"Search is useless for old photos. I've been looking for a picture of the sofa fabric sample for days. It's a picture of a fabric swatch. I don't know what it's called. I typed ""fabric"" in search and got a bunch of pictures that had nothing to do with it. How do you even search for something like that? I found a similar one but not the exact photo I wanted.",358,,0,,2,27,7.13.0,,,,,,,,,attempt,True,True,purchase_related_image,partially_found,A_memory_expression,remembered_object,exact_object_name_unknown,keyword,fabric,wrong_results,,,
google_play:syn-goo-0071,google_play,android,syn-goo-0071,2024-06-08T07:51:06,True,synthetic://google_play/syn-goo-0071,,"does anyone know how to find the photo of my son's first steps? i remember my son being in it. i'm not sure if i ever put it in an album. searched for ""baby standing holding sofa on green rug"" and got no results. i didn't know what else to try. found one that might be it, but i'm not sure it's the same one.",308,,0,,3,270,7.14.0,,,,,,,,,attempt,True,True,family_memory,uncertain,E_refinement,remembered_person,album_unknown,natural_language,baby standing holding sofa on green rug,not_found,,,
google_play:syn-goo-0072,google_play,android,syn-goo-0072,2023-05-19T19:09:11,True,synthetic://google_play/syn-goo-0072,,"I'm trying to find the selfie from the concert. I need it now because it's her birthday and I want to post it. It was at the Coldplay concert. I can't remember the date at all. I searched ""selfie at concert with confetti"" and got no results. It came from my old phone and I'm not sure it ever got backed up. In the end I texted my friend to send it again. I gave up on finding it.",380,,0,,3,283,7.1.0,,,,,,,,,attempt,True,True,friend_memory,abandoned,F_data_index_limitation,remembered_event,exact_date_unknown,natural_language,selfie at concert with confetti,not_found,abandonment; ask_another_person,,
google_play:syn-goo-0073,google_play,android,syn-goo-0073,2025-07-26T01:20:47,True,synthetic://google_play/syn-goo-0073,,"great backup app but search needs work. i'm trying to find the photo of my son's vaccination card. timing wise it was when he was a baby. i don't know what it's called. tried ""baby vaccination card pink"" and got no results. how do you even search for something like that? ended up scrolling back through years of photos. eventually i just gave up.",347,,0,,1,102,7.29.0,,,,,,,,,attempt,True,True,document,abandoned,A_memory_expression,remembered_time_approximation,exact_object_name_unknown,natural_language,baby vaccination card pink,not_found,abandonment; manual_scrolling,,
google_play:syn-goo-0074,google_play,android,syn-goo-0074,2025-10-13T18:06:51,True,synthetic://google_play/syn-goo-0074,,"Does anyone know how to find the photo of my first tattoo right after I got it? I remember it was still covered with cling film. I don't remember when exactly. Searched for ""tattoo"" and got no results. How do you even search for something like that? I even googled how to search Google Photos better. I found a similar one but not the exact photo I wanted.",356,,0,,2,42,7.24.0,,,,,,,,,attempt,True,True,personal_memory,partially_found,A_memory_expression,remembered_context,exact_date_unknown,keyword,tattoo,not_found,external_search,,
google_play:syn-goo-0075,google_play,android,syn-goo-0075,2024-08-24T11:41:41,True,synthetic://google_play/syn-goo-0075,,Minor gripe: The widget on the home screen shows the same photo every day. App keeps crashing when I open a large video.,120,,0,,3,167,7.22.0,,,,,,,,,noise,False,False,,,,,,,,,,,
google_play:syn-goo-0076,google_play,android,syn-goo-0076,2025-06-28T12:47:57,True,synthetic://google_play/syn-goo-0076,,"Update: The widget on the home screen shows the same photo every day. Deleted photos don't free up space on the phone, confusing.",129,,0,,3,180,7.20.0,,,,,,,,,noise,False,False,,,,,,,,,,,
google_play:syn-goo-0077,google_play,android,syn-goo-0077,2025-01-14T18:40:51,True,synthetic://google_play/syn-goo-0077,,two things. backup has been stuck on 'preparing' for three days. very annoying. why did they move the sharing button? the new layout is confusing.,146,,0,,5,81,7.1.0,,,,,,,,,noise,False,False,,,,,,,,,,,
google_play:syn-goo-0078,google_play,android,syn-goo-0078,2024-04-28T23:29:22,True,synthetic://google_play/syn-goo-0078,,backup has been stuck on 'preparing' for three days. very annoying. too many notifications about 'memories' i didn't ask for.,125,,0,,4,196,7.19.0,,,,,,,,,noise,False,False,,,,,,,,,,,
google_play:syn-goo-0079,google_play,android,syn-goo-0079,2024-06-17T16:14:53,True,synthetic://google_play/syn-goo-0079,,"i've been looking for the picture of the wine label from our anniversary dinner for days. i need it now because i want to buy the same wine again. i remember my partner being in it. i don't know what it's called. searched for ""anniversary 2023"" and got thousands of results to scroll through. i have hundreds of similar shots and can't tell which one it was. i gave up on finding it.",383,,0,,2,251,7.7.0,,,,,,,,,attempt,True,True,food_restaurant_memory,abandoned,D_result_evaluation,remembered_person,exact_object_name_unknown,metadata,anniversary 2023,too_many_results,abandonment,,
google_play:syn-goo-0080,google_play,android,syn-goo-0080,2025-06-30T03:11:46,True,synthetic://google_play/syn-goo-0080,,"search is hit or miss. i don't remember dates, nobody does. searching by date is useless for old memories.",106,,0,,3,177,7.23.0,,,,,,,,,opinion,True,False,,,,,,,,,,,
google_play:syn-goo-0081,google_play,android,syn-goo-0081,2024-10-11T23:23:12,True,synthetic://google_play/syn-goo-0081,,"i've been looking for the photo of my car's insurance papers for days. i need it now because i had an accident and need the policy number. i can picture a folded paper on the dashboard. i can't remember the date at all. i typed ""insurance"" in search and it popped up near the top. i scrolled for like 40 minutes. finally found it after two evenings.",349,,0,,4,264,7.12.0,,,,,,,,,attempt,True,True,document,found,none_observed,remembered_visual_appearance,exact_date_unknown,keyword,insurance,found,manual_scrolling,,
google_play:syn-goo-0082,google_play,android,syn-goo-0082,2025-10-26T02:01:03,True,synthetic://google_play/syn-goo-0082,,two things. too many notifications about 'memories' i didn't ask for.,69,,0,,5,78,7.10.0,,,,,,,,,noise,False,False,,,,,,,,,,,
google_play:syn-goo-0083,google_play,android,syn-goo-0083,2026-03-17T15:10:02,True,synthetic://google_play/syn-goo-0083,,"Frustrating search. Looking for the photo from the Ganpati procession. It was not sure which year. I can't remember the date at all. I searched ""ganpati"" but it just showed random photos. It seems like search ignores half of what I type and only matches one word. Got it eventually, after two evenings.",302,,0,,3,254,7.29.0,,,,,,,,,attempt,True,True,event_memory,found,B_system_understanding,remembered_time_approximation,exact_date_unknown,keyword,ganpati,wrong_results,,,
google_play:syn-goo-0084,google_play,android,syn-goo-0084,2024-05-10T16:59:01,True,synthetic://google_play/syn-goo-0084,,"search is hit or miss. looking for the selfie from the concert. it had my best friend in it. not sure which month or year, honestly. i typed ""selfie at concert with confetti"" in search and got no results. i think it's in my partner's library, not mine. i asked my sister if she still had it. still haven't found it.",315,,0,,2,126,7.5.0,,,,,,,,,attempt,True,True,friend_memory,not_found,F_data_index_limitation,remembered_person,exact_date_unknown,natural_language,selfie at concert with confetti,not_found,ask_another_person,,
google_play:syn-goo-0085,google_play,android,syn-goo-0085,2023-11-24T11:55:17,True,synthetic://google_play/syn-goo-0085,,"Update: Uploading in original quality eats my data plan. Deleted photos don't free up space on the phone, confusing.",116,,0,,5,160,7.7.0,,,,,,,,,noise,False,False,,,,,,,,,,,
google_play:syn-goo-0086,google_play,android,syn-goo-0086,2024-09-23T18:06:31,True,synthetic://google_play/syn-goo-0086,,Two things. Syncing between my two phones is inconsistent. The locked folder is a nice privacy feature.,103,,0,,3,201,7.17.0,,,,,,,,,noise,False,False,,,,,,,,,,,
google_play:syn-goo-0087,google_play,android,syn-goo-0087,2024-08-14T02:40:37,True,synthetic://google_play/syn-goo-0087,,"I've been looking for the video of my mom singing at the dinner table for days. I need it because I want to play it at her 60th. It was taken at home. Not sure which month or year, honestly. Searched for ""video of mom singing at dinner"" and got no results. I just didn't know how to describe it in a way search would get. I went through the face group for that person too. Never found it.",388,,0,,2,281,7.9.0,,,,,,,,,attempt,True,True,family_memory,not_found,A_memory_expression,remembered_place,exact_date_unknown,natural_language,video of mom singing at dinner,not_found,people_browsing,,
google_play:syn-goo-0088,google_play,android,syn-goo-0088,2025-03-17T13:35:15,True,synthetic://google_play/syn-goo-0088,,too many notifications about 'memories' i didn't ask for.,57,,0,,5,187,7.25.0,,,,,,,,,noise,False,False,,,,,,,,,,,
google_play:syn-goo-0089,google_play,android,syn-goo-0089,2024-11-09T03:59:26,True,synthetic://google_play/syn-goo-0089,,"I've been looking for the photo of the electrician's handwritten estimate for days. I need it because he's charging way more now. The photo shows a handwritten estimate. I can't recall what it said exactly. I typed ""handwritten estimate on notebook paper"" in search and got thousands of results to scroll through. I have hundreds of similar shots and can't tell which one it was. Eventually I searched my WhatsApp chats instead. I gave up on finding it.",453,,0,,2,13,7.20.0,,,,,,,,,attempt,True,True,receipt,abandoned,D_result_evaluation,remembered_object,exact_text_unknown,natural_language,handwritten estimate on notebook paper,too_many_results,abandonment; other_application,,
google_play:syn-goo-0090,google_play,android,syn-goo-0090,2025-09-10T06:12:29,True,synthetic://google_play/syn-goo-0090,,Minor gripe: Backup has been stuck on 'preparing' for three days. Very annoying.,80,,0,,5,194,7.5.0,,,,,,,,,noise,False,False,,,,,,,,,,,
google_play:syn-goo-0091,google_play,android,syn-goo-0091,2023-08-14T06:56:46,True,synthetic://google_play/syn-goo-0091,,"Honestly I've stopped using search and just scroll, it's more predictable.",74,,0,,2,214,7.5.0,,,,,,,,,opinion,True,False,,,,,,,,,,,
google_play:syn-goo-0092,google_play,android,syn-goo-0092,2026-06-06T17:10:14,True,synthetic://google_play/syn-goo-0092,,Frustrating search. It would help if the app told me why a photo showed up in results.,86,,0,,1,70,7.17.0,,,,,,,,,opinion,True,False,,,,,,,,,,,
google_play:syn-goo-0093,google_play,android,syn-goo-0093,2024-10-04T06:18:19,True,synthetic://google_play/syn-goo-0093,,Two things. I wish the video editor had more music options. Syncing between my two phones is inconsistent.,106,,0,,5,175,7.18.0,,,,,,,,,noise,False,False,,,,,,,,,,,
google_play:syn-goo-0094,google_play,android,syn-goo-0094,2024-12-07T05:19:58,True,synthetic://google_play/syn-goo-0094,,"Search is useless for old photos. Does anyone know how to find a picture of the sofa fabric sample? I need it now because we're finally ordering the sofa. For context, the shop said to send them the photo when ordering. I don't know what it's called. I typed ""mustard fabric sample"" in search and got no results. I know exactly what it looks like but can't put it into search words. Found one that might be it, but I'm not sure it's the same one.",446,,0,,2,40,7.12.0,,,,,,,,,attempt,True,True,purchase_related_image,uncertain,A_memory_expression,remembered_context,exact_object_name_unknown,natural_language,mustard fabric sample,not_found,,,
google_play:syn-goo-0095,google_play,android,syn-goo-0095,2024-02-18T19:36:32,True,synthetic://google_play/syn-goo-0095,,spent an hour looking for the photo of the prescription for my mother's eye drops and it turns out i had deleted it years ago. not the app's fault.,147,,0,,3,139,7.5.0,,,,,,,,,misattribution,True,True,medical_or_health_image,not_found,F_data_index_limitation,,,,,,,,failure_not_search_related
google_play:syn-goo-0096,google_play,android,syn-goo-0096,2025-12-23T08:12:59,True,synthetic://google_play/syn-goo-0096,,"Love the collage feature, made a nice one for my mom.",53,,0,,3,26,7.4.0,,,,,,,,,noise,False,False,,,,,,,,,,,
google_play:syn-goo-0097,google_play,android,syn-goo-0097,2023-10-09T00:11:19,True,synthetic://google_play/syn-goo-0097,,"Great backup app but search needs work. Honestly I've stopped using search and just scroll, it's more predictable.",114,,0,,2,243,7.16.0,,,,,,,,,opinion,True,False,,,,,,,,,,,
google_play:syn-goo-0098,google_play,android,syn-goo-0098,2024-08-07T23:30:59,True,synthetic://google_play/syn-goo-0098,,"Didn't remember anything except grey shoes with a neon green sole, searched for that and it showed up. Impressed.",113,,0,,3,293,7.8.0,,,,,,,,,success,True,True,purchase_related_image,found,none_observed,,,,,,,,vague_search_succeeded
google_play:syn-goo-0099,google_play,android,syn-goo-0099,2024-01-30T04:06:04,True,synthetic://google_play/syn-goo-0099,,"Great backup app but search needs work. I've been looking for the screenshot where I had the information about that course for days. I need it now because the application deadline might be close. I remember someone posted it on LinkedIn. I don't remember the exact words on it. I typed ""screenshot linkedin"" in search and got a bunch of pictures that had nothing to do with it. I know exactly what it looks like but can't put it into search words. I kept retyping different searches. Found one that might be it, but I'm not sure it's the same one.",547,,0,,3,234,7.21.0,,,,,,,,,attempt,True,True,screenshot,uncertain,A_memory_expression,remembered_context,exact_text_unknown,metadata,screenshot linkedin,wrong_results,repeated_search,,
google_play:syn-goo-0100,google_play,android,syn-goo-0100,2025-02-24T08:34:30,True,synthetic://google_play/syn-goo-0100,,"Search is hit or miss. I've been looking for the family photo from Diwali where everyone is wearing white for days. Timing wise it was one of the Diwalis between 2017 and 2020. I have no idea what year it was. Tried ""diwali 2018"" and nothing came up. I think it's in my partner's library, not mine. Ended up scrolling back through years of photos. I gave up on finding it.",372,,0,,2,154,7.19.0,,,,,,,,,attempt,True,True,family_memory,abandoned,F_data_index_limitation,remembered_time_approximation,exact_date_unknown,metadata,diwali 2018,not_found,abandonment; manual_scrolling,,
google_play:syn-goo-0101,google_play,android,syn-goo-0101,2024-04-28T02:15:42,True,synthetic://google_play/syn-goo-0101,,"honestly, face grouping merged my twin daughters into one person lol.",69,,0,,3,238,7.10.0,,,,,,,,,noise,False,False,,,,,,,,,,,
google_play:syn-goo-0102,google_play,android,syn-goo-0102,2026-06-12T08:02:27,True,synthetic://google_play/syn-goo-0102,,"Honestly, The editing tools are great, the magic eraser is really good. The app is slow to load thumbnails on my old phone.",123,,0,,3,244,7.5.0,,,,,,,,,noise,False,False,,,,,,,,,,,
google_play:syn-goo-0103,google_play,android,syn-goo-0103,2025-12-01T16:05:12,True,synthetic://google_play/syn-goo-0103,,"frustrating search. looking for a short video of the band at the pub. it was while singing a cover of some old song. no idea what the thing is actually called. i searched ""band"" but it just showed random photos. how do you even search for something like that? i found a similar one but not the exact photo i wanted.",315,,0,,1,298,7.16.0,,,,,,,,,attempt,True,True,video,partially_found,A_memory_expression,remembered_activity,exact_object_name_unknown,keyword,band,wrong_results,,,
google_play:syn-goo-0104,google_play,android,syn-goo-0104,2023-03-06T10:27:09,True,synthetic://google_play/syn-goo-0104,,"Great backup app but search needs work. Does anyone know how to find the photo I took of my passport page? I can picture my thumb covering one corner. I can't recall what it said exactly. I searched ""visa 2022"" and nothing came up. It just doesn't show up in search even though I know it's there. I kept retyping different searches. Still haven't found it.",356,,0,,1,215,7.12.0,,,,,,,,,attempt,True,True,document,not_found,C_retrieval,remembered_visual_appearance,exact_text_unknown,metadata,visa 2022,not_found,repeated_search,,
google_play:syn-goo-0105,google_play,android,syn-goo-0105,2023-06-14T19:38:07,True,synthetic://google_play/syn-goo-0105,,"couldn't find the photo of us dancing at the sangeet anywhere, then realised it was on my old phone and never got backed up.",124,,0,,3,178,7.4.0,,,,,,,,,misattribution,True,True,wedding_memory,not_found,F_data_index_limitation,,,,,,,,failure_not_search_related
google_play:syn-goo-0106,google_play,android,syn-goo-0106,2026-06-13T00:34:10,True,synthetic://google_play/syn-goo-0106,,"great backup app but search needs work. i've been looking for the picture of my college marksheet for days. i remember a certificate with a blue border. i can't remember the date at all. i typed ""college marksheet with blue border"" in search but it just showed random photos. how do you even search for something like that? found one that might be it, but i'm not sure it's the same one.",387,,0,,1,51,7.20.0,,,,,,,,,attempt,True,True,document,uncertain,A_memory_expression,remembered_visual_appearance,exact_date_unknown,natural_language,college marksheet with blue border,wrong_results,,,
google_play:syn-goo-0107,google_play,android,syn-goo-0107,2023-04-01T14:38:45,True,synthetic://google_play/syn-goo-0107,,"Was sure I'd never find the photo of the bill I took sometime last summer, but searching ""bill"" plus the year got it on the first try.",134,,0,,3,276,7.7.0,,,,,,,,,success,True,True,receipt,found,none_observed,,,,,,,,vague_search_succeeded
google_play:syn-goo-0108,google_play,android,syn-goo-0108,2024-08-15T08:31:32,True,synthetic://google_play/syn-goo-0108,,Minor gripe: Too many notifications about 'memories' I didn't ask for.,70,,0,,5,163,7.19.0,,,,,,,,,noise,False,False,,,,,,,,,,,
google_play:syn-goo-0109,google_play,android,syn-goo-0109,2024-09-10T05:12:57,True,synthetic://google_play/syn-goo-0109,,"I don't remember dates, nobody does. Searching by date is useless for old memories.",83,,0,,1,211,7.10.0,,,,,,,,,opinion,True,False,,,,,,,,,,,
google_play:syn-goo-0110,google_play,android,syn-goo-0110,2025-08-06T02:05:52,True,synthetic://google_play/syn-goo-0110,,"i've been looking for the photo of the warranty card for the washing machine for days. for context, i photographed it right after installation. not sure which month or year, honestly. searched for ""warranty"" but it just showed random photos. i didn't know what else to try. eventually i searched my whatsapp chats instead. found one that might be it, but i'm not sure it's the same one.",386,,0,,2,285,7.17.0,,,,,,,,,attempt,True,True,receipt,uncertain,E_refinement,remembered_context,exact_date_unknown,keyword,warranty,wrong_results,other_application,,
google_play:syn-goo-0111,google_play,android,syn-goo-0111,2024-11-07T23:32:45,True,synthetic://google_play/syn-goo-0111,,Update: Face grouping merged my twin daughters into one person lol.,67,,0,,4,189,7.3.0,,,,,,,,,noise,False,False,,,,,,,,,,,
google_play:syn-goo-0112,google_play,android,syn-goo-0112,2026-02-04T11:42:34,True,synthetic://google_play/syn-goo-0112,,"Looking for that picture from the trip where we stayed near the beach. Timing wise it was 2021 or 2022, not sure. I can't recall where exactly it was. I searched ""beach"" and got thousands of results to scroll through. There are so many almost identical shots from that day that I can't tell which one it is. Got it eventually, after two evenings.",346,,0,,4,273,7.21.0,,,,,,,,,attempt,True,True,location_memory,found,D_result_evaluation,remembered_time_approximation,exact_location_unknown,keyword,beach,too_many_results,,,
google_play:syn-goo-0113,google_play,android,syn-goo-0113,2024-11-22T09:22:08,True,synthetic://google_play/syn-goo-0113,,"frustrating search. i've been looking for the photo of us at the football match for days. i need it because reunion group chat asked for it. we were in the stadium when i took it. i don't even remember what the event was called. i typed ""friends with painted faces at football match"" in search and nothing came up. i just didn't know how to describe it in a way search would get. in the end i texted my friend to send it again. found one that might be it, but i'm not sure it's the same one.",491,,0,,3,251,7.15.0,,,,,,,,,attempt,True,True,friend_memory,uncertain,A_memory_expression,remembered_place,event_name_unknown,natural_language,friends with painted faces at football match,not_found,ask_another_person,,
google_play:syn-goo-0114,google_play,android,syn-goo-0114,2025-11-01T16:36:10,True,synthetic://google_play/syn-goo-0114,,"Search is useless for old photos. I'm trying to find that picture from the trip where we stayed near the beach. I remember location was probably off on my phone. No clue what the place was called. Tried ""beach"" and nothing came up. The photo is definitely in my library but search never shows it. Found one that might be it, but I'm not sure it's the same one.",360,,0,,3,247,7.22.0,,,,,,,,,attempt,True,True,location_memory,uncertain,C_retrieval,remembered_context,exact_location_unknown,keyword,beach,not_found,,,
google_play:syn-goo-0115,google_play,android,syn-goo-0115,2025-02-03T14:46:58,True,synthetic://google_play/syn-goo-0115,,"I've been looking for a picture of the waterfall we hiked to for days. It was taken a couple of hours from the homestay. I have no idea what year it was. Tried ""meghalaya 2020"" and it gave me hundreds of photos. I have hundreds of similar shots and can't tell which one it was. I scrolled for like 40 minutes. Never found it.",325,,0,,1,115,7.10.0,,,,,,,,,attempt,True,True,travel_memory,not_found,D_result_evaluation,remembered_place,exact_date_unknown,metadata,meghalaya 2020,too_many_results,manual_scrolling,,
google_play:syn-goo-0116,google_play,android,syn-goo-0116,2025-04-10T13:48:30,True,synthetic://google_play/syn-goo-0116,,Backup has been stuck on 'preparing' for three days. Very annoying.,67,,0,,5,243,7.2.0,,,,,,,,,noise,False,False,,,,,,,,,,,
google_play:syn-goo-0117,google_play,android,syn-goo-0117,2023-10-23T14:30:05,True,synthetic://google_play/syn-goo-0117,,"Search is hit or miss. I'm trying to find the screenshot where I had the information about that course. I need it now because the application deadline might be close. For context, someone posted it on LinkedIn. I have no idea what year it was. I searched ""screenshot linkedin"" and nothing came up. It just doesn't show up in search even though I know it's there. Found one that might be it, but I'm not sure it's the same one.",426,,0,,1,288,7.8.0,,,,,,,,,attempt,True,True,screenshot,uncertain,C_retrieval,remembered_context,exact_date_unknown,metadata,screenshot linkedin,not_found,,,
google_play:syn-goo-0118,google_play,android,syn-goo-0118,2025-02-07T15:43:23,True,synthetic://google_play/syn-goo-0118,,"Frustrating search. I'm trying to find the picture of the dent on my car. I need it because the insurance surveyor wants the original photo. I remember a scooter hit my car in the parking lot. I don't remember when exactly. I typed ""dent on silver car door"" in search and got no results. I ran out of ideas pretty quickly. Never found it.",338,,0,,3,194,7.3.0,,,,,,,,,attempt,True,True,object_memory,not_found,E_refinement,remembered_context,exact_date_unknown,natural_language,dent on silver car door,not_found,,,
google_play:syn-goo-0119,google_play,android,syn-goo-0119,2023-05-31T02:59:12,True,synthetic://google_play/syn-goo-0119,,"Great backup app but search needs work. Honestly I've stopped using search and just scroll, it's more predictable.",114,,0,,2,78,7.24.0,,,,,,,,,opinion,True,False,,,,,,,,,,,
app_store:syn-app-0000,app_store,ios,syn-app-0000,2025-03-12T16:51:34,True,synthetic://app_store/syn-app-0000,Can't find anything older than a year,"I've been looking for the photo of the prescription for my mother's eye drops for days. I need it now because the pharmacy needs the name. It's a picture of a prescription. It had the name of the eye drops on it. I don't remember the exact words on it. I typed ""prescription"" in search and got a bunch of pictures that had nothing to do with it. I searched ""eye clinic"" and nothing came up. I ran out of ideas pretty quickly. Eventually I searched my WhatsApp chats instead. Never found it.",490,,0,,3,,,,,,,,,,,attempt,True,True,medical_or_health_image,not_found,E_refinement,remembered_object; remembered_text,exact_text_unknown,keyword; metadata,prescription; eye clinic,wrong_results; not_found,other_application,,
app_store:syn-app-0001,app_store,ios,syn-app-0001,2025-09-15T03:48:23,True,synthetic://app_store/syn-app-0001,"Good backup, weak search","Honestly search is amazing. I typed ""car insurance paper on dashboard"" and it found the photo of my car's insurance papers in seconds.",134,,0,,3,,,,,,,,,,,success,True,True,document,found,none_observed,,,,,,,,vague_search_succeeded
app_store:syn-app-0002,app_store,ios,syn-app-0002,2025-04-09T22:55:43,True,synthetic://app_store/syn-app-0002,Love it but search is frustrating,"A lot of my photos come from shared albums. I'm trying to find a picture of the ramen bowl from the tiny shop. I need it because a friend wants the shop name. I remember my brother being in it. Timing wise it was spring 2023 I think. No clue what the place was called. Tried ""tokyo april 2023"" but it just showed random photos. It doesn't understand what I'm describing at all. I jumped to roughly that year with the scrollbar and went month by month. Never found it.",467,,0,,3,,,,,,,,,,,attempt,True,True,food_restaurant_memory,not_found,B_system_understanding,remembered_person; remembered_time_approximation,exact_location_unknown,metadata,tokyo april 2023,wrong_results,date_browsing,shared_library,
app_store:syn-app-0003,app_store,ios,syn-app-0003,2024-09-01T22:22:21,True,synthetic://app_store/syn-app-0003,Search can't find old photos,"Looking for the photo of the prescription for my mother's eye drops. I need it because the pharmacy needs the name. I remember the doctor's handwriting was unreadable. I don't remember the exact words on it. I searched ""doctor prescription eye drops"" and got no results. I typed ""prescription"" in search and got no results. It just doesn't show up in search even though I know it's there. I checked my Gmail in case I had sent it to someone. Eventually I just gave up.",468,,0,,3,,,,,,,,,,,attempt,True,True,medical_or_health_image,abandoned,C_retrieval,remembered_context,exact_text_unknown,natural_language; keyword,doctor prescription eye drops; prescription,not_found; not_found,abandonment; other_application,,
app_store:syn-app-0004,app_store,ios,syn-app-0004,2023-10-07T07:06:15,True,synthetic://app_store/syn-app-0004,Can't find anything older than a year,"On Android. I've been looking for the photo of the dessert we ordered at that restaurant for days. I need it now because I want to go back but forgot the restaurant name. I remember my sister being in it. No clue what the place was called. Tried ""chocolate dessert with gold on top"" but it just showed random photos. It took ""dessert"" literally and ignored everything else. Tried synonyms like ""cake"" too. Still haven't found it.",429,,0,,3,,,,,,,,,,,attempt,True,True,food_restaurant_memory,not_found,B_system_understanding,remembered_person,exact_location_unknown,natural_language,chocolate dessert with gold on top,wrong_results,synonym_search,android_device,
app_store:syn-app-0005,app_store,ios,syn-app-0005,2023-08-29T08:37:36,True,synthetic://app_store/syn-app-0005,Almost perfect,"On the web version on my laptop. Does anyone know how to find the photo of the prescription for my mother's eye drops? I need it now because the pharmacy needs the name. I remember it showed the name of the eye drops. I remember the doctor's handwriting was unreadable. I don't know what it's called. Searched for ""eye clinic"" but it just showed random photos. I searched ""doctor prescription eye drops"" and nothing came up. I know exactly what it looks like but can't put it into search words. I checked my Gmail in case I had sent it to someone. Finally found it after way too long.",584,,0,,5,,,,,,,,,,,attempt,True,True,medical_or_health_image,found,A_memory_expression,remembered_context; remembered_text,exact_object_name_unknown,metadata; natural_language,eye clinic; doctor prescription eye drops,wrong_results; not_found,other_application,desktop_web,
app_store:syn-app-0006,app_store,ios,syn-app-0006,2026-06-15T05:04:09,True,synthetic://app_store/syn-app-0006,Almost perfect,"Update: The widget on the home screen shows the same photo every day. Deleted photos don't free up space on the phone, confusing.",129,,0,,3,,,,,,,,,,,noise,False,False,,,,,,,,,,,
app_store:syn-app-0007,app_store,ios,syn-app-0007,2025-12-26T10:14:02,True,synthetic://app_store/syn-app-0007,Can't find anything older than a year,It's frustrating that I have to guess what word the app uses for something.,75,,0,,1,,,,,,,,,,,opinion,True,False,,,,,,,,,,,
app_store:syn-app-0008,app_store,ios,syn-app-0008,2026-03-18T09:44:01,True,synthetic://app_store/syn-app-0008,Search needs to be smarter,It's frustrating that I have to guess what word the app uses for something.,75,,0,,1,,,,,,,,,,,opinion,True,False,,,,,,,,,,,
app_store:syn-app-0009,app_store,ios,syn-app-0009,2023-05-10T19:27:28,True,synthetic://app_store/syn-app-0009,Love it but search is frustrating,"I've been looking for the picture of the wine label from our anniversary dinner for days. I need it now because I want to buy the same wine again. It had my partner in it. No idea what the thing is actually called. I typed ""wine"" in search and got no results. Searched for ""anniversary 2023"" and got no results. How do you even search for something like that? I even googled how to search Google Photos better. Got it eventually, after half an hour of scrolling.",462,,0,,4,,,,,,,,,,,attempt,True,True,food_restaurant_memory,found,A_memory_expression,remembered_person,exact_object_name_unknown,keyword; metadata,wine; anniversary 2023,not_found; not_found,external_search,,
app_store:syn-app-0010,app_store,ios,syn-app-0010,2024-10-23T10:19:31,True,synthetic://app_store/syn-app-0010,Can't find anything older than a year,"Honestly, I wish the video editor had more music options.",57,,0,,5,,,,,,,,,,,noise,False,False,,,,,,,,,,,
app_store:syn-app-0011,app_store,ios,syn-app-0011,2023-04-10T01:40:21,True,synthetic://app_store/syn-app-0011,Search needs to be smarter,"Couldn't find the picture of the wine label from our anniversary dinner anywhere, then realised it was on my old phone and never got backed up.",143,,0,,2,,,,,,,,,,,misattribution,True,True,food_restaurant_memory,not_found,F_data_index_limitation,,,,,,,,failure_not_search_related
app_store:syn-app-0012,app_store,ios,syn-app-0012,2026-04-30T08:14:07,True,synthetic://app_store/syn-app-0012,Search needs to be smarter,"Does anyone know how to find the picture of the houseboat we stayed on? I need it now because I wanted to print it for my parents' anniversary. I remember a wooden roof and my dad standing at the front. We were somewhere in the Kerala backwaters when I took it. I don't remember when exactly. I searched ""houseboat"" and got no results. Tried ""dad standing on a boat with a wooden roof"" and got no results. The photo is definitely in my library but search never shows it. I jumped to roughly that year with the scrollbar and went month by month. Found one that might be it, but I'm not sure it's the same one.",608,,0,,2,,,,,,,,,,,attempt,True,True,travel_memory,uncertain,C_retrieval,remembered_place; remembered_visual_appearance,exact_date_unknown,keyword; natural_language,houseboat; dad standing on a boat with a wooden roof,not_found; not_found,date_browsing,,
app_store:syn-app-0013,app_store,ios,syn-app-0013,2023-09-04T15:22:33,True,synthetic://app_store/syn-app-0013,Love it but search is frustrating,"Didn't remember anything except green hills and a reflection of my face in the glass, searched for that and it showed up. Impressed.",132,,0,,4,,,,,,,,,,,success,True,True,travel_memory,found,none_observed,,,,,,,,vague_search_succeeded
app_store:syn-app-0014,app_store,ios,syn-app-0014,2024-10-06T05:05:27,True,synthetic://app_store/syn-app-0014,Where did my photo go?,"On Android. Looking for the photo of the street where we got lost. I need it because we want to frame it. We were in some old town in Portugal when I took it. I don't even remember what the event was called. Searched for ""narrow street with yellow tiles and tram"" and got thousands of results to scroll through. I searched ""street"" and it gave me hundreds of photos. There are so many almost identical shots from that day that I can't tell which one it is. I went through the map view hoping to spot it. Never found it.",519,,0,,3,,,,,,,,,,,attempt,True,True,travel_memory,not_found,D_result_evaluation,remembered_place,event_name_unknown,natural_language; keyword,narrow street with yellow tiles and tram; street,too_many_results; too_many_results,location_browsing,android_device,
app_store:syn-app-0015,app_store,ios,syn-app-0015,2023-02-04T21:23:06,True,synthetic://app_store/syn-app-0015,Search can't find old photos,"On iOS. I've been looking for a picture of the waterfall we hiked to for days. I need it now because my cousin asked for it for a reunion slideshow. We were a couple of hours from the homestay when I took it. I remember my cousins being in it. No clue what the place was called. Tried ""waterfall with people in raincoats and mist"" and got thousands of results to scroll through. I have hundreds of similar shots and can't tell which one it was. I went through the map view hoping to spot it. I found a similar one but not the exact photo I wanted.",547,,0,,2,,,,,,,,,,,attempt,True,True,travel_memory,partially_found,D_result_evaluation,remembered_person; remembered_place,exact_location_unknown,natural_language,waterfall with people in raincoats and mist,too_many_results,location_browsing,ios_device,
app_store:syn-app-0016,app_store,ios,syn-app-0016,2023-06-26T15:49:08,True,synthetic://app_store/syn-app-0016,"Good backup, weak search","Looking for the photo of my son's first steps. I need it now because we're making a birthday album. It's the one my wife took, not me. All I remember visually is the green rug and him holding the sofa. I'm not sure if I ever put it in an album. Searched for ""2019"" and it gave me hundreds of photos. All the results look the same as tiny thumbnails. Ended up scrolling back through years of photos. I found a similar one but not the exact photo I wanted.",454,,0,,3,,,,,,,,,,,attempt,True,True,family_memory,partially_found,D_result_evaluation,remembered_relationship; remembered_visual_appearance,album_unknown,metadata,2019,too_many_results,manual_scrolling,,
app_store:syn-app-0017,app_store,ios,syn-app-0017,2023-09-02T00:27:40,True,synthetic://app_store/syn-app-0017,Love it but search is frustrating,"Was sure I'd never find the photo of my dad's blood test report, but searching ""report"" plus the year got it on the first try.",126,,0,,5,,,,,,,,,,,success,True,True,medical_or_health_image,found,none_observed,,,,,,,,vague_search_succeeded
app_store:syn-app-0018,app_store,ios,syn-app-0018,2024-12-11T19:02:31,True,synthetic://app_store/syn-app-0018,Almost perfect,Two things. App keeps crashing when I open a large video.,57,,0,,5,,,,,,,,,,,noise,False,False,,,,,,,,,,,
app_store:syn-app-0019,app_store,ios,syn-app-0019,2025-08-24T13:15:07,True,synthetic://app_store/syn-app-0019,Love it but search is frustrating,"Does anyone know how to find the selfie from the concert? I need it because it's her birthday and I want to post it. I can picture confetti in the air behind us. Not sure which month or year, honestly. I typed ""concert"" in search but it just showed random photos. I searched ""selfie at concert with confetti"" and nothing came up. I just didn't know how to describe it in a way search would get. In the end I texted my friend to send it again. Still haven't found it.",466,,0,,1,,,,,,,,,,,attempt,True,True,friend_memory,not_found,A_memory_expression,remembered_visual_appearance,exact_date_unknown,keyword; natural_language,concert; selfie at concert with confetti,wrong_results; not_found,ask_another_person,,
app_store:syn-app-0020,app_store,ios,syn-app-0020,2024-02-15T10:36:59,True,synthetic://app_store/syn-app-0020,Almost perfect,"Does anyone know how to find that photo where I was wearing the blue shirt? I need it because I need a profile photo for a new job. I remember me in a light blue linen shirt against a white wall. I remember it was the best picture of me in years. No clue what the place was called. Searched for ""me wearing blue shirt white wall"" and got a bunch of pictures that had nothing to do with it. It took ""blue shirt"" literally and ignored everything else. I scrolled for like 40 minutes. Found one that might be it, but I'm not sure it's the same one.",545,,0,,2,,,,,,,,,,,attempt,True,True,personal_memory,uncertain,B_system_understanding,remembered_context; remembered_visual_appearance,exact_location_unknown,natural_language,me wearing blue shirt white wall,wrong_results,manual_scrolling,,
app_store:syn-app-0021,app_store,ios,syn-app-0021,2025-10-04T02:10:50,True,synthetic://app_store/syn-app-0021,Search needs to be smarter,"Looking for a screenshot of a recipe from Instagram. I need it now because guests are coming this weekend. It had something with paneer and cashew paste on it. I remember I screenshotted it from a reel. I can't recall what it said exactly. Searched for ""paneer recipe screenshot"" and got thousands of results to scroll through. There are so many almost identical shots from that day that I can't tell which one it is. Ended up scrolling back through years of photos. I gave up on finding it.",491,,0,,2,,,,,,,,,,,attempt,True,True,screenshot,abandoned,D_result_evaluation,remembered_context; remembered_text,exact_text_unknown,natural_language,paneer recipe screenshot,too_many_results,abandonment; manual_scrolling,,
app_store:syn-app-0022,app_store,ios,syn-app-0022,2026-01-02T13:02:41,True,synthetic://app_store/syn-app-0022,"Good backup, weak search","I have 12 years of photos in there. Looking for the picture of the houseboat we stayed on. I need it now because I wanted to print it for my parents' anniversary. It had my parents in it. I can picture a wooden roof and my dad standing at the front. I don't remember when exactly. I searched ""dad standing on a boat with a wooden roof"" but it just showed random photos. I searched ""kerala 2019"" but it just showed random photos. It seems like search ignores half of what I type and only matches one word. I went through the map view hoping to spot it. Never found it.",567,,0,,2,,,,,,,,,,,attempt,True,True,travel_memory,not_found,B_system_understanding,remembered_person; remembered_visual_appearance,exact_date_unknown,natural_language; metadata,dad standing on a boat with a wooden roof; kerala 2019,wrong_results; wrong_results,location_browsing,large_library,
app_store:syn-app-0023,app_store,ios,syn-app-0023,2023-11-19T11:04:34,True,synthetic://app_store/syn-app-0023,Search needs to be smarter,"Search should work the way I remember things, like 'photo of passport page', not just single words.",99,,0,,3,,,,,,,,,,,opinion,True,False,,,,,,,,,,,
app_store:syn-app-0024,app_store,ios,syn-app-0024,2025-03-31T13:33:10,True,synthetic://app_store/syn-app-0024,Search needs to be smarter,"On my Pixel. I've been looking for a sunset photo from the hotel balcony for days. We were at the hotel near the lake when I took it. No clue what the place was called. I searched ""sunset"" and it gave me hundreds of photos. There are so many almost identical shots from that day that I can't tell which one it is. I jumped to roughly that year with the scrollbar and went month by month. Still haven't found it.",411,,0,,3,,,,,,,,,,,attempt,True,True,travel_memory,not_found,D_result_evaluation,remembered_place,exact_location_unknown,keyword,sunset,too_many_results,date_browsing,android_device,
app_store:syn-app-0025,app_store,ios,syn-app-0025,2023-06-03T00:47:37,True,synthetic://app_store/syn-app-0025,Love it but search is frustrating,It's frustrating that I have to guess what word the app uses for something.,75,,0,,3,,,,,,,,,,,opinion,True,False,,,,,,,,,,,
app_store:syn-app-0026,app_store,ios,syn-app-0026,2024-11-10T04:27:39,True,synthetic://app_store/syn-app-0026,"Good backup, weak search","Search should work the way I remember things, like 'whiteboard with launch timeline', not just single words.",108,,0,,1,,,,,,,,,,,opinion,True,False,,,,,,,,,,,
app_store:syn-app-0027,app_store,ios,syn-app-0027,2025-01-05T17:27:53,True,synthetic://app_store/syn-app-0027,Almost perfect,"On my Samsung. Does anyone know how to find the video of my mom singing at the dinner table? I need it because I want to play it at her 60th. It was some Sunday a couple of years ago. It was while singing an old song. I don't remember when exactly. I searched ""video of mom singing at dinner"" and got thousands of results to scroll through. Tried ""sunday dinner"" and got thousands of results to scroll through. There are so many almost identical shots from that day that I can't tell which one it is. I jumped to roughly that year with the scrollbar and went month by month. I gave up on finding it.",599,,0,,2,,,,,,,,,,,attempt,True,True,family_memory,abandoned,D_result_evaluation,remembered_activity; remembered_time_approximation,exact_date_unknown,natural_language; metadata,video of mom singing at dinner; sunday dinner,too_many_results; too_many_results,abandonment; date_browsing,android_device,
app_store:syn-app-0028,app_store,ios,syn-app-0028,2024-12-27T06:19:28,True,synthetic://app_store/syn-app-0028,Love it but search is frustrating,"Does anyone know how to find the photo of my daughter on stage at her school play? I need it now because she wants to show her friends. All I remember visually is a sunflower costume and a blue curtain. It had my daughter in it. I don't even remember what the event was called. Tried ""school function"" and got thousands of results to scroll through. I have hundreds of similar shots and can't tell which one it was. Ended up scrolling back through years of photos. I gave up on finding it.",489,,0,,3,,,,,,,,,,,attempt,True,True,event_memory,abandoned,D_result_evaluation,remembered_person; remembered_visual_appearance,event_name_unknown,keyword,school function,too_many_results,abandonment; manual_scrolling,,
app_store:syn-app-0029,app_store,ios,syn-app-0029,2024-12-21T20:40:03,True,synthetic://app_store/syn-app-0029,Love it but search is frustrating,Please add a dark mode for the web version. Printing service delivery took two weeks.,85,,0,,5,,,,,,,,,,,noise,False,False,,,,,,,,,,,
app_store:syn-app-0030,app_store,ios,syn-app-0030,2024-09-24T06:23:30,True,synthetic://app_store/syn-app-0030,Search can't find old photos,Minor gripe: I wish the video editor had more music options.,60,,0,,3,,,,,,,,,,,noise,False,False,,,,,,,,,,,
app_store:syn-app-0031,app_store,ios,syn-app-0031,2023-02-10T19:10:02,True,synthetic://app_store/syn-app-0031,Search can't find old photos,Spent an hour looking for a picture of the waterfall we hiked to and it turns out I had deleted it years ago. Not the app's fault.,130,,0,,2,,,,,,,,,,,misattribution,True,True,travel_memory,not_found,F_data_index_limitation,,,,,,,,failure_not_search_related
app_store:syn-app-0032,app_store,ios,syn-app-0032,2023-09-25T12:24:23,True,synthetic://app_store/syn-app-0032,Love it but search is frustrating,It would help if the app told me why a photo showed up in results.,66,,0,,2,,,,,,,,,,,opinion,True,False,,,,,,,,,,,
app_store:syn-app-0033,app_store,ios,syn-app-0033,2026-04-16T05:09:26,True,synthetic://app_store/syn-app-0033,Almost perfect,Update: Storage is full again and now they want me to pay for more. Too expensive for what it is.,97,,0,,5,,,,,,,,,,,noise,False,False,,,,,,,,,,,
app_store:syn-app-0034,app_store,ios,syn-app-0034,2025-03-21T21:20:10,True,synthetic://app_store/syn-app-0034,Where did my photo go?,It's frustrating that I have to guess what word the app uses for something.,75,,0,,2,,,,,,,,,,,opinion,True,False,,,,,,,,,,,
app_store:syn-app-0035,app_store,ios,syn-app-0035,2026-08-01T12:13:27,True,synthetic://app_store/syn-app-0035,Search can't find old photos,"On the web version on my laptop. Looking for the photo from the Ganpati procession. I need it now because our society newsletter wanted old pictures. All I remember visually is red gulal everywhere and the idol behind us. I remember my neighbours being in it. I can't remember the date at all. Searched for ""september"" and there it was. I typed ""ganpati"" in search and there it was. I jumped to roughly that year with the scrollbar and went month by month. Finally found it after about an hour.",494,,0,,4,,,,,,,,,,,attempt,True,True,event_memory,found,none_observed,remembered_person; remembered_visual_appearance,exact_date_unknown,metadata; keyword,september; ganpati,found; found,date_browsing,desktop_web,
app_store:syn-app-0036,app_store,ios,syn-app-0036,2024-12-18T09:20:40,True,synthetic://app_store/syn-app-0036,Search needs to be smarter,"Love the collage feature, made a nice one for my mom.",53,,0,,3,,,,,,,,,,,noise,False,False,,,,,,,,,,,
app_store:syn-app-0037,app_store,ios,syn-app-0037,2023-12-04T22:06:42,True,synthetic://app_store/syn-app-0037,Love it but search is frustrating,"Looking for the photo of the street where we got lost. I need it because we want to frame it. It's from our honeymoon. I can picture yellow tiles on the walls and a tram line. I don't even remember what the event was called. I typed ""narrow street with yellow tiles and tram"" in search but it just showed random photos. Tried ""street"" and nothing came up. How do you even search for something like that? I jumped to roughly that year with the scrollbar and went month by month. Still haven't found it.",501,,0,,1,,,,,,,,,,,attempt,True,True,travel_memory,not_found,A_memory_expression,remembered_trip; remembered_visual_appearance,event_name_unknown,natural_language; keyword,narrow street with yellow tiles and tram; street,wrong_results; not_found,date_browsing,,
app_store:syn-app-0038,app_store,ios,syn-app-0038,2023-07-06T23:22:10,True,synthetic://app_store/syn-app-0038,"Good backup, weak search","My wife and I share a partner library. I'm trying to find a picture of the ramen bowl from the tiny shop. I need it now because a friend wants the shop name. I remember a black bowl with a soft egg cut in half. No idea what the thing is actually called. Tried ""ramen"" but it just showed random photos. I searched ""tokyo april 2023"" and got a bunch of pictures that had nothing to do with it. It seems like search ignores half of what I type and only matches one word. I asked my sister if she still had it. Never found it.",522,,0,,1,,,,,,,,,,,attempt,True,True,food_restaurant_memory,not_found,B_system_understanding,remembered_visual_appearance,exact_object_name_unknown,keyword; metadata,ramen; tokyo april 2023,wrong_results; wrong_results,ask_another_person,shared_library,
app_store:syn-app-0039,app_store,ios,syn-app-0039,2024-01-18T16:13:48,True,synthetic://app_store/syn-app-0039,Where did my photo go?,It's frustrating that I have to guess what word the app uses for something.,75,,0,,2,,,,,,,,,,,opinion,True,False,,,,,,,,,,,
app_store:syn-app-0040,app_store,ios,syn-app-0040,2026-03-01T02:14:39,True,synthetic://app_store/syn-app-0040,Almost perfect,"Honestly, Face grouping merged my twin daughters into one person lol. Love the collage feature, made a nice one for my mom.",123,,0,,5,,,,,,,,,,,noise,False,False,,,,,,,,,,,
app_store:syn-app-0041,app_store,ios,syn-app-0041,2026-01-13T15:04:22,True,synthetic://app_store/syn-app-0041,Can't find anything older than a year,"Honestly, Why did they move the sharing button? The new layout is confusing.",76,,0,,3,,,,,,,,,,,noise,False,False,,,,,,,,,,,
app_store:syn-app-0042,app_store,ios,syn-app-0042,2026-05-03T09:23:21,True,synthetic://app_store/syn-app-0042,Search needs to be smarter,"I'm trying to find the photo of the electrician's handwritten estimate. I need it because he's charging way more now. I remember he wrote it on a notebook page. I remember it showed the amount for rewiring. I can't remember the date at all. Tried ""estimate"" but it just showed random photos. I know exactly what it looks like but can't put it into search words. I kept retyping different searches. Still haven't found it.",421,,0,,1,,,,,,,,,,,attempt,True,True,receipt,not_found,A_memory_expression,remembered_context; remembered_text,exact_date_unknown,keyword,estimate,wrong_results,repeated_search,,
app_store:syn-app-0043,app_store,ios,syn-app-0043,2025-03-24T20:05:58,True,synthetic://app_store/syn-app-0043,Almost perfect,Minor gripe: Uploading in original quality eats my data plan.,61,,0,,4,,,,,,,,,,,noise,False,False,,,,,,,,,,,
app_store:syn-app-0044,app_store,ios,syn-app-0044,2025-08-31T09:46:43,True,synthetic://app_store/syn-app-0044,Search can't find old photos,"I'm trying to find the photo I took of my passport page. It's a picture of my passport. I remember it showed the passport number and expiry date. I don't remember when exactly. Searched for ""photo of passport page"" and nothing came up. I typed ""visa 2022"" in search and got no results. The photo is definitely in my library but search never shows it. I checked my Gmail in case I had sent it to someone. Still haven't found it.",427,,0,,2,,,,,,,,,,,attempt,True,True,document,not_found,C_retrieval,remembered_object; remembered_text,exact_date_unknown,natural_language; metadata,photo of passport page; visa 2022,not_found; not_found,other_application,,
app_store:syn-app-0045,app_store,ios,syn-app-0045,2024-07-28T17:53:57,True,synthetic://app_store/syn-app-0045,Search needs to be smarter,It's frustrating that I have to guess what word the app uses for something.,75,,0,,1,,,,,,,,,,,opinion,True,False,,,,,,,,,,,
app_store:syn-app-0046,app_store,ios,syn-app-0046,2023-03-09T16:37:07,True,synthetic://app_store/syn-app-0046,Where did my photo go?,"Looking for the video of my dog meeting the new puppy. I need it now because our old dog passed away last week. All I remember visually is the puppy running circles around him. Not sure which month or year, honestly. I typed ""dog video"" in search and got no results. I searched ""2020 video"" and nothing came up. Screen recordings don't seem to be indexed at all. I even googled how to search Google Photos better. Still haven't found it.",437,,0,,3,,,,,,,,,,,attempt,True,True,video,not_found,F_data_index_limitation,remembered_visual_appearance,exact_date_unknown,keyword; metadata,dog video; 2020 video,not_found; not_found,external_search,,
app_store:syn-app-0047,app_store,ios,syn-app-0047,2025-08-08T18:23:27,True,synthetic://app_store/syn-app-0047,Search needs to be smarter,"Honestly, Face grouping merged my twin daughters into one person lol.",69,,0,,3,,,,,,,,,,,noise,False,False,,,,,,,,,,,
app_store:syn-app-0048,app_store,ios,syn-app-0048,2025-09-28T21:37:42,True,synthetic://app_store/syn-app-0048,Love it but search is frustrating,It's frustrating that I have to guess what word the app uses for something.,75,,0,,2,,,,,,,,,,,opinion,True,False,,,,,,,,,,,
app_store:syn-app-0049,app_store,ios,syn-app-0049,2025-02-10T12:41:46,True,synthetic://app_store/syn-app-0049,Where did my photo go?,"Looking for the picture of the pharmacy receipt. All I remember visually is thermal paper that was already fading. It was around when I was sick last year. I can't remember the date at all. I searched ""pharmacy"" and got no results. Tried ""pharmacy medicine bill"" and nothing came up. The text on the bill isn't searchable as far as I can tell. I checked my Gmail in case I had sent it to someone. Got it eventually, after way too long.",435,,0,,3,,,,,,,,,,,attempt,True,True,receipt,found,F_data_index_limitation,remembered_time_approximation; remembered_visual_appearance,exact_date_unknown,metadata; natural_language,pharmacy; pharmacy medicine bill,not_found; not_found,other_application,,
app_store:syn-app-0050,app_store,ios,syn-app-0050,2025-03-24T21:16:49,True,synthetic://app_store/syn-app-0050,Search can't find old photos,Minor gripe: The app is slow to load thumbnails on my old phone. Syncing between my two phones is inconsistent.,111,,0,,5,,,,,,,,,,,noise,False,False,,,,,,,,,,,
app_store:syn-app-0051,app_store,ios,syn-app-0051,2025-12-30T23:14:25,True,synthetic://app_store/syn-app-0051,Search needs to be smarter,"On photos.google.com from my PC. Does anyone know how to find a short video of the band at the pub? I need it because I want to find the band name. I remember red lights and the singer with a violin. We were at a pub in the old part of town when I took it. I can't recall the name of the event. Searched for ""friday 2022"" and got no results. Searched for ""band"" and got no results. It just doesn't show up in search even though I know it's there. Tried synonyms like ""live music"" too. Never found it.",500,,0,,2,,,,,,,,,,,attempt,True,True,video,not_found,C_retrieval,remembered_place; remembered_visual_appearance,event_name_unknown,metadata; keyword,friday 2022; band,not_found; not_found,synonym_search,desktop_web,
app_store:syn-app-0052,app_store,ios,syn-app-0052,2026-02-17T06:35:41,True,synthetic://app_store/syn-app-0052,Search can't find old photos,"Thought search was broken but a photo of the rental agreement was in my partner's library, not mine.",100,,0,,2,,,,,,,,,,,misattribution,True,True,document,not_found,F_data_index_limitation,,,,,,,,failure_not_search_related
app_store:syn-app-0053,app_store,ios,syn-app-0053,2023-04-21T05:29:22,True,synthetic://app_store/syn-app-0053,Love it but search is frustrating,"I use search a lot for work stuff. Does anyone know how to find the photo of the menu at the street food stall? I need it now because I want to recommend it to someone visiting. It was a winter evening, not sure which year. I can't recall what it said exactly. Searched for ""delhi winter"" but it just showed random photos. How do you even search for something like that? I even googled how to search Google Photos better. Never found it.",437,,0,,2,,,,,,,,,,,attempt,True,True,food_restaurant_memory,not_found,A_memory_expression,remembered_time_approximation,exact_text_unknown,metadata,delhi winter,wrong_results,external_search,frequent_searcher,
app_store:syn-app-0054,app_store,ios,syn-app-0054,2024-10-21T19:20:03,True,synthetic://app_store/syn-app-0054,Search can't find old photos,"I have over 60,000 photos. I've been looking for the photo of us dancing at the sangeet for days. I need it because I wanted it for our first anniversary post. All I remember visually is a disco ball and me in a pink lehenga. I'm not sure if I ever put it in an album. Searched for ""dance"" and got no results. Searched for ""sangeet"" and got no results. The photo is definitely in my library but search never shows it. I scrolled for like 40 minutes. Eventually I just gave up.",476,,0,,3,,,,,,,,,,,attempt,True,True,wedding_memory,abandoned,C_retrieval,remembered_visual_appearance,album_unknown,keyword; metadata,dance; sangeet,not_found; not_found,abandonment; manual_scrolling,large_library,
app_store:syn-app-0055,app_store,ios,syn-app-0055,2023-02-14T21:28:12,True,synthetic://app_store/syn-app-0055,Love it but search is frustrating,"I've got about 90k photos and videos. Does anyone know how to find the photo of the view from the train window? I need it now because I was telling someone about the trip and wanted to show them. This was during the Europe backpacking trip. No clue what the place was called. I typed ""view from train window with green hills"" in search and nothing came up. I just didn't know how to describe it in a way search would get. I jumped to roughly that year with the scrollbar and went month by month. Finally found it after two evenings.",532,,0,,3,,,,,,,,,,,attempt,True,True,travel_memory,found,A_memory_expression,remembered_trip,exact_location_unknown,natural_language,view from train window with green hills,not_found,date_browsing,large_library,
app_store:syn-app-0056,app_store,ios,syn-app-0056,2025-12-31T22:41:15,True,synthetic://app_store/syn-app-0056,Can't find anything older than a year,"Honestly, Backup has been stuck on 'preparing' for three days. Very annoying. Uploading in original quality eats my data plan.",126,,0,,3,,,,,,,,,,,noise,False,False,,,,,,,,,,,
app_store:syn-app-0057,app_store,ios,syn-app-0057,2023-08-26T15:10:27,True,synthetic://app_store/syn-app-0057,"Good backup, weak search","Honestly search is amazing. I typed ""medicine strip orange tablets"" and it found the picture of the medicine I took when I was sick last year in seconds.",153,,0,,3,,,,,,,,,,,success,True,True,medical_or_health_image,found,none_observed,,,,,,,,vague_search_succeeded
app_store:syn-app-0058,app_store,ios,syn-app-0058,2023-11-10T07:28:54,True,synthetic://app_store/syn-app-0058,Search needs to be smarter,"Honestly I've stopped using search and just scroll, it's more predictable.",74,,0,,3,,,,,,,,,,,opinion,True,False,,,,,,,,,,,
app_store:syn-app-0059,app_store,ios,syn-app-0059,2024-11-08T08:32:17,True,synthetic://app_store/syn-app-0059,Search can't find old photos,"I'm trying to find the photo of the street where we got lost. I need it because we want to frame it. Timing wise it was on the third or fourth day of the trip. I don't remember the name of the place. I typed ""narrow street with yellow tiles and tram"" in search and got no results. I ran out of ideas pretty quickly. I jumped to roughly that year with the scrollbar and went month by month. Still haven't found it.",413,,0,,3,,,,,,,,,,,attempt,True,True,travel_memory,not_found,E_refinement,remembered_time_approximation,exact_location_unknown,natural_language,narrow street with yellow tiles and tram,not_found,date_browsing,,
app_store:syn-app-0060,app_store,ios,syn-app-0060,2023-11-02T03:16:47,True,synthetic://app_store/syn-app-0060,Search can't find old photos,Found a photo of the tiny café we found in Goa by searching the person's face and then scrolling a bit. Took two minutes.,121,,0,,5,,,,,,,,,,,success,True,True,travel_memory,found,none_observed,,,,,,,,vague_search_succeeded
app_store:syn-app-0061,app_store,ios,syn-app-0061,2024-12-02T06:39:29,True,synthetic://app_store/syn-app-0061,"Good backup, weak search","I've got about 90k photos and videos. Does anyone know how to find the screenshot of a chat where my landlord agreed to the repair? I need it because he's now saying he never agreed. It had him saying he would pay for it on it. I have no idea what year it was. I typed ""whatsapp"" in search and got no results. Text inside screenshots doesn't seem to be searchable. I kept retyping different searches. Still haven't found it.",424,,0,,2,,,,,,,,,,,attempt,True,True,screenshot,not_found,F_data_index_limitation,remembered_text,exact_date_unknown,keyword,whatsapp,not_found,repeated_search,large_library,
app_store:syn-app-0062,app_store,ios,syn-app-0062,2026-03-26T20:34:17,True,synthetic://app_store/syn-app-0062,Search needs to be smarter,"I'm trying to find a short video of the band at the pub. I need it now because I want to find the band name. Timing wise it was one weekend, maybe 2022. It was while singing a cover of some old song. I can't recall the name of the event. Searched for ""friday 2022"" and got thousands of results to scroll through. Searched for ""band"" and got thousands of results to scroll through. There are so many almost identical shots from that day that I can't tell which one it is. I jumped to roughly that year with the scrollbar and went month by month. Finally found it after three days.",579,,0,,4,,,,,,,,,,,attempt,True,True,video,found,D_result_evaluation,remembered_activity; remembered_time_approximation,event_name_unknown,metadata; keyword,friday 2022; band,too_many_results; too_many_results,date_browsing,,
app_store:syn-app-0063,app_store,ios,syn-app-0063,2023-06-11T16:42:54,True,synthetic://app_store/syn-app-0063,Almost perfect,"I have over 60,000 photos. Looking for the picture of my college marksheet. I need it now because background verification asked for it. I remember it showed my semester grades. I don't know what word the app would use for it. Tried ""college marksheet with blue border"" and got no results. It just doesn't show up in search even though I know it's there. I scrolled for like 40 minutes. Never found it.",401,,0,,3,,,,,,,,,,,attempt,True,True,document,not_found,C_retrieval,remembered_text,exact_keyword_unknown,natural_language,college marksheet with blue border,not_found,manual_scrolling,large_library,
app_store:syn-app-0064,app_store,ios,syn-app-0064,2024-10-09T04:19:19,True,synthetic://app_store/syn-app-0064,Search needs to be smarter,Two things. Why did they move the sharing button? The new layout is confusing. I wish the video editor had more music options.,126,,0,,5,,,,,,,,,,,noise,False,False,,,,,,,,,,,
app_store:syn-app-0065,app_store,ios,syn-app-0065,2023-04-04T05:58:36,True,synthetic://app_store/syn-app-0065,Love it but search is frustrating,"I've been looking for the photo of the street where we got lost for days. I know it was in some old town in Portugal. It was on the third or fourth day of the trip. I don't even remember what the event was called. Searched for ""narrow street with yellow tiles and tram"" but it just showed random photos. Tried ""lisbon"" but it just showed random photos. It took ""street"" literally and ignored everything else. I scrolled for like 40 minutes. Found one that might be it, but I'm not sure it's the same one.",504,,0,,3,,,,,,,,,,,attempt,True,True,travel_memory,uncertain,B_system_understanding,remembered_place; remembered_time_approximation,event_name_unknown,natural_language; metadata,narrow street with yellow tiles and tram; lisbon,wrong_results; wrong_results,manual_scrolling,,
app_store:syn-app-0066,app_store,ios,syn-app-0066,2025-09-16T18:30:28,True,synthetic://app_store/syn-app-0066,Search needs to be smarter,"Looking for the photo of the shoes I tried on in the store. I need it because I want to order them online. I can picture grey shoes with a neon green sole. I don't know what it's called. Searched for ""grey running shoes with green sole"" and there it was. I tried the screenshots category filter as well. Got it eventually, after three days.",340,,0,,5,,,,,,,,,,,attempt,True,True,purchase_related_image,found,none_observed,remembered_visual_appearance,exact_object_name_unknown,natural_language,grey running shoes with green sole,found,filters,,
app_store:syn-app-0067,app_store,ios,syn-app-0067,2025-03-04T23:56:22,True,synthetic://app_store/syn-app-0067,Can't find anything older than a year,Too many notifications about 'memories' I didn't ask for.,57,,0,,4,,,,,,,,,,,noise,False,False,,,,,,,,,,,
app_store:syn-app-0068,app_store,ios,syn-app-0068,2026-02-25T17:29:23,True,synthetic://app_store/syn-app-0068,Can't find anything older than a year,"Looking for the photo of my son's vaccination card. I need it now because school admission needs it. For context, the doctor asked us to keep a copy. All I remember visually is a pink card with stamps. I don't know what it's called. I typed ""vaccination"" in search but it just showed random photos. I didn't know what else to try. I scrolled for like 40 minutes. Found one that might be it, but I'm not sure it's the same one.",426,,0,,3,,,,,,,,,,,attempt,True,True,document,uncertain,E_refinement,remembered_context; remembered_visual_appearance,exact_object_name_unknown,keyword,vaccination,wrong_results,manual_scrolling,,
app_store:syn-app-0069,app_store,ios,syn-app-0069,2025-11-12T10:28:21,True,synthetic://app_store/syn-app-0069,Search needs to be smarter,"On the web version on my laptop. Does anyone know how to find a screenshot of a map with a pin someone sent? I need it because I'm finally planning that trek. I remember a friend shared the location of a trekking base camp. All I remember visually is a Google Maps screen with a red pin in the hills. I can't recall where exactly it was. I typed ""maps screenshot"" in search and got no results. Text inside screenshots doesn't seem to be searchable. Ended up scrolling back through years of photos. Never found it.",513,,0,,1,,,,,,,,,,,attempt,True,True,screenshot,not_found,F_data_index_limitation,remembered_context; remembered_visual_appearance,exact_location_unknown,metadata,maps screenshot,not_found,manual_scrolling,desktop_web,
app_store:syn-app-0070,app_store,ios,syn-app-0070,2026-02-04T01:57:31,True,synthetic://app_store/syn-app-0070,Search needs to be smarter,"Honestly, Uploading in original quality eats my data plan. Deleted photos don't free up space on the phone, confusing.",118,,0,,4,,,,,,,,,,,noise,False,False,,,,,,,,,,,
app_store:syn-app-0071,app_store,ios,syn-app-0071,2024-04-06T23:04:31,True,synthetic://app_store/syn-app-0071,Search needs to be smarter,It would help if the app told me why a photo showed up in results.,66,,0,,3,,,,,,,,,,,opinion,True,False,,,,,,,,,,,
app_store:syn-app-0072,app_store,ios,syn-app-0072,2024-09-08T17:51:37,True,synthetic://app_store/syn-app-0072,Can't find anything older than a year,"I'm trying to find the candid of my cousin laughing during the haldi. I need it now because she wants it for her album. I can picture yellow everywhere and marigold flowers. I don't remember when exactly. I searched ""haldi"" and got thousands of results to scroll through. All the results look the same as tiny thumbnails. I asked my sister if she still had it. Found one that might be it, but I'm not sure it's the same one.",424,,0,,2,,,,,,,,,,,attempt,True,True,wedding_memory,uncertain,D_result_evaluation,remembered_visual_appearance,exact_date_unknown,keyword,haldi,too_many_results,ask_another_person,,
app_store:syn-app-0073,app_store,ios,syn-app-0073,2025-03-01T09:20:31,True,synthetic://app_store/syn-app-0073,Search needs to be smarter,"I've been looking for the photo of the view from the train window for days. I need it because I was telling someone about the trip and wanted to show them. It was in 2018 or 2019, can't pin it down. This was during the Europe backpacking trip. I don't remember when exactly. I searched ""view from train window with green hills"" and it gave me hundreds of photos. Searched for ""train"" and it gave me hundreds of photos. I have hundreds of similar shots and can't tell which one it was. I asked my sister if she still had it. I found a similar one but not the exact photo I wanted.",579,,0,,2,,,,,,,,,,,attempt,True,True,travel_memory,partially_found,D_result_evaluation,remembered_time_approximation; remembered_trip,exact_date_unknown,natural_language; keyword,view from train window with green hills; train,too_many_results; too_many_results,ask_another_person,,
app_store:syn-app-0074,app_store,ios,syn-app-0074,2025-11-19T18:31:20,True,synthetic://app_store/syn-app-0074,"Good backup, weak search","Didn't remember anything except mist everywhere and everyone in raincoats, searched for that and it showed up. Impressed.",121,,0,,3,,,,,,,,,,,success,True,True,travel_memory,found,none_observed,,,,,,,,vague_search_succeeded
app_store:syn-app-0075,app_store,ios,syn-app-0075,2025-11-18T02:59:53,True,synthetic://app_store/syn-app-0075,Love it but search is frustrating,"Couldn't find a photo with a guy we met on a trek anywhere, then realised it was on my old phone and never got backed up.",121,,0,,3,,,,,,,,,,,misattribution,True,True,friend_memory,not_found,F_data_index_limitation,,,,,,,,failure_not_search_related
app_store:syn-app-0076,app_store,ios,syn-app-0076,2024-04-11T09:25:01,True,synthetic://app_store/syn-app-0076,"Good backup, weak search","I've been looking for the photo I took of my passport page for days. I need it because I need the number urgently for a booking. All I remember visually is my thumb covering one corner. I can't remember the date at all. I searched ""photo of passport page"" but it just showed random photos. After that I had no idea what else to try. I checked my Gmail in case I had sent it to someone. Finally found it after three days.",420,,0,,4,,,,,,,,,,,attempt,True,True,document,found,E_refinement,remembered_visual_appearance,exact_date_unknown,natural_language,photo of passport page,wrong_results,other_application,,
app_store:syn-app-0077,app_store,ios,syn-app-0077,2025-03-08T04:18:26,True,synthetic://app_store/syn-app-0077,Search can't find old photos,"Deleted photos don't free up space on the phone, confusing. Shared album invite link doesn't work for my dad.",109,,0,,5,,,,,,,,,,,noise,False,False,,,,,,,,,,,
app_store:syn-app-0078,app_store,ios,syn-app-0078,2024-03-06T12:31:09,True,synthetic://app_store/syn-app-0078,"Good backup, weak search","I take a ridiculous number of screenshots. I've been looking for the screenshot where I had the information about that course for days. I need it because the application deadline might be close. I remember a blue banner with a university logo. Not sure which month or year, honestly. I typed ""screenshot linkedin"" in search and there it was. Tried ""course"" and there it was. I tried the screenshots category filter as well. Finally found it after half an hour of scrolling.",473,,0,,5,,,,,,,,,,,attempt,True,True,screenshot,found,none_observed,remembered_visual_appearance,exact_date_unknown,metadata; keyword,screenshot linkedin; course,found; found,filters,screenshot_heavy,
app_store:syn-app-0079,app_store,ios,syn-app-0079,2024-01-12T08:02:19,True,synthetic://app_store/syn-app-0079,Almost perfect,"I don't remember dates, nobody does. Searching by date is useless for old memories.",83,,0,,2,,,,,,,,,,,opinion,True,False,,,,,,,,,,,
app_store:syn-app-0080,app_store,ios,syn-app-0080,2024-09-18T21:16:08,True,synthetic://app_store/syn-app-0080,Can't find anything older than a year,"I've been looking for a picture of my dad teaching my daughter to ride a bike for days. It was while learning to ride a bike. I can't remember the date at all. I typed ""bicycle"" in search and there it was. I went through the face group for that person too. Got it eventually, after three days.",293,,0,,5,,,,,,,,,,,attempt,True,True,family_memory,found,none_observed,remembered_activity,exact_date_unknown,keyword,bicycle,found,people_browsing,,
app_store:syn-app-0081,app_store,ios,syn-app-0081,2025-11-04T22:59:48,True,synthetic://app_store/syn-app-0081,Almost perfect,"Does anyone know how to find the photo with the bride and my grandmother? I remember my grandmother and my sister-in-law being in it. It's from my brother's wedding. I don't remember which album it went into. Searched for ""old lady in green saree with bride on stage"" and nothing came up. I searched ""reception"" and got no results. The photo is definitely in my library but search never shows it. In the end I texted my friend to send it again. I found a similar one but not the exact photo I wanted.",500,,0,,3,,,,,,,,,,,attempt,True,True,wedding_memory,partially_found,C_retrieval,remembered_event; remembered_person,album_unknown,natural_language; metadata,old lady in green saree with bride on stage; reception,not_found; not_found,ask_another_person,,
app_store:syn-app-0082,app_store,ios,syn-app-0082,2026-02-03T09:29:19,True,synthetic://app_store/syn-app-0082,Can't find anything older than a year,"Honestly search is amazing. I typed ""washing machine warranty card"" and it found the photo of the warranty card for the washing machine in seconds.",147,,0,,4,,,,,,,,,,,success,True,True,receipt,found,none_observed,,,,,,,,vague_search_succeeded
app_store:syn-app-0083,app_store,ios,syn-app-0083,2025-03-14T08:07:49,True,synthetic://app_store/syn-app-0083,Search needs to be smarter,"Couldn't find the photo of the rash on my arm anywhere, then realised it was on my old phone and never got backed up.",117,,0,,2,,,,,,,,,,,misattribution,True,True,medical_or_health_image,not_found,F_data_index_limitation,,,,,,,,failure_not_search_related
app_store:syn-app-0084,app_store,ios,syn-app-0084,2024-06-25T13:27:02,True,synthetic://app_store/syn-app-0084,Search can't find old photos,"Looking for a photo of the biryani my grandmother made. I remember a huge copper pot and her hands in the shot. Not sure which month or year, honestly. Searched for ""biryani"" and got no results. After that I had no idea what else to try. In the end I texted my friend to send it again. Eventually I just gave up.",312,,0,,3,,,,,,,,,,,attempt,True,True,food_restaurant_memory,abandoned,E_refinement,remembered_visual_appearance,exact_date_unknown,keyword,biryani,not_found,abandonment; ask_another_person,,
app_store:syn-app-0085,app_store,ios,syn-app-0085,2025-03-05T17:06:01,True,synthetic://app_store/syn-app-0085,Search can't find old photos,"Honestly, Syncing between my two phones is inconsistent.",56,,0,,3,,,,,,,,,,,noise,False,False,,,,,,,,,,,
app_store:syn-app-0086,app_store,ios,syn-app-0086,2024-01-18T05:43:45,True,synthetic://app_store/syn-app-0086,Can't find anything older than a year,"Half my library is screenshots. I'm trying to find a short video of the band at the pub. I need it now because I want to find the band name. It was while singing a cover of some old song. No idea what the thing is actually called. I searched ""video of band with violin red lights pub"" and nothing came up. Tried ""friday 2022"" and nothing came up. Screen recordings don't seem to be indexed at all. I kept retyping different searches. Still haven't found it.",457,,0,,3,,,,,,,,,,,attempt,True,True,video,not_found,F_data_index_limitation,remembered_activity,exact_object_name_unknown,natural_language; metadata,video of band with violin red lights pub; friday 2022,not_found; not_found,repeated_search,screenshot_heavy,
app_store:syn-app-0087,app_store,ios,syn-app-0087,2025-04-29T12:01:23,True,synthetic://app_store/syn-app-0087,Search can't find old photos,"I don't remember dates, nobody does. Searching by date is useless for old memories.",83,,0,,2,,,,,,,,,,,opinion,True,False,,,,,,,,,,,
app_store:syn-app-0088,app_store,ios,syn-app-0088,2023-11-27T23:33:57,True,synthetic://app_store/syn-app-0088,Search can't find old photos,Minor gripe: I wish the video editor had more music options. Can't figure out how to download all my photos to a hard drive.,124,,0,,3,,,,,,,,,,,noise,False,False,,,,,,,,,,,
app_store:syn-app-0089,app_store,ios,syn-app-0089,2024-01-08T22:41:25,True,synthetic://app_store/syn-app-0089,Can't find anything older than a year,"I'm trying to find a picture of the waterfall we hiked to. This was during the Meghalaya road trip. I don't remember the name of the place. Searched for ""waterfall with people in raincoats and mist"" and it popped up near the top. I jumped to roughly that year with the scrollbar and went month by month. Finally found it after three days.",338,,0,,4,,,,,,,,,,,attempt,True,True,travel_memory,found,none_observed,remembered_trip,exact_location_unknown,natural_language,waterfall with people in raincoats and mist,found,date_browsing,,
app_store:syn-app-0090,app_store,ios,syn-app-0090,2025-02-19T12:45:43,True,synthetic://app_store/syn-app-0090,Almost perfect,"I take a ridiculous number of screenshots. I'm trying to find the photo of the menu at the street food stall. I need it because I want to recommend it to someone visiting. It was while eating chaat after the market. It was taken somewhere in Old Delhi. I can't recall where exactly it was. Searched for ""delhi winter"" and got a bunch of pictures that had nothing to do with it. It took ""menu"" literally and ignored everything else. I checked all my albums one by one. Still haven't found it.",491,,0,,3,,,,,,,,,,,attempt,True,True,food_restaurant_memory,not_found,B_system_understanding,remembered_activity; remembered_place,exact_location_unknown,metadata,delhi winter,wrong_results,album_browsing,screenshot_heavy,
app_store:syn-app-0091,app_store,ios,syn-app-0091,2023-08-07T05:38:07,True,synthetic://app_store/syn-app-0091,Search needs to be smarter,"Does anyone know how to find the class photo from school farewell? I need it now because our class WhatsApp group is collecting old photos. Timing wise it was 2010, I think. The location data was probably off. I searched ""2010"" and nothing came up. I think it's in my partner's library, not mine. I checked all my albums one by one. Never found it.",348,,0,,3,,,,,,,,,,,attempt,True,True,school_or_college_memory,not_found,F_data_index_limitation,remembered_time_approximation,metadata_unknown,metadata,2010,not_found,album_browsing,,
app_store:syn-app-0092,app_store,ios,syn-app-0092,2026-07-26T00:11:33,True,synthetic://app_store/syn-app-0092,Almost perfect,"Does anyone know how to find the photo of us at the football match? I need it now because reunion group chat asked for it. Timing wise it was some time after school ended. It had my school friends in it. I don't remember when exactly. Tried ""football"" and got no results. I searched ""stadium"" and nothing came up. I didn't know what else to try. I went through the face group for that person too. Still haven't found it.",420,,0,,1,,,,,,,,,,,attempt,True,True,friend_memory,not_found,E_refinement,remembered_person; remembered_time_approximation,exact_date_unknown,metadata; keyword,football; stadium,not_found; not_found,people_browsing,,
app_store:syn-app-0093,app_store,ios,syn-app-0093,2023-05-12T09:34:43,True,synthetic://app_store/syn-app-0093,Where did my photo go?,"The widget on the home screen shows the same photo every day. Deleted photos don't free up space on the phone, confusing.",121,,0,,3,,,,,,,,,,,noise,False,False,,,,,,,,,,,
app_store:syn-app-0094,app_store,ios,syn-app-0094,2026-06-11T23:53:26,True,synthetic://app_store/syn-app-0094,Where did my photo go?,"Couldn't find the photo of the prescription for my mother's eye drops anywhere, then realised it was on my old phone and never got backed up.",141,,0,,3,,,,,,,,,,,misattribution,True,True,medical_or_health_image,not_found,F_data_index_limitation,,,,,,,,failure_not_search_related
app_store:syn-app-0095,app_store,ios,syn-app-0095,2025-06-18T00:23:23,True,synthetic://app_store/syn-app-0095,Almost perfect,Two things. App keeps crashing when I open a large video.,57,,0,,5,,,,,,,,,,,noise,False,False,,,,,,,,,,,
app_store:syn-app-0096,app_store,ios,syn-app-0096,2024-02-03T01:13:25,True,synthetic://app_store/syn-app-0096,Can't find anything older than a year,"Didn't remember anything except a small wave design on my wrist, all red around it, searched for that and it showed up. Impressed.",130,,0,,5,,,,,,,,,,,success,True,True,personal_memory,found,none_observed,,,,,,,,vague_search_succeeded
app_store:syn-app-0097,app_store,ios,syn-app-0097,2025-04-07T20:55:54,True,synthetic://app_store/syn-app-0097,Where did my photo go?,"On photos.google.com from my PC. I've been looking for a screenshot of a map with a pin someone sent for days. I need it because I'm finally planning that trek. All I remember visually is a Google Maps screen with a red pin in the hills. I don't remember the name of the place. I typed ""map"" in search and got no results. It just doesn't show up in search even though I know it's there. Ended up scrolling back through years of photos. I gave up on finding it.",460,,0,,1,,,,,,,,,,,attempt,True,True,screenshot,abandoned,C_retrieval,remembered_visual_appearance,exact_location_unknown,keyword,map,not_found,abandonment; manual_scrolling,desktop_web,
app_store:syn-app-0098,app_store,ios,syn-app-0098,2023-05-29T18:19:11,True,synthetic://app_store/syn-app-0098,Where did my photo go?,"Minor gripe: Syncing between my two phones is inconsistent. The editing tools are great, the magic eraser is really good.",121,,0,,3,,,,,,,,,,,noise,False,False,,,,,,,,,,,
app_store:syn-app-0099,app_store,ios,syn-app-0099,2023-06-05T20:11:26,True,synthetic://app_store/syn-app-0099,"Good backup, weak search","I've been looking for the photo of the parking spot sign for days. It had the level and bay number on it. For context, I took it so I'd remember where I parked. I don't remember the exact words on it. Tried ""parking"" and got no results. I typed ""parking pillar sign"" in search but it just showed random photos. I didn't know what else to try. Ended up scrolling back through years of photos. I found a similar one but not the exact photo I wanted.",447,,0,,2,,,,,,,,,,,attempt,True,True,location_memory,partially_found,E_refinement,remembered_context; remembered_text,exact_text_unknown,keyword; natural_language,parking; parking pillar sign,not_found; wrong_results,manual_scrolling,,
app_store:syn-app-0100,app_store,ios,syn-app-0100,2024-01-10T06:55:25,True,synthetic://app_store/syn-app-0100,Search needs to be smarter,"Honestly, Can't figure out how to download all my photos to a hard drive. Printing service delivery took two weeks.",115,,0,,3,,,,,,,,,,,noise,False,False,,,,,,,,,,,
app_store:syn-app-0101,app_store,ios,syn-app-0101,2023-03-08T18:17:40,True,synthetic://app_store/syn-app-0101,"Good backup, weak search","I'm trying to find a picture of my dad teaching my daughter to ride a bike. It had my dad and my daughter in it. It was while learning to ride a bike. I have no idea what year it was. I typed ""grandfather teaching girl to ride pink bike"" in search and got no results. I typed ""summer 2022"" in search and got no results. The photo is definitely in my library but search never shows it. I went through the face group for that person too. Found one that might be it, but I'm not sure it's the same one.",499,,0,,3,,,,,,,,,,,attempt,True,True,family_memory,uncertain,C_retrieval,remembered_activity; remembered_person,exact_date_unknown,natural_language; metadata,grandfather teaching girl to ride pink bike; summer 2022,not_found; not_found,people_browsing,,
app_store:syn-app-0102,app_store,ios,syn-app-0102,2025-11-27T16:45:02,True,synthetic://app_store/syn-app-0102,Search needs to be smarter,"Honestly search is amazing. I typed ""grey running shoes with green sole"" and it found the photo of the shoes I tried on in the store in seconds.",144,,0,,3,,,,,,,,,,,success,True,True,purchase_related_image,found,none_observed,,,,,,,,vague_search_succeeded
app_store:syn-app-0103,app_store,ios,syn-app-0103,2026-04-04T03:40:05,True,synthetic://app_store/syn-app-0103,Where did my photo go?,Two things. Can't figure out how to download all my photos to a hard drive.,75,,0,,5,,,,,,,,,,,noise,False,False,,,,,,,,,,,
app_store:syn-app-0104,app_store,ios,syn-app-0104,2024-04-30T09:48:31,True,synthetic://app_store/syn-app-0104,Can't find anything older than a year,"Didn't remember anything except purple and green striped leaves in a hanging pot, searched for that and it showed up. Impressed.",128,,0,,4,,,,,,,,,,,success,True,True,object_memory,found,none_observed,,,,,,,,vague_search_succeeded
app_store:syn-app-0105,app_store,ios,syn-app-0105,2026-03-08T01:44:13,True,synthetic://app_store/syn-app-0105,Search can't find old photos,"On Android. Looking for the photo of us dancing at the sangeet. It had my husband and his cousins in it. It was the night before our wedding. I don't remember which album it went into. Searched for ""dance"" and it gave me hundreds of photos. Searched for ""sangeet"" and got thousands of results to scroll through. There are so many almost identical shots from that day that I can't tell which one it is. I checked all my albums one by one. Found one that might be it, but I'm not sure it's the same one.",501,,0,,3,,,,,,,,,,,attempt,True,True,wedding_memory,uncertain,D_result_evaluation,remembered_person; remembered_time_approximation,album_unknown,keyword; metadata,dance; sangeet,too_many_results; too_many_results,album_browsing,android_device,
app_store:syn-app-0106,app_store,ios,syn-app-0106,2026-07-17T05:16:25,True,synthetic://app_store/syn-app-0106,Search needs to be smarter,"Does anyone know how to find a picture of the ramen bowl from the tiny shop? I need it now because a friend wants the shop name. I remember a black bowl with a soft egg cut in half. I know it was near the station in Tokyo. I don't know what it's called. I typed ""ramen bowl with egg at a small shop near station"" in search and got thousands of results to scroll through. I have hundreds of similar shots and can't tell which one it was. I even googled how to search Google Photos better. Never found it.",503,,0,,2,,,,,,,,,,,attempt,True,True,food_restaurant_memory,not_found,D_result_evaluation,remembered_place; remembered_visual_appearance,exact_object_name_unknown,natural_language,ramen bowl with egg at a small shop near station,too_many_results,external_search,,
app_store:syn-app-0107,app_store,ios,syn-app-0107,2025-03-24T03:45:01,True,synthetic://app_store/syn-app-0107,Search can't find old photos,"Half my library is screenshots. I've been looking for the photo of the team at the offsite for days. I know it was at a resort outside the city. Timing wise it was before I switched jobs, 2021 maybe. Not sure which month or year, honestly. I searched ""team"" and there it was. I checked all my albums one by one. Finally found it after two evenings.",348,,0,,4,,,,,,,,,,,attempt,True,True,work_memory,found,none_observed,remembered_place; remembered_time_approximation,exact_date_unknown,keyword,team,found,album_browsing,screenshot_heavy,
app_store:syn-app-0108,app_store,ios,syn-app-0108,2025-12-09T03:01:51,True,synthetic://app_store/syn-app-0108,Where did my photo go?,Two things. Storage is full again and now they want me to pay for more. Too expensive for what it is.,101,,0,,5,,,,,,,,,,,noise,False,False,,,,,,,,,,,
app_store:syn-app-0109,app_store,ios,syn-app-0109,2025-01-19T15:00:28,True,synthetic://app_store/syn-app-0109,Love it but search is frustrating,"I'm trying to find the picture of the wine label from our anniversary dinner. I need it now because I want to buy the same wine again. It was taken on our 5th anniversary. Timing wise it was a couple of years back. I can't recall what it said exactly. Tried ""anniversary 2023"" and got a bunch of pictures that had nothing to do with it. I typed ""wine bottle with bird drawing on label"" in search and got a bunch of pictures that had nothing to do with it. It took ""wine"" literally and ignored everything else. I went through the map view hoping to spot it. I gave up on finding it.",581,,0,,2,,,,,,,,,,,attempt,True,True,food_restaurant_memory,abandoned,B_system_understanding,remembered_occasion; remembered_time_approximation,exact_text_unknown,metadata; natural_language,anniversary 2023; wine bottle with bird drawing on label,wrong_results; wrong_results,abandonment; location_browsing,,
app_store:syn-app-0110,app_store,ios,syn-app-0110,2023-10-07T12:31:13,True,synthetic://app_store/syn-app-0110,"Good backup, weak search",Minor gripe: Storage is full again and now they want me to pay for more. Too expensive for what it is.,102,,0,,5,,,,,,,,,,,noise,False,False,,,,,,,,,,,
app_store:syn-app-0111,app_store,ios,syn-app-0111,2023-10-07T10:32:37,True,synthetic://app_store/syn-app-0111,Search needs to be smarter,"Looking for the photo of the street where we got lost. I need it now because we want to frame it. It had my husband in it. It was taken in some old town in Portugal. I don't even remember what the event was called. I searched ""narrow street with yellow tiles and tram"" and got a bunch of pictures that had nothing to do with it. I typed ""street"" in search and got no results. I didn't know what else to try. I went through the map view hoping to spot it. Eventually I just gave up.",481,,0,,2,,,,,,,,,,,attempt,True,True,travel_memory,abandoned,E_refinement,remembered_person; remembered_place,event_name_unknown,natural_language; keyword,narrow street with yellow tiles and tram; street,wrong_results; not_found,abandonment; location_browsing,,
app_store:syn-app-0112,app_store,ios,syn-app-0112,2024-10-18T00:42:22,True,synthetic://app_store/syn-app-0112,Search can't find old photos,Update: Face grouping merged my twin daughters into one person lol. I wish the video editor had more music options.,115,,0,,5,,,,,,,,,,,noise,False,False,,,,,,,,,,,
app_store:syn-app-0113,app_store,ios,syn-app-0113,2024-07-31T09:48:03,True,synthetic://app_store/syn-app-0113,Search needs to be smarter,App keeps crashing when I open a large video.,45,,0,,4,,,,,,,,,,,noise,False,False,,,,,,,,,,,
app_store:syn-app-0114,app_store,ios,syn-app-0114,2023-09-07T09:03:51,True,synthetic://app_store/syn-app-0114,Almost perfect,"Does anyone know how to find a screenshot of a recipe from Instagram? I need it because guests are coming this weekend. Timing wise it was sometime this year. I don't know what word the app would use for it. Searched for ""recipe"" and nothing came up. How do you even search for something like that? I tried the screenshots category filter as well. Got it eventually, after about an hour.",387,,0,,4,,,,,,,,,,,attempt,True,True,screenshot,found,A_memory_expression,remembered_time_approximation,exact_keyword_unknown,keyword,recipe,not_found,filters,,
app_store:syn-app-0115,app_store,ios,syn-app-0115,2023-01-19T01:31:44,True,synthetic://app_store/syn-app-0115,Almost perfect,"I search in Photos pretty much every day. I'm trying to find the group photo from the night we all stayed up on the terrace. I need it because one of them is getting married and we're making a video. Timing wise it was final year of college, so around 2016. Not sure which month or year, honestly. Tried ""terrace"" and nothing came up. Searched for ""friends on terrace at night with fairy lights"" and got no results. It came from my old phone and I'm not sure it ever got backed up. I went through the face group for that person too. Never found it.",548,,0,,3,,,,,,,,,,,attempt,True,True,friend_memory,not_found,F_data_index_limitation,remembered_time_approximation,exact_date_unknown,keyword; natural_language,terrace; friends on terrace at night with fairy lights,not_found; not_found,people_browsing,frequent_searcher,
app_store:syn-app-0116,app_store,ios,syn-app-0116,2026-02-18T10:43:48,True,synthetic://app_store/syn-app-0116,Search needs to be smarter,"I'm trying to find the picture of my college marksheet. I need it because background verification asked for it. It was maybe 2020 when I was job hunting. I can't remember the date at all. Searched for ""marksheet"" and nothing came up. Searched for ""college marksheet with blue border"" and got no results. The text in the photo doesn't seem to be searchable. Eventually I searched my WhatsApp chats instead. Got it eventually, after way too long.",444,,0,,4,,,,,,,,,,,attempt,True,True,document,found,F_data_index_limitation,remembered_time_approximation,exact_date_unknown,keyword; natural_language,marksheet; college marksheet with blue border,not_found; not_found,other_application,,
app_store:syn-app-0117,app_store,ios,syn-app-0117,2025-10-15T20:04:41,True,synthetic://app_store/syn-app-0117,Can't find anything older than a year,"I use search a lot for work stuff. I'm trying to find a picture of my dad teaching my daughter to ride a bike. All I remember visually is a pink bicycle and dad in his old cap. Timing wise it was one summer, 3 or 4 years ago. I can't remember the date at all. I typed ""summer 2022"" in search and there it was. I jumped to roughly that year with the scrollbar and went month by month. Finally found it after three days.",418,,0,,4,,,,,,,,,,,attempt,True,True,family_memory,found,none_observed,remembered_time_approximation; remembered_visual_appearance,exact_date_unknown,metadata,summer 2022,found,date_browsing,frequent_searcher,
app_store:syn-app-0118,app_store,ios,syn-app-0118,2025-01-09T20:19:00,True,synthetic://app_store/syn-app-0118,"Good backup, weak search","Looking for the photo of my daughter on stage at her school play. I need it because she wants to show her friends. It was at the annual day function. I have no idea what year it was. I searched ""annual day"" and got thousands of results to scroll through. I searched ""girl in sunflower costume on stage"" and it gave me hundreds of photos. There are so many almost identical shots from that day that I can't tell which one it is. I went through the face group for that person too. I found a similar one but not the exact photo I wanted.",534,,0,,2,,,,,,,,,,,attempt,True,True,event_memory,partially_found,D_result_evaluation,remembered_event,exact_date_unknown,metadata; natural_language,annual day; girl in sunflower costume on stage,too_many_results; too_many_results,people_browsing,,
app_store:syn-app-0119,app_store,ios,syn-app-0119,2024-11-22T23:56:24,True,synthetic://app_store/syn-app-0119,Can't find anything older than a year,"On iOS. Looking for that picture from the trip where we stayed near the beach. I need it because I want to book the same homestay. I remember location was probably off on my phone. We were at a homestay near a quiet beach when I took it. Not sure which month or year, honestly. Searched for ""beach 2021"" and got no results. The location data was probably off so there's nothing to go on. Ended up scrolling back through years of photos. Got it eventually, after three days.",473,,0,,5,,,,,,,,,,,attempt,True,True,location_memory,found,F_data_index_limitation,remembered_context; remembered_place,exact_date_unknown,metadata,beach 2021,not_found,manual_scrolling,ios_device,
reddit:syn-red-0000,reddit,reddit/r/iphone,syn-red-0000,2025-01-18T12:40:53,True,synthetic://reddit/syn-red-0000,Is there a better way to search for stuff like this?,"Been backing up everything since 2015. I've been looking for the family photo from Diwali where everyone is wearing white for days. It was for Diwali. It was one of the Diwalis between 2017 and 2020. I can picture everyone in white kurtas with diyas in front. I can't remember the date at all. Tried ""family in white clothes with diyas"" and it gave me hundreds of photos. Searched for ""diwali"" and got thousands of results to scroll through. I have hundreds of similar shots and can't tell which one it was. I went through the face group for that person too. I gave up on finding it. Am I doing something wrong?",611,,0,,,,,789,39,,,,,,,attempt,True,True,family_memory,abandoned,D_result_evaluation,remembered_occasion; remembered_time_approximation; remembered_visual_appearance,exact_date_unknown,natural_language; keyword,family in white clothes with diyas; diwali,too_many_results; too_many_results,abandonment; people_browsing,long_tenure,
reddit:syn-red-0001,reddit,reddit/r/android,syn-red-0001,2023-12-15T02:11:18,True,synthetic://reddit/syn-red-0001,Search can't find the family photo from Diwali where everyone is wearing white,"I'm trying to find the family photo from Diwali where everyone is wearing white. I need it because my aunt asked me to send it. I remember everyone in white kurtas with diyas in front. It was for Diwali. Timing wise it was one of the Diwalis between 2017 and 2020. It was taken at my aunt's house. I don't remember when exactly. I searched ""diwali"" and got thousands of results to scroll through. Tried ""family in white clothes with diyas"" and it gave me hundreds of photos. Searched for ""diwali 2018"" and it gave me hundreds of photos. I have hundreds of similar shots and can't tell which one it was. I jumped to roughly that year with the scrollbar and went month by month. I gave up on finding it. Is there a better way to search for stuff like this?",754,,0,,,,,477,83,,,,,,,attempt,True,True,family_memory,abandoned,D_result_evaluation,remembered_occasion; remembered_place; remembered_time_approximation; remembered_visual_appearance,exact_date_unknown,keyword; natural_language; metadata,diwali; family in white clothes with diyas; diwali 2018,too_many_results; too_many_results; too_many_results,abandonment; date_browsing,,
reddit:syn-red-0002,reddit,reddit/r/googlephotos,syn-red-0002,2024-07-09T13:06:54,True,synthetic://reddit/syn-red-0002,Anyone else?,Two things. Why did they move the sharing button? The new layout is confusing.,78,,3,"If it was a screenshot, open the Screenshots category first and then scroll by month. || Name the face groups. Searching a person's name works way better than describing them. || Search by year first, like ""2019"", then scroll within that. Much faster than scrolling from today.",,,,324,62,,,,,,,noise,False,False,,,,,,,,,,,
reddit:syn-red-0003,reddit,reddit/r/android,syn-red-0003,2023-06-30T06:47:14,True,synthetic://reddit/syn-red-0003,Lost an old photo somewhere in 40k photos,"Something that helps: Search for the thing plus the city, e.g. ""cake bangalore"", works better than a sentence for me.",117,,0,,,,,41,31,,,,,,,advice,True,False,,,,,,,,,,,
reddit:syn-red-0004,reddit,reddit/r/android,syn-red-0004,2026-03-19T05:33:41,True,synthetic://reddit/syn-red-0004,Search can't find the photo of my handwritten letter to myself,"Looking for the photo of my handwritten letter to myself. I remember it showed some goals for the next five years. I remember I wrote it on my 25th birthday and took a photo before sealing it. Timing wise it was my 25th birthday. I can't recall what it said exactly. Tried ""birthday"" but it just showed random photos. It took ""letter"" literally and ignored everything else. I checked all my albums one by one. Ended up scrolling back through years of photos. Never found it. Am I doing something wrong?",502,,3,"Search for the thing plus the city, e.g. ""cake bangalore"", works better than a sentence for me. || Try searching for something visible in the photo instead of what happened, like ""stage"" or ""cake"". || If it was a screenshot, open the Screenshots category first and then scroll by month.",,,,669,17,,,,,,,attempt,True,True,personal_memory,not_found,B_system_understanding,remembered_context; remembered_text; remembered_time_approximation,exact_text_unknown,metadata,birthday,wrong_results,album_browsing; manual_scrolling,,
reddit:syn-red-0005,reddit,reddit/r/android,syn-red-0005,2023-06-12T17:21:09,True,synthetic://reddit/syn-red-0005,Lost the photo of the warranty card for the washing machine somewhere in 40k photos,"I'm trying to find the photo of the warranty card for the washing machine. I need it because the machine broke and service wants the warranty. It was when we bought it, 2 years ago maybe. I can picture a small card taped to the invoice. Not sure which month or year, honestly. I can't recall what it said exactly. Tried ""washing machine warranty card"" and nothing came up. Tried ""warranty 2024"" and nothing came up. It just doesn't show up in search even though I know it's there. Ended up scrolling back through years of photos. Still haven't found it.",553,,2,"Try searching for something visible in the photo instead of what happened, like ""stage"" or ""cake"". || Name the face groups. Searching a person's name works way better than describing them.",,,,504,60,,,,,,,attempt,True,True,receipt,not_found,C_retrieval,remembered_time_approximation; remembered_visual_appearance,exact_date_unknown; exact_text_unknown,natural_language; metadata,washing machine warranty card; warranty 2024,not_found; not_found,manual_scrolling,,
reddit:syn-red-0006,reddit,reddit/r/GooglePixel,syn-red-0006,2025-03-04T18:47:29,True,synthetic://reddit/syn-red-0006,Search can't find a picture of the ramen bowl from the tiny shop,"Looking for a picture of the ramen bowl from the tiny shop. It was taken near the station in Tokyo. I remember a black bowl with a soft egg cut in half. No idea what the thing is actually called. Searched for ""ramen bowl with egg at a small shop near station"" and got a bunch of pictures that had nothing to do with it. Searched for ""tokyo april 2023"" and got a bunch of pictures that had nothing to do with it. I searched ""ramen"" but it just showed random photos. It took ""ramen"" literally and ignored everything else. I went through the map view hoping to spot it. I scrolled for like 40 minutes. Found one that might be it, but I'm not sure it's the same one. Any tips?",672,,3,"Name the face groups. Searching a person's name works way better than describing them. || You can search text inside photos sometimes, but it only works if the words are clear in the image. || Search for the thing plus the city, e.g. ""cake bangalore"", works better than a sentence for me.",,,,473,21,,,,,,,attempt,True,True,food_restaurant_memory,uncertain,B_system_understanding,remembered_place; remembered_visual_appearance,exact_object_name_unknown,natural_language; metadata; keyword,ramen bowl with egg at a small shop near station; tokyo april 2023; ramen,wrong_results; wrong_results; wrong_results,location_browsing; manual_scrolling,,
reddit:syn-red-0007,reddit,reddit/r/datahoarder,syn-red-0007,2025-11-24T05:10:43,True,synthetic://reddit/syn-red-0007,Can't find an old photo. Any tips?,"Search should work the way I remember things, like 'team in matching t shirts by a pool', not just single words.",112,,0,,,,,185,99,,,,,,,opinion,True,False,,,,,,,,,,,
reddit:syn-red-0008,reddit,reddit/r/googlephotos,syn-red-0008,2025-04-26T11:46:36,True,synthetic://reddit/syn-red-0008,How do you find a photo when you only half remember it?,Found the photo of the warranty card for the washing machine by searching the person's face and then scrolling a bit. Took two minutes.,135,,3,"Use the date jump on the scrollbar, drag to the year and go month by month. || If it was a screenshot, open the Screenshots category first and then scroll by month. || Ask whoever was there, someone in the group chat usually still has it.",,,,93,32,,,,,,,success,True,True,receipt,found,none_observed,,,,,,,,vague_search_succeeded
reddit:syn-red-0009,reddit,reddit/r/datahoarder,syn-red-0009,2026-06-29T09:12:55,True,synthetic://reddit/syn-red-0009,Lost the photo from the Ganpati procession somewhere in 40k photos,"Looking for the photo from the Ganpati procession. I need it now because our society newsletter wanted old pictures. It was taken on the road near our society. It was not sure which year. I can picture red gulal everywhere and the idol behind us. It was at the Ganpati visarjan. I can't remember the date at all. Searched for ""ganpati"" and got thousands of results to scroll through. All the results look the same as tiny thumbnails. I jumped to roughly that year with the scrollbar and went month by month. Ended up scrolling back through years of photos. Eventually I just gave up. How do you all deal with this?",614,,0,,,,,623,112,,,,,,,attempt,True,True,event_memory,abandoned,D_result_evaluation,remembered_event; remembered_place; remembered_time_approximation; remembered_visual_appearance,exact_date_unknown,keyword,ganpati,too_many_results,abandonment; date_browsing; manual_scrolling,,
reddit:syn-red-0010,reddit,reddit/r/iphone,syn-red-0010,2023-05-19T15:33:30,True,synthetic://reddit/syn-red-0010,Lost a photo of the rental agreement somewhere in 40k photos,"Looking for a photo of the rental agreement. I need it because the landlord is refusing to return the deposit. It had something about the notice period on it. For context, the landlord only gave us one copy so I photographed every page. I remember stamp paper with a purple stamp. It was when we moved into this flat, 2021 or so. I don't remember the exact words on it. I searched ""agreement 2021"" but it just showed random photos. Tried ""rent agreement document pages"" and nothing came up. Tried ""agreement"" and got no results. How do you even search for something like that? Tried synonyms like ""contract"" too. I checked my Gmail in case I had sent it to someone. Got it eventually, after way too long. Any tips?",714,,1,"Search by year first, like ""2019"", then scroll within that. Much faster than scrolling from today.",,,,712,110,,,,,,,attempt,True,True,document,found,A_memory_expression,remembered_context; remembered_text; remembered_time_approximation; remembered_visual_appearance,exact_text_unknown,metadata; natural_language; keyword,agreement 2021; rent agreement document pages; agreement,wrong_results; not_found; not_found,other_application; synonym_search,,
reddit:syn-red-0011,reddit,reddit/r/android,syn-red-0011,2024-06-05T02:28:11,True,synthetic://reddit/syn-red-0011,Is there a better way to search for stuff like this?,"Does anyone know how to find the photo of us at the football match? I need it now because reunion group chat asked for it. It's from the derby match. Timing wise it was some time after school ended. I remember my school friends being in it. We were in the stadium when I took it. Not sure which month or year, honestly. Tried ""football"" and got no results. I searched ""friends with painted faces at football match"" and nothing came up. Searched for ""stadium"" and nothing came up. It came from my old phone and I'm not sure it ever got backed up. In the end I texted my friend to send it again. I went through the face group for that person too. Still haven't found it. Am I doing something wrong?",696,,2,"Tip: if location history was on, try the map view and zoom into the area instead of searching the name. || Search by year first, like ""2019"", then scroll within that. Much faster than scrolling from today.",,,,703,42,,,,,,,attempt,True,True,friend_memory,not_found,F_data_index_limitation,remembered_event; remembered_person; remembered_place; remembered_time_approximation,exact_date_unknown,metadata; natural_language; keyword,football; friends with painted faces at football match; stadium,not_found; not_found; not_found,ask_another_person; people_browsing,,
reddit:syn-red-0012,reddit,reddit/r/datahoarder,syn-red-0012,2024-02-02T12:02:01,True,synthetic://reddit/syn-red-0012,Lost an old photo somewhere in 40k photos,"Was sure I'd never find the photo of the stage when they announced the results, but searching ""award"" plus the year got it on the first try.",140,,0,,,,,662,17,,,,,,,success,True,True,event_memory,found,none_observed,,,,,,,,vague_search_succeeded
reddit:syn-red-0013,reddit,reddit/r/googlephotos,syn-red-0013,2024-03-18T19:07:05,True,synthetic://reddit/syn-red-0013,Search can't find the photo of my son's vaccination card,"Does anyone know how to find the photo of my son's vaccination card? I need it because school admission needs it. Timing wise it was when he was a baby. It had the dates of the last booster on it. I can picture a pink card with stamps. The photo shows the vaccination card. I don't know what it's called. I can't recall what it said exactly. I typed ""vaccine"" in search and got no results. The photo is definitely in my library but search never shows it. Eventually I searched my WhatsApp chats instead. I kept retyping different searches. Got it eventually, after half an hour of scrolling. Is there a better way to search for stuff like this?",644,,0,,,,,797,25,,,,,,,attempt,True,True,document,found,C_retrieval,remembered_object; remembered_text; remembered_time_approximation; remembered_visual_appearance,exact_object_name_unknown; exact_text_unknown,metadata,vaccine,not_found,other_application; repeated_search,,
reddit:syn-red-0014,reddit,reddit/r/iphone,syn-red-0014,2025-12-26T11:37:11,True,synthetic://reddit/syn-red-0014,How do you find a photo when you only half remember it?,"Does anyone know how to find the photo of my handwritten letter to myself? I need it because I'm turning 30 and wanted to read it. It's a picture of a letter. It had some goals for the next five years on it. It was my 25th birthday. For context, I wrote it on my 25th birthday and took a photo before sealing it. I can't recall what it said exactly. I searched ""birthday"" and it gave me hundreds of photos. Searched for ""letter"" and it gave me hundreds of photos. I typed ""handwritten letter on cream paper"" in search and it gave me hundreds of photos. I have hundreds of similar shots and can't tell which one it was. Tried synonyms like ""note"" too. Ended up scrolling back through years of photos. Found one that might be it, but I'm not sure it's the same one. Any tips?",773,,1,"You can search text inside photos sometimes, but it only works if the words are clear in the image.",,,,118,1,,,,,,,attempt,True,True,personal_memory,uncertain,D_result_evaluation,remembered_context; remembered_object; remembered_text; remembered_time_approximation,exact_text_unknown,metadata; keyword; natural_language,birthday; letter; handwritten letter on cream paper,too_many_results; too_many_results; too_many_results,manual_scrolling; synonym_search,,
reddit:syn-red-0015,reddit,reddit/r/datahoarder,syn-red-0015,2025-07-22T11:18:03,True,synthetic://reddit/syn-red-0015,How do you find a photo when you only half remember it?,"I use search a lot for work stuff. I'm trying to find the video of my nephew saying his first word. I need it now because it's his first birthday party. We were at my sister's house when I took it. I remember it was a video call I screen-recorded. I remember my nephew being in it. Timing wise it was when he was around one. I have no idea what year it was. The location data was probably off. I typed ""baby saying first word video"" in search and got no results. Tried ""baby video"" and nothing came up. It just doesn't show up in search even though I know it's there. I scrolled for like 40 minutes. Eventually I just gave up. How do you all deal with this?",657,,1,"Try searching for something visible in the photo instead of what happened, like ""stage"" or ""cake"".",,,,882,114,,,,,,,attempt,True,True,video,abandoned,C_retrieval,remembered_context; remembered_person; remembered_place; remembered_time_approximation,exact_date_unknown; metadata_unknown,natural_language; keyword,baby saying first word video; baby video,not_found; not_found,abandonment; manual_scrolling,frequent_searcher,
reddit:syn-red-0016,reddit,reddit/r/android,syn-red-0016,2024-03-02T21:30:59,True,synthetic://reddit/syn-red-0016,Search can't find the photo of my dad's blood test report,"Does anyone know how to find the photo of my dad's blood test report? All I remember visually is a report with a hospital logo. It was before his surgery, early last year. I remember the lab gave only a paper copy. Not sure which month or year, honestly. I don't remember the exact words on it. Searched for ""lab report 2025"" and got no results. Tried ""report"" and nothing came up. How do you even search for something like that? Tried synonyms like ""test results"" too. Finally found it after half an hour of scrolling. How do you all deal with this?",550,,1,"Try searching for something visible in the photo instead of what happened, like ""stage"" or ""cake"".",,,,679,85,,,,,,,attempt,True,True,medical_or_health_image,found,A_memory_expression,remembered_context; remembered_time_approximation; remembered_visual_appearance,exact_date_unknown; exact_text_unknown,metadata; keyword,lab report 2025; report,not_found; not_found,synonym_search,,
reddit:syn-red-0017,reddit,reddit/r/android,syn-red-0017,2024-12-06T03:15:03,True,synthetic://reddit/syn-red-0017,Is there a better way to search for stuff like this?,"Half my library is screenshots. I've been looking for the photo of the view from the train window for days. I need it because I was telling someone about the trip and wanted to show them. I remember green hills and a reflection of my face in the glass. It was taken on the train somewhere between two cities. I remember nobody, it was just me being in it. It's from the Europe backpacking trip. I can't remember the date at all. No clue what the place was called. I typed ""view from train window with green hills"" in search and it popped up near the top. I jumped to roughly that year with the scrollbar and went month by month. I scrolled for like 40 minutes. Got it eventually, after way too long. Any tips?",709,,3,"Try searching for something visible in the photo instead of what happened, like ""stage"" or ""cake"". || You can search text inside photos sometimes, but it only works if the words are clear in the image. || Tip: if location history was on, try the map view and zoom into the area instead of searching the name.",,,,379,115,,,,,,,attempt,True,True,travel_memory,found,none_observed,remembered_person; remembered_place; remembered_trip; remembered_visual_appearance,exact_date_unknown; exact_location_unknown,natural_language,view from train window with green hills,found,date_browsing; manual_scrolling,screenshot_heavy,
reddit:syn-red-0018,reddit,reddit/r/datahoarder,syn-red-0018,2025-06-13T04:56:36,True,synthetic://reddit/syn-red-0018,Lost the photo of the bill I took sometime last summer somewhere in 40k photos,"I've been looking for the photo of the bill I took sometime last summer for days. I need it now because a friend still hasn't paid me back and disputes the amount. For context, we were splitting it between six people. Timing wise it was sometime last summer. I can't recall what it said exactly. Tried ""bill"" and got no results. Searched for ""june bill"" and nothing came up. Tried ""restaurant bill split between friends"" and nothing came up. The text on the bill isn't searchable as far as I can tell. Eventually I searched my WhatsApp chats instead. I found a similar one but not the exact photo I wanted. Is there a better way to search for stuff like this?",659,,3,"Use the date jump on the scrollbar, drag to the year and go month by month. || Try searching for something visible in the photo instead of what happened, like ""stage"" or ""cake"". || Ask whoever was there, someone in the group chat usually still has it.",,,,522,54,,,,,,,attempt,True,True,receipt,partially_found,F_data_index_limitation,remembered_context; remembered_time_approximation,exact_text_unknown,keyword; metadata; natural_language,bill; june bill; restaurant bill split between friends,not_found; not_found; not_found,other_application,,
reddit:syn-red-0019,reddit,reddit/r/googlephotos,syn-red-0019,2024-12-23T10:43:36,True,synthetic://reddit/syn-red-0019,Is there a better way to search for stuff like this?,"On photos.google.com from my PC. Does anyone know how to find the photo of the electrician's handwritten estimate? I need it because he's charging way more now. Timing wise it was a few months ago. All I remember visually is blue pen on lined paper. The photo shows a handwritten estimate. I don't know what word the app would use for it. I can't recall what it said exactly. I searched ""estimate"" and it gave me hundreds of photos. Searched for ""electrician"" and it gave me hundreds of photos. I searched ""handwritten estimate on notebook paper"" and got thousands of results to scroll through. I have hundreds of similar shots and can't tell which one it was. I checked my Gmail in case I had sent it to someone. Never found it. Is there a better way to search for stuff like this?",782,,2,"Use the date jump on the scrollbar, drag to the year and go month by month. || You can search text inside photos sometimes, but it only works if the words are clear in the image.",,,,63,80,,,,,,,attempt,True,True,receipt,not_found,D_result_evaluation,remembered_object; remembered_time_approximation; remembered_visual_appearance,exact_keyword_unknown; exact_text_unknown,keyword; metadata; natural_language,estimate; electrician; handwritten estimate on notebook paper,too_many_results; too_many_results; too_many_results,other_application,desktop_web,
reddit:syn-red-0020,reddit,reddit/r/android,syn-red-0020,2023-04-16T23:53:45,True,synthetic://reddit/syn-red-0020,Rant,Minor gripe: Printing service delivery took two weeks. App keeps crashing when I open a large video.,100,,2,"Ask whoever was there, someone in the group chat usually still has it. || Search by year first, like ""2019"", then scroll within that. Much faster than scrolling from today.",,,,130,64,,,,,,,noise,False,False,,,,,,,,,,,
reddit:syn-red-0021,reddit,reddit/r/iphone,syn-red-0021,2023-09-29T22:25:13,True,synthetic://reddit/syn-red-0021,Search can't find an old photo,"Didn't remember anything except an orange sky and a red railing in the corner, searched for that and it showed up. Impressed.",125,,0,,,,,760,14,,,,,,,success,True,True,travel_memory,found,none_observed,,,,,,,,vague_search_succeeded
reddit:syn-red-0022,reddit,reddit/r/googlephotos,syn-red-0022,2024-06-21T05:17:05,True,synthetic://reddit/syn-red-0022,Search can't find the photo of the warranty card for the washing machine,"Looking for the photo of the warranty card for the washing machine. I need it because the machine broke and service wants the warranty. I remember it showed the serial number. Timing wise it was when we bought it, 2 years ago maybe. The photo shows the warranty card. I remember a small card taped to the invoice. I can't recall what it said exactly. I searched ""warranty 2024"" and it popped up near the top. I searched ""warranty"" and there it was. Searched for ""washing machine warranty card"" and it popped up near the top. Eventually I searched my WhatsApp chats instead. I kept retyping different searches. Got it eventually, after way too long. How do you all deal with this?",679,,3,"Name the face groups. Searching a person's name works way better than describing them. || Check whether the photo was ever backed up. If it was from an old phone it might never have been uploaded. || Tip: if location history was on, try the map view and zoom into the area instead of searching the name.",,,,100,117,,,,,,,attempt,True,True,receipt,found,none_observed,remembered_object; remembered_text; remembered_time_approximation; remembered_visual_appearance,exact_text_unknown,metadata; keyword; natural_language,warranty 2024; warranty; washing machine warranty card,found; found; found,other_application; repeated_search,,
reddit:syn-red-0023,reddit,reddit/r/iphone,syn-red-0023,2026-06-04T23:44:27,True,synthetic://reddit/syn-red-0023,Search can't find an old photo,"Couldn't find the photo of my car's insurance papers anywhere, then realised it was on my old phone and never got backed up.",124,,2,"Search by year first, like ""2019"", then scroll within that. Much faster than scrolling from today. || You can search text inside photos sometimes, but it only works if the words are clear in the image.",,,,671,74,,,,,,,misattribution,True,True,document,not_found,F_data_index_limitation,,,,,,,,failure_not_search_related
reddit:syn-red-0024,reddit,reddit/r/GooglePixel,syn-red-0024,2026-05-23T04:43:47,True,synthetic://reddit/syn-red-0024,Can't find the candid of my cousin laughing during the haldi. Any tips?,"I'm trying to find the candid of my cousin laughing during the haldi. I need it because she wants it for her album. For context, someone had just thrown haldi on her. It had my cousin in it. I remember yellow everywhere and marigold flowers. Timing wise it was the morning before the wedding, 2023. I don't remember when exactly. I searched ""haldi"" and nothing came up. The photo is definitely in my library but search never shows it. Ended up scrolling back through years of photos. Eventually I just gave up.",510,,1,"You can search text inside photos sometimes, but it only works if the words are clear in the image.",,,,302,59,,,,,,,attempt,True,True,wedding_memory,abandoned,C_retrieval,remembered_context; remembered_person; remembered_time_approximation; remembered_visual_appearance,exact_date_unknown,keyword,haldi,not_found,abandonment; manual_scrolling,,
reddit:syn-red-0025,reddit,reddit/r/googlephotos,syn-red-0025,2023-11-01T23:46:12,True,synthetic://reddit/syn-red-0025,Lost the picture of the medicine I took when I was sick last year somewhere in 40k photos,"I've got about 90k photos and videos. Does anyone know how to find the picture of the medicine I took when I was sick last year? I need it because I'm sick again and want the same medicine. I remember it showed the medicine name. It was last year, maybe during the rainy season. All I remember visually is a silver strip with orange tablets. For context, the doctor prescribed it when I had that bad fever. I don't know what it's called. Not sure which month or year, honestly. Tried ""medicine"" and nothing came up. I know exactly what it looks like but can't put it into search words. I scrolled for like 40 minutes. I checked my Gmail in case I had sent it to someone. Still haven't found it. Any tips?",704,,2,"Try searching for something visible in the photo instead of what happened, like ""stage"" or ""cake"". || Check whether the photo was ever backed up. If it was from an old phone it might never have been uploaded.",,,,401,73,,,,,,,attempt,True,True,medical_or_health_image,not_found,A_memory_expression,remembered_context; remembered_text; remembered_time_approximation; remembered_visual_appearance,exact_date_unknown; exact_object_name_unknown,keyword,medicine,not_found,manual_scrolling; other_application,large_library,
reddit:syn-red-0026,reddit,reddit/r/datahoarder,syn-red-0026,2023-02-21T21:35:18,True,synthetic://reddit/syn-red-0026,Can't find the photo of the view from the train window. Any tips?,"Does anyone know how to find the photo of the view from the train window? I need it now because I was telling someone about the trip and wanted to show them. I can picture green hills and a reflection of my face in the glass. It was in 2018 or 2019, can't pin it down. It's from the Europe backpacking trip. I don't remember when exactly. Tried ""view from train window with green hills"" and nothing came up. Searched for ""train"" and nothing came up. Searched for ""train 2018"" and nothing came up. It just doesn't show up in search even though I know it's there. I jumped to roughly that year with the scrollbar and went month by month. Ended up scrolling back through years of photos. Finally found it after two evenings. How do you all deal with this?",752,,2,"Ask whoever was there, someone in the group chat usually still has it. || Search for the thing plus the city, e.g. ""cake bangalore"", works better than a sentence for me.",,,,855,103,,,,,,,attempt,True,True,travel_memory,found,C_retrieval,remembered_time_approximation; remembered_trip; remembered_visual_appearance,exact_date_unknown,natural_language; keyword; metadata,view from train window with green hills; train; train 2018,not_found; not_found; not_found,date_browsing; manual_scrolling,,
reddit:syn-red-0027,reddit,reddit/r/GooglePixel,syn-red-0027,2026-05-03T22:24:51,True,synthetic://reddit/syn-red-0027,Lost the photo of the whiteboard from our planning session somewhere in 40k photos,"Looking for the photo of the whiteboard from our planning session. I need it because my manager needs the timeline. It was sometime last quarter. It was taken in the small meeting room. I don't remember the exact words on it. Not sure which month or year, honestly. Tried ""whiteboard"" and nothing came up. I searched ""whiteboard with launch timeline"" and got no results. Searched for ""whiteboard march"" and nothing came up. I didn't know what else to try. I went through the map view hoping to spot it. Finally found it after way too long. Any tips?",549,,2,Name the face groups. Searching a person's name works way better than describing them. || Check whether the photo was ever backed up. If it was from an old phone it might never have been uploaded.,,,,124,87,,,,,,,attempt,True,True,work_memory,found,E_refinement,remembered_place; remembered_time_approximation,exact_date_unknown; exact_text_unknown,keyword; natural_language; metadata,whiteboard; whiteboard with launch timeline; whiteboard march,not_found; not_found; not_found,location_browsing,,
reddit:syn-red-0028,reddit,reddit/r/GooglePixel,syn-red-0028,2024-03-12T01:39:35,True,synthetic://reddit/syn-red-0028,Search can't find an old photo,"Didn't remember anything except a small card taped to the invoice, searched for that and it showed up. Impressed.",113,,0,,,,,124,35,,,,,,,success,True,True,receipt,found,none_observed,,,,,,,,vague_search_succeeded
reddit:syn-red-0029,reddit,reddit/r/datahoarder,syn-red-0029,2025-01-27T20:08:56,True,synthetic://reddit/syn-red-0029,How do you find a photo when you only half remember it?,"I don't remember dates, nobody does. Searching by date is useless for old memories.",83,,0,,,,,137,12,,,,,,,opinion,True,False,,,,,,,,,,,
reddit:syn-red-0030,reddit,reddit/r/iphone,syn-red-0030,2025-11-05T07:59:00,True,synthetic://reddit/syn-red-0030,Can't find the photo of the temple on the hill. Any tips?,"Does anyone know how to find the photo of the temple on the hill? I need it now because my parents want to visit again. It was a long time ago, maybe 2015. It was taken on a hill somewhere on the way to Mysore. I remember white steps going up and monkeys on the wall. This was during a drive with my parents. No clue what the place was called. I searched ""white temple on hill with steps"" and nothing came up. I searched ""temple"" and got a bunch of pictures that had nothing to do with it. I ran out of ideas pretty quickly. Ended up scrolling back through years of photos. I kept retyping different searches. Got it eventually, after three days. Is there a better way to search for stuff like this?",699,,1,"Search by year first, like ""2019"", then scroll within that. Much faster than scrolling from today.",,,,816,19,,,,,,,attempt,True,True,location_memory,found,E_refinement,remembered_place; remembered_time_approximation; remembered_trip; remembered_visual_appearance,exact_location_unknown,natural_language; keyword,white temple on hill with steps; temple,not_found; wrong_results,manual_scrolling; repeated_search,,
reddit:syn-red-0031,reddit,reddit/r/datahoarder,syn-red-0031,2024-03-27T02:40:37,True,synthetic://reddit/syn-red-0031,Can't find the screenshot of the train booking confirmation. Any tips?,"I've been looking for the screenshot of the train booking confirmation for days. I need it because the TTE asked for the PNR. It was last month. I remember a white screen with a green tick. It had the PNR number on it. I can't recall what it said exactly. I typed ""ticket"" in search and it popped up near the top. I typed ""pnr"" in search and there it was. I searched ""train ticket booking confirmation screenshot"" and it popped up near the top. I tried the screenshots category filter as well. Finally found it after way too long.",530,,3,"Try searching for something visible in the photo instead of what happened, like ""stage"" or ""cake"". || If it was a screenshot, open the Screenshots category first and then scroll by month. || Ask whoever was there, someone in the group chat usually still has it.",,,,183,49,,,,,,,attempt,True,True,screenshot,found,none_observed,remembered_text; remembered_time_approximation; remembered_visual_appearance,exact_text_unknown,keyword; metadata; natural_language,ticket; pnr; train ticket booking confirmation screenshot,found; found; found,filters,,
reddit:syn-red-0032,reddit,reddit/r/GooglePixel,syn-red-0032,2025-06-08T21:05:51,True,synthetic://reddit/syn-red-0032,Is there a better way to search for stuff like this?,"A lot of my photos come from shared albums. I've been looking for the photo of us dancing at the sangeet for days. I need it now because I wanted it for our first anniversary post. I remember my husband and his cousins being in it. I can picture a disco ball and me in a pink lehenga. I remember we had practised that dance for weeks. It was at the sangeet night. I'm not sure if I ever put it in an album. Searched for ""couple dancing under disco ball pink lehenga"" and there it was. I checked all my albums one by one. In the end I texted my friend to send it again. Finally found it after half an hour of scrolling.",618,,0,,,,,428,5,,,,,,,attempt,True,True,wedding_memory,found,none_observed,remembered_context; remembered_event; remembered_person; remembered_visual_appearance,album_unknown,natural_language,couple dancing under disco ball pink lehenga,found,album_browsing; ask_another_person,shared_library,
reddit:syn-red-0033,reddit,reddit/r/googlephotos,syn-red-0033,2024-01-14T13:29:11,True,synthetic://reddit/syn-red-0033,Can't find the photo of the street where we got lost. Any tips?,"I've been looking for the photo of the street where we got lost for days. It was on the third or fourth day of the trip. I know it was in some old town in Portugal. This was during our honeymoon. I remember my husband being in it. No clue what the place was called. I don't even remember what the event was called. Tried ""narrow street with yellow tiles and tram"" and got thousands of results to scroll through. I have hundreds of similar shots and can't tell which one it was. I asked my sister if she still had it. Still haven't found it. How do you all deal with this?",571,,3,"Check whether the photo was ever backed up. If it was from an old phone it might never have been uploaded. || Search for the thing plus the city, e.g. ""cake bangalore"", works better than a sentence for me. || Tip: if location history was on, try the map view and zoom into the area instead of searching the name.",,,,304,54,,,,,,,attempt,True,True,travel_memory,not_found,D_result_evaluation,remembered_person; remembered_place; remembered_time_approximation; remembered_trip,event_name_unknown; exact_location_unknown,natural_language,narrow street with yellow tiles and tram,too_many_results,ask_another_person,,
reddit:syn-red-0034,reddit,reddit/r/googlephotos,syn-red-0034,2025-01-23T02:23:21,True,synthetic://reddit/syn-red-0034,Can't find a picture of the sofa fabric sample. Any tips?,"I've got about 90k photos and videos. Does anyone know how to find a picture of the sofa fabric sample? I need it because we're finally ordering the sofa. I remember the shop said to send them the photo when ordering. It's a picture of a fabric swatch. I can picture a mustard-coloured textured fabric. It was taken at the furniture shop. I don't know what it's called. Not sure which month or year, honestly. I typed ""furniture shop"" in search and got no results. I typed ""fabric"" in search and nothing came up. I typed ""mustard fabric sample"" in search and got a bunch of pictures that had nothing to do with it. I know exactly what it looks like but can't put it into search words. I scrolled for like 40 minutes. Tried synonyms like ""cloth"" too. I found a similar one but not the exact photo I wanted. How do you all deal with this?",836,,3,"Try searching for something visible in the photo instead of what happened, like ""stage"" or ""cake"". || You can search text inside photos sometimes, but it only works if the words are clear in the image. || Search by year first, like ""2019"", then scroll within that. Much faster than scrolling from today.",,,,112,21,,,,,,,attempt,True,True,purchase_related_image,partially_found,A_memory_expression,remembered_context; remembered_object; remembered_place; remembered_visual_appearance,exact_date_unknown; exact_object_name_unknown,metadata; keyword; natural_language,furniture shop; fabric; mustard fabric sample,not_found; not_found; wrong_results,manual_scrolling; synonym_search,large_library,
reddit:syn-red-0035,reddit,reddit/r/GooglePixel,syn-red-0035,2023-09-28T11:09:32,True,synthetic://reddit/syn-red-0035,Lost a photo with a guy we met on a trek somewhere in 40k photos,"I've been looking for a photo with a guy we met on a trek for days. I need it now because I found him on Instagram and wanted to send it. It's from the Himachal trek. Timing wise it was 2019 I think. I remember a guy from Germany we met on the way being in it. I don't remember the name of the place. Searched for ""trek"" and got no results. I think it's in my partner's library, not mine. I went through the face group for that person too. I asked my sister if she still had it. Never found it. Am I doing something wrong?",522,,2,"You can search text inside photos sometimes, but it only works if the words are clear in the image. || Tip: if location history was on, try the map view and zoom into the area instead of searching the name.",,,,152,45,,,,,,,attempt,True,True,friend_memory,not_found,F_data_index_limitation,remembered_person; remembered_time_approximation; remembered_trip,exact_location_unknown,keyword,trek,not_found,ask_another_person; people_browsing,,
reddit:syn-red-0036,reddit,reddit/r/GooglePixel,syn-red-0036,2023-11-26T19:29:25,True,synthetic://reddit/syn-red-0036,How do you find a photo when you only half remember it?,"The search is fine if you know exactly what you want, but not when you only half remember it.",93,,1,"Try searching for something visible in the photo instead of what happened, like ""stage"" or ""cake"".",,,,244,14,,,,,,,opinion,True,False,,,,,,,,,,,
reddit:syn-red-0037,reddit,reddit/r/googlephotos,syn-red-0037,2024-11-24T04:05:21,True,synthetic://reddit/syn-red-0037,How do you find a photo when you only half remember it?,"I search in Photos pretty much every day. Does anyone know how to find a sunset photo from the hotel balcony? I need it because I want to use it as a wallpaper again. This was during that Switzerland trip. I remember an orange sky and a red railing in the corner. It was in summer, I'm not sure which year. It had my wife in it. Not sure which month or year, honestly. Tried ""sunset from hotel balcony with red railing"" and it gave me hundreds of photos. I have hundreds of similar shots and can't tell which one it was. I scrolled for like 40 minutes. I jumped to roughly that year with the scrollbar and went month by month. I gave up on finding it. How do you all deal with this?",682,,0,,,,,316,3,,,,,,,attempt,True,True,travel_memory,abandoned,D_result_evaluation,remembered_person; remembered_time_approximation; remembered_trip; remembered_visual_appearance,exact_date_unknown,natural_language,sunset from hotel balcony with red railing,too_many_results,abandonment; date_browsing; manual_scrolling,frequent_searcher,
reddit:syn-red-0038,reddit,reddit/r/iphone,syn-red-0038,2025-03-01T13:34:27,True,synthetic://reddit/syn-red-0038,Search can't find the candid of my cousin laughing during the haldi,"Does anyone know how to find the candid of my cousin laughing during the haldi? I need it because she wants it for her album. All I remember visually is yellow everywhere and marigold flowers. It's from my cousin's haldi. I remember my cousin being in it. Not sure which month or year, honestly. I searched ""girl laughing covered in yellow with marigolds"" and got thousands of results to scroll through. All the results look the same as tiny thumbnails. I scrolled for like 40 minutes. I gave up on finding it. Am I doing something wrong?",538,,2,"Ask whoever was there, someone in the group chat usually still has it. || Search for the thing plus the city, e.g. ""cake bangalore"", works better than a sentence for me.",,,,90,27,,,,,,,attempt,True,True,wedding_memory,abandoned,D_result_evaluation,remembered_event; remembered_person; remembered_visual_appearance,exact_date_unknown,natural_language,girl laughing covered in yellow with marigolds,too_many_results,abandonment; manual_scrolling,,
reddit:syn-red-0039,reddit,reddit/r/datahoarder,syn-red-0039,2025-06-25T10:30:31,True,synthetic://reddit/syn-red-0039,Lost an old photo somewhere in 40k photos,"From experience, Name the face groups. Searching a person's name works way better than describing them.",103,,1,"Use the date jump on the scrollbar, drag to the year and go month by month.",,,,613,11,,,,,,,advice,True,False,,,,,,,,,,,
reddit:syn-red-0040,reddit,reddit/r/iphone,syn-red-0040,2026-08-13T08:54:39,True,synthetic://reddit/syn-red-0040,Lost the photo of the menu at the street food stall somewhere in 40k photos,"My wife and I share a partner library. Looking for the photo of the menu at the street food stall. I need it now because I want to recommend it to someone visiting. It was while eating chaat after the market. Timing wise it was a winter evening, not sure which year. It was taken somewhere in Old Delhi. I can't recall what it said exactly. I don't remember when exactly. I searched ""delhi winter"" and nothing came up. I typed ""handwritten street food menu board"" in search and got no results. I didn't know what else to try. I scrolled for like 40 minutes. I asked my sister if she still had it. Still haven't found it. Any tips?",630,,0,,,,,614,95,,,,,,,attempt,True,True,food_restaurant_memory,not_found,E_refinement,remembered_activity; remembered_place; remembered_time_approximation,exact_date_unknown; exact_text_unknown,metadata; natural_language,delhi winter; handwritten street food menu board,not_found; not_found,ask_another_person; manual_scrolling,shared_library,
reddit:syn-red-0041,reddit,reddit/r/iphone,syn-red-0041,2025-09-11T20:35:30,True,synthetic://reddit/syn-red-0041,Lost an old photo somewhere in 40k photos,"Pro tip: Use the date jump on the scrollbar, drag to the year and go month by month.",84,,0,,,,,383,65,,,,,,,advice,True,False,,,,,,,,,,,
reddit:syn-red-0042,reddit,reddit/r/googlephotos,syn-red-0042,2024-06-15T05:55:44,True,synthetic://reddit/syn-red-0042,How do you find a photo when you only half remember it?,"Something that helps: Tip: if location history was on, try the map view and zoom into the area instead of searching the name.",125,,2,"Ask whoever was there, someone in the group chat usually still has it. || Try searching for something visible in the photo instead of what happened, like ""stage"" or ""cake"".",,,,366,20,,,,,,,advice,True,False,,,,,,,,,,,
reddit:syn-red-0043,reddit,reddit/r/datahoarder,syn-red-0043,2023-06-06T04:14:38,True,synthetic://reddit/syn-red-0043,Search can't find a sunset photo from the hotel balcony,"On Android. Does anyone know how to find a sunset photo from the hotel balcony? It had my wife in it. I know it was at the hotel near the lake. This was during that Switzerland trip. I have no idea what year it was. No clue what the place was called. I typed ""sunset from hotel balcony with red railing"" in search and got thousands of results to scroll through. Searched for ""sunset"" and got thousands of results to scroll through. I searched ""switzerland july"" and it gave me hundreds of photos. There are so many almost identical shots from that day that I can't tell which one it is. Ended up scrolling back through years of photos. I found a similar one but not the exact photo I wanted. Any tips?",701,,2,"Check whether the photo was ever backed up. If it was from an old phone it might never have been uploaded. || Try searching for something visible in the photo instead of what happened, like ""stage"" or ""cake"".",,,,837,56,,,,,,,attempt,True,True,travel_memory,partially_found,D_result_evaluation,remembered_person; remembered_place; remembered_trip,exact_date_unknown; exact_location_unknown,natural_language; keyword; metadata,sunset from hotel balcony with red railing; sunset; switzerland july,too_many_results; too_many_results; too_many_results,manual_scrolling,android_device,
reddit:syn-red-0044,reddit,reddit/r/GooglePixel,syn-red-0044,2023-08-31T08:05:44,True,synthetic://reddit/syn-red-0044,Quick question,App keeps crashing when I open a large video. The app is slow to load thumbnails on my old phone.,97,,1,"You can search text inside photos sometimes, but it only works if the words are clear in the image.",,,,129,26,,,,,,,noise,False,False,,,,,,,,,,,
reddit:syn-red-0045,reddit,reddit/r/android,syn-red-0045,2025-10-22T22:19:01,True,synthetic://reddit/syn-red-0045,Can't find the photo of the dessert we ordered at that restaurant. Any tips?,"I've been looking for the photo of the dessert we ordered at that restaurant for days. I need it now because I want to go back but forgot the restaurant name. It was taken at some rooftop place in Bangalore. It was last year, maybe around October. I can picture a chocolate dome with gold stuff on top. I don't even remember what the event was called. I don't remember the name of the place. Tried ""bangalore october"" but it just showed random photos. It doesn't understand what I'm describing at all. I scrolled for like 40 minutes. I jumped to roughly that year with the scrollbar and went month by month. Got it eventually, after two evenings.",646,,0,,,,,840,74,,,,,,,attempt,True,True,food_restaurant_memory,found,B_system_understanding,remembered_place; remembered_time_approximation; remembered_visual_appearance,event_name_unknown; exact_location_unknown,metadata,bangalore october,wrong_results,date_browsing; manual_scrolling,,
reddit:syn-red-0046,reddit,reddit/r/googlephotos,syn-red-0046,2023-03-25T02:59:40,True,synthetic://reddit/syn-red-0046,Lost a picture of the sofa fabric sample somewhere in 40k photos,"A lot of my photos come from shared albums. Looking for a picture of the sofa fabric sample. I need it because we're finally ordering the sofa. It's a picture of a fabric swatch. I can picture a mustard-coloured textured fabric. No idea what the thing is actually called. I searched ""fabric"" and got no results. Searched for ""furniture shop"" but it just showed random photos. How do you even search for something like that? I scrolled for like 40 minutes. Found one that might be it, but I'm not sure it's the same one. How do you all deal with this?",550,,2,"Ask whoever was there, someone in the group chat usually still has it. || You can search text inside photos sometimes, but it only works if the words are clear in the image.",,,,704,107,,,,,,,attempt,True,True,purchase_related_image,uncertain,A_memory_expression,remembered_object; remembered_visual_appearance,exact_object_name_unknown,keyword; metadata,fabric; furniture shop,not_found; wrong_results,manual_scrolling,shared_library,
reddit:syn-red-0047,reddit,reddit/r/iphone,syn-red-0047,2026-05-20T14:43:31,True,synthetic://reddit/syn-red-0047,How do you find a photo when you only half remember it?,"My wife and I share a partner library. I've been looking for the photo of the team at the offsite for days. I need it because a colleague is leaving and we're making a card. I remember my old team being in it. I remember everyone in matching t-shirts by a pool. I know it was at a resort outside the city. Not sure which month or year, honestly. I typed ""offsite 2021"" in search and nothing came up. Tried ""team"" and got no results. Tried ""team in matching t shirts by a pool"" and got no results. I think it's on my old phone and never got backed up. I jumped to roughly that year with the scrollbar and went month by month. I asked my sister if she still had it. Found one that might be it, but I'm not sure it's the same one.",727,,3,"Search by year first, like ""2019"", then scroll within that. Much faster than scrolling from today. || Use the date jump on the scrollbar, drag to the year and go month by month. || You can search text inside photos sometimes, but it only works if the words are clear in the image.",,,,502,63,,,,,,,attempt,True,True,work_memory,uncertain,F_data_index_limitation,remembered_person; remembered_place; remembered_visual_appearance,exact_date_unknown,metadata; keyword; natural_language,offsite 2021; team; team in matching t shirts by a pool,not_found; not_found; not_found,ask_another_person; date_browsing,shared_library,
reddit:syn-red-0048,reddit,reddit/r/datahoarder,syn-red-0048,2023-09-01T13:58:03,True,synthetic://reddit/syn-red-0048,Lost a picture of my dad teaching my daughter to ride a bike somewhere in 40k photos,"I search in Photos pretty much every day. Does anyone know how to find a picture of my dad teaching my daughter to ride a bike? I need it because it's for my dad's retirement card. It was taken in the park near my parents' place. It was while learning to ride a bike. Not sure which month or year, honestly. Searched for ""grandfather teaching girl to ride pink bike"" and got no results. How do you even search for something like that? Ended up scrolling back through years of photos. I jumped to roughly that year with the scrollbar and went month by month. I gave up on finding it. Am I doing something wrong?",610,,3,"Tip: if location history was on, try the map view and zoom into the area instead of searching the name. || Use the date jump on the scrollbar, drag to the year and go month by month. || Try searching for something visible in the photo instead of what happened, like ""stage"" or ""cake"".",,,,571,84,,,,,,,attempt,True,True,family_memory,abandoned,A_memory_expression,remembered_activity; remembered_place,exact_date_unknown,natural_language,grandfather teaching girl to ride pink bike,not_found,abandonment; date_browsing; manual_scrolling,frequent_searcher,
reddit:syn-red-0049,reddit,reddit/r/iphone,syn-red-0049,2025-10-03T15:40:50,True,synthetic://reddit/syn-red-0049,Lost an old photo somewhere in 40k photos,"Pro tip: Try searching for something visible in the photo instead of what happened, like ""stage"" or ""cake"".",107,,3,"Search by year first, like ""2019"", then scroll within that. Much faster than scrolling from today. || Ask whoever was there, someone in the group chat usually still has it. || Search for the thing plus the city, e.g. ""cake bangalore"", works better than a sentence for me.",,,,488,71,,,,,,,advice,True,False,,,,,,,,,,,
reddit:syn-red-0050,reddit,reddit/r/googlephotos,syn-red-0050,2024-09-16T04:10:03,True,synthetic://reddit/syn-red-0050,Is there a better way to search for stuff like this?,"Does anyone know how to find the picture of the dent on my car? I need it because the insurance surveyor wants the original photo. I remember a scooter hit my car in the parking lot. I can picture a scratch on the silver door near the handle. I don't remember when exactly. I searched ""car dent"" and got a bunch of pictures that had nothing to do with it. I typed ""car"" in search and got a bunch of pictures that had nothing to do with it. I searched ""dent on silver car door"" but it just showed random photos. It seems like search ignores half of what I type and only matches one word. Tried synonyms like ""scratch"" too. Eventually I just gave up. Is there a better way to search for stuff like this?",701,,2,"Tip: if location history was on, try the map view and zoom into the area instead of searching the name. || Ask whoever was there, someone in the group chat usually still has it.",,,,674,110,,,,,,,attempt,True,True,object_memory,abandoned,B_system_understanding,remembered_context; remembered_visual_appearance,exact_date_unknown,metadata; keyword; natural_language,car dent; car; dent on silver car door,wrong_results; wrong_results; wrong_results,abandonment; synonym_search,,
reddit:syn-red-0051,reddit,reddit/r/android,syn-red-0051,2024-11-20T09:57:10,True,synthetic://reddit/syn-red-0051,Lost the photo of the team at the offsite somewhere in 40k photos,"I've been looking for the photo of the team at the offsite for days. I need it because a colleague is leaving and we're making a card. It had my old team in it. I know it was at a resort outside the city. Timing wise it was before I switched jobs, 2021 maybe. I don't remember the name of the place. I don't remember when exactly. I searched ""team in matching t shirts by a pool"" and nothing came up. I typed ""team"" in search and nothing came up. I think it's on my old phone and never got backed up. I went through the face group for that person too. I jumped to roughly that year with the scrollbar and went month by month. Still haven't found it.",649,,3,"If it was a screenshot, open the Screenshots category first and then scroll by month. || Check whether the photo was ever backed up. If it was from an old phone it might never have been uploaded. || Search by year first, like ""2019"", then scroll within that. Much faster than scrolling from today.",,,,668,105,,,,,,,attempt,True,True,work_memory,not_found,F_data_index_limitation,remembered_person; remembered_place; remembered_time_approximation,exact_date_unknown; exact_location_unknown,natural_language; keyword,team in matching t shirts by a pool; team,not_found; not_found,date_browsing; people_browsing,,
reddit:syn-red-0052,reddit,reddit/r/iphone,syn-red-0052,2024-06-30T10:27:03,True,synthetic://reddit/syn-red-0052,Is there a better way to search for stuff like this?,"Looking for the photo of my daughter on stage at her school play. I remember the lighting was bad so most shots were blurry. All I remember visually is a sunflower costume and a blue curtain. It's from the annual day function. I don't even remember what the event was called. Not sure which month or year, honestly. Tried ""annual day"" and got a bunch of pictures that had nothing to do with it. Tried ""girl in sunflower costume on stage"" but it just showed random photos. It seems like search ignores half of what I type and only matches one word. I went through the face group for that person too. I jumped to roughly that year with the scrollbar and went month by month. I gave up on finding it. Is there a better way to search for stuff like this?",750,,1,Name the face groups. Searching a person's name works way better than describing them.,,,,245,14,,,,,,,attempt,True,True,event_memory,abandoned,B_system_understanding,remembered_context; remembered_event; remembered_visual_appearance,event_name_unknown; exact_date_unknown,metadata; natural_language,annual day; girl in sunflower costume on stage,wrong_results; wrong_results,abandonment; date_browsing; people_browsing,,
reddit:syn-red-0053,reddit,reddit/r/android,syn-red-0053,2025-03-23T05:07:03,True,synthetic://reddit/syn-red-0053,Is there a better way to search for stuff like this?,"On my Pixel. Does anyone know how to find the photo of the dessert we ordered at that restaurant? It had my sister in it. All I remember visually is a chocolate dome with gold stuff on top. I don't even remember what the event was called. No clue what the place was called. I searched ""bangalore october"" but it just showed random photos. It seems like search ignores half of what I type and only matches one word. Tried synonyms like ""cake"" too. I even googled how to search Google Photos better. Eventually I just gave up. Any tips?",534,,0,,,,,535,85,,,,,,,attempt,True,True,food_restaurant_memory,abandoned,B_system_understanding,remembered_person; remembered_visual_appearance,event_name_unknown; exact_location_unknown,metadata,bangalore october,wrong_results,abandonment; external_search; synonym_search,android_device,
reddit:syn-red-0054,reddit,reddit/r/iphone,syn-red-0054,2025-05-17T17:17:20,True,synthetic://reddit/syn-red-0054,How do you find a photo when you only half remember it?,"Looking for the photo of the temple on the hill. It was a long time ago, maybe 2015. It was taken on a hill somewhere on the way to Mysore. I remember white steps going up and monkeys on the wall. I don't even remember what the event was called. Searched for ""white temple on hill with steps"" and it popped up near the top. I even googled how to search Google Photos better. Ended up scrolling back through years of photos. Got it eventually, after three days. Is there a better way to search for stuff like this?",513,,2,"Ask whoever was there, someone in the group chat usually still has it. || Check whether the photo was ever backed up. If it was from an old phone it might never have been uploaded.",,,,842,39,,,,,,,attempt,True,True,location_memory,found,none_observed,remembered_place; remembered_time_approximation; remembered_visual_appearance,event_name_unknown,natural_language,white temple on hill with steps,found,external_search; manual_scrolling,,
reddit:syn-red-0055,reddit,reddit/r/GooglePixel,syn-red-0055,2023-03-13T01:59:26,True,synthetic://reddit/syn-red-0055,Search can't find an old photo,"Use the date jump on the scrollbar, drag to the year and go month by month.",75,,3,"You can search text inside photos sometimes, but it only works if the words are clear in the image. || Check whether the photo was ever backed up. If it was from an old phone it might never have been uploaded. || Search by year first, like ""2019"", then scroll within that. Much faster than scrolling from today.",,,,548,110,,,,,,,advice,True,False,,,,,,,,,,,
reddit:syn-red-0056,reddit,reddit/r/android,syn-red-0056,2024-02-14T22:52:32,True,synthetic://reddit/syn-red-0056,Can't find the old scanned photo of my grandparents' wedding. Any tips?,"I use search a lot for work stuff. I'm trying to find the old scanned photo of my grandparents' wedding. I need it because we're printing a family tree. It had my grandparents in it. For context, it came through WhatsApp at some point. All I remember visually is black and white, grandma in a big necklace. Not sure which month or year, honestly. The photo probably has no proper date on it. I searched ""black and white wedding photo grandparents"" and it popped up near the top. I typed ""old photo"" in search and it popped up near the top. I searched ""scan"" and there it was. I jumped to roughly that year with the scrollbar and went month by month. Finally found it after way too long. Am I doing something wrong?",714,,0,,,,,162,31,,,,,,,attempt,True,True,family_memory,found,none_observed,remembered_context; remembered_person; remembered_visual_appearance,exact_date_unknown; metadata_unknown,natural_language; keyword; metadata,black and white wedding photo grandparents; old photo; scan,found; found; found,date_browsing,frequent_searcher,
reddit:syn-red-0057,reddit,reddit/r/datahoarder,syn-red-0057,2025-04-20T11:37:44,True,synthetic://reddit/syn-red-0057,How do you find a photo when you only half remember it?,"Thought search was broken but a photo of the rental agreement was in my partner's library, not mine.",100,,2,"Try searching for something visible in the photo instead of what happened, like ""stage"" or ""cake"". || Check whether the photo was ever backed up. If it was from an old phone it might never have been uploaded.",,,,819,36,,,,,,,misattribution,True,True,document,not_found,F_data_index_limitation,,,,,,,,failure_not_search_related
reddit:syn-red-0058,reddit,reddit/r/GooglePixel,syn-red-0058,2023-08-31T08:10:23,True,synthetic://reddit/syn-red-0058,Search can't find the old scanned photo of my grandparents' wedding,"Looking for the old scanned photo of my grandparents' wedding. I can picture black and white, grandma in a big necklace. I remember it came through WhatsApp at some point. It was a scan my uncle sent me. I can't remember the date at all. I typed ""black and white wedding photo grandparents"" in search and nothing came up. I just didn't know how to describe it in a way search would get. I went through the face group for that person too. I jumped to roughly that year with the scrollbar and went month by month. Found one that might be it, but I'm not sure it's the same one. Is there a better way to search for stuff like this?",628,,2,"Ask whoever was there, someone in the group chat usually still has it. || Name the face groups. Searching a person's name works way better than describing them.",,,,134,55,,,,,,,attempt,True,True,family_memory,uncertain,A_memory_expression,remembered_context; remembered_relationship; remembered_visual_appearance,exact_date_unknown,natural_language,black and white wedding photo grandparents,not_found,date_browsing; people_browsing,,
reddit:syn-red-0059,reddit,reddit/r/GooglePixel,syn-red-0059,2026-02-14T02:08:20,True,synthetic://reddit/syn-red-0059,Lost the picture of the dent on my car somewhere in 40k photos,"Looking for the picture of the dent on my car. I need it because the insurance surveyor wants the original photo. Timing wise it was maybe 6 months ago. For context, a scooter hit my car in the parking lot. I have no idea what year it was. Tried ""dent on silver car door"" and it popped up near the top. I checked all my albums one by one. I asked my sister if she still had it. Finally found it after about an hour. Am I doing something wrong?",443,,2,"Use the date jump on the scrollbar, drag to the year and go month by month. || Tip: if location history was on, try the map view and zoom into the area instead of searching the name.",,,,6,32,,,,,,,attempt,True,True,object_memory,found,none_observed,remembered_context; remembered_time_approximation,exact_date_unknown,natural_language,dent on silver car door,found,album_browsing; ask_another_person,,
reddit:syn-red-0060,reddit,reddit/r/datahoarder,syn-red-0060,2024-10-08T17:53:12,True,synthetic://reddit/syn-red-0060,Can't find the photo of my son's vaccination card. Any tips?,"Looking for the photo of my son's vaccination card. I need it now because school admission needs it. It had the dates of the last booster on it. Timing wise it was when he was a baby. It's a picture of the vaccination card. I can't recall what it said exactly. I typed ""vaccination"" in search and got no results. I know exactly what it looks like but can't put it into search words. Tried synonyms like ""immunisation"" too. I checked my Gmail in case I had sent it to someone. Got it eventually, after two evenings.",514,,1,"Try searching for something visible in the photo instead of what happened, like ""stage"" or ""cake"".",,,,56,29,,,,,,,attempt,True,True,document,found,A_memory_expression,remembered_object; remembered_text; remembered_time_approximation,exact_text_unknown,keyword,vaccination,not_found,other_application; synonym_search,,
reddit:syn-red-0061,reddit,reddit/r/GooglePixel,syn-red-0061,2025-02-04T21:29:36,True,synthetic://reddit/syn-red-0061,Can't find the old scanned photo of my grandparents' wedding. Any tips?,"I've been looking for the old scanned photo of my grandparents' wedding for days. I need it because we're printing a family tree. I remember black and white, grandma in a big necklace. For context, it came through WhatsApp at some point. It's a scan my uncle sent me. The location data was probably off. Tried ""old photo"" and nothing came up. Searched for ""scan"" and nothing came up. The photo is definitely in my library but search never shows it. I jumped to roughly that year with the scrollbar and went month by month. I scrolled for like 40 minutes. Finally found it after way too long. Am I doing something wrong?",619,,0,,,,,472,106,,,,,,,attempt,True,True,family_memory,found,C_retrieval,remembered_context; remembered_relationship; remembered_visual_appearance,metadata_unknown,keyword; metadata,old photo; scan,not_found; not_found,date_browsing; manual_scrolling,,
reddit:syn-red-0062,reddit,reddit/r/android,syn-red-0062,2025-10-02T15:44:30,True,synthetic://reddit/syn-red-0062,How do you find a photo when you only half remember it?,"I take a ridiculous number of screenshots. Does anyone know how to find the screenshot of the train booking confirmation? I need it because the TTE asked for the PNR. It had the PNR number on it. For context, the email never came so I screenshotted the app. I remember a white screen with a green tick. I can't recall what it said exactly. I searched ""ticket"" and nothing came up. Tried ""pnr"" and got no results. It just doesn't show up in search even though I know it's there. Ended up scrolling back through years of photos. I kept retyping different searches. I gave up on finding it. Am I doing something wrong?",615,,2,"Search by year first, like ""2019"", then scroll within that. Much faster than scrolling from today. || Check whether the photo was ever backed up. If it was from an old phone it might never have been uploaded.",,,,525,25,,,,,,,attempt,True,True,screenshot,abandoned,C_retrieval,remembered_context; remembered_text; remembered_visual_appearance,exact_text_unknown,keyword; metadata,ticket; pnr,not_found; not_found,abandonment; manual_scrolling; repeated_search,screenshot_heavy,
reddit:syn-red-0063,reddit,reddit/r/datahoarder,syn-red-0063,2025-11-17T03:55:07,True,synthetic://reddit/syn-red-0063,Can't find the photo of my son's vaccination card. Any tips?,"I use search a lot for work stuff. Looking for the photo of my son's vaccination card. I need it because school admission needs it. Timing wise it was when he was a baby. It had the dates of the last booster on it. The photo shows the vaccination card. No idea what the thing is actually called. I can't recall what it said exactly. Tried ""baby vaccination card pink"" and nothing came up. How do you even search for something like that? Tried synonyms like ""immunisation"" too. Ended up scrolling back through years of photos. Still haven't found it. How do you all deal with this?",580,,3,"Use the date jump on the scrollbar, drag to the year and go month by month. || You can search text inside photos sometimes, but it only works if the words are clear in the image. || Check whether the photo was ever backed up. If it was from an old phone it might never have been uploaded.",,,,261,74,,,,,,,attempt,True,True,document,not_found,A_memory_expression,remembered_object; remembered_text; remembered_time_approximation,exact_object_name_unknown; exact_text_unknown,natural_language,baby vaccination card pink,not_found,manual_scrolling; synonym_search,frequent_searcher,
reddit:syn-red-0064,reddit,reddit/r/GooglePixel,syn-red-0064,2023-08-22T16:51:10,True,synthetic://reddit/syn-red-0064,Lost an old photo somewhere in 40k photos,Spent an hour looking for a picture of the waterfall we hiked to and it turns out I had deleted it years ago. Not the app's fault.,130,,0,,,,,86,53,,,,,,,misattribution,True,True,travel_memory,not_found,F_data_index_limitation,,,,,,,,failure_not_search_related
reddit:syn-red-0065,reddit,reddit/r/datahoarder,syn-red-0065,2023-02-02T06:51:10,True,synthetic://reddit/syn-red-0065,How do you find a photo when you only half remember it?,"On my Pixel. Does anyone know how to find the photo of the notes a friend shared before exams? It had something about thermodynamics formulas on it. Timing wise it was final semester. All I remember visually is pages with yellow highlighter. I have no idea what year it was. I don't remember the exact words on it. Searched for ""notes"" and got no results. Searched for ""exam notes"" and got no results. It just doesn't show up in search even though I know it's there. I went through the map view hoping to spot it. Ended up scrolling back through years of photos. Found one that might be it, but I'm not sure it's the same one. Is there a better way to search for stuff like this?",679,,1,Name the face groups. Searching a person's name works way better than describing them.,,,,863,80,,,,,,,attempt,True,True,school_or_college_memory,uncertain,C_retrieval,remembered_text; remembered_time_approximation; remembered_visual_appearance,exact_date_unknown; exact_text_unknown,keyword; metadata,notes; exam notes,not_found; not_found,location_browsing; manual_scrolling,android_device,
reddit:syn-red-0066,reddit,reddit/r/GooglePixel,syn-red-0066,2023-06-26T10:57:21,True,synthetic://reddit/syn-red-0066,Lost an old photo somewhere in 40k photos,"Was sure I'd never find the picture of the dent on my car, but searching ""car"" plus the year got it on the first try.",117,,3,"Tip: if location history was on, try the map view and zoom into the area instead of searching the name. || Search by year first, like ""2019"", then scroll within that. Much faster than scrolling from today. || Try searching for something visible in the photo instead of what happened, like ""stage"" or ""cake"".",,,,157,94,,,,,,,success,True,True,object_memory,found,none_observed,,,,,,,,vague_search_succeeded
reddit:syn-red-0067,reddit,reddit/r/android,syn-red-0067,2025-08-23T00:42:52,True,synthetic://reddit/syn-red-0067,How do you find a photo when you only half remember it?,"From experience, Ask whoever was there, someone in the group chat usually still has it.",87,,1,"You can search text inside photos sometimes, but it only works if the words are clear in the image.",,,,584,106,,,,,,,advice,True,False,,,,,,,,,,,
reddit:syn-red-0068,reddit,reddit/r/datahoarder,syn-red-0068,2023-07-30T22:57:09,True,synthetic://reddit/syn-red-0068,Anyone else?,Backup has been stuck on 'preparing' for three days. Very annoying. Shared album invite link doesn't work for my dad.,117,,3,"Use the date jump on the scrollbar, drag to the year and go month by month. || Search for the thing plus the city, e.g. ""cake bangalore"", works better than a sentence for me. || You can search text inside photos sometimes, but it only works if the words are clear in the image.",,,,38,62,,,,,,,noise,False,False,,,,,,,,,,,
reddit:syn-red-0069,reddit,reddit/r/datahoarder,syn-red-0069,2023-09-26T10:40:55,True,synthetic://reddit/syn-red-0069,Search can't find the photo of us dancing at the sangeet,"I've been looking for the photo of us dancing at the sangeet for days. I need it now because I wanted it for our first anniversary post. It's from the sangeet night. For context, we had practised that dance for weeks. I'm not sure if I ever put it in an album. Searched for ""couple dancing under disco ball pink lehenga"" and got thousands of results to scroll through. All the results look the same as tiny thumbnails. I scrolled for like 40 minutes. I gave up on finding it. How do you all deal with this?",506,,3,"Try searching for something visible in the photo instead of what happened, like ""stage"" or ""cake"". || If it was a screenshot, open the Screenshots category first and then scroll by month. || You can search text inside photos sometimes, but it only works if the words are clear in the image.",,,,708,95,,,,,,,attempt,True,True,wedding_memory,abandoned,D_result_evaluation,remembered_context; remembered_event,album_unknown,natural_language,couple dancing under disco ball pink lehenga,too_many_results,abandonment; manual_scrolling,,
reddit:syn-red-0070,reddit,reddit/r/android,syn-red-0070,2023-12-21T07:15:46,True,synthetic://reddit/syn-red-0070,Lost an old photo somewhere in 40k photos,Spent an hour looking for the photo of the street where we got lost and it turns out I had deleted it years ago. Not the app's fault.,133,,0,,,,,813,53,,,,,,,misattribution,True,True,travel_memory,not_found,F_data_index_limitation,,,,,,,,failure_not_search_related
reddit:syn-red-0071,reddit,reddit/r/googlephotos,syn-red-0071,2023-08-16T03:51:19,True,synthetic://reddit/syn-red-0071,Is there a better way to search for stuff like this?,"Looking for the photo of my handwritten letter to myself. All I remember visually is a cream paper with my messy handwriting. I remember I wrote it on my 25th birthday and took a photo before sealing it. It was my 25th birthday. I can't recall what it said exactly. Tried ""letter"" and got a bunch of pictures that had nothing to do with it. I typed ""birthday"" in search and got no results. I just didn't know how to describe it in a way search would get. I even googled how to search Google Photos better. I went through the map view hoping to spot it. Never found it.",568,,0,,,,,520,13,,,,,,,attempt,True,True,personal_memory,not_found,A_memory_expression,remembered_context; remembered_time_approximation; remembered_visual_appearance,exact_text_unknown,keyword; metadata,letter; birthday,wrong_results; not_found,external_search; location_browsing,,
reddit:syn-red-0072,reddit,reddit/r/GooglePixel,syn-red-0072,2025-01-08T22:55:02,True,synthetic://reddit/syn-red-0072,Is there a better way to search for stuff like this?,"Does anyone know how to find the photo of the dessert we ordered at that restaurant? I remember my sister being in it. It was at my sister's birthday dinner. I can't recall the name of the event. I can't recall where exactly it was. I typed ""dessert"" in search and got a bunch of pictures that had nothing to do with it. It doesn't understand what I'm describing at all. I scrolled for like 40 minutes. I gave up on finding it. Is there a better way to search for stuff like this?",480,,3,"If it was a screenshot, open the Screenshots category first and then scroll by month. || Try searching for something visible in the photo instead of what happened, like ""stage"" or ""cake"". || Name the face groups. Searching a person's name works way better than describing them.",,,,424,117,,,,,,,attempt,True,True,food_restaurant_memory,abandoned,B_system_understanding,remembered_event; remembered_person,event_name_unknown; exact_location_unknown,keyword,dessert,wrong_results,abandonment; manual_scrolling,,
reddit:syn-red-0073,reddit,reddit/r/GooglePixel,syn-red-0073,2023-09-16T18:56:59,True,synthetic://reddit/syn-red-0073,Can't find the photo of us dancing at the sangeet. Any tips?,"I have 12 years of photos in there. I'm trying to find the photo of us dancing at the sangeet. I need it because I wanted it for our first anniversary post. All I remember visually is a disco ball and me in a pink lehenga. It was at the sangeet night. It had my husband and his cousins in it. Timing wise it was the night before our wedding. I don't remember which album it went into. I searched ""sangeet"" and got thousands of results to scroll through. Searched for ""couple dancing under disco ball pink lehenga"" and got thousands of results to scroll through. Searched for ""dance"" and got thousands of results to scroll through. I have hundreds of similar shots and can't tell which one it was. I checked all my albums one by one. Ended up scrolling back through years of photos. Got it eventually, after way too long. Am I doing something wrong?",848,,2,"Search for the thing plus the city, e.g. ""cake bangalore"", works better than a sentence for me. || Check whether the photo was ever backed up. If it was from an old phone it might never have been uploaded.",,,,776,81,,,,,,,attempt,True,True,wedding_memory,found,D_result_evaluation,remembered_event; remembered_person; remembered_time_approximation; remembered_visual_appearance,album_unknown,metadata; natural_language; keyword,sangeet; couple dancing under disco ball pink lehenga; dance,too_many_results; too_many_results; too_many_results,album_browsing; manual_scrolling,large_library,
reddit:syn-red-0074,reddit,reddit/r/datahoarder,syn-red-0074,2025-11-23T21:12:12,True,synthetic://reddit/syn-red-0074,Can't find the photo of the dessert we ordered at that restaurant. Any tips?,"I'm trying to find the photo of the dessert we ordered at that restaurant. I need it because I want to go back but forgot the restaurant name. Timing wise it was last year, maybe around October. It had my sister in it. We were at some rooftop place in Bangalore when I took it. It was at my sister's birthday dinner. I can't recall where exactly it was. I can't recall the name of the event. I typed ""bangalore october"" in search and got a bunch of pictures that had nothing to do with it. It took ""dessert"" literally and ignored everything else. In the end I texted my friend to send it again. I found a similar one but not the exact photo I wanted. Am I doing something wrong?",678,,1,Name the face groups. Searching a person's name works way better than describing them.,,,,849,52,,,,,,,attempt,True,True,food_restaurant_memory,partially_found,B_system_understanding,remembered_event; remembered_person; remembered_place; remembered_time_approximation,event_name_unknown; exact_location_unknown,metadata,bangalore october,wrong_results,ask_another_person,,
reddit:syn-red-0075,reddit,reddit/r/datahoarder,syn-red-0075,2023-05-08T15:28:10,True,synthetic://reddit/syn-red-0075,How do you find a photo when you only half remember it?,"Search by year first, like ""2019"", then scroll within that. Much faster than scrolling from today.",98,,3,"Search by year first, like ""2019"", then scroll within that. Much faster than scrolling from today. || Check whether the photo was ever backed up. If it was from an old phone it might never have been uploaded. || Name the face groups. Searching a person's name works way better than describing them.",,,,603,71,,,,,,,advice,True,False,,,,,,,,,,,
reddit:syn-red-0076,reddit,reddit/r/GooglePixel,syn-red-0076,2023-04-10T11:06:38,True,synthetic://reddit/syn-red-0076,Lost the photo of my son's vaccination card somewhere in 40k photos,"On my Samsung. I've been looking for the photo of my son's vaccination card for days. I need it because school admission needs it. I remember the doctor asked us to keep a copy. I remember it showed the dates of the last booster. Timing wise it was when he was a baby. I don't know what it's called. I don't remember the exact words on it. I searched ""baby vaccination card pink"" and got a bunch of pictures that had nothing to do with it. I searched ""vaccination"" and nothing came up. I typed ""vaccine"" in search and got a bunch of pictures that had nothing to do with it. I know exactly what it looks like but can't put it into search words. Eventually I searched my WhatsApp chats instead. Ended up scrolling back through years of photos. I gave up on finding it. Is there a better way to search for stuff like this?",819,,0,,,,,126,70,,,,,,,attempt,True,True,document,abandoned,A_memory_expression,remembered_context; remembered_text; remembered_time_approximation,exact_object_name_unknown; exact_text_unknown,natural_language; keyword; metadata,baby vaccination card pink; vaccination; vaccine,wrong_results; not_found; wrong_results,abandonment; manual_scrolling; other_application,android_device,
reddit:syn-red-0077,reddit,reddit/r/android,syn-red-0077,2025-09-12T20:51:52,True,synthetic://reddit/syn-red-0077,Lost an old photo somewhere in 40k photos,Found the photo of the stage when they announced the results by searching the person's face and then scrolling a bit. Took two minutes.,135,,2,"Name the face groups. Searching a person's name works way better than describing them. || Ask whoever was there, someone in the group chat usually still has it.",,,,855,92,,,,,,,success,True,True,event_memory,found,none_observed,,,,,,,,vague_search_succeeded
reddit:syn-red-0078,reddit,reddit/r/datahoarder,syn-red-0078,2026-07-27T16:46:55,True,synthetic://reddit/syn-red-0078,Quick question,Minor gripe: Too many notifications about 'memories' I didn't ask for.,70,,3,"Try searching for something visible in the photo instead of what happened, like ""stage"" or ""cake"". || Check whether the photo was ever backed up. If it was from an old phone it might never have been uploaded. || Search by year first, like ""2019"", then scroll within that. Much faster than scrolling from today.",,,,820,79,,,,,,,noise,False,False,,,,,,,,,,,
reddit:syn-red-0079,reddit,reddit/r/android,syn-red-0079,2024-04-21T14:23:45,True,synthetic://reddit/syn-red-0079,Can't find an old photo. Any tips?,"I remember photos by who I was with and what we were doing, not by where the GPS says I was.",92,,3,"You can search text inside photos sometimes, but it only works if the words are clear in the image. || Search by year first, like ""2019"", then scroll within that. Much faster than scrolling from today. || Try searching for something visible in the photo instead of what happened, like ""stage"" or ""cake"".",,,,725,3,,,,,,,opinion,True,False,,,,,,,,,,,
reddit:syn-red-0080,reddit,reddit/r/iphone,syn-red-0080,2024-01-10T09:18:16,True,synthetic://reddit/syn-red-0080,Lost the picture of the pharmacy receipt somewhere in 40k photos,"Looking for the picture of the pharmacy receipt. The photo shows a pharmacy bill. I remember I needed it for insurance reimbursement. It had the medicine names and total on it. Timing wise it was around when I was sick last year. I have no idea what year it was. Searched for ""pharmacy"" and nothing came up. Searched for ""pharmacy medicine bill"" and nothing came up. I searched ""receipt"" and got no results. The text on the bill isn't searchable as far as I can tell. Eventually I searched my WhatsApp chats instead. Ended up scrolling back through years of photos. Never found it. Is there a better way to search for stuff like this?",634,,1,"Tip: if location history was on, try the map view and zoom into the area instead of searching the name.",,,,630,41,,,,,,,attempt,True,True,receipt,not_found,F_data_index_limitation,remembered_context; remembered_object; remembered_text; remembered_time_approximation,exact_date_unknown,metadata; natural_language; keyword,pharmacy; pharmacy medicine bill; receipt,not_found; not_found; not_found,manual_scrolling; other_application,,
reddit:syn-red-0081,reddit,reddit/r/GooglePixel,syn-red-0081,2025-03-09T03:35:42,True,synthetic://reddit/syn-red-0081,Lost an old photo somewhere in 40k photos,"Didn't remember anything except the green rug and him holding the sofa, searched for that and it showed up. Impressed.",118,,2,"You can search text inside photos sometimes, but it only works if the words are clear in the image. || Name the face groups. Searching a person's name works way better than describing them.",,,,848,115,,,,,,,success,True,True,family_memory,found,none_observed,,,,,,,,vague_search_succeeded
reddit:syn-red-0082,reddit,reddit/r/datahoarder,syn-red-0082,2026-05-07T21:20:12,True,synthetic://reddit/syn-red-0082,Is there a better way to search for stuff like this?,Spent an hour looking for a picture of the ramen bowl from the tiny shop and it turns out I had deleted it years ago. Not the app's fault.,138,,3,"Search by year first, like ""2019"", then scroll within that. Much faster than scrolling from today. || You can search text inside photos sometimes, but it only works if the words are clear in the image. || Tip: if location history was on, try the map view and zoom into the area instead of searching the name.",,,,326,59,,,,,,,misattribution,True,True,food_restaurant_memory,not_found,F_data_index_limitation,,,,,,,,failure_not_search_related
reddit:syn-red-0083,reddit,reddit/r/GooglePixel,syn-red-0083,2023-01-03T16:55:02,True,synthetic://reddit/syn-red-0083,Can't find the photo of the bill I took sometime last summer. Any tips?,"Looking for the photo of the bill I took sometime last summer. It's a picture of a restaurant bill. I remember it showed the total and the GST number. Timing wise it was sometime last summer. Not sure which month or year, honestly. Tried ""june bill"" and got no results. I didn't know what else to try. I scrolled for like 40 minutes. Never found it. Am I doing something wrong?",377,,0,,,,,494,34,,,,,,,attempt,True,True,receipt,not_found,E_refinement,remembered_object; remembered_text; remembered_time_approximation,exact_date_unknown,metadata,june bill,not_found,manual_scrolling,,
reddit:syn-red-0084,reddit,reddit/r/googlephotos,syn-red-0084,2025-09-28T14:18:03,True,synthetic://reddit/syn-red-0084,Is there a better way to search for stuff like this?,"I've used Google Photos since it launched. Does anyone know how to find the photo of the electrician's handwritten estimate? I remember blue pen on lined paper. Timing wise it was a few months ago. The photo shows a handwritten estimate. No idea what to search for really. I typed ""handwritten estimate on notebook paper"" in search and nothing came up. I typed ""electrician"" in search and nothing came up. I searched ""estimate"" and got no results. The text on the bill isn't searchable as far as I can tell. I kept retyping different searches. Never found it. Any tips?",569,,0,,,,,853,104,,,,,,,attempt,True,True,receipt,not_found,F_data_index_limitation,remembered_object; remembered_time_approximation; remembered_visual_appearance,exact_keyword_unknown,natural_language; metadata; keyword,handwritten estimate on notebook paper; electrician; estimate,not_found; not_found; not_found,repeated_search,long_tenure,
reddit:syn-red-0085,reddit,reddit/r/android,syn-red-0085,2023-09-18T09:27:09,True,synthetic://reddit/syn-red-0085,Search can't find the screenshot where I had the information about that course,"I've got about 90k photos and videos. Looking for the screenshot where I had the information about that course. I need it now because the application deadline might be close. I remember someone posted it on LinkedIn. It had the course fees and the deadline on it. Timing wise it was a few months ago. I can't recall what it said exactly. I have no idea what year it was. Tried ""screenshot of course details with fees"" and it popped up near the top. I searched ""course"" and it popped up near the top. I tried the screenshots category filter as well. Ended up scrolling back through years of photos. Finally found it after about an hour. Is there a better way to search for stuff like this?",688,,1,"Tip: if location history was on, try the map view and zoom into the area instead of searching the name.",,,,710,86,,,,,,,attempt,True,True,screenshot,found,none_observed,remembered_context; remembered_text; remembered_time_approximation,exact_date_unknown; exact_text_unknown,natural_language; keyword,screenshot of course details with fees; course,found; found,filters; manual_scrolling,large_library,
reddit:syn-red-0086,reddit,reddit/r/datahoarder,syn-red-0086,2026-07-06T22:45:58,True,synthetic://reddit/syn-red-0086,Lost the photo of my car's insurance papers somewhere in 40k photos,"A lot of my photos come from shared albums. Does anyone know how to find the photo of my car's insurance papers? I need it because I had an accident and need the policy number. I remember I took it in the car when the traffic police stopped me once. It had the policy number on it. The photo shows the insurance papers. I can picture a folded paper on the dashboard. I can't recall what it said exactly. I typed ""insurance"" in search and nothing came up. Tried ""car insurance paper on dashboard"" and got no results. After that I had no idea what else to try. I checked my Gmail in case I had sent it to someone. Never found it. Any tips?",637,,0,,,,,607,102,,,,,,,attempt,True,True,document,not_found,E_refinement,remembered_context; remembered_object; remembered_text; remembered_visual_appearance,exact_text_unknown,keyword; natural_language,insurance; car insurance paper on dashboard,not_found; not_found,other_application,shared_library,
reddit:syn-red-0087,reddit,reddit/r/GooglePixel,syn-red-0087,2023-07-16T22:28:31,True,synthetic://reddit/syn-red-0087,Is there a better way to search for stuff like this?,"Looking for the photo of my dad's blood test report. All I remember visually is a report with a hospital logo. The photo shows a lab report. I remember the lab gave only a paper copy. Not sure which month or year, honestly. Searched for ""report"" and got no results. Tried ""lab report 2025"" and nothing came up. I searched ""blood test report hospital"" and got a bunch of pictures that had nothing to do with it. I didn't know what else to try. Ended up scrolling back through years of photos. Tried synonyms like ""test results"" too. I found a similar one but not the exact photo I wanted. How do you all deal with this?",618,,0,,,,,465,49,,,,,,,attempt,True,True,medical_or_health_image,partially_found,E_refinement,remembered_context; remembered_object; remembered_visual_appearance,exact_date_unknown,keyword; metadata; natural_language,report; lab report 2025; blood test report hospital,not_found; not_found; wrong_results,manual_scrolling; synonym_search,,
reddit:syn-red-0088,reddit,reddit/r/datahoarder,syn-red-0088,2026-04-10T19:42:08,True,synthetic://reddit/syn-red-0088,Search can't find the photo of my son's vaccination card,"Looking for the photo of my son's vaccination card. I remember the doctor asked us to keep a copy. The photo shows the vaccination card. I can picture a pink card with stamps. I remember it showed the dates of the last booster. No idea what the thing is actually called. I can't recall what it said exactly. I searched ""vaccination"" and nothing came up. The text in the photo doesn't seem to be searchable. I checked my Gmail in case I had sent it to someone. Got it eventually, after half an hour of scrolling. Is there a better way to search for stuff like this?",564,,2,"You can search text inside photos sometimes, but it only works if the words are clear in the image. || Check whether the photo was ever backed up. If it was from an old phone it might never have been uploaded.",,,,9,66,,,,,,,attempt,True,True,document,found,F_data_index_limitation,remembered_context; remembered_object; remembered_text; remembered_visual_appearance,exact_object_name_unknown; exact_text_unknown,keyword,vaccination,not_found,other_application,,
reddit:syn-red-0089,reddit,reddit/r/GooglePixel,syn-red-0089,2024-11-09T13:41:11,True,synthetic://reddit/syn-red-0089,Can't find the photo of the warranty card for the washing machine. Any tips?,"Been backing up everything since 2015. Looking for the photo of the warranty card for the washing machine. I need it now because the machine broke and service wants the warranty. All I remember visually is a small card taped to the invoice. The photo shows the warranty card. I can't recall what it said exactly. I don't remember when exactly. Searched for ""washing machine warranty card"" and nothing came up. Tried ""warranty"" and nothing came up. The photo is definitely in my library but search never shows it. Eventually I searched my WhatsApp chats instead. Found one that might be it, but I'm not sure it's the same one. How do you all deal with this?",656,,2,"Tip: if location history was on, try the map view and zoom into the area instead of searching the name. || Search by year first, like ""2019"", then scroll within that. Much faster than scrolling from today.",,,,367,3,,,,,,,attempt,True,True,receipt,uncertain,C_retrieval,remembered_object; remembered_visual_appearance,exact_date_unknown; exact_text_unknown,natural_language; keyword,washing machine warranty card; warranty,not_found; not_found,other_application,long_tenure,
reddit:syn-red-0090,reddit,reddit/r/datahoarder,syn-red-0090,2023-09-25T06:54:16,True,synthetic://reddit/syn-red-0090,Search can't find the photo of the warranty card for the washing machine,"On my Samsung. Looking for the photo of the warranty card for the washing machine. I need it because the machine broke and service wants the warranty. It had the serial number on it. I can picture a small card taped to the invoice. It was when we bought it, 2 years ago maybe. I have no idea what year it was. I don't remember the exact words on it. Tried ""warranty 2024"" and it popped up near the top. Searched for ""warranty"" and there it was. I kept retyping different searches. Ended up scrolling back through years of photos. Finally found it after two evenings.",566,,2,"Use the date jump on the scrollbar, drag to the year and go month by month. || Name the face groups. Searching a person's name works way better than describing them.",,,,652,31,,,,,,,attempt,True,True,receipt,found,none_observed,remembered_text; remembered_time_approximation; remembered_visual_appearance,exact_date_unknown; exact_text_unknown,metadata; keyword,warranty 2024; warranty,found; found,manual_scrolling; repeated_search,android_device,
reddit:syn-red-0091,reddit,reddit/r/iphone,syn-red-0091,2025-07-14T08:32:01,True,synthetic://reddit/syn-red-0091,Lost the photo of my first tattoo right after I got it somewhere in 40k photos,"I've been looking for the photo of my first tattoo right after I got it for days. I need it because the artist asked for a before picture. I can picture a small wave design on my wrist, all red around it. It was a few years back. I remember it was still covered with cling film. The photo shows a tattoo. I don't remember when exactly. I typed ""tattoo"" in search and got thousands of results to scroll through. Searched for ""fresh wave tattoo on wrist"" and got thousands of results to scroll through. All the results look the same as tiny thumbnails. Tried synonyms like ""ink"" too. I went through the map view hoping to spot it. Finally found it after two evenings. Is there a better way to search for stuff like this?",718,,3,"Use the date jump on the scrollbar, drag to the year and go month by month. || Try searching for something visible in the photo instead of what happened, like ""stage"" or ""cake"". || Check whether the photo was ever backed up. If it was from an old phone it might never have been uploaded.",,,,261,70,,,,,,,attempt,True,True,personal_memory,found,D_result_evaluation,remembered_context; remembered_object; remembered_time_approximation; remembered_visual_appearance,exact_date_unknown,metadata; natural_language,tattoo; fresh wave tattoo on wrist,too_many_results; too_many_results,location_browsing; synonym_search,,
reddit:syn-red-0092,reddit,reddit/r/GooglePixel,syn-red-0092,2025-06-29T18:53:22,True,synthetic://reddit/syn-red-0092,Is there a better way to search for stuff like this?,"Couldn't find a photo of the tiny café we found in Goa anywhere, then realised it was on my old phone and never got backed up.",126,,0,,,,,477,65,,,,,,,misattribution,True,True,travel_memory,not_found,F_data_index_limitation,,,,,,,,failure_not_search_related
reddit:syn-red-0093,reddit,reddit/r/iphone,syn-red-0093,2024-01-26T21:59:31,True,synthetic://reddit/syn-red-0093,Can't find the photo of the prescription for my mother's eye drops. Any tips?,"On the web version on my laptop. Does anyone know how to find the photo of the prescription for my mother's eye drops? I remember it showed the name of the eye drops. I remember the doctor's handwriting was unreadable. I can picture a small slip with a clinic stamp. I don't remember the exact words on it. I don't know what it's called. I searched ""prescription"" and nothing came up. I know exactly what it looks like but can't put it into search words. Tried synonyms like ""doctor note"" too. Never found it.",509,,2,"You can search text inside photos sometimes, but it only works if the words are clear in the image. || Check whether the photo was ever backed up. If it was from an old phone it might never have been uploaded.",,,,802,51,,,,,,,attempt,True,True,medical_or_health_image,not_found,A_memory_expression,remembered_context; remembered_text; remembered_visual_appearance,exact_object_name_unknown; exact_text_unknown,keyword,prescription,not_found,synonym_search,desktop_web,
reddit:syn-red-0094,reddit,reddit/r/GooglePixel,syn-red-0094,2023-02-17T20:39:53,True,synthetic://reddit/syn-red-0094,Search can't find the photo of my first tattoo right after I got it,"A lot of my photos come from shared albums. Does anyone know how to find the photo of my first tattoo right after I got it? The photo shows a tattoo. I remember a small wave design on my wrist, all red around it. For context, it was still covered with cling film. Timing wise it was a few years back. I can't remember the date at all. Tried ""fresh wave tattoo on wrist"" and nothing came up. I searched ""tattoo"" and got no results. How do you even search for something like that? I jumped to roughly that year with the scrollbar and went month by month. I kept retyping different searches. I found a similar one but not the exact photo I wanted. Is there a better way to search for stuff like this?",697,,3,"Name the face groups. Searching a person's name works way better than describing them. || If it was a screenshot, open the Screenshots category first and then scroll by month. || Use the date jump on the scrollbar, drag to the year and go month by month.",,,,66,68,,,,,,,attempt,True,True,personal_memory,partially_found,A_memory_expression,remembered_context; remembered_object; remembered_time_approximation; remembered_visual_appearance,exact_date_unknown,natural_language; keyword,fresh wave tattoo on wrist; tattoo,not_found; not_found,date_browsing; repeated_search,shared_library,
reddit:syn-red-0095,reddit,reddit/r/datahoarder,syn-red-0095,2023-11-18T04:01:55,True,synthetic://reddit/syn-red-0095,Lost the photo of us dancing at the sangeet somewhere in 40k photos,"I've been looking for the photo of us dancing at the sangeet for days. I need it because I wanted it for our first anniversary post. I remember a disco ball and me in a pink lehenga. Timing wise it was the night before our wedding. I don't remember which album it went into. I typed ""dance"" in search and there it was. In the end I texted my friend to send it again. I checked all my albums one by one. Got it eventually, after way too long.",441,,0,,,,,399,115,,,,,,,attempt,True,True,wedding_memory,found,none_observed,remembered_time_approximation; remembered_visual_appearance,album_unknown,keyword,dance,found,album_browsing; ask_another_person,,
reddit:syn-red-0096,reddit,reddit/r/datahoarder,syn-red-0096,2024-09-26T15:44:09,True,synthetic://reddit/syn-red-0096,How do you find a photo when you only half remember it?,Spent an hour looking for the photo of a plant I saw at a nursery and it turns out I had deleted it years ago. Not the app's fault.,131,,2,"Use the date jump on the scrollbar, drag to the year and go month by month. || If it was a screenshot, open the Screenshots category first and then scroll by month.",,,,515,91,,,,,,,misattribution,True,True,object_memory,not_found,F_data_index_limitation,,,,,,,,failure_not_search_related
reddit:syn-red-0097,reddit,reddit/r/datahoarder,syn-red-0097,2023-10-20T16:13:42,True,synthetic://reddit/syn-red-0097,Quick question,Face grouping merged my twin daughters into one person lol. Can't figure out how to download all my photos to a hard drive.,123,,1,"Search for the thing plus the city, e.g. ""cake bangalore"", works better than a sentence for me.",,,,337,116,,,,,,,noise,False,False,,,,,,,,,,,
reddit:syn-red-0098,reddit,reddit/r/googlephotos,syn-red-0098,2025-08-05T20:58:34,True,synthetic://reddit/syn-red-0098,Search can't find an old photo,"I remember photos by who I was with and what we were doing, not by where the GPS says I was.",92,,3,"Check whether the photo was ever backed up. If it was from an old phone it might never have been uploaded. || You can search text inside photos sometimes, but it only works if the words are clear in the image. || Name the face groups. Searching a person's name works way better than describing them.",,,,628,105,,,,,,,opinion,True,False,,,,,,,,,,,
reddit:syn-red-0099,reddit,reddit/r/googlephotos,syn-red-0099,2024-12-04T14:32:22,True,synthetic://reddit/syn-red-0099,Can't find that picture from the trip where we stayed near the beach. Any tips?,"I've been looking for that picture from the trip where we stayed near the beach for days. I need it because I want to book the same homestay. It's from a long weekend trip. I remember location was probably off on my phone. I can picture a hammock between two coconut trees. I don't remember when exactly. The location data was probably off. I searched ""beach 2021"" and got no results. I searched ""beach"" and got no results. Searched for ""hammock between coconut trees near beach homestay"" and nothing came up. The location data was probably off so there's nothing to go on. Ended up scrolling back through years of photos. I jumped to roughly that year with the scrollbar and went month by month. Found one that might be it, but I'm not sure it's the same one. How do you all deal with this?",791,,2,"Search by year first, like ""2019"", then scroll within that. Much faster than scrolling from today. || Try searching for something visible in the photo instead of what happened, like ""stage"" or ""cake"".",,,,335,85,,,,,,,attempt,True,True,location_memory,uncertain,F_data_index_limitation,remembered_context; remembered_trip; remembered_visual_appearance,exact_date_unknown; metadata_unknown,metadata; keyword; natural_language,beach 2021; beach; hammock between coconut trees near beach homestay,not_found; not_found; not_found,date_browsing; manual_scrolling,,
reddit:syn-red-0100,reddit,reddit/r/googlephotos,syn-red-0100,2024-05-26T13:38:25,True,synthetic://reddit/syn-red-0100,Can't find the photo of the shoes I tried on in the store. Any tips?,"There are something like 45,000 pictures in my account. I'm trying to find the photo of the shoes I tried on in the store. I need it because I want to order them online. We were at a mall when I took it. For context, I took it to check the price online later. I remember grey shoes with a neon green sole. I don't remember the name of the place. I typed ""shoes"" in search and nothing came up. I searched ""grey running shoes with green sole"" and nothing came up. I searched ""mall october"" and nothing came up. Text inside screenshots doesn't seem to be searchable. I even googled how to search Google Photos better. Ended up scrolling back through years of photos. Got it eventually, after two evenings. Is there a better way to search for stuff like this?",755,,3,"Tip: if location history was on, try the map view and zoom into the area instead of searching the name. || Use the date jump on the scrollbar, drag to the year and go month by month. || Check whether the photo was ever backed up. If it was from an old phone it might never have been uploaded.",,,,841,24,,,,,,,attempt,True,True,purchase_related_image,found,F_data_index_limitation,remembered_context; remembered_place; remembered_visual_appearance,exact_location_unknown,keyword; natural_language; metadata,shoes; grey running shoes with green sole; mall october,not_found; not_found; not_found,external_search; manual_scrolling,large_library,
reddit:syn-red-0101,reddit,reddit/r/googlephotos,syn-red-0101,2024-07-24T23:39:49,True,synthetic://reddit/syn-red-0101,Can't find the screenshot where I had the information about that course. Any tips?,"On iOS. I've been looking for the screenshot where I had the information about that course for days. I need it because the application deadline might be close. I remember a blue banner with a university logo. I remember it showed the course fees and the deadline. I don't remember when exactly. Searched for ""course"" and it popped up near the top. I scrolled for like 40 minutes. Finally found it after about an hour. Am I doing something wrong?",445,,1,Name the face groups. Searching a person's name works way better than describing them.,,,,309,98,,,,,,,attempt,True,True,screenshot,found,none_observed,remembered_text; remembered_visual_appearance,exact_date_unknown,keyword,course,found,manual_scrolling,ios_device,
reddit:syn-red-0102,reddit,reddit/r/GooglePixel,syn-red-0102,2026-05-09T16:09:20,True,synthetic://reddit/syn-red-0102,Search can't find the photo of the bill I took sometime last summer,"Does anyone know how to find the photo of the bill I took sometime last summer? For context, we were splitting it between six people. I remember a long crumpled receipt. I remember it showed the total and the GST number. It's a picture of a restaurant bill. I can't recall what it said exactly. Not sure which month or year, honestly. I searched ""june bill"" and nothing came up. Tried ""bill"" and got no results. I searched ""restaurant bill split between friends"" and nothing came up. The photo is definitely in my library but search never shows it. I checked my Gmail in case I had sent it to someone. Ended up scrolling back through years of photos. Still haven't found it. Am I doing something wrong?",702,,2,"Tip: if location history was on, try the map view and zoom into the area instead of searching the name. || Search for the thing plus the city, e.g. ""cake bangalore"", works better than a sentence for me.",,,,811,53,,,,,,,attempt,True,True,receipt,not_found,C_retrieval,remembered_context; remembered_object; remembered_text; remembered_visual_appearance,exact_date_unknown; exact_text_unknown,metadata; keyword; natural_language,june bill; bill; restaurant bill split between friends,not_found; not_found; not_found,manual_scrolling; other_application,,
reddit:syn-red-0103,reddit,reddit/r/GooglePixel,syn-red-0103,2023-07-07T06:19:24,True,synthetic://reddit/syn-red-0103,How do you find a photo when you only half remember it?,"Looking for the photo of my dad's blood test report. All I remember visually is a report with a hospital logo. It was before his surgery, early last year. I can't recall what it said exactly. I don't remember when exactly. I searched ""blood test report hospital"" and got no results. After that I had no idea what else to try. Ended up scrolling back through years of photos. Still haven't found it.",398,,0,,,,,437,92,,,,,,,attempt,True,True,medical_or_health_image,not_found,E_refinement,remembered_time_approximation; remembered_visual_appearance,exact_date_unknown; exact_text_unknown,natural_language,blood test report hospital,not_found,manual_scrolling,,
reddit:syn-red-0104,reddit,reddit/r/googlephotos,syn-red-0104,2025-08-19T07:07:32,True,synthetic://reddit/syn-red-0104,Can't find a photo of the rental agreement. Any tips?,"My wife and I share a partner library. Does anyone know how to find a photo of the rental agreement? I need it because the landlord is refusing to return the deposit. I can picture stamp paper with a purple stamp. For context, the landlord only gave us one copy so I photographed every page. I remember it showed something about the notice period. The photo shows the rental agreement. I can't remember the date at all. I searched ""agreement"" and got no results. Tried ""rent agreement document pages"" and got a bunch of pictures that had nothing to do with it. I know exactly what it looks like but can't put it into search words. I checked my Gmail in case I had sent it to someone. Ended up scrolling back through years of photos. Got it eventually, after two evenings. Is there a better way to search for stuff like this?",824,,2,"Ask whoever was there, someone in the group chat usually still has it. || Name the face groups. Searching a person's name works way better than describing them.",,,,426,50,,,,,,,attempt,True,True,document,found,A_memory_expression,remembered_context; remembered_object; remembered_text; remembered_visual_appearance,exact_date_unknown,keyword; natural_language,agreement; rent agreement document pages,not_found; wrong_results,manual_scrolling; other_application,shared_library,
reddit:syn-red-0105,reddit,reddit/r/datahoarder,syn-red-0105,2026-08-05T21:25:10,True,synthetic://reddit/syn-red-0105,Rant,"Honestly, Uploading in original quality eats my data plan. I wish the video editor had more music options.",106,,0,,,,,395,119,,,,,,,noise,False,False,,,,,,,,,,,
reddit:syn-red-0106,reddit,reddit/r/datahoarder,syn-red-0106,2024-06-06T12:41:28,True,synthetic://reddit/syn-red-0106,Search can't find an old photo,"Couldn't find the photo of the warranty card for the washing machine anywhere, then realised it was on my old phone and never got backed up.",140,,0,,,,,667,49,,,,,,,misattribution,True,True,receipt,not_found,F_data_index_limitation,,,,,,,,failure_not_search_related
reddit:syn-red-0107,reddit,reddit/r/iphone,syn-red-0107,2024-05-11T17:23:36,True,synthetic://reddit/syn-red-0107,Can't find an old photo. Any tips?,"From experience, If it was a screenshot, open the Screenshots category first and then scroll by month.",102,,1,"You can search text inside photos sometimes, but it only works if the words are clear in the image.",,,,620,58,,,,,,,advice,True,False,,,,,,,,,,,
reddit:syn-red-0108,reddit,reddit/r/datahoarder,syn-red-0108,2025-10-04T00:03:26,True,synthetic://reddit/syn-red-0108,Is there a better way to search for stuff like this?,"I've been looking for that photo where I was wearing the blue shirt for days. I need it because I need a profile photo for a new job. All I remember visually is me in a light blue linen shirt against a white wall. It was maybe two summers ago. I know it was at a friend's place, I think. I can't remember the date at all. I typed ""me wearing blue shirt white wall"" in search and got thousands of results to scroll through. I searched ""summer"" and got thousands of results to scroll through. There are so many almost identical shots from that day that I can't tell which one it is. I asked my sister if she still had it. Gave up for the day and tried again the next week. I found a similar one but not the exact photo I wanted. Any tips?",736,,3,"You can search text inside photos sometimes, but it only works if the words are clear in the image. || Name the face groups. Searching a person's name works way better than describing them. || Try searching for something visible in the photo instead of what happened, like ""stage"" or ""cake"".",,,,181,47,,,,,,,attempt,True,True,personal_memory,partially_found,D_result_evaluation,remembered_place; remembered_time_approximation; remembered_visual_appearance,exact_date_unknown,natural_language; metadata,me wearing blue shirt white wall; summer,too_many_results; too_many_results,ask_another_person; return_later,,
reddit:syn-red-0109,reddit,reddit/r/googlephotos,syn-red-0109,2025-09-23T06:37:33,True,synthetic://reddit/syn-red-0109,Lost an old photo somewhere in 40k photos,"Was sure I'd never find a picture of my dad teaching my daughter to ride a bike, but searching ""bicycle"" plus the year got it on the first try.",143,,1,"Try searching for something visible in the photo instead of what happened, like ""stage"" or ""cake"".",,,,206,7,,,,,,,success,True,True,family_memory,found,none_observed,,,,,,,,vague_search_succeeded
reddit:syn-red-0110,reddit,reddit/r/android,syn-red-0110,2025-04-17T16:02:47,True,synthetic://reddit/syn-red-0110,Can't find an old photo. Any tips?,It's frustrating that I have to guess what word the app uses for something.,75,,1,"Search by year first, like ""2019"", then scroll within that. Much faster than scrolling from today.",,,,301,10,,,,,,,opinion,True,False,,,,,,,,,,,
reddit:syn-red-0111,reddit,reddit/r/GooglePixel,syn-red-0111,2023-01-07T16:38:09,True,synthetic://reddit/syn-red-0111,Can't find the photo with the bride and my grandmother. Any tips?,"On the web version on my laptop. I'm trying to find the photo with the bride and my grandmother. I need it because grandma wants a print. I can picture grandma in a green saree sitting on the stage. It's from my brother's wedding. Not sure which month or year, honestly. I typed ""old lady in green saree with bride on stage"" in search and got a bunch of pictures that had nothing to do with it. Tried ""reception"" and got a bunch of pictures that had nothing to do with it. I didn't know what else to try. I asked my sister if she still had it. I scrolled for like 40 minutes. Eventually I just gave up. How do you all deal with this?",633,,0,,,,,890,67,,,,,,,attempt,True,True,wedding_memory,abandoned,E_refinement,remembered_event; remembered_visual_appearance,exact_date_unknown,natural_language; metadata,old lady in green saree with bride on stage; reception,wrong_results; wrong_results,abandonment; ask_another_person; manual_scrolling,desktop_web,
reddit:syn-red-0112,reddit,reddit/r/datahoarder,syn-red-0112,2023-06-28T10:58:18,True,synthetic://reddit/syn-red-0112,How do you find a photo when you only half remember it?,"I'm trying to find a photo with a guy we met on a trek. I need it because I found him on Instagram and wanted to send it. All I remember visually is a yellow jacket and a flag behind us. Timing wise it was 2019 I think. It had a guy from Germany we met on the way in it. I never knew his name. No clue what the place was called. Searched for ""photo with foreigner in yellow jacket on mountain top"" and got a bunch of pictures that had nothing to do with it. Searched for ""trek"" and got no results. I didn't know what else to try. I went through the face group for that person too. Found one that might be it, but I'm not sure it's the same one.",644,,3,"Search by year first, like ""2019"", then scroll within that. Much faster than scrolling from today. || Ask whoever was there, someone in the group chat usually still has it. || If it was a screenshot, open the Screenshots category first and then scroll by month.",,,,250,27,,,,,,,attempt,True,True,friend_memory,uncertain,E_refinement,remembered_person; remembered_time_approximation; remembered_visual_appearance,exact_location_unknown; person_name_unknown,natural_language; keyword,photo with foreigner in yellow jacket on mountain top; trek,wrong_results; not_found,people_browsing,,
reddit:syn-red-0113,reddit,reddit/r/googlephotos,syn-red-0113,2023-08-05T15:50:02,True,synthetic://reddit/syn-red-0113,How do you find a photo when you only half remember it?,"What worked for me: Search by year first, like ""2019"", then scroll within that. Much faster than scrolling from today.",118,,2,"Name the face groups. Searching a person's name works way better than describing them. || You can search text inside photos sometimes, but it only works if the words are clear in the image.",,,,226,92,,,,,,,advice,True,False,,,,,,,,,,,
reddit:syn-red-0114,reddit,reddit/r/datahoarder,syn-red-0114,2026-04-23T19:30:02,True,synthetic://reddit/syn-red-0114,Search can't find the photo of us at the football match,"I'm trying to find the photo of us at the football match. I need it now because reunion group chat asked for it. We were in the stadium when I took it. It's from the derby match. It had my school friends in it. I remember all of us with painted faces. I don't even remember what the event was called. I searched ""stadium"" and nothing came up. Tried ""friends with painted faces at football match"" but it just showed random photos. I didn't know what else to try. I asked my sister if she still had it. I went through the face group for that person too. Found one that might be it, but I'm not sure it's the same one. How do you all deal with this?",646,,2,"Try searching for something visible in the photo instead of what happened, like ""stage"" or ""cake"". || Search for the thing plus the city, e.g. ""cake bangalore"", works better than a sentence for me.",,,,680,77,,,,,,,attempt,True,True,friend_memory,uncertain,E_refinement,remembered_event; remembered_person; remembered_place; remembered_visual_appearance,event_name_unknown,keyword; natural_language,stadium; friends with painted faces at football match,not_found; wrong_results,ask_another_person; people_browsing,,
reddit:syn-red-0115,reddit,reddit/r/iphone,syn-red-0115,2024-01-02T17:44:58,True,synthetic://reddit/syn-red-0115,How do you find a photo when you only half remember it?,"Does anyone know how to find the photo of the bill I took sometime last summer? I need it because a friend still hasn't paid me back and disputes the amount. The photo shows a restaurant bill. I remember it showed the total and the GST number. All I remember visually is a long crumpled receipt. I don't remember the exact words on it. Searched for ""june bill"" and got a bunch of pictures that had nothing to do with it. I searched ""restaurant bill split between friends"" and got no results. I just didn't know how to describe it in a way search would get. I kept retyping different searches. Eventually I just gave up. How do you all deal with this?",650,,0,,,,,562,50,,,,,,,attempt,True,True,receipt,abandoned,A_memory_expression,remembered_object; remembered_text; remembered_visual_appearance,exact_text_unknown,metadata; natural_language,june bill; restaurant bill split between friends,wrong_results; not_found,abandonment; repeated_search,,
reddit:syn-red-0116,reddit,reddit/r/iphone,syn-red-0116,2024-01-03T01:54:37,True,synthetic://reddit/syn-red-0116,Is there a better way to search for stuff like this?,"I've been looking for a shot of the fireworks at the new year party for days. I need it now because I wanted to post a throwback. It was one of the new years, 2019 or 2020. For context, it was just before midnight. It's from the new year party at the club. I can't remember the date at all. Tried ""fireworks"" and it gave me hundreds of photos. Tried ""green fireworks over pool"" and it gave me hundreds of photos. I searched ""31 december"" and it gave me hundreds of photos. All the results look the same as tiny thumbnails. Ended up scrolling back through years of photos. I jumped to roughly that year with the scrollbar and went month by month. I found a similar one but not the exact photo I wanted.",701,,3,"Try searching for something visible in the photo instead of what happened, like ""stage"" or ""cake"". || Name the face groups. Searching a person's name works way better than describing them. || If it was a screenshot, open the Screenshots category first and then scroll by month.",,,,35,15,,,,,,,attempt,True,True,event_memory,partially_found,D_result_evaluation,remembered_context; remembered_event; remembered_time_approximation,exact_date_unknown,keyword; natural_language; metadata,fireworks; green fireworks over pool; 31 december,too_many_results; too_many_results; too_many_results,date_browsing; manual_scrolling,,
reddit:syn-red-0117,reddit,reddit/r/datahoarder,syn-red-0117,2024-09-11T21:42:19,True,synthetic://reddit/syn-red-0117,Quick question,Two things. Uploading in original quality eats my data plan.,60,,0,,,,,797,59,,,,,,,noise,False,False,,,,,,,,,,,
reddit:syn-red-0118,reddit,reddit/r/GooglePixel,syn-red-0118,2026-04-12T19:37:25,True,synthetic://reddit/syn-red-0118,Can't find the picture of the dent on my car. Any tips?,"Looking for the picture of the dent on my car. I need it now because the insurance surveyor wants the original photo. Timing wise it was maybe 6 months ago. I remember a scooter hit my car in the parking lot. All I remember visually is a scratch on the silver door near the handle. I can't remember the date at all. Tried ""dent on silver car door"" and nothing came up. I searched ""car dent"" and nothing came up. I know exactly what it looks like but can't put it into search words. I jumped to roughly that year with the scrollbar and went month by month. Finally found it after three days. Any tips?",600,,1,"Use the date jump on the scrollbar, drag to the year and go month by month.",,,,712,23,,,,,,,attempt,True,True,object_memory,found,A_memory_expression,remembered_context; remembered_time_approximation; remembered_visual_appearance,exact_date_unknown,natural_language; metadata,dent on silver car door; car dent,not_found; not_found,date_browsing,,
reddit:syn-red-0119,reddit,reddit/r/iphone,syn-red-0119,2024-04-30T01:20:14,True,synthetic://reddit/syn-red-0119,How do you find a photo when you only half remember it?,"I moved all my old phone photos in years ago. Does anyone know how to find the photo of the street where we got lost? I need it because we want to frame it. I know it was in some old town in Portugal. It was on the third or fourth day of the trip. I remember yellow tiles on the walls and a tram line. I can't recall where exactly it was. Searched for ""lisbon"" and it gave me hundreds of photos. I have hundreds of similar shots and can't tell which one it was. I scrolled for like 40 minutes. I went through the map view hoping to spot it. Finally found it after about an hour. Is there a better way to search for stuff like this?",631,,1,"Use the date jump on the scrollbar, drag to the year and go month by month.",,,,566,27,,,,,,,attempt,True,True,travel_memory,found,D_result_evaluation,remembered_place; remembered_time_approximation; remembered_visual_appearance,exact_location_unknown,metadata,lisbon,too_many_results,location_browsing; manual_scrolling,long_tenure,
google_photos_community:syn-goo-0000,google_photos_community,google_photos_help_community,syn-goo-0000,2025-11-20T19:23:03,True,synthetic://google_photos_community/syn-goo-0000,Help finding an old photo in my library,"I've been looking for the family photo from Diwali where everyone is wearing white for days. It was one of the Diwalis between 2017 and 2020. I remember the whole extended family being in it. It was for Diwali. I can't remember the date at all. I searched ""diwali"" and got a bunch of pictures that had nothing to do with it. How do you even search for something like that? I scrolled for like 40 minutes. I went through the face group for that person too. Never found it.",471,Google Photos Help Community > Search & browse,1,"Product Expert: Use the date jump on the scrollbar, drag to the year and go month by month.",,,,,,24,False,,,,,attempt,True,True,family_memory,not_found,A_memory_expression,remembered_occasion; remembered_person; remembered_time_approximation,exact_date_unknown,keyword,diwali,wrong_results,manual_scrolling; people_browsing,,
google_photos_community:syn-goo-0001,google_photos_community,google_photos_help_community,syn-goo-0001,2026-08-09T18:46:11,True,synthetic://google_photos_community/syn-goo-0001,Help finding an old photo in my library,"Looking for a picture of the sofa fabric sample. I need it now because we're finally ordering the sofa. I remember the shop said to send them the photo when ordering. All I remember visually is a mustard-coloured textured fabric. I know it was at the furniture shop. I have no idea what year it was. I typed ""mustard fabric sample"" in search and it gave me hundreds of photos. Tried ""furniture shop"" and it gave me hundreds of photos. All the results look the same as tiny thumbnails. Ended up scrolling back through years of photos. I tried the screenshots category filter as well. Found one that might be it, but I'm not sure it's the same one. Using photos.google.com on Windows.",682,Google Photos Help Community > Search & browse,1,Product Expert: Check whether the photo was ever backed up. If it was from an old phone it might never have been uploaded.,,,,,,0,False,,,,,attempt,True,True,purchase_related_image,uncertain,D_result_evaluation,remembered_context; remembered_place; remembered_visual_appearance,exact_date_unknown,natural_language; metadata,mustard fabric sample; furniture shop,too_many_results; too_many_results,filters; manual_scrolling,,
google_photos_community:syn-goo-0002,google_photos_community,google_photos_help_community,syn-goo-0002,2023-01-11T12:43:58,True,synthetic://google_photos_community/syn-goo-0002,Help finding an old photo in my library,"Spent an hour looking for the photo of my daughter on stage at her school play and it turns out I had deleted it years ago. Not the app's fault. Device: Pixel 8, Android 15.",173,Google Photos Help Community > Search & browse,2,"Product Expert: Tip: if location history was on, try the map view and zoom into the area instead of searching the name. || Product Expert: Search by year first, like ""2019"", then scroll within that. Much faster than scrolling from today.",,,,,,55,False,,,,,misattribution,True,True,event_memory,not_found,F_data_index_limitation,,,,,,,,failure_not_search_related
google_photos_community:syn-goo-0003,google_photos_community,google_photos_help_community,syn-goo-0003,2025-04-21T04:30:32,True,synthetic://google_photos_community/syn-goo-0003,Search not finding a photo I know exists,"I don't remember dates, nobody does. Searching by date is useless for old memories.",83,Google Photos Help Community > Search & browse,2,"Product Expert: If it was a screenshot, open the Screenshots category first and then scroll by month. || Product Expert: Ask whoever was there, someone in the group chat usually still has it.",,,,,,50,False,,,,,opinion,True,False,,,,,,,,,,,
google_photos_community:syn-goo-0004,google_photos_community,google_photos_help_community,syn-goo-0004,2024-01-09T19:31:50,True,synthetic://google_photos_community/syn-goo-0004,Help finding an old photo in my library,Pro tip: Name the face groups. Searching a person's name works way better than describing them.,95,Google Photos Help Community > Search & browse,2,"Product Expert: Try searching for something visible in the photo instead of what happened, like ""stage"" or ""cake"". || Product Expert: Use the date jump on the scrollbar, drag to the year and go month by month.",,,,,,45,False,,,,,advice,True,False,,,,,,,,,,,
google_photos_community:syn-goo-0005,google_photos_community,google_photos_help_community,syn-goo-0005,2023-04-17T12:27:25,True,synthetic://google_photos_community/syn-goo-0005,Help finding an old photo in my library,"Looking for the photo of the view from the train window. I need it now because I was telling someone about the trip and wanted to show them. We were on the train somewhere between two cities when I took it. This was during the Europe backpacking trip. I have no idea what year it was. I can't recall where exactly it was. I typed ""train 2018"" in search and got a bunch of pictures that had nothing to do with it. Tried ""view from train window with green hills"" but it just showed random photos. It seems like search ignores half of what I type and only matches one word. I jumped to roughly that year with the scrollbar and went month by month. Still haven't found it.",668,Google Photos Help Community > Search & browse,2,"Product Expert: You can search text inside photos sometimes, but it only works if the words are clear in the image. || Product Expert: Use the date jump on the scrollbar, drag to the year and go month by month.",,,,,,62,True,,,,,attempt,True,True,travel_memory,not_found,B_system_understanding,remembered_place; remembered_trip,exact_date_unknown; exact_location_unknown,metadata; natural_language,train 2018; view from train window with green hills,wrong_results; wrong_results,date_browsing,,
google_photos_community:syn-goo-0006,google_photos_community,google_photos_help_community,syn-goo-0006,2025-02-17T14:49:45,True,synthetic://google_photos_community/syn-goo-0006,Search not finding a photo I know exists,"Looking for the photo of the team at the offsite. I need it now because a colleague is leaving and we're making a card. It was before I switched jobs, 2021 maybe. It's from the team offsite. I have no idea what year it was. Tried ""offsite 2021"" and nothing came up. Searched for ""team"" and nothing came up. Tried ""team in matching t shirts by a pool"" but it just showed random photos. I ran out of ideas pretty quickly. Tried synonyms like ""office trip"" too. Eventually I just gave up. Device: iPhone 14, iOS 18.",512,Google Photos Help Community > Search & browse,1,Product Expert: Check whether the photo was ever backed up. If it was from an old phone it might never have been uploaded.,,,,,,54,False,,,,,attempt,True,True,work_memory,abandoned,E_refinement,remembered_event; remembered_time_approximation,exact_date_unknown,metadata; keyword; natural_language,offsite 2021; team; team in matching t shirts by a pool,not_found; not_found; wrong_results,abandonment; synonym_search,,
google_photos_community:syn-goo-0007,google_photos_community,google_photos_help_community,syn-goo-0007,2026-04-11T13:58:58,True,synthetic://google_photos_community/syn-goo-0007,Search not finding a photo I know exists,"I search in Photos pretty much every day. Does anyone know how to find the photo I took of my passport page? I need it because I need the number urgently for a booking. The photo shows my passport. It was two or three years ago. I can picture my thumb covering one corner. I can't recall what it said exactly. I don't remember when exactly. I searched ""photo of passport page"" and there it was. I typed ""passport"" in search and it popped up near the top. I kept retyping different searches. Ended up scrolling back through years of photos. Got it eventually, after two evenings.",578,Google Photos Help Community > Search & browse,1,"Product Expert: Tip: if location history was on, try the map view and zoom into the area instead of searching the name.",,,,,,75,False,,,,,attempt,True,True,document,found,none_observed,remembered_object; remembered_time_approximation; remembered_visual_appearance,exact_date_unknown; exact_text_unknown,natural_language; keyword,photo of passport page; passport,found; found,manual_scrolling; repeated_search,frequent_searcher,
google_photos_community:syn-goo-0008,google_photos_community,google_photos_help_community,syn-goo-0008,2023-07-22T02:43:34,True,synthetic://google_photos_community/syn-goo-0008,General question,"Two things. Can't figure out how to download all my photos to a hard drive. Device: iPhone 14, iOS 18.",102,Google Photos Help Community > Search & browse,2,"Product Expert: Ask whoever was there, someone in the group chat usually still has it. || Product Expert: If it was a screenshot, open the Screenshots category first and then scroll by month.",,,,,,68,False,,,,,noise,False,False,,,,,,,,,,,
google_photos_community:syn-goo-0009,google_photos_community,google_photos_help_community,syn-goo-0009,2026-02-01T09:11:39,True,synthetic://google_photos_community/syn-goo-0009,Unable to locate an old photo,"I remember photos by who I was with and what we were doing, not by where the GPS says I was. Device: iPhone 14, iOS 18.",119,Google Photos Help Community > Search & browse,2,"Product Expert: Search by year first, like ""2019"", then scroll within that. Much faster than scrolling from today. || Product Expert: Name the face groups. Searching a person's name works way better than describing them.",,,,,,8,False,,,,,opinion,True,False,,,,,,,,,,,
google_photos_community:syn-goo-0010,google_photos_community,google_photos_help_community,syn-goo-0010,2024-05-02T10:37:32,True,synthetic://google_photos_community/syn-goo-0010,Unable to locate the picture of my college marksheet,"I've been looking for the picture of my college marksheet for days. I need it because background verification asked for it. I remember a certificate with a blue border. Timing wise it was maybe 2020 when I was job hunting. No idea what to search for really. Tried ""college marksheet with blue border"" and nothing came up. Tried ""2020 certificate"" and nothing came up. I typed ""marksheet"" in search and got no results. The photo is definitely in my library but search never shows it. I kept retyping different searches. Ended up scrolling back through years of photos. Finally found it after three days. Device: Pixel 8, Android 15.",631,Google Photos Help Community > Search & browse,1,"Product Expert: You can search text inside photos sometimes, but it only works if the words are clear in the image.",,,,,,6,False,,,,,attempt,True,True,document,found,C_retrieval,remembered_time_approximation; remembered_visual_appearance,exact_keyword_unknown,natural_language; metadata; keyword,college marksheet with blue border; 2020 certificate; marksheet,not_found; not_found; not_found,manual_scrolling; repeated_search,,
google_photos_community:syn-goo-0011,google_photos_community,google_photos_help_community,syn-goo-0011,2024-07-04T07:25:28,True,synthetic://google_photos_community/syn-goo-0011,Search not finding a photo I know exists,"On my Samsung. Does anyone know how to find a photo with a guy we met on a trek? I need it because I found him on Instagram and wanted to send it. We were at the top of the trek when I took it. It was 2019 I think. It had a guy from Germany we met on the way in it. It's from the Himachal trek. No clue what the place was called. I don't remember the person's name. I searched ""photo with foreigner in yellow jacket on mountain top"" and got no results. I didn't know what else to try. I jumped to roughly that year with the scrollbar and went month by month. I went through the face group for that person too. Found one that might be it, but I'm not sure it's the same one. Using photos.google.com on Windows.",709,Google Photos Help Community > Search & browse,2,"Product Expert: If it was a screenshot, open the Screenshots category first and then scroll by month. || Product Expert: Name the face groups. Searching a person's name works way better than describing them.",,,,,,47,True,,,,,attempt,True,True,friend_memory,uncertain,E_refinement,remembered_person; remembered_place; remembered_time_approximation; remembered_trip,exact_location_unknown; person_name_unknown,natural_language,photo with foreigner in yellow jacket on mountain top,not_found,date_browsing; people_browsing,android_device,
google_photos_community:syn-goo-0012,google_photos_community,google_photos_help_community,syn-goo-0012,2023-02-12T04:00:22,True,synthetic://google_photos_community/syn-goo-0012,Search not finding a photo I know exists,"On the web version on my laptop. Does anyone know how to find the photo of my son's vaccination card? I need it because school admission needs it. I remember it showed the dates of the last booster. All I remember visually is a pink card with stamps. I don't remember the exact words on it. Searched for ""vaccination"" and nothing came up. I ran out of ideas pretty quickly. Eventually I searched my WhatsApp chats instead. I kept retyping different searches. Never found it.",474,Google Photos Help Community > Search & browse,1,"Product Expert: Search by year first, like ""2019"", then scroll within that. Much faster than scrolling from today.",,,,,,34,True,,,,,attempt,True,True,document,not_found,E_refinement,remembered_text; remembered_visual_appearance,exact_text_unknown,keyword,vaccination,not_found,other_application; repeated_search,desktop_web,
google_photos_community:syn-goo-0013,google_photos_community,google_photos_help_community,syn-goo-0013,2025-10-04T06:10:24,True,synthetic://google_photos_community/syn-goo-0013,How can I find the picture of the medicine I took when I was sick last year when I don't remember the date?,"Does anyone know how to find the picture of the medicine I took when I was sick last year? I need it because I'm sick again and want the same medicine. It's a picture of a strip of tablets. It was last year, maybe during the rainy season. No idea what the thing is actually called. I searched ""fever medicine"" and got no results. Searched for ""medicine"" and nothing came up. Tried ""medicine strip orange tablets"" and nothing came up. After that I had no idea what else to try. I checked my Gmail in case I had sent it to someone. Ended up scrolling back through years of photos. Got it eventually, after about an hour. Device: Pixel 8, Android 15.",647,Google Photos Help Community > Search & browse,2,"Product Expert: Check whether the photo was ever backed up. If it was from an old phone it might never have been uploaded. || Product Expert: Search by year first, like ""2019"", then scroll within that. Much faster than scrolling from today.",,,,,,78,False,,,,,attempt,True,True,medical_or_health_image,found,E_refinement,remembered_object; remembered_time_approximation,exact_object_name_unknown,metadata; keyword; natural_language,fever medicine; medicine; medicine strip orange tablets,not_found; not_found; not_found,manual_scrolling; other_application,,
google_photos_community:syn-goo-0014,google_photos_community,google_photos_help_community,syn-goo-0014,2024-10-17T05:22:49,True,synthetic://google_photos_community/syn-goo-0014,Help finding an old photo in my library,"Looking for the photo of the stage when they announced the results. For context, I was holding a trophy. It had my team in it. I can't recall the name of the event. I typed ""me on stage with trophy under purple lights"" in search and got a bunch of pictures that had nothing to do with it. It doesn't understand what I'm describing at all. Ended up scrolling back through years of photos. Eventually I just gave up. Using photos.google.com on Windows.",450,Google Photos Help Community > Search & browse,1,"Product Expert: Search by year first, like ""2019"", then scroll within that. Much faster than scrolling from today.",,,,,,73,False,,,,,attempt,True,True,event_memory,abandoned,B_system_understanding,remembered_context; remembered_person,event_name_unknown,natural_language,me on stage with trophy under purple lights,wrong_results,abandonment; manual_scrolling,,
google_photos_community:syn-goo-0015,google_photos_community,google_photos_help_community,syn-goo-0015,2025-01-12T20:19:47,True,synthetic://google_photos_community/syn-goo-0015,How can I find a screenshot of a recipe from Instagram when I don't remember the date?,"I've been looking for a screenshot of a recipe from Instagram for days. I need it now because guests are coming this weekend. It had something with paneer and cashew paste on it. All I remember visually is a dark background with white text. I don't know what word the app would use for it. Tried ""paneer recipe screenshot"" and got no results. Searched for ""instagram screenshot"" but it just showed random photos. How do you even search for something like that? I tried the screenshots category filter as well. Still haven't found it. Device: Pixel 8, Android 15.",562,Google Photos Help Community > Search & browse,1,Product Expert: Check whether the photo was ever backed up. If it was from an old phone it might never have been uploaded.,,,,,,46,False,,,,,attempt,True,True,screenshot,not_found,A_memory_expression,remembered_text; remembered_visual_appearance,exact_keyword_unknown,natural_language; metadata,paneer recipe screenshot; instagram screenshot,not_found; wrong_results,filters,,
google_photos_community:syn-goo-0016,google_photos_community,google_photos_help_community,syn-goo-0016,2025-08-20T05:06:04,True,synthetic://google_photos_community/syn-goo-0016,Help finding an old photo in my library,"On my Samsung. I'm trying to find the photo of a plant I saw at a nursery. I need it now because I want to buy it now that I have a balcony. Timing wise it was last spring. It was taken at a nursery near my office. It's a picture of a plant with striped leaves. I don't know what it's called. Tried ""nursery"" and got a bunch of pictures that had nothing to do with it. I searched ""plant"" but it just showed random photos. I just didn't know how to describe it in a way search would get. Tried synonyms like ""leaves"" too. I found a similar one but not the exact photo I wanted. Device: iPhone 14, iOS 18.",603,Google Photos Help Community > Search & browse,2,"Product Expert: Check whether the photo was ever backed up. If it was from an old phone it might never have been uploaded. || Product Expert: Ask whoever was there, someone in the group chat usually still has it.",,,,,,1,True,,,,,attempt,True,True,object_memory,partially_found,A_memory_expression,remembered_object; remembered_place; remembered_time_approximation,exact_object_name_unknown,metadata; keyword,nursery; plant,wrong_results; wrong_results,synonym_search,android_device,
google_photos_community:syn-goo-0017,google_photos_community,google_photos_help_community,syn-goo-0017,2026-08-29T23:22:13,True,synthetic://google_photos_community/syn-goo-0017,Search not finding a photo I know exists,"I've been looking for the photo of the dessert we ordered at that restaurant for days. It's from my sister's birthday dinner. It was last year, maybe around October. We were at some rooftop place in Bangalore when I took it. I can picture a chocolate dome with gold stuff on top. I don't even remember what the event was called. No clue what the place was called. Tried ""chocolate dessert with gold on top"" and got thousands of results to scroll through. There are so many almost identical shots from that day that I can't tell which one it is. I went through the map view hoping to spot it. Found one that might be it, but I'm not sure it's the same one. Using photos.google.com on Windows.",691,Google Photos Help Community > Search & browse,1,Product Expert: Check whether the photo was ever backed up. If it was from an old phone it might never have been uploaded.,,,,,,54,True,,,,,attempt,True,True,food_restaurant_memory,uncertain,D_result_evaluation,remembered_event; remembered_place; remembered_time_approximation; remembered_visual_appearance,event_name_unknown; exact_location_unknown,natural_language,chocolate dessert with gold on top,too_many_results,location_browsing,,
google_photos_community:syn-goo-0018,google_photos_community,google_photos_help_community,syn-goo-0018,2025-10-28T03:40:38,True,synthetic://google_photos_community/syn-goo-0018,How can I find the photo of the dessert we ordered at that restaurant when I don't remember the date?,"On the web version on my laptop. Looking for the photo of the dessert we ordered at that restaurant. I need it because I want to go back but forgot the restaurant name. It was last year, maybe around October. It had my sister in it. It was taken at some rooftop place in Bangalore. I don't even remember what the event was called. I searched ""chocolate dessert with gold on top"" and it popped up near the top. I typed ""dessert"" in search and it popped up near the top. Searched for ""bangalore october"" and there it was. In the end I texted my friend to send it again. I checked all my albums one by one. Got it eventually, after way too long. Device: Pixel 8, Android 15.",671,Google Photos Help Community > Search & browse,2,"Product Expert: Ask whoever was there, someone in the group chat usually still has it. || Product Expert: Tip: if location history was on, try the map view and zoom into the area instead of searching the name.",,,,,,37,True,,,,,attempt,True,True,food_restaurant_memory,found,none_observed,remembered_person; remembered_place; remembered_time_approximation,event_name_unknown,natural_language; keyword; metadata,chocolate dessert with gold on top; dessert; bangalore october,found; found; found,album_browsing; ask_another_person,desktop_web,
google_photos_community:syn-goo-0019,google_photos_community,google_photos_help_community,syn-goo-0019,2023-05-20T10:11:55,True,synthetic://google_photos_community/syn-goo-0019,Unable to locate the screenshot where I had the information about that course,"Does anyone know how to find the screenshot where I had the information about that course? I need it because the application deadline might be close. I can picture a blue banner with a university logo. I remember it showed the course fees and the deadline. For context, someone posted it on LinkedIn. Timing wise it was a few months ago. I have no idea what year it was. I searched ""screenshot linkedin"" and nothing came up. I searched ""screenshot of course details with fees"" and nothing came up. I typed ""course"" in search and nothing came up. It just doesn't show up in search even though I know it's there. Ended up scrolling back through years of photos. Got it eventually, after two evenings. Device: iPhone 14, iOS 18.",725,Google Photos Help Community > Search & browse,1,"Product Expert: Search by year first, like ""2019"", then scroll within that. Much faster than scrolling from today.",,,,,,22,False,,,,,attempt,True,True,screenshot,found,C_retrieval,remembered_context; remembered_text; remembered_time_approximation; remembered_visual_appearance,exact_date_unknown,metadata; natural_language; keyword,screenshot linkedin; screenshot of course details with fees; course,not_found; not_found; not_found,manual_scrolling,,
google_photos_community:syn-goo-0020,google_photos_community,google_photos_help_community,syn-goo-0020,2023-07-11T12:42:15,True,synthetic://google_photos_community/syn-goo-0020,Help finding an old photo in my library,"Looking for a picture of the site inspection issue. I need it now because the client is disputing the report. Timing wise it was a few months back. It's a picture of a cracked pipe fitting. We were at the client's warehouse when I took it. Not sure which month or year, honestly. No idea what the thing is actually called. Tried ""warehouse"" and nothing came up. I searched ""pipe"" and got no results. I think it's on my old phone and never got backed up. Ended up scrolling back through years of photos. I kept retyping different searches. I found a similar one but not the exact photo I wanted. Using photos.google.com on Windows.",630,Google Photos Help Community > Search & browse,1,"Product Expert: Search by year first, like ""2019"", then scroll within that. Much faster than scrolling from today.",,,,,,23,False,,,,,attempt,True,True,work_memory,partially_found,F_data_index_limitation,remembered_object; remembered_place; remembered_time_approximation,exact_date_unknown; exact_object_name_unknown,metadata; keyword,warehouse; pipe,not_found; not_found,manual_scrolling; repeated_search,,
google_photos_community:syn-goo-0021,google_photos_community,google_photos_help_community,syn-goo-0021,2023-06-17T10:51:43,True,synthetic://google_photos_community/syn-goo-0021,Help finding an old photo in my library,"My wife and I share a partner library. Does anyone know how to find the photo of my handwritten letter to myself? I need it because I'm turning 30 and wanted to read it. I can picture a cream paper with my messy handwriting. It had some goals for the next five years on it. I remember I wrote it on my 25th birthday and took a photo before sealing it. I can't recall what it said exactly. Searched for ""letter"" and got thousands of results to scroll through. I searched ""handwritten letter on cream paper"" and it gave me hundreds of photos. Searched for ""birthday"" and got thousands of results to scroll through. All the results look the same as tiny thumbnails. Ended up scrolling back through years of photos. Never found it. Using photos.google.com on Windows.",763,Google Photos Help Community > Search & browse,1,"Product Expert: You can search text inside photos sometimes, but it only works if the words are clear in the image.",,,,,,23,False,,,,,attempt,True,True,personal_memory,not_found,D_result_evaluation,remembered_context; remembered_text; remembered_visual_appearance,exact_text_unknown,keyword; natural_language; metadata,letter; handwritten letter on cream paper; birthday,too_many_results; too_many_results; too_many_results,manual_scrolling,shared_library,
google_photos_community:syn-goo-0022,google_photos_community,google_photos_help_community,syn-goo-0022,2024-08-31T05:59:25,True,synthetic://google_photos_community/syn-goo-0022,General question,"Honestly, Deleted photos don't free up space on the phone, confusing. Device: iPhone 14, iOS 18.",96,Google Photos Help Community > Search & browse,2,"Product Expert: Ask whoever was there, someone in the group chat usually still has it. || Product Expert: Use the date jump on the scrollbar, drag to the year and go month by month.",,,,,,68,False,,,,,noise,False,False,,,,,,,,,,,
google_photos_community:syn-goo-0023,google_photos_community,google_photos_help_community,syn-goo-0023,2025-01-15T00:35:22,True,synthetic://google_photos_community/syn-goo-0023,How can I find the picture of the wine label from our anniversary dinner when I don't remember the date?,"I search in Photos pretty much every day. Looking for the picture of the wine label from our anniversary dinner. It was a couple of years back. I can picture a label with a drawing of a bird. I know it was at the Italian place downtown. I don't know what it's called. Tried ""wine bottle with bird drawing on label"" and got thousands of results to scroll through. I searched ""anniversary 2023"" and it gave me hundreds of photos. Searched for ""wine"" and it gave me hundreds of photos. I have hundreds of similar shots and can't tell which one it was. Ended up scrolling back through years of photos. I kept retyping different searches. I gave up on finding it. Device: iPhone 14, iOS 18.",685,Google Photos Help Community > Search & browse,2,"Product Expert: Ask whoever was there, someone in the group chat usually still has it. || Product Expert: Name the face groups. Searching a person's name works way better than describing them.",,,,,,52,False,,,,,attempt,True,True,food_restaurant_memory,abandoned,D_result_evaluation,remembered_place; remembered_time_approximation; remembered_visual_appearance,exact_object_name_unknown,natural_language; metadata; keyword,wine bottle with bird drawing on label; anniversary 2023; wine,too_many_results; too_many_results; too_many_results,abandonment; manual_scrolling; repeated_search,frequent_searcher,
google_photos_community:syn-goo-0024,google_photos_community,google_photos_help_community,syn-goo-0024,2025-08-19T04:31:50,True,synthetic://google_photos_community/syn-goo-0024,Help finding an old photo in my library,"On photos.google.com from my PC. Does anyone know how to find the photo of the parking spot sign? I need it because I got a parking fine and need to prove where I was. It was a few weeks ago. It was taken in a multi-level parking. It had the level and bay number on it. All I remember visually is a green pillar with a letter and number. I don't remember the name of the place. I can't recall what it said exactly. Searched for ""parking pillar sign"" and nothing came up. The location data was probably off so there's nothing to go on. I even googled how to search Google Photos better. I scrolled for like 40 minutes. Still haven't found it. Using photos.google.com on Windows.",677,Google Photos Help Community > Search & browse,2,"Product Expert: Tip: if location history was on, try the map view and zoom into the area instead of searching the name. || Product Expert: Check whether the photo was ever backed up. If it was from an old phone it might never have been uploaded.",,,,,,28,False,,,,,attempt,True,True,location_memory,not_found,F_data_index_limitation,remembered_place; remembered_text; remembered_time_approximation; remembered_visual_appearance,exact_location_unknown; exact_text_unknown,natural_language,parking pillar sign,not_found,external_search; manual_scrolling,desktop_web,
google_photos_community:syn-goo-0025,google_photos_community,google_photos_help_community,syn-goo-0025,2023-07-23T04:35:58,True,synthetic://google_photos_community/syn-goo-0025,Help finding an old photo in my library,"Does anyone know how to find the selfie from the concert? I need it now because it's her birthday and I want to post it. It was not sure if it was the first or second day. It had my best friend in it. It was at the Coldplay concert. Not sure which month or year, honestly. Searched for ""coldplay"" and there it was. I jumped to roughly that year with the scrollbar and went month by month. In the end I texted my friend to send it again. Got it eventually, after two evenings.",475,Google Photos Help Community > Search & browse,2,"Product Expert: Search for the thing plus the city, e.g. ""cake bangalore"", works better than a sentence for me. || Product Expert: Try searching for something visible in the photo instead of what happened, like ""stage"" or ""cake"".",,,,,,41,True,,,,,attempt,True,True,friend_memory,found,none_observed,remembered_event; remembered_person; remembered_time_approximation,exact_date_unknown,metadata,coldplay,found,ask_another_person; date_browsing,,
google_photos_community:syn-goo-0026,google_photos_community,google_photos_help_community,syn-goo-0026,2026-07-31T21:05:37,True,synthetic://google_photos_community/syn-goo-0026,Help finding an old photo in my library,"I've been looking for the photo of the street where we got lost for days. I need it now because we want to frame it. It was on the third or fourth day of the trip. It's from our honeymoon. No clue what the place was called. Tried ""narrow street with yellow tiles and tram"" and got thousands of results to scroll through. All the results look the same as tiny thumbnails. I jumped to roughly that year with the scrollbar and went month by month. Eventually I just gave up.",471,Google Photos Help Community > Search & browse,1,"Product Expert: Search by year first, like ""2019"", then scroll within that. Much faster than scrolling from today.",,,,,,18,True,,,,,attempt,True,True,travel_memory,abandoned,D_result_evaluation,remembered_time_approximation; remembered_trip,exact_location_unknown,natural_language,narrow street with yellow tiles and tram,too_many_results,abandonment; date_browsing,,
google_photos_community:syn-goo-0027,google_photos_community,google_photos_help_community,syn-goo-0027,2024-12-11T17:37:07,True,synthetic://google_photos_community/syn-goo-0027,Search not finding a photo I know exists,"I'm trying to find the photo from our college fest. I need it now because 10 year reunion is coming up. Timing wise it was second year, so 2014 or 2015. I can picture all of us in black t-shirts in front of a big banner. I can't recall the name of the event. I typed ""college fest"" in search and there it was. I checked all my albums one by one. Finally found it after half an hour of scrolling.",395,Google Photos Help Community > Search & browse,2,"Product Expert: Search by year first, like ""2019"", then scroll within that. Much faster than scrolling from today. || Product Expert: If it was a screenshot, open the Screenshots category first and then scroll by month.",,,,,,77,True,,,,,attempt,True,True,school_or_college_memory,found,none_observed,remembered_time_approximation; remembered_visual_appearance,event_name_unknown,keyword,college fest,found,album_browsing,,
google_photos_community:syn-goo-0028,google_photos_community,google_photos_help_community,syn-goo-0028,2025-06-06T16:14:38,True,synthetic://google_photos_community/syn-goo-0028,Unable to locate a picture of the waterfall we hiked to,"Looking for a picture of the waterfall we hiked to. I need it now because my cousin asked for it for a reunion slideshow. It's from the Meghalaya road trip. I remember my cousins being in it. I can't recall where exactly it was. Searched for ""meghalaya 2020"" and it popped up near the top. I typed ""waterfall with people in raincoats and mist"" in search and there it was. Tried ""waterfall"" and it popped up near the top. I jumped to roughly that year with the scrollbar and went month by month. In the end I texted my friend to send it again. Finally found it after way too long. Device: iPhone 14, iOS 18.",606,Google Photos Help Community > Search & browse,1,"Product Expert: Use the date jump on the scrollbar, drag to the year and go month by month.",,,,,,49,False,,,,,attempt,True,True,travel_memory,found,none_observed,remembered_person; remembered_trip,exact_location_unknown,metadata; natural_language; keyword,meghalaya 2020; waterfall with people in raincoats and mist; waterfall,found; found; found,ask_another_person; date_browsing,,
google_photos_community:syn-goo-0029,google_photos_community,google_photos_help_community,syn-goo-0029,2024-03-13T16:56:37,True,synthetic://google_photos_community/syn-goo-0029,Search not finding a photo I know exists,"Does anyone know how to find the picture of the pharmacy receipt? I need it because the insurance claim deadline is this week. It's a picture of a pharmacy bill. I remember it showed the medicine names and total. For context, I needed it for insurance reimbursement. It was around when I was sick last year. I don't remember when exactly. I don't remember the exact words on it. I typed ""receipt"" in search but it just showed random photos. I ran out of ideas pretty quickly. Eventually I searched my WhatsApp chats instead. I gave up on finding it. Device: iPhone 14, iOS 18.",576,Google Photos Help Community > Search & browse,1,Product Expert: Name the face groups. Searching a person's name works way better than describing them.,,,,,,36,False,,,,,attempt,True,True,receipt,abandoned,E_refinement,remembered_context; remembered_object; remembered_text; remembered_time_approximation,exact_date_unknown; exact_text_unknown,keyword,receipt,wrong_results,abandonment; other_application,,
google_photos_community:syn-goo-0030,google_photos_community,google_photos_help_community,syn-goo-0030,2025-12-16T01:25:27,True,synthetic://google_photos_community/syn-goo-0030,How can I find the photo I took of my passport page when I don't remember the date?,"On photos.google.com from my PC. I'm trying to find the photo I took of my passport page. I need it because I need the number urgently for a booking. Timing wise it was two or three years ago. The photo shows my passport. I remember I took it when applying for a visa. All I remember visually is my thumb covering one corner. I don't remember the exact words on it. I don't remember when exactly. Searched for ""visa 2022"" and got no results. The text in the photo doesn't seem to be searchable. Tried synonyms like ""id"" too. Finally found it after three days.",559,Google Photos Help Community > Search & browse,2,"Product Expert: Search by year first, like ""2019"", then scroll within that. Much faster than scrolling from today. || Product Expert: Name the face groups. Searching a person's name works way better than describing them.",,,,,,38,True,,,,,attempt,True,True,document,found,F_data_index_limitation,remembered_context; remembered_object; remembered_time_approximation; remembered_visual_appearance,exact_date_unknown; exact_text_unknown,metadata,visa 2022,not_found,synonym_search,desktop_web,
google_photos_community:syn-goo-0031,google_photos_community,google_photos_help_community,syn-goo-0031,2023-06-13T20:15:35,True,synthetic://google_photos_community/syn-goo-0031,How can I find an old photo when I don't remember the date?,Pro tip: Name the face groups. Searching a person's name works way better than describing them. Using photos.google.com on Windows.,131,Google Photos Help Community > Search & browse,2,"Product Expert: You can search text inside photos sometimes, but it only works if the words are clear in the image. || Product Expert: Ask whoever was there, someone in the group chat usually still has it.",,,,,,63,False,,,,,advice,True,False,,,,,,,,,,,
google_photos_community:syn-goo-0032,google_photos_community,google_photos_help_community,syn-goo-0032,2026-06-19T03:44:26,True,synthetic://google_photos_community/syn-goo-0032,How can I find an old photo when I don't remember the date?,"Couldn't find the video of my dog meeting the new puppy anywhere, then realised it was on my old phone and never got backed up. Device: Pixel 8, Android 15.",156,Google Photos Help Community > Search & browse,1,"Product Expert: Try searching for something visible in the photo instead of what happened, like ""stage"" or ""cake"".",,,,,,13,False,,,,,misattribution,True,True,video,not_found,F_data_index_limitation,,,,,,,,failure_not_search_related
google_photos_community:syn-goo-0033,google_photos_community,google_photos_help_community,syn-goo-0033,2024-04-08T06:11:47,True,synthetic://google_photos_community/syn-goo-0033,Unable to locate an old photo,"I remember photos by who I was with and what we were doing, not by where the GPS says I was. Device: Pixel 8, Android 15.",121,Google Photos Help Community > Search & browse,1,"Product Expert: Tip: if location history was on, try the map view and zoom into the area instead of searching the name.",,,,,,33,False,,,,,opinion,True,False,,,,,,,,,,,
google_photos_community:syn-goo-0034,google_photos_community,google_photos_help_community,syn-goo-0034,2024-09-15T02:43:55,True,synthetic://google_photos_community/syn-goo-0034,General question,"The editing tools are great, the magic eraser is really good. Device: iPhone 14, iOS 18.",88,Google Photos Help Community > Search & browse,2,"Product Expert: You can search text inside photos sometimes, but it only works if the words are clear in the image. || Product Expert: Try searching for something visible in the photo instead of what happened, like ""stage"" or ""cake"".",,,,,,17,False,,,,,noise,False,False,,,,,,,,,,,
google_photos_community:syn-goo-0035,google_photos_community,google_photos_help_community,syn-goo-0035,2024-01-20T17:45:16,True,synthetic://google_photos_community/syn-goo-0035,Search not finding a photo I know exists,"I've been looking for the photo of the menu at the street food stall for days. It was while eating chaat after the market. I remember it showed the prices and the name of the stall. I can't remember the date at all. I don't remember the exact words on it. Tried ""handwritten street food menu board"" but it just showed random photos. I searched ""menu"" and got a bunch of pictures that had nothing to do with it. It seems like search ignores half of what I type and only matches one word. Ended up scrolling back through years of photos. Never found it. Device: iPhone 14, iOS 18.",578,Google Photos Help Community > Search & browse,2,"Product Expert: You can search text inside photos sometimes, but it only works if the words are clear in the image. || Product Expert: Ask whoever was there, someone in the group chat usually still has it.",,,,,,19,False,,,,,attempt,True,True,food_restaurant_memory,not_found,B_system_understanding,remembered_activity; remembered_text,exact_date_unknown; exact_text_unknown,natural_language; keyword,handwritten street food menu board; menu,wrong_results; wrong_results,manual_scrolling,,
google_photos_community:syn-goo-0036,google_photos_community,google_photos_help_community,syn-goo-0036,2023-11-05T14:27:06,True,synthetic://google_photos_community/syn-goo-0036,Unable to locate a picture of the ramen bowl from the tiny shop,"I've used Google Photos since it launched. I've been looking for a picture of the ramen bowl from the tiny shop for days. I remember my brother being in it. I remember a black bowl with a soft egg cut in half. I don't remember the name of the place. No idea what the thing is actually called. I searched ""ramen bowl with egg at a small shop near station"" and it popped up near the top. I jumped to roughly that year with the scrollbar and went month by month. I scrolled for like 40 minutes. Got it eventually, after two evenings. Using photos.google.com on Windows.",566,Google Photos Help Community > Search & browse,1,"Product Expert: Ask whoever was there, someone in the group chat usually still has it.",,,,,,34,False,,,,,attempt,True,True,food_restaurant_memory,found,none_observed,remembered_person; remembered_visual_appearance,exact_location_unknown; exact_object_name_unknown,natural_language,ramen bowl with egg at a small shop near station,found,date_browsing; manual_scrolling,long_tenure,
google_photos_community:syn-goo-0037,google_photos_community,google_photos_help_community,syn-goo-0037,2024-02-02T10:42:15,True,synthetic://google_photos_community/syn-goo-0037,General question,Two things. Uploading in original quality eats my data plan. Using photos.google.com on Windows.,96,Google Photos Help Community > Search & browse,1,"Product Expert: Use the date jump on the scrollbar, drag to the year and go month by month.",,,,,,35,False,,,,,noise,False,False,,,,,,,,,,,
google_photos_community:syn-goo-0038,google_photos_community,google_photos_help_community,syn-goo-0038,2023-04-13T23:31:57,True,synthetic://google_photos_community/syn-goo-0038,Search not finding a photo I know exists,Spent an hour looking for the photo of my son's vaccination card and it turns out I had deleted it years ago. Not the app's fault.,130,Google Photos Help Community > Search & browse,1,"Product Expert: Tip: if location history was on, try the map view and zoom into the area instead of searching the name.",,,,,,4,False,,,,,misattribution,True,True,document,not_found,F_data_index_limitation,,,,,,,,failure_not_search_related
google_photos_community:syn-goo-0039,google_photos_community,google_photos_help_community,syn-goo-0039,2023-02-12T06:27:47,True,synthetic://google_photos_community/syn-goo-0039,Search not finding a photo I know exists,"Does anyone know how to find the video of my mom singing at the dinner table? I need it because I want to play it at her 60th. I remember mom laughing halfway through and the candle on the table. It had my mom in it. I don't remember when exactly. Tried ""sunday dinner"" and got thousands of results to scroll through. Tried ""video of mom singing at dinner"" and it gave me hundreds of photos. I searched ""mom singing"" and it gave me hundreds of photos. There are so many almost identical shots from that day that I can't tell which one it is. Ended up scrolling back through years of photos. I went through the face group for that person too. Never found it.",657,Google Photos Help Community > Search & browse,1,"Product Expert: Use the date jump on the scrollbar, drag to the year and go month by month.",,,,,,45,False,,,,,attempt,True,True,family_memory,not_found,D_result_evaluation,remembered_person; remembered_visual_appearance,exact_date_unknown,metadata; natural_language; keyword,sunday dinner; video of mom singing at dinner; mom singing,too_many_results; too_many_results; too_many_results,manual_scrolling; people_browsing,,
google_photos_community:syn-goo-0040,google_photos_community,google_photos_help_community,syn-goo-0040,2026-08-03T00:45:16,True,synthetic://google_photos_community/syn-goo-0040,Search not finding a photo I know exists,"Looking for the photo of the electrician's handwritten estimate. It had the amount for rewiring on it. It's a picture of a handwritten estimate. I can't recall what it said exactly. I typed ""handwritten estimate on notebook paper"" in search and got a bunch of pictures that had nothing to do with it. I typed ""electrician"" in search and got a bunch of pictures that had nothing to do with it. I typed ""estimate"" in search and got no results. I didn't know what else to try. I kept retyping different searches. Ended up scrolling back through years of photos. Never found it. Using photos.google.com on Windows.",610,Google Photos Help Community > Search & browse,1,Product Expert: Check whether the photo was ever backed up. If it was from an old phone it might never have been uploaded.,,,,,,63,True,,,,,attempt,True,True,receipt,not_found,E_refinement,remembered_object; remembered_text,exact_text_unknown,natural_language; metadata; keyword,handwritten estimate on notebook paper; electrician; estimate,wrong_results; wrong_results; not_found,manual_scrolling; repeated_search,,
google_photos_community:syn-goo-0041,google_photos_community,google_photos_help_community,syn-goo-0041,2024-02-27T03:15:01,True,synthetic://google_photos_community/syn-goo-0041,How can I find an old photo when I don't remember the date?,"Didn't remember anything except blue pen on lined paper, searched for that and it showed up. Impressed. Using photos.google.com on Windows.",139,Google Photos Help Community > Search & browse,2,"Product Expert: Search for the thing plus the city, e.g. ""cake bangalore"", works better than a sentence for me. || Product Expert: Ask whoever was there, someone in the group chat usually still has it.",,,,,,67,True,,,,,success,True,True,receipt,found,none_observed,,,,,,,,vague_search_succeeded
google_photos_community:syn-goo-0042,google_photos_community,google_photos_help_community,syn-goo-0042,2024-08-02T21:35:35,True,synthetic://google_photos_community/syn-goo-0042,Help finding an old photo in my library,"I've been looking for the photo of my handwritten letter to myself for days. I remember it showed some goals for the next five years. For context, I wrote it on my 25th birthday and took a photo before sealing it. I remember a cream paper with my messy handwriting. I don't remember the exact words on it. Tried ""birthday"" and it popped up near the top. Tried ""letter"" and it popped up near the top. I jumped to roughly that year with the scrollbar and went month by month. I went through the map view hoping to spot it. Finally found it after two evenings.",557,Google Photos Help Community > Search & browse,2,"Product Expert: Tip: if location history was on, try the map view and zoom into the area instead of searching the name. || Product Expert: Name the face groups. Searching a person's name works way better than describing them.",,,,,,45,False,,,,,attempt,True,True,personal_memory,found,none_observed,remembered_context; remembered_text; remembered_visual_appearance,exact_text_unknown,metadata; keyword,birthday; letter,found; found,date_browsing; location_browsing,,
google_photos_community:syn-goo-0043,google_photos_community,google_photos_help_community,syn-goo-0043,2023-10-05T15:09:26,True,synthetic://google_photos_community/syn-goo-0043,Unable to locate a sunset photo from the hotel balcony,"I've been looking for a sunset photo from the hotel balcony for days. I need it because I want to use it as a wallpaper again. It had my wife in it. It was in summer, I'm not sure which year. I have no idea what year it was. Searched for ""sunset from hotel balcony with red railing"" and got thousands of results to scroll through. I typed ""sunset"" in search and got thousands of results to scroll through. I have hundreds of similar shots and can't tell which one it was. I jumped to roughly that year with the scrollbar and went month by month. I went through the map view hoping to spot it. I found a similar one but not the exact photo I wanted. Device: Pixel 8, Android 15.",677,Google Photos Help Community > Search & browse,2,"Product Expert: Search by year first, like ""2019"", then scroll within that. Much faster than scrolling from today. || Product Expert: You can search text inside photos sometimes, but it only works if the words are clear in the image.",,,,,,72,False,,,,,attempt,True,True,travel_memory,partially_found,D_result_evaluation,remembered_person; remembered_time_approximation,exact_date_unknown,natural_language; keyword,sunset from hotel balcony with red railing; sunset,too_many_results; too_many_results,date_browsing; location_browsing,,
google_photos_community:syn-goo-0044,google_photos_community,google_photos_help_community,syn-goo-0044,2023-01-13T16:51:01,True,synthetic://google_photos_community/syn-goo-0044,How can I find the photo of the whiteboard from our planning session when I don't remember the date?,"Half my library is screenshots. I'm trying to find the photo of the whiteboard from our planning session. It had something about the launch timeline on it. I know it was in the small meeting room. I remember we photographed it after the workshop. I can't remember the date at all. I can't recall what it said exactly. Tried ""whiteboard march"" and got no results. I think it's on my old phone and never got backed up. I asked my sister if she still had it. Still haven't found it. Using photos.google.com on Windows.",515,Google Photos Help Community > Search & browse,1,"Product Expert: Tip: if location history was on, try the map view and zoom into the area instead of searching the name.",,,,,,34,False,,,,,attempt,True,True,work_memory,not_found,F_data_index_limitation,remembered_context; remembered_place; remembered_text,exact_date_unknown; exact_text_unknown,metadata,whiteboard march,not_found,ask_another_person,screenshot_heavy,
google_photos_community:syn-goo-0045,google_photos_community,google_photos_help_community,syn-goo-0045,2023-07-19T10:34:46,True,synthetic://google_photos_community/syn-goo-0045,General question,Minor gripe: Shared album invite link doesn't work for my dad. Using photos.google.com on Windows.,98,Google Photos Help Community > Search & browse,2,"Product Expert: Tip: if location history was on, try the map view and zoom into the area instead of searching the name. || Product Expert: Search by year first, like ""2019"", then scroll within that. Much faster than scrolling from today.",,,,,,74,False,,,,,noise,False,False,,,,,,,,,,,
google_photos_community:syn-goo-0046,google_photos_community,google_photos_help_community,syn-goo-0046,2023-09-10T15:44:29,True,synthetic://google_photos_community/syn-goo-0046,Search not finding a photo I know exists,"On the web version on my laptop. I've been looking for the screenshot where I had the information about that course for days. I need it because the application deadline might be close. It was a few months ago. It had the course fees and the deadline on it. I remember a blue banner with a university logo. I remember someone posted it on LinkedIn. I don't remember the exact words on it. Searched for ""course"" and it gave me hundreds of photos. Searched for ""screenshot linkedin"" and it gave me hundreds of photos. I typed ""screenshot of course details with fees"" in search and got thousands of results to scroll through. All the results look the same as tiny thumbnails. I checked my Gmail in case I had sent it to someone. I found a similar one but not the exact photo I wanted.",780,Google Photos Help Community > Search & browse,1,"Product Expert: If it was a screenshot, open the Screenshots category first and then scroll by month.",,,,,,21,False,,,,,attempt,True,True,screenshot,partially_found,D_result_evaluation,remembered_context; remembered_text; remembered_time_approximation; remembered_visual_appearance,exact_text_unknown,keyword; metadata; natural_language,course; screenshot linkedin; screenshot of course details with fees,too_many_results; too_many_results; too_many_results,other_application,desktop_web,
google_photos_community:syn-goo-0047,google_photos_community,google_photos_help_community,syn-goo-0047,2025-09-02T17:29:35,True,synthetic://google_photos_community/syn-goo-0047,How can I find an old photo when I don't remember the date?,"Something that helps: If it was a screenshot, open the Screenshots category first and then scroll by month. Device: iPhone 14, iOS 18.",134,Google Photos Help Community > Search & browse,2,"Product Expert: Check whether the photo was ever backed up. If it was from an old phone it might never have been uploaded. || Product Expert: You can search text inside photos sometimes, but it only works if the words are clear in the image.",,,,,,50,False,,,,,advice,True,False,,,,,,,,,,,
google_photos_community:syn-goo-0048,google_photos_community,google_photos_help_community,syn-goo-0048,2025-05-03T15:28:03,True,synthetic://google_photos_community/syn-goo-0048,Unable to locate an old photo,"Ask whoever was there, someone in the group chat usually still has it.",70,Google Photos Help Community > Search & browse,2,"Product Expert: Search by year first, like ""2019"", then scroll within that. Much faster than scrolling from today. || Product Expert: Name the face groups. Searching a person's name works way better than describing them.",,,,,,1,False,,,,,advice,True,False,,,,,,,,,,,
google_photos_community:syn-goo-0049,google_photos_community,google_photos_help_community,syn-goo-0049,2023-03-02T05:47:43,True,synthetic://google_photos_community/syn-goo-0049,How can I find the photo of the view from the train window when I don't remember the date?,"On my Samsung. Looking for the photo of the view from the train window. I need it now because I was telling someone about the trip and wanted to show them. It was in 2018 or 2019, can't pin it down. I remember green hills and a reflection of my face in the glass. We were on the train somewhere between two cities when I took it. It's from the Europe backpacking trip. I can't recall where exactly it was. I typed ""train 2018"" in search and got a bunch of pictures that had nothing to do with it. I searched ""view from train window with green hills"" and got no results. Searched for ""train"" and nothing came up. How do you even search for something like that? I jumped to roughly that year with the scrollbar and went month by month. I went through the map view hoping to spot it. Found one that might be it, but I'm not sure it's the same one.",844,Google Photos Help Community > Search & browse,2,"Product Expert: Ask whoever was there, someone in the group chat usually still has it. || Product Expert: Check whether the photo was ever backed up. If it was from an old phone it might never have been uploaded.",,,,,,29,False,,,,,attempt,True,True,travel_memory,uncertain,A_memory_expression,remembered_place; remembered_time_approximation; remembered_trip; remembered_visual_appearance,exact_location_unknown,metadata; natural_language; keyword,train 2018; view from train window with green hills; train,wrong_results; not_found; not_found,date_browsing; location_browsing,android_device,
google_photos_community:syn-goo-0050,google_photos_community,google_photos_help_community,syn-goo-0050,2024-04-29T03:50:19,True,synthetic://google_photos_community/syn-goo-0050,Help finding an old photo in my library,It would help if the app told me why a photo showed up in results. Using photos.google.com on Windows.,102,Google Photos Help Community > Search & browse,1,"Product Expert: Tip: if location history was on, try the map view and zoom into the area instead of searching the name.",,,,,,78,True,,,,,opinion,True,False,,,,,,,,,,,
google_photos_community:syn-goo-0051,google_photos_community,google_photos_help_community,syn-goo-0051,2025-06-23T13:37:43,True,synthetic://google_photos_community/syn-goo-0051,Search not finding a photo I know exists,Spent an hour looking for the photo of the view from the train window and it turns out I had deleted it years ago. Not the app's fault.,135,Google Photos Help Community > Search & browse,2,"Product Expert: Search by year first, like ""2019"", then scroll within that. Much faster than scrolling from today. || Product Expert: Ask whoever was there, someone in the group chat usually still has it.",,,,,,48,True,,,,,misattribution,True,True,travel_memory,not_found,F_data_index_limitation,,,,,,,,failure_not_search_related
google_photos_community:syn-goo-0052,google_photos_community,google_photos_help_community,syn-goo-0052,2026-02-18T05:01:11,True,synthetic://google_photos_community/syn-goo-0052,Help finding an old photo in my library,"Looking for the photo of the rash on my arm. I need it because the rash is back and the doctor wants to compare. It was about eight months ago. I remember red patches near my elbow. I don't know what word the app would use for it. I can't remember the date at all. I searched ""red rash on arm"" and got no results. I just didn't know how to describe it in a way search would get. I scrolled for like 40 minutes. I checked my Gmail in case I had sent it to someone. Got it eventually, after three days. Using photos.google.com on Windows.",536,Google Photos Help Community > Search & browse,2,"Product Expert: Search by year first, like ""2019"", then scroll within that. Much faster than scrolling from today. || Product Expert: Use the date jump on the scrollbar, drag to the year and go month by month.",,,,,,16,False,,,,,attempt,True,True,medical_or_health_image,found,A_memory_expression,remembered_time_approximation; remembered_visual_appearance,exact_date_unknown; exact_keyword_unknown,natural_language,red rash on arm,not_found,manual_scrolling; other_application,,
google_photos_community:syn-goo-0053,google_photos_community,google_photos_help_community,syn-goo-0053,2024-04-17T01:52:27,True,synthetic://google_photos_community/syn-goo-0053,How can I find an old photo when I don't remember the date?,"Couldn't find the group photo from the night we all stayed up on the terrace anywhere, then realised it was on my old phone and never got backed up. Device: iPhone 14, iOS 18.",175,Google Photos Help Community > Search & browse,1,"Product Expert: You can search text inside photos sometimes, but it only works if the words are clear in the image.",,,,,,32,False,,,,,misattribution,True,True,friend_memory,not_found,F_data_index_limitation,,,,,,,,failure_not_search_related
google_photos_community:syn-goo-0054,google_photos_community,google_photos_help_community,syn-goo-0054,2025-05-02T21:46:40,True,synthetic://google_photos_community/syn-goo-0054,Help finding an old photo in my library,"I've been looking for the photo from the Ganpati procession for days. I know it was on the road near our society. It was at the Ganpati visarjan. I remember my neighbours being in it. I don't remember when exactly. I searched ""people covered in red colour with ganesh idol"" but it just showed random photos. I typed ""ganpati"" in search but it just showed random photos. It seems like search ignores half of what I type and only matches one word. I jumped to roughly that year with the scrollbar and went month by month. I went through the face group for that person too. Eventually I just gave up.",597,Google Photos Help Community > Search & browse,1,"Product Expert: You can search text inside photos sometimes, but it only works if the words are clear in the image.",,,,,,5,True,,,,,attempt,True,True,event_memory,abandoned,B_system_understanding,remembered_event; remembered_person; remembered_place,exact_date_unknown,natural_language; keyword,people covered in red colour with ganesh idol; ganpati,wrong_results; wrong_results,abandonment; date_browsing; people_browsing,,
google_photos_community:syn-goo-0055,google_photos_community,google_photos_help_community,syn-goo-0055,2025-04-25T19:31:23,True,synthetic://google_photos_community/syn-goo-0055,How can I find a photo of the rental agreement when I don't remember the date?,"Looking for a photo of the rental agreement. I need it now because the landlord is refusing to return the deposit. It was when we moved into this flat, 2021 or so. I remember it showed something about the notice period. I remember stamp paper with a purple stamp. For context, the landlord only gave us one copy so I photographed every page. I can't recall what it said exactly. I searched ""agreement"" and got no results. I typed ""rent agreement document pages"" in search and got no results. I typed ""agreement 2021"" in search and got no results. The text in the photo doesn't seem to be searchable. Eventually I searched my WhatsApp chats instead. Found one that might be it, but I'm not sure it's the same one.",712,Google Photos Help Community > Search & browse,1,"Product Expert: Tip: if location history was on, try the map view and zoom into the area instead of searching the name.",,,,,,9,True,,,,,attempt,True,True,document,uncertain,F_data_index_limitation,remembered_context; remembered_text; remembered_time_approximation; remembered_visual_appearance,exact_text_unknown,keyword; natural_language; metadata,agreement; rent agreement document pages; agreement 2021,not_found; not_found; not_found,other_application,,
google_photos_community:syn-goo-0056,google_photos_community,google_photos_help_community,syn-goo-0056,2023-06-10T07:24:40,True,synthetic://google_photos_community/syn-goo-0056,Unable to locate a picture of the site inspection issue,"I'm trying to find a picture of the site inspection issue. I need it because the client is disputing the report. I can picture a rusty pipe with a yellow tag. For context, I took it for the report and never sent it. I don't know what it's called. I typed ""warehouse"" in search and nothing came up. I typed ""rusty pipe with yellow tag at warehouse"" in search and nothing came up. I think it's on my old phone and never got backed up. I jumped to roughly that year with the scrollbar and went month by month. Got it eventually, after half an hour of scrolling. Device: Pixel 8, Android 15.",587,Google Photos Help Community > Search & browse,1,"Product Expert: Search by year first, like ""2019"", then scroll within that. Much faster than scrolling from today.",,,,,,47,False,,,,,attempt,True,True,work_memory,found,F_data_index_limitation,remembered_context; remembered_visual_appearance,exact_object_name_unknown,metadata; natural_language,warehouse; rusty pipe with yellow tag at warehouse,not_found; not_found,date_browsing,,
google_photos_community:syn-goo-0057,google_photos_community,google_photos_help_community,syn-goo-0057,2024-03-19T00:59:44,True,synthetic://google_photos_community/syn-goo-0057,Help finding an old photo in my library,"Half my library is screenshots. I'm trying to find the screenshot of the product I wanted to buy. I need it now because there's a sale now. I remember it showed the brand name. I remember I saw it in an ad and screenshotted it. No idea what the thing is actually called. Tried ""brass lamp with curved neck"" and got a bunch of pictures that had nothing to do with it. Searched for ""lamp"" but it just showed random photos. How do you even search for something like that? I tried the screenshots category filter as well. Tried synonyms like ""light"" too. Never found it. Using photos.google.com on Windows.",602,Google Photos Help Community > Search & browse,1,"Product Expert: Search by year first, like ""2019"", then scroll within that. Much faster than scrolling from today.",,,,,,70,False,,,,,attempt,True,True,purchase_related_image,not_found,A_memory_expression,remembered_context; remembered_text,exact_object_name_unknown,natural_language; keyword,brass lamp with curved neck; lamp,wrong_results; wrong_results,filters; synonym_search,screenshot_heavy,
google_photos_community:syn-goo-0058,google_photos_community,google_photos_help_community,syn-goo-0058,2025-08-07T15:25:52,True,synthetic://google_photos_community/syn-goo-0058,Search not finding a photo I know exists,"Pro tip: Search for the thing plus the city, e.g. ""cake bangalore"", works better than a sentence for me. Device: iPhone 14, iOS 18.",131,Google Photos Help Community > Search & browse,2,"Product Expert: Ask whoever was there, someone in the group chat usually still has it. || Product Expert: If it was a screenshot, open the Screenshots category first and then scroll by month.",,,,,,16,False,,,,,advice,True,False,,,,,,,,,,,
google_photos_community:syn-goo-0059,google_photos_community,google_photos_help_community,syn-goo-0059,2024-05-26T19:45:46,True,synthetic://google_photos_community/syn-goo-0059,Help finding an old photo in my library,"Honestly search is amazing. I typed ""selfie at concert with confetti"" and it found the selfie from the concert in seconds. Device: iPhone 14, iOS 18.",149,Google Photos Help Community > Search & browse,1,"Product Expert: Use the date jump on the scrollbar, drag to the year and go month by month.",,,,,,35,False,,,,,success,True,True,friend_memory,found,none_observed,,,,,,,,vague_search_succeeded
google_photos_community:syn-goo-0060,google_photos_community,google_photos_help_community,syn-goo-0060,2025-06-20T21:06:47,True,synthetic://google_photos_community/syn-goo-0060,Search not finding a photo I know exists,"Does anyone know how to find the picture of the medicine I took when I was sick last year? I need it because I'm sick again and want the same medicine. Timing wise it was last year, maybe during the rainy season. I remember the doctor prescribed it when I had that bad fever. I don't know what it's called. I can't recall what it said exactly. Tried ""fever medicine"" and got no results. I typed ""medicine strip orange tablets"" in search and got no results. Tried ""medicine"" and nothing came up. The photo is definitely in my library but search never shows it. Ended up scrolling back through years of photos. Still haven't found it.",632,Google Photos Help Community > Search & browse,1,"Product Expert: You can search text inside photos sometimes, but it only works if the words are clear in the image.",,,,,,32,True,,,,,attempt,True,True,medical_or_health_image,not_found,C_retrieval,remembered_context; remembered_time_approximation,exact_object_name_unknown; exact_text_unknown,metadata; natural_language; keyword,fever medicine; medicine strip orange tablets; medicine,not_found; not_found; not_found,manual_scrolling,,
google_photos_community:syn-goo-0061,google_photos_community,google_photos_help_community,syn-goo-0061,2026-06-01T07:41:59,True,synthetic://google_photos_community/syn-goo-0061,Search not finding a photo I know exists,"I've been looking for a photo of the bookshelf I wanted to build for days. I need it now because the carpenter is coming tomorrow. It had my friend in it. It's a picture of a wall shelf. It was sometime last year. For context, I saw it at a friend's house. I don't remember when exactly. I typed ""hexagon wooden wall shelf"" in search and there it was. Tried ""shelf"" and it popped up near the top. I jumped to roughly that year with the scrollbar and went month by month. Finally found it after about an hour. Device: iPhone 14, iOS 18.",535,Google Photos Help Community > Search & browse,2,"Product Expert: Use the date jump on the scrollbar, drag to the year and go month by month. || Product Expert: Tip: if location history was on, try the map view and zoom into the area instead of searching the name.",,,,,,19,False,,,,,attempt,True,True,object_memory,found,none_observed,remembered_context; remembered_object; remembered_person; remembered_time_approximation,exact_date_unknown,natural_language; metadata,hexagon wooden wall shelf; shelf,found; found,date_browsing,,
google_photos_community:syn-goo-0062,google_photos_community,google_photos_help_community,syn-goo-0062,2025-07-08T15:14:59,True,synthetic://google_photos_community/syn-goo-0062,Search not finding a photo I know exists,"Does anyone know how to find the video of my dog meeting the new puppy? I need it now because our old dog passed away last week. I remember our old dog being in it. Timing wise it was right after we adopted the puppy, 2020. I can't remember the date at all. I searched ""dog video"" and it gave me hundreds of photos. Searched for ""video of old dog meeting new puppy"" and got thousands of results to scroll through. There are so many almost identical shots from that day that I can't tell which one it is. Tried synonyms like ""puppy"" too. I scrolled for like 40 minutes. Eventually I just gave up. Device: Pixel 8, Android 15.",624,Google Photos Help Community > Search & browse,2,"Product Expert: Use the date jump on the scrollbar, drag to the year and go month by month. || Product Expert: Try searching for something visible in the photo instead of what happened, like ""stage"" or ""cake"".",,,,,,77,True,,,,,attempt,True,True,video,abandoned,D_result_evaluation,remembered_person; remembered_time_approximation,exact_date_unknown,keyword; natural_language,dog video; video of old dog meeting new puppy,too_many_results; too_many_results,abandonment; manual_scrolling; synonym_search,,
google_photos_community:syn-goo-0063,google_photos_community,google_photos_help_community,syn-goo-0063,2024-12-26T04:38:25,True,synthetic://google_photos_community/syn-goo-0063,Unable to locate the selfie from the concert,"Looking for the selfie from the concert. It was at the Coldplay concert. It was not sure if it was the first or second day. I have no idea what year it was. Tried ""selfie at concert with confetti"" and nothing came up. I searched ""coldplay"" and nothing came up. It came from my old phone and I'm not sure it ever got backed up. I went through the face group for that person too. I gave up on finding it. Device: Pixel 8, Android 15.",431,Google Photos Help Community > Search & browse,1,Product Expert: Check whether the photo was ever backed up. If it was from an old phone it might never have been uploaded.,,,,,,43,False,,,,,attempt,True,True,friend_memory,abandoned,F_data_index_limitation,remembered_event; remembered_time_approximation,exact_date_unknown,natural_language; metadata,selfie at concert with confetti; coldplay,not_found; not_found,abandonment; people_browsing,,
google_photos_community:syn-goo-0064,google_photos_community,google_photos_help_community,syn-goo-0064,2024-10-23T13:59:00,True,synthetic://google_photos_community/syn-goo-0064,Search not finding a photo I know exists,"Looking for the picture of the medicine I took when I was sick last year. I need it because I'm sick again and want the same medicine. It was last year, maybe during the rainy season. It had the medicine name on it. I don't remember when exactly. I can't recall what it said exactly. I typed ""medicine strip orange tablets"" in search and nothing came up. I typed ""fever medicine"" in search and got no results. It just doesn't show up in search even though I know it's there. I checked my Gmail in case I had sent it to someone. I gave up on finding it. Device: Pixel 8, Android 15.",581,Google Photos Help Community > Search & browse,1,"Product Expert: If it was a screenshot, open the Screenshots category first and then scroll by month.",,,,,,55,False,,,,,attempt,True,True,medical_or_health_image,abandoned,C_retrieval,remembered_text; remembered_time_approximation,exact_date_unknown; exact_text_unknown,natural_language; metadata,medicine strip orange tablets; fever medicine,not_found; not_found,abandonment; other_application,,
google_photos_community:syn-goo-0065,google_photos_community,google_photos_help_community,syn-goo-0065,2023-02-22T13:27:16,True,synthetic://google_photos_community/syn-goo-0065,Help finding an old photo in my library,"On my Samsung. Does anyone know how to find the picture of the pharmacy receipt? It was around when I was sick last year. I remember I needed it for insurance reimbursement. I can't recall what it said exactly. Tried ""receipt"" but it just showed random photos. How do you even search for something like that? I kept retyping different searches. Still haven't found it. Device: iPhone 14, iOS 18.",395,Google Photos Help Community > Search & browse,2,"Product Expert: Search for the thing plus the city, e.g. ""cake bangalore"", works better than a sentence for me. || Product Expert: Try searching for something visible in the photo instead of what happened, like ""stage"" or ""cake"".",,,,,,58,True,,,,,attempt,True,True,receipt,not_found,A_memory_expression,remembered_context; remembered_time_approximation,exact_text_unknown,keyword,receipt,wrong_results,repeated_search,android_device,
google_photos_community:syn-goo-0066,google_photos_community,google_photos_help_community,syn-goo-0066,2025-09-19T06:48:44,True,synthetic://google_photos_community/syn-goo-0066,Unable to locate the photo of the dessert we ordered at that restaurant,"I search in Photos pretty much every day. Looking for the photo of the dessert we ordered at that restaurant. I need it now because I want to go back but forgot the restaurant name. I remember a chocolate dome with gold stuff on top. Timing wise it was last year, maybe around October. It's from my sister's birthday dinner. I can't recall where exactly it was. Searched for ""bangalore october"" but it just showed random photos. Tried ""dessert"" and nothing came up. Tried ""chocolate dessert with gold on top"" but it just showed random photos. How do you even search for something like that? I even googled how to search Google Photos better. I scrolled for like 40 minutes. Found one that might be it, but I'm not sure it's the same one. Using photos.google.com on Windows.",773,Google Photos Help Community > Search & browse,1,"Product Expert: If it was a screenshot, open the Screenshots category first and then scroll by month.",,,,,,11,False,,,,,attempt,True,True,food_restaurant_memory,uncertain,A_memory_expression,remembered_event; remembered_time_approximation; remembered_visual_appearance,exact_location_unknown,metadata; keyword; natural_language,bangalore october; dessert; chocolate dessert with gold on top,wrong_results; not_found; wrong_results,external_search; manual_scrolling,frequent_searcher,
google_photos_community:syn-goo-0067,google_photos_community,google_photos_help_community,syn-goo-0067,2024-10-28T09:00:26,True,synthetic://google_photos_community/syn-goo-0067,How can I find the picture of the dent on my car when I don't remember the date?,"Half my library is screenshots. I've been looking for the picture of the dent on my car for days. I need it because the insurance surveyor wants the original photo. The photo shows a dent on the car door. I can picture a scratch on the silver door near the handle. I can't remember the date at all. Searched for ""car"" and got no results. Searched for ""dent on silver car door"" and got no results. I just didn't know how to describe it in a way search would get. I scrolled for like 40 minutes. Never found it. Using photos.google.com on Windows.",545,Google Photos Help Community > Search & browse,1,"Product Expert: Ask whoever was there, someone in the group chat usually still has it.",,,,,,40,False,,,,,attempt,True,True,object_memory,not_found,A_memory_expression,remembered_object; remembered_visual_appearance,exact_date_unknown,keyword; natural_language,car; dent on silver car door,not_found; not_found,manual_scrolling,screenshot_heavy,
google_photos_community:syn-goo-0068,google_photos_community,google_photos_help_community,syn-goo-0068,2026-06-04T12:00:12,True,synthetic://google_photos_community/syn-goo-0068,How can I find a shot of the fireworks at the new year party when I don't remember the date?,"I'm trying to find a shot of the fireworks at the new year party. I need it now because I wanted to post a throwback. It had a bunch of friends in it. Timing wise it was one of the new years, 2019 or 2020. For context, it was just before midnight. I can picture green fireworks over a swimming pool. Not sure which month or year, honestly. I typed ""green fireworks over pool"" in search and got a bunch of pictures that had nothing to do with it. I typed ""31 december"" in search but it just showed random photos. It took ""fireworks"" literally and ignored everything else. Ended up scrolling back through years of photos. I jumped to roughly that year with the scrollbar and went month by month. Finally found it after three days.",728,Google Photos Help Community > Search & browse,2,"Product Expert: Search by year first, like ""2019"", then scroll within that. Much faster than scrolling from today. || Product Expert: Check whether the photo was ever backed up. If it was from an old phone it might never have been uploaded.",,,,,,45,False,,,,,attempt,True,True,event_memory,found,B_system_understanding,remembered_context; remembered_person; remembered_time_approximation; remembered_visual_appearance,exact_date_unknown,natural_language; metadata,green fireworks over pool; 31 december,wrong_results; wrong_results,date_browsing; manual_scrolling,,
google_photos_community:syn-goo-0069,google_photos_community,google_photos_help_community,syn-goo-0069,2024-07-06T03:05:30,True,synthetic://google_photos_community/syn-goo-0069,Help finding an old photo in my library,"Does anyone know how to find the photo of the bill I took sometime last summer? I need it because a friend still hasn't paid me back and disputes the amount. All I remember visually is a long crumpled receipt. It was sometime last summer. It had the total and the GST number on it. It's a picture of a restaurant bill. I don't remember the exact words on it. Tried ""bill"" and got no results. I searched ""restaurant bill split between friends"" and nothing came up. I searched ""june bill"" and got no results. The text on the bill isn't searchable as far as I can tell. I kept retyping different searches. I found a similar one but not the exact photo I wanted.",658,Google Photos Help Community > Search & browse,1,"Product Expert: Tip: if location history was on, try the map view and zoom into the area instead of searching the name.",,,,,,69,False,,,,,attempt,True,True,receipt,partially_found,F_data_index_limitation,remembered_object; remembered_text; remembered_time_approximation; remembered_visual_appearance,exact_text_unknown,keyword; natural_language; metadata,bill; restaurant bill split between friends; june bill,not_found; not_found; not_found,repeated_search,,
google_photos_community:syn-goo-0070,google_photos_community,google_photos_help_community,syn-goo-0070,2024-02-02T22:03:09,True,synthetic://google_photos_community/syn-goo-0070,Help finding an old photo in my library,"Couldn't find a photo of the biryani my grandmother made anywhere, then realised it was on my old phone and never got backed up. Device: iPhone 14, iOS 18.",155,Google Photos Help Community > Search & browse,1,"Product Expert: You can search text inside photos sometimes, but it only works if the words are clear in the image.",,,,,,35,False,,,,,misattribution,True,True,food_restaurant_memory,not_found,F_data_index_limitation,,,,,,,,failure_not_search_related
google_photos_community:syn-goo-0071,google_photos_community,google_photos_help_community,syn-goo-0071,2025-09-30T21:36:19,True,synthetic://google_photos_community/syn-goo-0071,Search not finding a photo I know exists,"Looking for a photo of the biryani my grandmother made. I need it now because she passed away and I really want that picture. All I remember visually is a huge copper pot and her hands in the shot. It had my grandmother in it. Honestly it means a lot to me. I have no idea what year it was. Tried ""biryani"" and got thousands of results to scroll through. Searched for ""eid 2021"" and it gave me hundreds of photos. I have hundreds of similar shots and can't tell which one it was. I jumped to roughly that year with the scrollbar and went month by month. I went through the map view hoping to spot it. Found one that might be it, but I'm not sure it's the same one.",664,Google Photos Help Community > Search & browse,2,"Product Expert: Use the date jump on the scrollbar, drag to the year and go month by month. || Product Expert: Ask whoever was there, someone in the group chat usually still has it.",,,,,,66,False,,,,,attempt,True,True,food_restaurant_memory,uncertain,D_result_evaluation,remembered_emotion; remembered_person; remembered_visual_appearance,exact_date_unknown,keyword; metadata,biryani; eid 2021,too_many_results; too_many_results,date_browsing; location_browsing,,
google_photos_community:syn-goo-0072,google_photos_community,google_photos_help_community,syn-goo-0072,2025-10-07T09:10:33,True,synthetic://google_photos_community/syn-goo-0072,Unable to locate an old photo,"Spent an hour looking for the photo of the warranty card for the washing machine and it turns out I had deleted it years ago. Not the app's fault. Device: iPhone 14, iOS 18.",173,Google Photos Help Community > Search & browse,1,"Product Expert: Tip: if location history was on, try the map view and zoom into the area instead of searching the name.",,,,,,41,False,,,,,misattribution,True,True,receipt,not_found,F_data_index_limitation,,,,,,,,failure_not_search_related
google_photos_community:syn-goo-0073,google_photos_community,google_photos_help_community,syn-goo-0073,2024-03-04T20:28:36,True,synthetic://google_photos_community/syn-goo-0073,Unable to locate an old photo,"Couldn't find the photo of the bill I took sometime last summer anywhere, then realised it was on my old phone and never got backed up. Using photos.google.com on Windows.",171,Google Photos Help Community > Search & browse,1,Product Expert: Check whether the photo was ever backed up. If it was from an old phone it might never have been uploaded.,,,,,,59,False,,,,,misattribution,True,True,receipt,not_found,F_data_index_limitation,,,,,,,,failure_not_search_related
google_photos_community:syn-goo-0074,google_photos_community,google_photos_help_community,syn-goo-0074,2026-05-23T09:08:50,True,synthetic://google_photos_community/syn-goo-0074,Search not finding a photo I know exists,"I've used Google Photos since it launched. I've been looking for the photo I took of my passport page for days. I need it now because I need the number urgently for a booking. It had the passport number and expiry date on it. The photo shows my passport. Not sure which month or year, honestly. I don't remember the exact words on it. I typed ""passport"" in search and it popped up near the top. I typed ""photo of passport page"" in search and there it was. Eventually I searched my WhatsApp chats instead. Got it eventually, after three days. Using photos.google.com on Windows.",577,Google Photos Help Community > Search & browse,2,"Product Expert: Try searching for something visible in the photo instead of what happened, like ""stage"" or ""cake"". || Product Expert: Use the date jump on the scrollbar, drag to the year and go month by month.",,,,,,67,False,,,,,attempt,True,True,document,found,none_observed,remembered_object; remembered_text,exact_date_unknown; exact_text_unknown,keyword; natural_language,passport; photo of passport page,found; found,other_application,long_tenure,
google_photos_community:syn-goo-0075,google_photos_community,google_photos_help_community,syn-goo-0075,2023-11-09T03:44:57,True,synthetic://google_photos_community/syn-goo-0075,Unable to locate the photo of my car's insurance papers,"I've been looking for the photo of my car's insurance papers for days. I need it because I had an accident and need the policy number. All I remember visually is a folded paper on the dashboard. For context, I took it in the car when the traffic police stopped me once. It had the policy number on it. I have no idea what year it was. I searched ""insurance"" and nothing came up. I typed ""insurance"" in search and got no results. The text in the photo doesn't seem to be searchable. I checked my Gmail in case I had sent it to someone. Tried synonyms like ""policy"" too. Still haven't found it. Device: Pixel 8, Android 15.",621,Google Photos Help Community > Search & browse,1,"Product Expert: You can search text inside photos sometimes, but it only works if the words are clear in the image.",,,,,,72,True,,,,,attempt,True,True,document,not_found,F_data_index_limitation,remembered_context; remembered_text; remembered_visual_appearance,exact_date_unknown,metadata; keyword,insurance; insurance,not_found; not_found,other_application; synonym_search,,
google_photos_community:syn-goo-0076,google_photos_community,google_photos_help_community,syn-goo-0076,2026-08-13T13:56:33,True,synthetic://google_photos_community/syn-goo-0076,Help finding an old photo in my library,"Something that helps: Use the date jump on the scrollbar, drag to the year and go month by month. Device: iPhone 14, iOS 18.",124,Google Photos Help Community > Search & browse,1,"Product Expert: Try searching for something visible in the photo instead of what happened, like ""stage"" or ""cake"".",,,,,,0,False,,,,,advice,True,False,,,,,,,,,,,
google_photos_community:syn-goo-0077,google_photos_community,google_photos_help_community,syn-goo-0077,2026-02-21T16:04:47,True,synthetic://google_photos_community/syn-goo-0077,How can I find the video of my dog meeting the new puppy when I don't remember the date?,"I've been looking for the video of my dog meeting the new puppy for days. I need it now because our old dog passed away last week. It had our old dog in it. It's the funniest thing. It was taken in our backyard. Timing wise it was right after we adopted the puppy, 2020. Not sure which month or year, honestly. I typed ""2020 video"" in search and it popped up near the top. I searched ""video of old dog meeting new puppy"" and there it was. Gave up for the day and tried again the next week. Finally found it after way too long. Device: iPhone 14, iOS 18.",553,Google Photos Help Community > Search & browse,2,"Product Expert: Check whether the photo was ever backed up. If it was from an old phone it might never have been uploaded. || Product Expert: Try searching for something visible in the photo instead of what happened, like ""stage"" or ""cake"".",,,,,,3,False,,,,,attempt,True,True,video,found,none_observed,remembered_emotion; remembered_person; remembered_place; remembered_time_approximation,exact_date_unknown,metadata; natural_language,2020 video; video of old dog meeting new puppy,found; found,return_later,,
google_photos_community:syn-goo-0078,google_photos_community,google_photos_help_community,syn-goo-0078,2023-03-01T22:18:56,True,synthetic://google_photos_community/syn-goo-0078,Search not finding a photo I know exists,"On my iPhone. Does anyone know how to find the picture of the dent on my car? I need it now because the insurance surveyor wants the original photo. For context, a scooter hit my car in the parking lot. It's a picture of a dent on the car door. Timing wise it was maybe 6 months ago. I have no idea what year it was. I typed ""dent on silver car door"" in search and it popped up near the top. I searched ""car dent"" and it popped up near the top. Searched for ""car"" and it popped up near the top. I kept retyping different searches. Finally found it after half an hour of scrolling. Device: Pixel 8, Android 15.",609,Google Photos Help Community > Search & browse,1,"Product Expert: Search by year first, like ""2019"", then scroll within that. Much faster than scrolling from today.",,,,,,53,False,,,,,attempt,True,True,object_memory,found,none_observed,remembered_context; remembered_object; remembered_time_approximation,exact_date_unknown,natural_language; metadata; keyword,dent on silver car door; car dent; car,found; found; found,repeated_search,ios_device,
google_photos_community:syn-goo-0079,google_photos_community,google_photos_help_community,syn-goo-0079,2024-12-19T04:17:09,True,synthetic://google_photos_community/syn-goo-0079,How can I find the picture of the wine label from our anniversary dinner when I don't remember the date?,"Looking for the picture of the wine label from our anniversary dinner. We were at the Italian place downtown when I took it. It had my partner in it. It was a couple of years back. It was taken on our 5th anniversary. No idea what the thing is actually called. Tried ""anniversary 2023"" and got a bunch of pictures that had nothing to do with it. Tried ""wine"" and got a bunch of pictures that had nothing to do with it. I typed ""wine bottle with bird drawing on label"" in search but it just showed random photos. How do you even search for something like that? Ended up scrolling back through years of photos. I went through the map view hoping to spot it. Never found it. Using photos.google.com on Windows.",707,Google Photos Help Community > Search & browse,2,"Product Expert: Search by year first, like ""2019"", then scroll within that. Much faster than scrolling from today. || Product Expert: Use the date jump on the scrollbar, drag to the year and go month by month.",,,,,,11,True,,,,,attempt,True,True,food_restaurant_memory,not_found,A_memory_expression,remembered_occasion; remembered_person; remembered_place; remembered_time_approximation,exact_object_name_unknown,metadata; keyword; natural_language,anniversary 2023; wine; wine bottle with bird drawing on label,wrong_results; wrong_results; wrong_results,location_browsing; manual_scrolling,,
google_photos_community:syn-goo-0080,google_photos_community,google_photos_help_community,syn-goo-0080,2023-03-17T21:18:26,True,synthetic://google_photos_community/syn-goo-0080,Search not finding a photo I know exists,"On my iPhone. Does anyone know how to find a sunset photo from the hotel balcony? I need it now because I want to use it as a wallpaper again. It was taken at the hotel near the lake. This was during that Switzerland trip. It was in summer, I'm not sure which year. It had my wife in it. I can't recall where exactly it was. I can't remember the date at all. Tried ""sunset from hotel balcony with red railing"" and got no results. It just doesn't show up in search even though I know it's there. I jumped to roughly that year with the scrollbar and went month by month. I scrolled for like 40 minutes. Found one that might be it, but I'm not sure it's the same one. Device: Pixel 8, Android 15.",693,Google Photos Help Community > Search & browse,2,"Product Expert: Check whether the photo was ever backed up. If it was from an old phone it might never have been uploaded. || Product Expert: You can search text inside photos sometimes, but it only works if the words are clear in the image.",,,,,,26,False,,,,,attempt,True,True,travel_memory,uncertain,C_retrieval,remembered_person; remembered_place; remembered_time_approximation; remembered_trip,exact_date_unknown; exact_location_unknown,natural_language,sunset from hotel balcony with red railing,not_found,date_browsing; manual_scrolling,ios_device,
google_photos_community:syn-goo-0081,google_photos_community,google_photos_help_community,syn-goo-0081,2024-07-04T03:18:15,True,synthetic://google_photos_community/syn-goo-0081,Unable to locate an old photo,"Something that helps: Search for the thing plus the city, e.g. ""cake bangalore"", works better than a sentence for me. Device: Pixel 8, Android 15.",146,Google Photos Help Community > Search & browse,1,"Product Expert: Ask whoever was there, someone in the group chat usually still has it.",,,,,,33,True,,,,,advice,True,False,,,,,,,,,,,
google_photos_community:syn-goo-0082,google_photos_community,google_photos_help_community,syn-goo-0082,2024-05-13T09:11:45,True,synthetic://google_photos_community/syn-goo-0082,Unable to locate a picture of the ramen bowl from the tiny shop,"I moved all my old phone photos in years ago. Does anyone know how to find a picture of the ramen bowl from the tiny shop? It's from the Japan trip. I remember a black bowl with a soft egg cut in half. It had my brother in it. No idea what the thing is actually called. I can't recall where exactly it was. I typed ""tokyo april 2023"" in search and got no results. Searched for ""ramen"" and nothing came up. After that I had no idea what else to try. I went through the map view hoping to spot it. I kept retyping different searches. I gave up on finding it. Device: iPhone 14, iOS 18.",583,Google Photos Help Community > Search & browse,2,"Product Expert: Name the face groups. Searching a person's name works way better than describing them. || Product Expert: You can search text inside photos sometimes, but it only works if the words are clear in the image.",,,,,,5,False,,,,,attempt,True,True,food_restaurant_memory,abandoned,E_refinement,remembered_person; remembered_trip; remembered_visual_appearance,exact_location_unknown; exact_object_name_unknown,metadata; keyword,tokyo april 2023; ramen,not_found; not_found,abandonment; location_browsing; repeated_search,long_tenure,
google_photos_community:syn-goo-0083,google_photos_community,google_photos_help_community,syn-goo-0083,2024-09-21T02:55:34,True,synthetic://google_photos_community/syn-goo-0083,Search not finding a photo I know exists,"Looking for the class photo from school farewell. It was 2010, I think. It's a photo of a printed photo my classmate sent. The photo probably has no proper date on it. I have no idea what year it was. Tried ""class photo on school steps sarees suits"" and it popped up near the top. I jumped to roughly that year with the scrollbar and went month by month. I kept retyping different searches. Finally found it after half an hour of scrolling. Device: Pixel 8, Android 15.",469,Google Photos Help Community > Search & browse,2,"Product Expert: Search by year first, like ""2019"", then scroll within that. Much faster than scrolling from today. || Product Expert: If it was a screenshot, open the Screenshots category first and then scroll by month.",,,,,,19,False,,,,,attempt,True,True,school_or_college_memory,found,none_observed,remembered_relationship; remembered_time_approximation,exact_date_unknown; metadata_unknown,natural_language,class photo on school steps sarees suits,found,date_browsing; repeated_search,,
google_photos_community:syn-goo-0084,google_photos_community,google_photos_help_community,syn-goo-0084,2025-09-04T05:48:03,True,synthetic://google_photos_community/syn-goo-0084,Help finding an old photo in my library,Spent an hour looking for a photo of the bookshelf I wanted to build and it turns out I had deleted it years ago. Not the app's fault.,134,Google Photos Help Community > Search & browse,2,"Product Expert: If it was a screenshot, open the Screenshots category first and then scroll by month. || Product Expert: Ask whoever was there, someone in the group chat usually still has it.",,,,,,48,False,,,,,misattribution,True,True,object_memory,not_found,F_data_index_limitation,,,,,,,,failure_not_search_related
google_photos_community:syn-goo-0085,google_photos_community,google_photos_help_community,syn-goo-0085,2023-09-21T11:35:27,True,synthetic://google_photos_community/syn-goo-0085,Unable to locate an old photo,Found the screenshot where I had the information about that course by searching the person's face and then scrolling a bit. Took two minutes. Using photos.google.com on Windows.,177,Google Photos Help Community > Search & browse,2,"Product Expert: Name the face groups. Searching a person's name works way better than describing them. || Product Expert: Use the date jump on the scrollbar, drag to the year and go month by month.",,,,,,68,True,,,,,success,True,True,screenshot,found,none_observed,,,,,,,,vague_search_succeeded
google_photos_community:syn-goo-0086,google_photos_community,google_photos_help_community,syn-goo-0086,2025-11-25T03:52:30,True,synthetic://google_photos_community/syn-goo-0086,Unable to locate the picture of my college marksheet,"I take a ridiculous number of screenshots. Looking for the picture of my college marksheet. I need it because background verification asked for it. I remember a certificate with a blue border. I remember I sent it to some HR at some point. No idea what to search for really. Tried ""marksheet"" and got no results. I typed ""college marksheet with blue border"" in search and got a bunch of pictures that had nothing to do with it. I know exactly what it looks like but can't put it into search words. I checked my Gmail in case I had sent it to someone. Tried synonyms like ""certificate"" too. Still haven't found it.",613,Google Photos Help Community > Search & browse,1,Product Expert: Name the face groups. Searching a person's name works way better than describing them.,,,,,,1,True,,,,,attempt,True,True,document,not_found,A_memory_expression,remembered_context; remembered_visual_appearance,exact_keyword_unknown,keyword; natural_language,marksheet; college marksheet with blue border,not_found; wrong_results,other_application; synonym_search,screenshot_heavy,
google_photos_community:syn-goo-0087,google_photos_community,google_photos_help_community,syn-goo-0087,2023-04-10T16:55:17,True,synthetic://google_photos_community/syn-goo-0087,How can I find a photo of the biryani my grandmother made when I don't remember the date?,"I moved all my old phone photos in years ago. I've been looking for a photo of the biryani my grandmother made for days. I need it now because she passed away and I really want that picture. Honestly it means a lot to me. All I remember visually is a huge copper pot and her hands in the shot. I know it was at my grandmother's house. I have no idea what year it was. I searched ""grandma serving biryani from a copper pot"" but it just showed random photos. It seems like search ignores half of what I type and only matches one word. Gave up for the day and tried again the next week. I checked all my albums one by one. Never found it.",635,Google Photos Help Community > Search & browse,2,"Product Expert: Ask whoever was there, someone in the group chat usually still has it. || Product Expert: Check whether the photo was ever backed up. If it was from an old phone it might never have been uploaded.",,,,,,6,False,,,,,attempt,True,True,food_restaurant_memory,not_found,B_system_understanding,remembered_emotion; remembered_place; remembered_visual_appearance,exact_date_unknown,natural_language,grandma serving biryani from a copper pot,wrong_results,album_browsing; return_later,long_tenure,
google_photos_community:syn-goo-0088,google_photos_community,google_photos_help_community,syn-goo-0088,2023-06-11T12:17:52,True,synthetic://google_photos_community/syn-goo-0088,Help finding an old photo in my library,"I've got about 90k photos and videos. I'm trying to find the screenshot of a chat where my landlord agreed to the repair. I need it now because he's now saying he never agreed. It was sometime last spring. I remember I screenshotted the WhatsApp chat as proof. I remember my landlord being in it. I don't remember the exact words on it. I can't remember the date at all. I typed ""whatsapp"" in search and got no results. Searched for ""screenshot of chat with landlord about repair"" and nothing came up. I typed ""chat screenshot"" in search and got no results. Text inside screenshots doesn't seem to be searchable. I tried the screenshots category filter as well. Never found it. Device: iPhone 14, iOS 18.",704,Google Photos Help Community > Search & browse,2,"Product Expert: Tip: if location history was on, try the map view and zoom into the area instead of searching the name. || Product Expert: Try searching for something visible in the photo instead of what happened, like ""stage"" or ""cake"".",,,,,,32,False,,,,,attempt,True,True,screenshot,not_found,F_data_index_limitation,remembered_context; remembered_person; remembered_time_approximation,exact_date_unknown; exact_text_unknown,keyword; natural_language; metadata,whatsapp; screenshot of chat with landlord about repair; chat screenshot,not_found; not_found; not_found,filters,large_library,
google_photos_community:syn-goo-0089,google_photos_community,google_photos_help_community,syn-goo-0089,2026-06-06T10:28:46,True,synthetic://google_photos_community/syn-goo-0089,Help finding an old photo in my library,"Looking for the screenshot of the product I wanted to buy. The photo shows a lamp. I can picture a brass lamp with a curved neck. It was a couple of months ago. I can't recall what it said exactly. I don't know what it's called. I searched ""brass lamp with curved neck"" and got no results. I searched ""lamp"" and got a bunch of pictures that had nothing to do with it. I typed ""screenshot lamp"" in search and got a bunch of pictures that had nothing to do with it. I know exactly what it looks like but can't put it into search words. I tried the screenshots category filter as well. Ended up scrolling back through years of photos. Eventually I just gave up. Using photos.google.com on Windows.",694,Google Photos Help Community > Search & browse,2,"Product Expert: Search for the thing plus the city, e.g. ""cake bangalore"", works better than a sentence for me. || Product Expert: Name the face groups. Searching a person's name works way better than describing them.",,,,,,60,False,,,,,attempt,True,True,purchase_related_image,abandoned,A_memory_expression,remembered_object; remembered_time_approximation; remembered_visual_appearance,exact_object_name_unknown; exact_text_unknown,natural_language; keyword; metadata,brass lamp with curved neck; lamp; screenshot lamp,not_found; wrong_results; wrong_results,abandonment; filters; manual_scrolling,,
google_photos_community:syn-goo-0090,google_photos_community,google_photos_help_community,syn-goo-0090,2024-12-10T16:10:46,True,synthetic://google_photos_community/syn-goo-0090,Help finding an old photo in my library,"Couldn't find a sunset photo from the hotel balcony anywhere, then realised it was on my old phone and never got backed up. Using photos.google.com on Windows.",159,Google Photos Help Community > Search & browse,1,"Product Expert: Search for the thing plus the city, e.g. ""cake bangalore"", works better than a sentence for me.",,,,,,21,False,,,,,misattribution,True,True,travel_memory,not_found,F_data_index_limitation,,,,,,,,failure_not_search_related
google_photos_community:syn-goo-0091,google_photos_community,google_photos_help_community,syn-goo-0091,2024-12-21T07:55:41,True,synthetic://google_photos_community/syn-goo-0091,Unable to locate the group photo from the night we all stayed up on the terrace,"I use search a lot for work stuff. I've been looking for the group photo from the night we all stayed up on the terrace for days. I need it because one of them is getting married and we're making a video. For context, it was the night before someone moved abroad. We were on my friend's terrace when I took it. I can picture fairy lights and everyone squinting because of the flash. It had the whole hostel gang in it. I have no idea what year it was. I don't remember the person's name. Tried ""2016 night"" and got no results. I searched ""friends on terrace at night with fairy lights"" and got no results. Tried ""terrace"" and nothing came up. I think it's in my partner's library, not mine. I jumped to roughly that year with the scrollbar and went month by month. I gave up on finding it. Device: iPhone 14, iOS 18.",816,Google Photos Help Community > Search & browse,2,"Product Expert: Search by year first, like ""2019"", then scroll within that. Much faster than scrolling from today. || Product Expert: Check whether the photo was ever backed up. If it was from an old phone it might never have been uploaded.",,,,,,64,False,,,,,attempt,True,True,friend_memory,abandoned,F_data_index_limitation,remembered_context; remembered_person; remembered_place; remembered_visual_appearance,exact_date_unknown; person_name_unknown,metadata; natural_language; keyword,2016 night; friends on terrace at night with fairy lights; terrace,not_found; not_found; not_found,abandonment; date_browsing,frequent_searcher,
google_photos_community:syn-goo-0092,google_photos_community,google_photos_help_community,syn-goo-0092,2023-02-16T21:53:39,True,synthetic://google_photos_community/syn-goo-0092,Search not finding a photo I know exists,"I've been looking for the photo of us dancing at the sangeet for days. I need it because I wanted it for our first anniversary post. Timing wise it was the night before our wedding. All I remember visually is a disco ball and me in a pink lehenga. It had my husband and his cousins in it. I don't remember which album it went into. Tried ""dance"" and it gave me hundreds of photos. I searched ""sangeet"" and got thousands of results to scroll through. I have hundreds of similar shots and can't tell which one it was. I asked my sister if she still had it. Still haven't found it. Using photos.google.com on Windows.",614,Google Photos Help Community > Search & browse,1,"Product Expert: Ask whoever was there, someone in the group chat usually still has it.",,,,,,47,False,,,,,attempt,True,True,wedding_memory,not_found,D_result_evaluation,remembered_person; remembered_time_approximation; remembered_visual_appearance,album_unknown,keyword; metadata,dance; sangeet,too_many_results; too_many_results,ask_another_person,,
google_photos_community:syn-goo-0093,google_photos_community,google_photos_help_community,syn-goo-0093,2024-02-14T11:45:00,True,synthetic://google_photos_community/syn-goo-0093,General question,"Two things. App keeps crashing when I open a large video. Device: iPhone 14, iOS 18.",84,Google Photos Help Community > Search & browse,1,"Product Expert: Tip: if location history was on, try the map view and zoom into the area instead of searching the name.",,,,,,26,False,,,,,noise,False,False,,,,,,,,,,,
google_photos_community:syn-goo-0094,google_photos_community,google_photos_help_community,syn-goo-0094,2023-08-01T05:18:54,True,synthetic://google_photos_community/syn-goo-0094,Search not finding a photo I know exists,"I've used Google Photos since it launched. I'm trying to find the photo of the team at the offsite. I need it now because a colleague is leaving and we're making a card. All I remember visually is everyone in matching t-shirts by a pool. It's from the team offsite. I know it was at a resort outside the city. It was before I switched jobs, 2021 maybe. Not sure which month or year, honestly. Searched for ""offsite 2021"" and got no results. I typed ""team"" in search and got no results. I didn't know what else to try. I jumped to roughly that year with the scrollbar and went month by month. I found a similar one but not the exact photo I wanted.",647,Google Photos Help Community > Search & browse,2,Product Expert: Name the face groups. Searching a person's name works way better than describing them. || Product Expert: Check whether the photo was ever backed up. If it was from an old phone it might never have been uploaded.,,,,,,18,False,,,,,attempt,True,True,work_memory,partially_found,E_refinement,remembered_event; remembered_place; remembered_time_approximation; remembered_visual_appearance,exact_date_unknown,metadata; keyword,offsite 2021; team,not_found; not_found,date_browsing,long_tenure,
google_photos_community:syn-goo-0095,google_photos_community,google_photos_help_community,syn-goo-0095,2024-06-25T03:32:10,True,synthetic://google_photos_community/syn-goo-0095,Help finding an old photo in my library,"From experience, If it was a screenshot, open the Screenshots category first and then scroll by month.",102,Google Photos Help Community > Search & browse,2,"Product Expert: If it was a screenshot, open the Screenshots category first and then scroll by month. || Product Expert: You can search text inside photos sometimes, but it only works if the words are clear in the image.",,,,,,43,True,,,,,advice,True,False,,,,,,,,,,,
google_photos_community:syn-goo-0096,google_photos_community,google_photos_help_community,syn-goo-0096,2023-12-15T12:31:56,True,synthetic://google_photos_community/syn-goo-0096,Unable to locate a picture of the site inspection issue,"Does anyone know how to find a picture of the site inspection issue? I need it now because the client is disputing the report. All I remember visually is a rusty pipe with a yellow tag. I remember I took it for the report and never sent it. Timing wise it was a few months back. I know it was at the client's warehouse. Not sure which month or year, honestly. I typed ""rusty pipe with yellow tag at warehouse"" in search and got a bunch of pictures that had nothing to do with it. Tried ""pipe"" and nothing came up. I typed ""warehouse"" in search but it just showed random photos. How do you even search for something like that? I jumped to roughly that year with the scrollbar and went month by month. Never found it. Device: Pixel 8, Android 15.",744,Google Photos Help Community > Search & browse,2,"Product Expert: Name the face groups. Searching a person's name works way better than describing them. || Product Expert: Ask whoever was there, someone in the group chat usually still has it.",,,,,,21,False,,,,,attempt,True,True,work_memory,not_found,A_memory_expression,remembered_context; remembered_place; remembered_time_approximation; remembered_visual_appearance,exact_date_unknown,natural_language; keyword; metadata,rusty pipe with yellow tag at warehouse; pipe; warehouse,wrong_results; not_found; wrong_results,date_browsing,,
google_photos_community:syn-goo-0097,google_photos_community,google_photos_help_community,syn-goo-0097,2025-07-23T06:27:36,True,synthetic://google_photos_community/syn-goo-0097,Unable to locate the photo of my son's vaccination card,"I'm trying to find the photo of my son's vaccination card. I need it now because school admission needs it. The photo shows the vaccination card. For context, the doctor asked us to keep a copy. All I remember visually is a pink card with stamps. I don't know what it's called. I searched ""vaccine"" and got no results. I typed ""vaccination"" in search and nothing came up. I searched ""baby vaccination card pink"" and nothing came up. The text in the photo doesn't seem to be searchable. I scrolled for like 40 minutes. Eventually I searched my WhatsApp chats instead. Finally found it after two evenings. Device: iPhone 14, iOS 18.",630,Google Photos Help Community > Search & browse,1,"Product Expert: If it was a screenshot, open the Screenshots category first and then scroll by month.",,,,,,8,False,,,,,attempt,True,True,document,found,F_data_index_limitation,remembered_context; remembered_object; remembered_visual_appearance,exact_object_name_unknown,metadata; keyword; natural_language,vaccine; vaccination; baby vaccination card pink,not_found; not_found; not_found,manual_scrolling; other_application,,
google_photos_community:syn-goo-0098,google_photos_community,google_photos_help_community,syn-goo-0098,2026-04-21T23:07:01,True,synthetic://google_photos_community/syn-goo-0098,How can I find the photo of the menu at the street food stall when I don't remember the date?,"I've got about 90k photos and videos. I'm trying to find the photo of the menu at the street food stall. I need it because I want to recommend it to someone visiting. I can picture a handwritten board in Hindi. It was while eating chaat after the market. Not sure which month or year, honestly. Searched for ""menu"" and got thousands of results to scroll through. I have hundreds of similar shots and can't tell which one it was. Tried synonyms like ""food board"" too. I found a similar one but not the exact photo I wanted. Using photos.google.com on Windows.",558,Google Photos Help Community > Search & browse,2,"Product Expert: Name the face groups. Searching a person's name works way better than describing them. || Product Expert: You can search text inside photos sometimes, but it only works if the words are clear in the image.",,,,,,63,False,,,,,attempt,True,True,food_restaurant_memory,partially_found,D_result_evaluation,remembered_activity; remembered_visual_appearance,exact_date_unknown,keyword,menu,too_many_results,synonym_search,large_library,
google_photos_community:syn-goo-0099,google_photos_community,google_photos_help_community,syn-goo-0099,2024-08-04T23:29:38,True,synthetic://google_photos_community/syn-goo-0099,Search not finding a photo I know exists,"Thought search was broken but a shot of the fireworks at the new year party was in my partner's library, not mine. Device: iPhone 14, iOS 18.",141,Google Photos Help Community > Search & browse,2,"Product Expert: You can search text inside photos sometimes, but it only works if the words are clear in the image. || Product Expert: Search for the thing plus the city, e.g. ""cake bangalore"", works better than a sentence for me.",,,,,,64,False,,,,,misattribution,True,True,event_memory,not_found,F_data_index_limitation,,,,,,,,failure_not_search_related
google_photos_community:syn-goo-0100,google_photos_community,google_photos_help_community,syn-goo-0100,2024-01-09T17:45:08,True,synthetic://google_photos_community/syn-goo-0100,Help finding an old photo in my library,"From experience, Search by year first, like ""2019"", then scroll within that. Much faster than scrolling from today. Device: iPhone 14, iOS 18.",142,Google Photos Help Community > Search & browse,2,"Product Expert: Try searching for something visible in the photo instead of what happened, like ""stage"" or ""cake"". || Product Expert: Use the date jump on the scrollbar, drag to the year and go month by month.",,,,,,8,False,,,,,advice,True,False,,,,,,,,,,,
google_photos_community:syn-goo-0101,google_photos_community,google_photos_help_community,syn-goo-0101,2024-12-02T23:13:28,True,synthetic://google_photos_community/syn-goo-0101,Search not finding a photo I know exists,"Found the screenshot where I had the information about that course by searching the person's face and then scrolling a bit. Took two minutes. Device: Pixel 8, Android 15.",170,Google Photos Help Community > Search & browse,1,"Product Expert: If it was a screenshot, open the Screenshots category first and then scroll by month.",,,,,,27,False,,,,,success,True,True,screenshot,found,none_observed,,,,,,,,vague_search_succeeded
google_photos_community:syn-goo-0102,google_photos_community,google_photos_help_community,syn-goo-0102,2025-12-22T17:10:49,True,synthetic://google_photos_community/syn-goo-0102,Search not finding a photo I know exists,"Pro tip: Check whether the photo was ever backed up. If it was from an old phone it might never have been uploaded. Device: iPhone 14, iOS 18.",142,Google Photos Help Community > Search & browse,1,Product Expert: Check whether the photo was ever backed up. If it was from an old phone it might never have been uploaded.,,,,,,20,True,,,,,advice,True,False,,,,,,,,,,,
google_photos_community:syn-goo-0103,google_photos_community,google_photos_help_community,syn-goo-0103,2025-04-17T12:52:28,True,synthetic://google_photos_community/syn-goo-0103,Help finding an old photo in my library,"Does anyone know how to find the candid of my cousin laughing during the haldi? I need it now because she wants it for her album. For context, someone had just thrown haldi on her. It had my cousin in it. I don't remember when exactly. I typed ""girl laughing covered in yellow with marigolds"" in search and got a bunch of pictures that had nothing to do with it. I ran out of ideas pretty quickly. I asked my sister if she still had it. Ended up scrolling back through years of photos. I found a similar one but not the exact photo I wanted. Device: Pixel 8, Android 15.",570,Google Photos Help Community > Search & browse,2,"Product Expert: Tip: if location history was on, try the map view and zoom into the area instead of searching the name. || Product Expert: If it was a screenshot, open the Screenshots category first and then scroll by month.",,,,,,26,False,,,,,attempt,True,True,wedding_memory,partially_found,E_refinement,remembered_context; remembered_person,exact_date_unknown,natural_language,girl laughing covered in yellow with marigolds,wrong_results,ask_another_person; manual_scrolling,,
google_photos_community:syn-goo-0104,google_photos_community,google_photos_help_community,syn-goo-0104,2026-05-27T21:20:23,True,synthetic://google_photos_community/syn-goo-0104,How can I find the selfie from the concert when I don't remember the date?,"I've been looking for the selfie from the concert for days. I remember confetti in the air behind us. It was not sure if it was the first or second day. I can't remember the date at all. Searched for ""selfie at concert with confetti"" but it just showed random photos. I didn't know what else to try. I went through the face group for that person too. I jumped to roughly that year with the scrollbar and went month by month. I gave up on finding it.",449,Google Photos Help Community > Search & browse,1,Product Expert: Check whether the photo was ever backed up. If it was from an old phone it might never have been uploaded.,,,,,,35,False,,,,,attempt,True,True,friend_memory,abandoned,E_refinement,remembered_time_approximation; remembered_visual_appearance,exact_date_unknown,natural_language,selfie at concert with confetti,wrong_results,abandonment; date_browsing; people_browsing,,
google_photos_community:syn-goo-0105,google_photos_community,google_photos_help_community,syn-goo-0105,2025-01-11T12:07:28,True,synthetic://google_photos_community/syn-goo-0105,Unable to locate a picture of the site inspection issue,"Looking for a picture of the site inspection issue. I need it because the client is disputing the report. It was a few months back. The photo shows a cracked pipe fitting. I don't know what it's called. I searched ""warehouse"" but it just showed random photos. I typed ""rusty pipe with yellow tag at warehouse"" in search and got a bunch of pictures that had nothing to do with it. It took ""pipe"" literally and ignored everything else. I scrolled for like 40 minutes. Found one that might be it, but I'm not sure it's the same one. Device: iPhone 14, iOS 18.",556,Google Photos Help Community > Search & browse,1,"Product Expert: Try searching for something visible in the photo instead of what happened, like ""stage"" or ""cake"".",,,,,,15,False,,,,,attempt,True,True,work_memory,uncertain,B_system_understanding,remembered_object; remembered_time_approximation,exact_object_name_unknown,metadata; natural_language,warehouse; rusty pipe with yellow tag at warehouse,wrong_results; wrong_results,manual_scrolling,,
google_photos_community:syn-goo-0106,google_photos_community,google_photos_help_community,syn-goo-0106,2024-11-26T16:31:52,True,synthetic://google_photos_community/syn-goo-0106,How can I find a picture of the site inspection issue when I don't remember the date?,"Does anyone know how to find a picture of the site inspection issue? For context, I took it for the report and never sent it. I know it was at the client's warehouse. I don't remember when exactly. I don't know what it's called. I searched ""pipe"" and got no results. I searched ""warehouse"" and got no results. Searched for ""rusty pipe with yellow tag at warehouse"" and got a bunch of pictures that had nothing to do with it. I didn't know what else to try. I checked all my albums one by one. Found one that might be it, but I'm not sure it's the same one. Using photos.google.com on Windows.",592,Google Photos Help Community > Search & browse,2,"Product Expert: Use the date jump on the scrollbar, drag to the year and go month by month. || Product Expert: You can search text inside photos sometimes, but it only works if the words are clear in the image.",,,,,,0,False,,,,,attempt,True,True,work_memory,uncertain,E_refinement,remembered_context; remembered_place,exact_date_unknown; exact_object_name_unknown,keyword; metadata; natural_language,pipe; warehouse; rusty pipe with yellow tag at warehouse,not_found; not_found; wrong_results,album_browsing,,
google_photos_community:syn-goo-0107,google_photos_community,google_photos_help_community,syn-goo-0107,2024-12-14T02:31:18,True,synthetic://google_photos_community/syn-goo-0107,Search not finding a photo I know exists,"I've been looking for the photo from my friend's wedding where we were standing outside for days. I need it because it's their anniversary next week. It had the groom and our school gang in it. All I remember visually is me in a maroon sherwani and fairy lights on a gate. No clue what the place was called. Tried ""wedding"" and got no results. I think it's in a shared album someone else made, not my library. In the end I texted my friend to send it again. Found one that might be it, but I'm not sure it's the same one. Device: iPhone 14, iOS 18.",548,Google Photos Help Community > Search & browse,1,"Product Expert: If it was a screenshot, open the Screenshots category first and then scroll by month.",,,,,,38,True,,,,,attempt,True,True,wedding_memory,uncertain,F_data_index_limitation,remembered_person; remembered_visual_appearance,exact_location_unknown,keyword,wedding,not_found,ask_another_person,,
google_photos_community:syn-goo-0108,google_photos_community,google_photos_help_community,syn-goo-0108,2023-09-04T17:48:28,True,synthetic://google_photos_community/syn-goo-0108,Unable to locate the video of my dog meeting the new puppy,"Looking for the video of my dog meeting the new puppy. I need it now because our old dog passed away last week. I can picture the puppy running circles around him. I know it was in our backyard. I can't remember the date at all. I searched ""video of old dog meeting new puppy"" and there it was. I kept retyping different searches. Finally found it after two evenings. Device: iPhone 14, iOS 18.",394,Google Photos Help Community > Search & browse,2,"Product Expert: If it was a screenshot, open the Screenshots category first and then scroll by month. || Product Expert: Use the date jump on the scrollbar, drag to the year and go month by month.",,,,,,11,False,,,,,attempt,True,True,video,found,none_observed,remembered_place; remembered_visual_appearance,exact_date_unknown,natural_language,video of old dog meeting new puppy,found,repeated_search,,
google_photos_community:syn-goo-0109,google_photos_community,google_photos_help_community,syn-goo-0109,2025-08-20T01:25:10,True,synthetic://google_photos_community/syn-goo-0109,Unable to locate the photo of my daughter on stage at her school play,"On the web version on my laptop. I've been looking for the photo of my daughter on stage at her school play for days. It's from the annual day function. It was when she was in 2nd or 3rd standard. I remember the lighting was bad so most shots were blurry. All I remember visually is a sunflower costume and a blue curtain. I can't recall the name of the event. Not sure which month or year, honestly. I searched ""girl in sunflower costume on stage"" and it gave me hundreds of photos. There are so many almost identical shots from that day that I can't tell which one it is. Ended up scrolling back through years of photos. Found one that might be it, but I'm not sure it's the same one. Device: Pixel 8, Android 15.",715,Google Photos Help Community > Search & browse,2,"Product Expert: Use the date jump on the scrollbar, drag to the year and go month by month. || Product Expert: Name the face groups. Searching a person's name works way better than describing them.",,,,,,20,False,,,,,attempt,True,True,event_memory,uncertain,D_result_evaluation,remembered_context; remembered_event; remembered_time_approximation; remembered_visual_appearance,event_name_unknown; exact_date_unknown,natural_language,girl in sunflower costume on stage,too_many_results,manual_scrolling,desktop_web,
google_photos_community:syn-goo-0110,google_photos_community,google_photos_help_community,syn-goo-0110,2023-01-31T12:41:40,True,synthetic://google_photos_community/syn-goo-0110,Help finding an old photo in my library,"On photos.google.com from my PC. I'm trying to find the video of my mom singing at the dinner table. It had my mom in it. I remember mom laughing halfway through and the candle on the table. Not sure which month or year, honestly. Tried ""sunday dinner"" and it popped up near the top. I jumped to roughly that year with the scrollbar and went month by month. Finally found it after about an hour.",395,Google Photos Help Community > Search & browse,1,"Product Expert: Search by year first, like ""2019"", then scroll within that. Much faster than scrolling from today.",,,,,,60,False,,,,,attempt,True,True,family_memory,found,none_observed,remembered_person; remembered_visual_appearance,exact_date_unknown,metadata,sunday dinner,found,date_browsing,desktop_web,
google_photos_community:syn-goo-0111,google_photos_community,google_photos_help_community,syn-goo-0111,2024-09-08T11:57:53,True,synthetic://google_photos_community/syn-goo-0111,Unable to locate the photo of us dancing at the sangeet,"I search in Photos pretty much every day. I've been looking for the photo of us dancing at the sangeet for days. I need it because I wanted it for our first anniversary post. I remember we had practised that dance for weeks. It was at the sangeet night. I'm not sure if I ever put it in an album. I searched ""dance"" and got no results. I ran out of ideas pretty quickly. I asked my sister if she still had it. Eventually I just gave up. Using photos.google.com on Windows.",472,Google Photos Help Community > Search & browse,1,Product Expert: Check whether the photo was ever backed up. If it was from an old phone it might never have been uploaded.,,,,,,54,False,,,,,attempt,True,True,wedding_memory,abandoned,E_refinement,remembered_context; remembered_event,album_unknown,keyword,dance,not_found,abandonment; ask_another_person,frequent_searcher,
google_photos_community:syn-goo-0112,google_photos_community,google_photos_help_community,syn-goo-0112,2025-11-29T09:34:14,True,synthetic://google_photos_community/syn-goo-0112,Help finding an old photo in my library,"Half my library is screenshots. I'm trying to find the photo of the dessert we ordered at that restaurant. I need it now because I want to go back but forgot the restaurant name. I can picture a chocolate dome with gold stuff on top. It was taken at some rooftop place in Bangalore. Timing wise it was last year, maybe around October. It had my sister in it. I don't remember the name of the place. I searched ""bangalore october"" and got a bunch of pictures that had nothing to do with it. I typed ""chocolate dessert with gold on top"" in search but it just showed random photos. I ran out of ideas pretty quickly. I went through the map view hoping to spot it. I kept retyping different searches. I gave up on finding it. Device: iPhone 14, iOS 18.",748,Google Photos Help Community > Search & browse,1,"Product Expert: Search for the thing plus the city, e.g. ""cake bangalore"", works better than a sentence for me.",,,,,,16,True,,,,,attempt,True,True,food_restaurant_memory,abandoned,E_refinement,remembered_person; remembered_place; remembered_time_approximation; remembered_visual_appearance,exact_location_unknown,metadata; natural_language,bangalore october; chocolate dessert with gold on top,wrong_results; wrong_results,abandonment; location_browsing; repeated_search,screenshot_heavy,
google_photos_community:syn-goo-0113,google_photos_community,google_photos_help_community,syn-goo-0113,2023-12-08T13:38:02,True,synthetic://google_photos_community/syn-goo-0113,Search not finding a photo I know exists,"I'm trying to find the video of my dog meeting the new puppy. It's the funniest thing. I can picture the puppy running circles around him. I can't remember the date at all. I searched ""2020 video"" and nothing came up. Screen recordings don't seem to be indexed at all. I kept retyping different searches. I went through the map view hoping to spot it. Still haven't found it.",375,Google Photos Help Community > Search & browse,1,"Product Expert: Try searching for something visible in the photo instead of what happened, like ""stage"" or ""cake"".",,,,,,69,False,,,,,attempt,True,True,video,not_found,F_data_index_limitation,remembered_emotion; remembered_visual_appearance,exact_date_unknown,metadata,2020 video,not_found,location_browsing; repeated_search,,
google_photos_community:syn-goo-0114,google_photos_community,google_photos_help_community,syn-goo-0114,2024-12-18T02:34:04,True,synthetic://google_photos_community/syn-goo-0114,Search not finding a photo I know exists,"I'm trying to find the photo of the rash on my arm. I need it now because the rash is back and the doctor wants to compare. It's a picture of a rash. All I remember visually is red patches near my elbow. It was about eight months ago. I don't know what word the app would use for it. Not sure which month or year, honestly. Tried ""rash"" and nothing came up. I know exactly what it looks like but can't put it into search words. I checked my Gmail in case I had sent it to someone. Still haven't found it. Device: iPhone 14, iOS 18.",531,Google Photos Help Community > Search & browse,2,"Product Expert: Search by year first, like ""2019"", then scroll within that. Much faster than scrolling from today. || Product Expert: Try searching for something visible in the photo instead of what happened, like ""stage"" or ""cake"".",,,,,,26,False,,,,,attempt,True,True,medical_or_health_image,not_found,A_memory_expression,remembered_object; remembered_time_approximation; remembered_visual_appearance,exact_date_unknown; exact_keyword_unknown,keyword,rash,not_found,other_application,,
google_photos_community:syn-goo-0115,google_photos_community,google_photos_help_community,syn-goo-0115,2026-07-28T04:16:13,True,synthetic://google_photos_community/syn-goo-0115,How can I find an old photo when I don't remember the date?,"Spent an hour looking for the screenshot of a chat where my landlord agreed to the repair and it turns out I had deleted it years ago. Not the app's fault. Device: iPhone 14, iOS 18.",182,Google Photos Help Community > Search & browse,2,"Product Expert: If it was a screenshot, open the Screenshots category first and then scroll by month. || Product Expert: Ask whoever was there, someone in the group chat usually still has it.",,,,,,38,False,,,,,misattribution,True,True,screenshot,not_found,F_data_index_limitation,,,,,,,,failure_not_search_related
google_photos_community:syn-goo-0116,google_photos_community,google_photos_help_community,syn-goo-0116,2024-11-04T15:16:43,True,synthetic://google_photos_community/syn-goo-0116,Unable to locate the picture of my college marksheet,"A lot of my photos come from shared albums. Looking for the picture of my college marksheet. All I remember visually is a certificate with a blue border. The photo shows my marksheet. Timing wise it was maybe 2020 when I was job hunting. I don't know what word the app would use for it. I have no idea what year it was. Tried ""2020 certificate"" and got a bunch of pictures that had nothing to do with it. I didn't know what else to try. I scrolled for like 40 minutes. I kept retyping different searches. Never found it. Device: iPhone 14, iOS 18.",547,Google Photos Help Community > Search & browse,1,"Product Expert: Tip: if location history was on, try the map view and zoom into the area instead of searching the name.",,,,,,12,False,,,,,attempt,True,True,document,not_found,E_refinement,remembered_object; remembered_time_approximation; remembered_visual_appearance,exact_date_unknown; exact_keyword_unknown,metadata,2020 certificate,wrong_results,manual_scrolling; repeated_search,shared_library,
google_photos_community:syn-goo-0117,google_photos_community,google_photos_help_community,syn-goo-0117,2025-04-24T01:01:59,True,synthetic://google_photos_community/syn-goo-0117,Unable to locate the picture of my college marksheet,"I take a ridiculous number of screenshots. I'm trying to find the picture of my college marksheet. I need it because background verification asked for it. All I remember visually is a certificate with a blue border. It had my semester grades on it. It was maybe 2020 when I was job hunting. I can't remember the date at all. No idea what to search for really. I typed ""2020 certificate"" in search and got no results. I searched ""college marksheet with blue border"" and got a bunch of pictures that had nothing to do with it. I searched ""marksheet"" but it just showed random photos. I didn't know what else to try. I checked my Gmail in case I had sent it to someone. Still haven't found it. Using photos.google.com on Windows.",726,Google Photos Help Community > Search & browse,2,"Product Expert: Check whether the photo was ever backed up. If it was from an old phone it might never have been uploaded. || Product Expert: Use the date jump on the scrollbar, drag to the year and go month by month.",,,,,,31,True,,,,,attempt,True,True,document,not_found,E_refinement,remembered_text; remembered_time_approximation; remembered_visual_appearance,exact_date_unknown; exact_keyword_unknown,metadata; natural_language; keyword,2020 certificate; college marksheet with blue border; marksheet,not_found; wrong_results; wrong_results,other_application,screenshot_heavy,
google_photos_community:syn-goo-0118,google_photos_community,google_photos_help_community,syn-goo-0118,2026-04-06T11:18:21,True,synthetic://google_photos_community/syn-goo-0118,Search not finding a photo I know exists,"I'm trying to find the photo of the shoes I tried on in the store. I need it because I want to order them online. I can picture grey shoes with a neon green sole. The photo shows running shoes. It was taken at a mall. No clue what the place was called. I don't know what it's called. Searched for ""grey running shoes with green sole"" but it just showed random photos. Searched for ""mall october"" and got no results. Searched for ""shoes"" and got no results. I just didn't know how to describe it in a way search would get. Ended up scrolling back through years of photos. Eventually I just gave up. Device: iPhone 14, iOS 18.",624,Google Photos Help Community > Search & browse,2,"Product Expert: Use the date jump on the scrollbar, drag to the year and go month by month. || Product Expert: Search by year first, like ""2019"", then scroll within that. Much faster than scrolling from today.",,,,,,25,True,,,,,attempt,True,True,purchase_related_image,abandoned,A_memory_expression,remembered_object; remembered_place; remembered_visual_appearance,exact_location_unknown; exact_object_name_unknown,natural_language; metadata; keyword,grey running shoes with green sole; mall october; shoes,wrong_results; not_found; not_found,abandonment; manual_scrolling,,
google_photos_community:syn-goo-0119,google_photos_community,google_photos_help_community,syn-goo-0119,2025-06-20T23:35:20,True,synthetic://google_photos_community/syn-goo-0119,How can I find the screenshot of the train booking confirmation when I don't remember the date?,"Does anyone know how to find the screenshot of the train booking confirmation? I need it because the TTE asked for the PNR. Timing wise it was last month. It had the PNR number on it. For context, the email never came so I screenshotted the app. I don't remember the exact words on it. I typed ""pnr"" in search but it just showed random photos. I know exactly what it looks like but can't put it into search words. Eventually I searched my WhatsApp chats instead. Finally found it after two evenings. Device: Pixel 8, Android 15.",528,Google Photos Help Community > Search & browse,2,"Product Expert: If it was a screenshot, open the Screenshots category first and then scroll by month. || Product Expert: Tip: if location history was on, try the map view and zoom into the area instead of searching the name.",,,,,,78,False,,,,,attempt,True,True,screenshot,found,A_memory_expression,remembered_context; remembered_text; remembered_time_approximation,exact_text_unknown,metadata,pnr,wrong_results,other_application,,
social_media:syn-soc-0000,social_media,instagram_comments,syn-soc-0000,2026-08-18T23:02:49,True,synthetic://social_media/syn-soc-0000,,"Does anyone know how to find the photo of the street where we got lost? I need it now because we want to frame it. I can picture yellow tiles on the walls and a tram line. I can't recall the name of the event. I typed ""street"" in search and it popped up near the top. Finally found it after half an hour of scrolling. @googlephotos",331,,0,,,,,,,,,1539,24,,,attempt,True,True,travel_memory,found,none_observed,remembered_visual_appearance,event_name_unknown,keyword,street,found,,,
social_media:syn-soc-0001,social_media,x,syn-soc-0001,2026-02-14T02:09:12,True,synthetic://social_media/syn-soc-0001,,The widget on the home screen shows the same photo every day. @googlephotos,75,,0,,,,,,,,,345,0,,,noise,False,False,,,,,,,,,,,
social_media:syn-soc-0002,social_media,x,syn-soc-0002,2023-11-01T16:12:20,True,synthetic://social_media/syn-soc-0002,,"Does anyone know how to find the photo I took of my passport page? It had the passport number and expiry date on it. I can't remember the date at all. I typed ""passport"" in search and nothing came up. The photo is definitely in my library but search never shows it. I scrolled for like 40 minutes. I found a similar one but not the exact photo I wanted.",353,,0,,,,,,,,,1915,137,,,attempt,True,True,document,partially_found,C_retrieval,remembered_text,exact_date_unknown,keyword,passport,not_found,manual_scrolling,,
social_media:syn-soc-0003,social_media,threads,syn-soc-0003,2024-09-30T10:36:38,True,synthetic://social_media/syn-soc-0003,,it would help if the app told me why a photo showed up in results. @googlephotos,80,,0,,,,,,,,,1208,132,,,opinion,True,False,,,,,,,,,,,
social_media:syn-soc-0004,social_media,x,syn-soc-0004,2025-01-03T02:08:03,True,synthetic://social_media/syn-soc-0004,,"i've been looking for a picture of the ramen bowl from the tiny shop for days. it was spring 2023 i think. i don't know what it's called. tried ""ramen"" and it gave me hundreds of photos. all the results look the same as tiny thumbnails. found one that might be it, but i'm not sure it's the same one.",300,,0,,,,,,,,,1736,133,,,attempt,True,True,food_restaurant_memory,uncertain,D_result_evaluation,remembered_time_approximation,exact_object_name_unknown,keyword,ramen,too_many_results,,,
social_media:syn-soc-0005,social_media,x,syn-soc-0005,2023-04-23T19:12:27,True,synthetic://social_media/syn-soc-0005,,"I've been looking for the photo of the prescription for my mother's eye drops for days. Timing wise it was sometime after her cataract surgery. I don't know what it's called. I searched ""prescription"" and got no results. How do you even search for something like that? I checked my Gmail in case I had sent it to someone. Never found it. #GooglePhotos",351,,0,,,,,,,,,628,150,,,attempt,True,True,medical_or_health_image,not_found,A_memory_expression,remembered_time_approximation,exact_object_name_unknown,keyword,prescription,not_found,other_application,,
social_media:syn-soc-0006,social_media,x,syn-soc-0006,2024-10-04T01:44:45,True,synthetic://social_media/syn-soc-0006,,"Honestly I've stopped using search and just scroll, it's more predictable.",74,,0,,,,,,,,,1979,77,,,opinion,True,False,,,,,,,,,,,
social_media:syn-soc-0007,social_media,facebook,syn-soc-0007,2025-06-07T18:30:33,True,synthetic://social_media/syn-soc-0007,,it would help if the app told me why a photo showed up in results. #googlephotos,80,,0,,,,,,,,,1394,178,,,opinion,True,False,,,,,,,,,,,
social_media:syn-soc-0008,social_media,threads,syn-soc-0008,2023-04-02T05:40:37,True,synthetic://social_media/syn-soc-0008,,"I'm trying to find the old scanned photo of my grandparents' wedding. I need it now because we're printing a family tree. I remember black and white, grandma in a big necklace. I have no idea what year it was. I typed ""old photo"" in search and nothing came up. It just doesn't show up in search even though I know it's there. I found a similar one but not the exact photo I wanted.",381,,0,,,,,,,,,1273,171,,,attempt,True,True,family_memory,partially_found,C_retrieval,remembered_visual_appearance,exact_date_unknown,keyword,old photo,not_found,,,
social_media:syn-soc-0009,social_media,instagram_comments,syn-soc-0009,2024-07-12T14:53:55,True,synthetic://social_media/syn-soc-0009,,Update: Printing service delivery took two weeks. The app is slow to load thumbnails on my old phone.,101,,0,,,,,,,,,1686,105,,,noise,False,False,,,,,,,,,,,
social_media:syn-soc-0010,social_media,instagram_comments,syn-soc-0010,2025-09-26T09:13:36,True,synthetic://social_media/syn-soc-0010,,It would help if the app told me why a photo showed up in results.,66,,0,,,,,,,,,85,178,,,opinion,True,False,,,,,,,,,,,
social_media:syn-soc-0011,social_media,instagram_comments,syn-soc-0011,2026-07-29T04:09:52,True,synthetic://social_media/syn-soc-0011,,"Love the collage feature, made a nice one for my mom. #GooglePhotos",67,,0,,,,,,,,,136,46,,,noise,False,False,,,,,,,,,,,
social_media:syn-soc-0012,social_media,x,syn-soc-0012,2023-03-19T14:07:44,True,synthetic://social_media/syn-soc-0012,,"I'm trying to find the photo of the menu at the street food stall. I need it because I want to recommend it to someone visiting. It was a winter evening, not sure which year. No clue what the place was called. I searched ""menu"" and got a bunch of pictures that had nothing to do with it. It took ""menu"" literally and ignored everything else. I found a similar one but not the exact photo I wanted.",397,,0,,,,,,,,,495,111,,,attempt,True,True,food_restaurant_memory,partially_found,B_system_understanding,remembered_time_approximation,exact_location_unknown,keyword,menu,wrong_results,,,
social_media:syn-soc-0013,social_media,x,syn-soc-0013,2025-02-17T05:34:26,True,synthetic://social_media/syn-soc-0013,,"I'm trying to find the photo of the whiteboard from our planning session. I remember we photographed it after the workshop. I can't recall what it said exactly. Searched for ""whiteboard"" but it just showed random photos. It doesn't understand what I'm describing at all. I gave up on finding it.",295,,0,,,,,,,,,461,47,,,attempt,True,True,work_memory,abandoned,B_system_understanding,remembered_context,exact_text_unknown,keyword,whiteboard,wrong_results,abandonment,,
social_media:syn-soc-0014,social_media,facebook,syn-soc-0014,2023-05-23T08:56:54,True,synthetic://social_media/syn-soc-0014,,two things. the locked folder is a nice privacy feature. storage is full again and now they want me to pay for more. too expensive for what it is.,146,,0,,,,,,,,,1140,41,,,noise,False,False,,,,,,,,,,,
social_media:syn-soc-0015,social_media,threads,syn-soc-0015,2025-04-19T18:51:41,True,synthetic://social_media/syn-soc-0015,,"Backup has been stuck on 'preparing' for three days. Very annoying. The editing tools are great, the magic eraser is really good.",129,,0,,,,,,,,,1482,82,,,noise,False,False,,,,,,,,,,,
social_media:syn-soc-0016,social_media,instagram_comments,syn-soc-0016,2026-06-08T09:06:13,True,synthetic://social_media/syn-soc-0016,,"I'm trying to find the photo of the dessert we ordered at that restaurant. We were at some rooftop place in Bangalore when I took it. I don't remember the name of the place. Searched for ""dessert"" and got a bunch of pictures that had nothing to do with it. I didn't know what else to try. I kept retyping different searches. I gave up on finding it. #help",355,,0,,,,,,,,,1882,39,,,attempt,True,True,food_restaurant_memory,abandoned,E_refinement,remembered_place,exact_location_unknown,keyword,dessert,wrong_results,abandonment; repeated_search,,
social_media:syn-soc-0017,social_media,instagram_comments,syn-soc-0017,2025-04-11T15:19:59,True,synthetic://social_media/syn-soc-0017,,"Does anyone know how to find the photo from our college fest? I can picture all of us in black t-shirts in front of a big banner. I can't recall the name of the event. Searched for ""college fest"" and nothing came up. It just doesn't show up in search even though I know it's there. Found one that might be it, but I'm not sure it's the same one. #help",351,,0,,,,,,,,,909,99,,,attempt,True,True,school_or_college_memory,uncertain,C_retrieval,remembered_visual_appearance,event_name_unknown,keyword,college fest,not_found,,,
social_media:syn-soc-0018,social_media,threads,syn-soc-0018,2025-12-21T07:29:49,True,synthetic://social_media/syn-soc-0018,,"Was sure I'd never find a shot of the fireworks at the new year party, but searching ""fireworks"" plus the year got it on the first try. #GooglePhotos",149,,0,,,,,,,,,1164,49,,,success,True,True,event_memory,found,none_observed,,,,,,,,vague_search_succeeded
social_media:syn-soc-0019,social_media,facebook,syn-soc-0019,2025-08-06T19:57:34,True,synthetic://social_media/syn-soc-0019,,it's frustrating that i have to guess what word the app uses for something. @googlephotos,89,,0,,,,,,,,,437,100,,,opinion,True,False,,,,,,,,,,,
social_media:syn-soc-0020,social_media,instagram_comments,syn-soc-0020,2024-02-10T05:29:10,True,synthetic://social_media/syn-soc-0020,,"i've been looking for the picture of the wine label from our anniversary dinner for days. timing wise it was a couple of years back. i don't know what it's called. searched for ""wine"" but it just showed random photos. it took ""wine"" literally and ignored everything else. got it eventually, after three days. @googlephotos",322,,0,,,,,,,,,503,189,,,attempt,True,True,food_restaurant_memory,found,B_system_understanding,remembered_time_approximation,exact_object_name_unknown,keyword,wine,wrong_results,,,
social_media:syn-soc-0021,social_media,x,syn-soc-0021,2024-11-24T06:22:46,True,synthetic://social_media/syn-soc-0021,,"does anyone know how to find the photo of my handwritten letter to myself? the photo shows a letter. i can't recall what it said exactly. tried ""birthday"" and got no results. after that i had no idea what else to try. tried synonyms like ""note"" too. got it eventually, after way too long. @googlephotos",302,,0,,,,,,,,,1643,143,,,attempt,True,True,personal_memory,found,E_refinement,remembered_object,exact_text_unknown,metadata,birthday,not_found,synonym_search,,
social_media:syn-soc-0022,social_media,threads,syn-soc-0022,2023-08-31T19:22:50,True,synthetic://social_media/syn-soc-0022,,"I remember photos by who I was with and what we were doing, not by where the GPS says I was. #help",98,,0,,,,,,,,,1150,141,,,opinion,True,False,,,,,,,,,,,
social_media:syn-soc-0023,social_media,instagram_comments,syn-soc-0023,2024-05-25T04:07:38,True,synthetic://social_media/syn-soc-0023,,"honestly i've stopped using search and just scroll, it's more predictable. #googlephotos",88,,0,,,,,,,,,198,193,,,opinion,True,False,,,,,,,,,,,
social_media:syn-soc-0024,social_media,threads,syn-soc-0024,2023-10-04T22:43:13,True,synthetic://social_media/syn-soc-0024,,"does anyone know how to find the photo of the notes a friend shared before exams? it was final semester. i can't recall what it said exactly. i typed ""handwritten thermodynamics notes"" in search and nothing came up. it just doesn't show up in search even though i know it's there. eventually i just gave up. #help",313,,0,,,,,,,,,227,171,,,attempt,True,True,school_or_college_memory,abandoned,C_retrieval,remembered_time_approximation,exact_text_unknown,natural_language,handwritten thermodynamics notes,not_found,abandonment,,
social_media:syn-soc-0025,social_media,x,syn-soc-0025,2024-06-22T16:20:42,True,synthetic://social_media/syn-soc-0025,,"Looking for the photo of my dad's blood test report. I need it now because the new doctor wants old values. It was before his surgery, early last year. I can't recall what it said exactly. Tried ""blood test report hospital"" and nothing came up. The writing on it isn't searchable, it seems. I gave up on finding it. @googlephotos",329,,0,,,,,,,,,558,191,,,attempt,True,True,medical_or_health_image,abandoned,F_data_index_limitation,remembered_time_approximation,exact_text_unknown,natural_language,blood test report hospital,not_found,abandonment,,
social_media:syn-soc-0026,social_media,threads,syn-soc-0026,2025-05-19T14:49:31,True,synthetic://social_media/syn-soc-0026,,"I'm trying to find the picture of the medicine I took when I was sick last year. I remember the doctor prescribed it when I had that bad fever. No idea what the thing is actually called. Searched for ""medicine"" and got a bunch of pictures that had nothing to do with it. After that I had no idea what else to try. Tried synonyms like ""tablets"" too. I found a similar one but not the exact photo I wanted. @googlephotos",418,,0,,,,,,,,,1931,88,,,attempt,True,True,medical_or_health_image,partially_found,E_refinement,remembered_context,exact_object_name_unknown,keyword,medicine,wrong_results,synonym_search,,
social_media:syn-soc-0027,social_media,instagram_comments,syn-soc-0027,2025-09-28T10:15:15,True,synthetic://social_media/syn-soc-0027,,"something that helps: if it was a screenshot, open the screenshots category first and then scroll by month.",107,,0,,,,,,,,,1881,171,,,advice,True,False,,,,,,,,,,,
social_media:syn-soc-0028,social_media,threads,syn-soc-0028,2023-08-21T00:50:15,True,synthetic://social_media/syn-soc-0028,,"Pro tip: Search for the thing plus the city, e.g. ""cake bangalore"", works better than a sentence for me.",104,,0,,,,,,,,,152,45,,,advice,True,False,,,,,,,,,,,
social_media:syn-soc-0029,social_media,facebook,syn-soc-0029,2023-06-28T02:44:44,True,synthetic://social_media/syn-soc-0029,,update: printing service delivery took two weeks.,49,,0,,,,,,,,,1782,158,,,noise,False,False,,,,,,,,,,,
social_media:syn-soc-0030,social_media,threads,syn-soc-0030,2023-09-07T02:02:41,True,synthetic://social_media/syn-soc-0030,,"Minor gripe: Shared album invite link doesn't work for my dad. The editing tools are great, the magic eraser is really good. #GooglePhotos",138,,0,,,,,,,,,1880,190,,,noise,False,False,,,,,,,,,,,
social_media:syn-soc-0031,social_media,threads,syn-soc-0031,2024-02-09T09:35:06,True,synthetic://social_media/syn-soc-0031,,"Looking for the photo of my son's first steps. It was when he was around one, so 2019 probably. Not sure which month or year, honestly. I typed ""baby standing holding sofa on green rug"" in search and there it was. I went through the face group for that person too. Finally found it after two evenings.",301,,0,,,,,,,,,1433,31,,,attempt,True,True,family_memory,found,none_observed,remembered_time_approximation,exact_date_unknown,natural_language,baby standing holding sofa on green rug,found,people_browsing,,
social_media:syn-soc-0032,social_media,x,syn-soc-0032,2023-05-07T02:17:09,True,synthetic://social_media/syn-soc-0032,,"I've been looking for the picture of the houseboat we stayed on for days. This was during our family trip to Kerala. I don't remember the name of the place. Tried ""dad standing on a boat with a wooden roof"" but it just showed random photos. It doesn't understand what I'm describing at all. I jumped to roughly that year with the scrollbar and went month by month. Eventually I just gave up. @googlephotos",405,,0,,,,,,,,,1269,193,,,attempt,True,True,travel_memory,abandoned,B_system_understanding,remembered_trip,exact_location_unknown,natural_language,dad standing on a boat with a wooden roof,wrong_results,abandonment; date_browsing,,
social_media:syn-soc-0033,social_media,facebook,syn-soc-0033,2023-01-25T03:12:44,True,synthetic://social_media/syn-soc-0033,,"I remember photos by who I was with and what we were doing, not by where the GPS says I was.",92,,0,,,,,,,,,1429,174,,,opinion,True,False,,,,,,,,,,,
social_media:syn-soc-0034,social_media,threads,syn-soc-0034,2025-04-05T16:52:48,True,synthetic://social_media/syn-soc-0034,,"I've been looking for the video of my nephew saying his first word for days. I need it now because it's his first birthday party. Timing wise it was when he was around one. The location data was probably off. I searched ""screen recording"" and got no results. Screen recordings don't seem to be indexed at all. I kept retyping different searches. I gave up on finding it. #help",376,,0,,,,,,,,,290,188,,,attempt,True,True,video,abandoned,F_data_index_limitation,remembered_time_approximation,metadata_unknown,metadata,screen recording,not_found,abandonment; repeated_search,,
social_media:syn-soc-0035,social_media,facebook,syn-soc-0035,2025-02-20T23:01:02,True,synthetic://social_media/syn-soc-0035,,"Honestly, Storage is full again and now they want me to pay for more. Too expensive for what it is. Too many notifications about 'memories' I didn't ask for. #help",163,,0,,,,,,,,,28,111,,,noise,False,False,,,,,,,,,,,
social_media:syn-soc-0036,social_media,instagram_comments,syn-soc-0036,2024-12-24T03:51:35,True,synthetic://social_media/syn-soc-0036,,"looking for the photo of the rash on my arm. i need it now because the rash is back and the doctor wants to compare. i remember red patches near my elbow. i don't remember when exactly. tried ""rash"" and it popped up near the top. eventually i searched my whatsapp chats instead. got it eventually, after about an hour. @googlephotos",332,,0,,,,,,,,,1244,74,,,attempt,True,True,medical_or_health_image,found,none_observed,remembered_visual_appearance,exact_date_unknown,keyword,rash,found,other_application,,
social_media:syn-soc-0037,social_media,threads,syn-soc-0037,2025-05-02T17:51:31,True,synthetic://social_media/syn-soc-0037,,"Was sure I'd never find the photo of my son's vaccination card, but searching ""vaccination"" plus the year got it on the first try. @googlephotos",144,,0,,,,,,,,,693,161,,,success,True,True,document,found,none_observed,,,,,,,,vague_search_succeeded
social_media:syn-soc-0038,social_media,facebook,syn-soc-0038,2023-09-23T19:17:00,True,synthetic://social_media/syn-soc-0038,,"The search is fine if you know exactly what you want, but not when you only half remember it. @googlephotos",107,,0,,,,,,,,,1652,176,,,opinion,True,False,,,,,,,,,,,
social_media:syn-soc-0039,social_media,facebook,syn-soc-0039,2025-09-27T20:30:32,True,synthetic://social_media/syn-soc-0039,,"Does anyone know how to find the photo of us dancing at the sangeet? It's from the sangeet night. I don't remember which album it went into. I typed ""sangeet"" in search and it gave me hundreds of photos. There are so many almost identical shots from that day that I can't tell which one it is. I checked all my albums one by one. Still haven't found it.",353,,0,,,,,,,,,1046,24,,,attempt,True,True,wedding_memory,not_found,D_result_evaluation,remembered_event,album_unknown,metadata,sangeet,too_many_results,album_browsing,,
social_media:syn-soc-0040,social_media,facebook,syn-soc-0040,2025-12-19T17:52:28,True,synthetic://social_media/syn-soc-0040,,"Honestly search is amazing. I typed ""handwritten street food menu board"" and it found the photo of the menu at the street food stall in seconds.",144,,0,,,,,,,,,137,115,,,success,True,True,food_restaurant_memory,found,none_observed,,,,,,,,vague_search_succeeded
social_media:syn-soc-0041,social_media,threads,syn-soc-0041,2024-02-04T19:03:36,True,synthetic://social_media/syn-soc-0041,,"I've been looking for the family photo from Diwali where everyone is wearing white for days. It had the whole extended family in it. I don't remember when exactly. Tried ""family in white clothes with diyas"" and there it was. Got it eventually, after about an hour. @googlephotos",278,,0,,,,,,,,,1619,96,,,attempt,True,True,family_memory,found,none_observed,remembered_person,exact_date_unknown,natural_language,family in white clothes with diyas,found,,,
social_media:syn-soc-0042,social_media,x,syn-soc-0042,2024-06-18T07:26:10,True,synthetic://social_media/syn-soc-0042,,It's frustrating that I have to guess what word the app uses for something. @googlephotos,89,,0,,,,,,,,,59,166,,,opinion,True,False,,,,,,,,,,,
social_media:syn-soc-0043,social_media,instagram_comments,syn-soc-0043,2023-09-11T01:54:31,True,synthetic://social_media/syn-soc-0043,,"Does anyone know how to find a picture of the site inspection issue? I need it now because the client is disputing the report. The photo shows a cracked pipe fitting. No idea what the thing is actually called. I typed ""warehouse"" in search and nothing came up. I think it's on my old phone and never got backed up. Never found it.",330,,0,,,,,,,,,755,36,,,attempt,True,True,work_memory,not_found,F_data_index_limitation,remembered_object,exact_object_name_unknown,metadata,warehouse,not_found,,,
social_media:syn-soc-0044,social_media,instagram_comments,syn-soc-0044,2025-01-07T13:00:03,True,synthetic://social_media/syn-soc-0044,,"does anyone know how to find a screenshot of a map with a pin someone sent? i need it because i'm finally planning that trek. i remember a friend shared the location of a trekking base camp. i don't remember the exact words on it. tried ""map"" and it gave me hundreds of photos. there are so many almost identical shots from that day that i can't tell which one it is. finally found it after about an hour.",405,,0,,,,,,,,,703,192,,,attempt,True,True,screenshot,found,D_result_evaluation,remembered_context,exact_text_unknown,keyword,map,too_many_results,,,
social_media:syn-soc-0045,social_media,x,syn-soc-0045,2025-05-02T23:22:04,True,synthetic://social_media/syn-soc-0045,,"The search is fine if you know exactly what you want, but not when you only half remember it. #GooglePhotos",107,,0,,,,,,,,,1667,53,,,opinion,True,False,,,,,,,,,,,
social_media:syn-soc-0046,social_media,x,syn-soc-0046,2023-02-18T15:06:26,True,synthetic://social_media/syn-soc-0046,,"looking for the photo of the menu at the street food stall. i remember a handwritten board in hindi. i can't remember the date at all. i typed ""menu"" in search and got a bunch of pictures that had nothing to do with it. it took ""menu"" literally and ignored everything else. i scrolled for like 40 minutes. i gave up on finding it.",330,,0,,,,,,,,,409,150,,,attempt,True,True,food_restaurant_memory,abandoned,B_system_understanding,remembered_visual_appearance,exact_date_unknown,keyword,menu,wrong_results,abandonment; manual_scrolling,,
social_media:syn-soc-0047,social_media,threads,syn-soc-0047,2024-12-16T02:56:07,True,synthetic://social_media/syn-soc-0047,,"search should work the way i remember things, like 'black and white wedding photo grandparents', not just single words. @googlephotos",133,,0,,,,,,,,,813,54,,,opinion,True,False,,,,,,,,,,,
social_media:syn-soc-0048,social_media,instagram_comments,syn-soc-0048,2024-07-30T09:40:18,True,synthetic://social_media/syn-soc-0048,,"Use the date jump on the scrollbar, drag to the year and go month by month. @googlephotos",89,,0,,,,,,,,,327,51,,,advice,True,False,,,,,,,,,,,
social_media:syn-soc-0049,social_media,instagram_comments,syn-soc-0049,2024-06-17T14:17:43,True,synthetic://social_media/syn-soc-0049,,"Honestly, Shared album invite link doesn't work for my dad. Can't figure out how to download all my photos to a hard drive. @googlephotos",137,,0,,,,,,,,,59,114,,,noise,False,False,,,,,,,,,,,
social_media:syn-soc-0050,social_media,threads,syn-soc-0050,2023-03-27T14:06:24,True,synthetic://social_media/syn-soc-0050,,Can't figure out how to download all my photos to a hard drive. App keeps crashing when I open a large video. #GooglePhotos,123,,0,,,,,,,,,1555,145,,,noise,False,False,,,,,,,,,,,
social_media:syn-soc-0051,social_media,facebook,syn-soc-0051,2025-10-03T17:28:57,True,synthetic://social_media/syn-soc-0051,,"Does anyone know how to find a photo with a guy we met on a trek? I need it because I found him on Instagram and wanted to send it. It had a guy from Germany we met on the way in it. I never knew his name. Tried ""trek"" and got no results. It just doesn't show up in search even though I know it's there. I asked my sister if she still had it. Eventually I just gave up.",369,,0,,,,,,,,,1628,170,,,attempt,True,True,friend_memory,abandoned,C_retrieval,remembered_person,person_name_unknown,keyword,trek,not_found,abandonment; ask_another_person,,
social_media:syn-soc-0052,social_media,facebook,syn-soc-0052,2023-03-13T04:22:18,True,synthetic://social_media/syn-soc-0052,,"does anyone know how to find the group photo from the night we all stayed up on the terrace? we were on my friend's terrace when i took it. i can't remember the date at all. tried ""terrace"" but it just showed random photos. i ran out of ideas pretty quickly. i asked my sister if she still had it. found one that might be it, but i'm not sure it's the same one. #googlephotos",375,,0,,,,,,,,,935,52,,,attempt,True,True,friend_memory,uncertain,E_refinement,remembered_place,exact_date_unknown,keyword,terrace,wrong_results,ask_another_person,,
social_media:syn-soc-0053,social_media,threads,syn-soc-0053,2023-12-24T00:31:20,True,synthetic://social_media/syn-soc-0053,,"I remember photos by who I was with and what we were doing, not by where the GPS says I was.",92,,0,,,,,,,,,932,148,,,opinion,True,False,,,,,,,,,,,
social_media:syn-soc-0054,social_media,threads,syn-soc-0054,2026-02-27T17:27:58,True,synthetic://social_media/syn-soc-0054,,"Honestly I've stopped using search and just scroll, it's more predictable. #GooglePhotos",88,,0,,,,,,,,,133,101,,,opinion,True,False,,,,,,,,,,,
social_media:syn-soc-0055,social_media,x,syn-soc-0055,2025-06-04T16:57:20,True,synthetic://social_media/syn-soc-0055,,Two things. Backup has been stuck on 'preparing' for three days. Very annoying. #GooglePhotos,93,,0,,,,,,,,,1181,11,,,noise,False,False,,,,,,,,,,,
social_media:syn-soc-0056,social_media,threads,syn-soc-0056,2026-01-20T05:58:02,True,synthetic://social_media/syn-soc-0056,,"Looking for a short video of the band at the pub. It was one weekend, maybe 2022. No clue what the place was called. Searched for ""friday 2022"" and nothing came up. The photo is definitely in my library but search never shows it. I jumped to roughly that year with the scrollbar and went month by month. Got it eventually, after way too long. @googlephotos",356,,0,,,,,,,,,656,188,,,attempt,True,True,video,found,C_retrieval,remembered_time_approximation,exact_location_unknown,metadata,friday 2022,not_found,date_browsing,,
social_media:syn-soc-0057,social_media,instagram_comments,syn-soc-0057,2025-08-15T12:38:59,True,synthetic://social_media/syn-soc-0057,,"Didn't remember anything except a disco ball and me in a pink lehenga, searched for that and it showed up. Impressed. #GooglePhotos",131,,0,,,,,,,,,1383,138,,,success,True,True,wedding_memory,found,none_observed,,,,,,,,vague_search_succeeded
social_media:syn-soc-0058,social_media,x,syn-soc-0058,2025-10-23T19:48:22,True,synthetic://social_media/syn-soc-0058,,"Looking for the video of my dog meeting the new puppy. It had our old dog in it. I can't remember the date at all. Tried ""2020 video"" and nothing came up. Screen recordings don't seem to be indexed at all. I scrolled for like 40 minutes. Eventually I just gave up.",264,,0,,,,,,,,,1178,1,,,attempt,True,True,video,abandoned,F_data_index_limitation,remembered_person,exact_date_unknown,metadata,2020 video,not_found,abandonment; manual_scrolling,,
social_media:syn-soc-0059,social_media,instagram_comments,syn-soc-0059,2025-09-28T04:15:25,True,synthetic://social_media/syn-soc-0059,,"Honestly, Love the collage feature, made a nice one for my mom. @googlephotos",77,,0,,,,,,,,,1071,168,,,noise,False,False,,,,,,,,,,,
social_media:syn-soc-0060,social_media,threads,syn-soc-0060,2023-08-06T08:13:17,True,synthetic://social_media/syn-soc-0060,,Found the family photo from Diwali where everyone is wearing white by searching the person's face and then scrolling a bit. Took two minutes. #help,147,,0,,,,,,,,,1708,177,,,success,True,True,family_memory,found,none_observed,,,,,,,,vague_search_succeeded
social_media:syn-soc-0061,social_media,facebook,syn-soc-0061,2023-08-09T18:01:47,True,synthetic://social_media/syn-soc-0061,,Minor gripe: Storage is full again and now they want me to pay for more. Too expensive for what it is.,102,,0,,,,,,,,,495,193,,,noise,False,False,,,,,,,,,,,
social_media:syn-soc-0062,social_media,x,syn-soc-0062,2025-05-27T22:32:47,True,synthetic://social_media/syn-soc-0062,,"I'm trying to find the photo of the temple on the hill. I need it now because my parents want to visit again. It's from a drive with my parents. I can't recall where exactly it was. Searched for ""mysore 2015"" and there it was. I jumped to roughly that year with the scrollbar and went month by month. Finally found it after half an hour of scrolling. #help",356,,0,,,,,,,,,1390,125,,,attempt,True,True,location_memory,found,none_observed,remembered_trip,exact_location_unknown,metadata,mysore 2015,found,date_browsing,,
social_media:syn-soc-0063,social_media,facebook,syn-soc-0063,2026-07-16T03:25:21,True,synthetic://social_media/syn-soc-0063,,"I've been looking for the photo of my car's insurance papers for days. Timing wise it was last year sometime. I can't recall what it said exactly. Searched for ""car insurance paper on dashboard"" and nothing came up. It just doesn't show up in search even though I know it's there. Ended up scrolling back through years of photos. Eventually I just gave up. #help",362,,0,,,,,,,,,494,154,,,attempt,True,True,document,abandoned,C_retrieval,remembered_time_approximation,exact_text_unknown,natural_language,car insurance paper on dashboard,not_found,abandonment; manual_scrolling,,
social_media:syn-soc-0064,social_media,facebook,syn-soc-0064,2025-07-14T10:40:55,True,synthetic://social_media/syn-soc-0064,,"I'm trying to find a sunset photo from the hotel balcony. This was during that Switzerland trip. I have no idea what year it was. Searched for ""sunset from hotel balcony with red railing"" and it gave me hundreds of photos. All the results look the same as tiny thumbnails. Got it eventually, after two evenings.",311,,0,,,,,,,,,1231,84,,,attempt,True,True,travel_memory,found,D_result_evaluation,remembered_trip,exact_date_unknown,natural_language,sunset from hotel balcony with red railing,too_many_results,,,
social_media:syn-soc-0065,social_media,x,syn-soc-0065,2023-10-13T04:48:21,True,synthetic://social_media/syn-soc-0065,,"Looking for the screenshot where I had the information about that course. I remember someone posted it on LinkedIn. I can't recall what it said exactly. Searched for ""course"" and nothing came up. It just doesn't show up in search even though I know it's there. Finally found it after two evenings.",297,,0,,,,,,,,,897,127,,,attempt,True,True,screenshot,found,C_retrieval,remembered_context,exact_text_unknown,keyword,course,not_found,,,
social_media:syn-soc-0066,social_media,x,syn-soc-0066,2025-12-11T13:24:32,True,synthetic://social_media/syn-soc-0066,,"from experience, tip: if location history was on, try the map view and zoom into the area instead of searching the name.",120,,0,,,,,,,,,857,121,,,advice,True,False,,,,,,,,,,,
social_media:syn-soc-0067,social_media,facebook,syn-soc-0067,2023-05-18T02:22:22,True,synthetic://social_media/syn-soc-0067,,Found the photo of the team at the offsite by searching the person's face and then scrolling a bit. Took two minutes. @googlephotos,131,,0,,,,,,,,,972,102,,,success,True,True,work_memory,found,none_observed,,,,,,,,vague_search_succeeded
social_media:syn-soc-0068,social_media,threads,syn-soc-0068,2023-02-19T05:53:53,True,synthetic://social_media/syn-soc-0068,,Too many notifications about 'memories' I didn't ask for.,57,,0,,,,,,,,,1361,50,,,noise,False,False,,,,,,,,,,,
social_media:syn-soc-0069,social_media,instagram_comments,syn-soc-0069,2025-09-05T02:25:58,True,synthetic://social_media/syn-soc-0069,,"didn't remember anything except red lights and the singer with a violin, searched for that and it showed up. impressed. #googlephotos",133,,0,,,,,,,,,237,143,,,success,True,True,video,found,none_observed,,,,,,,,vague_search_succeeded
social_media:syn-soc-0070,social_media,threads,syn-soc-0070,2025-09-06T17:25:48,True,synthetic://social_media/syn-soc-0070,,"Does anyone know how to find the family photo from Diwali where everyone is wearing white? I remember everyone in white kurtas with diyas in front. I don't remember when exactly. Tried ""family in white clothes with diyas"" and it popped up near the top. Finally found it after way too long.",289,,0,,,,,,,,,794,141,,,attempt,True,True,family_memory,found,none_observed,remembered_visual_appearance,exact_date_unknown,natural_language,family in white clothes with diyas,found,,,
social_media:syn-soc-0071,social_media,instagram_comments,syn-soc-0071,2023-02-26T07:00:45,True,synthetic://social_media/syn-soc-0071,,"I'm trying to find the photo I took of my passport page. I remember my thumb covering one corner. Not sure which month or year, honestly. Searched for ""passport"" but it just showed random photos. I ran out of ideas pretty quickly. Never found it. @googlephotos",260,,0,,,,,,,,,921,155,,,attempt,True,True,document,not_found,E_refinement,remembered_visual_appearance,exact_date_unknown,keyword,passport,wrong_results,,,
social_media:syn-soc-0072,social_media,threads,syn-soc-0072,2026-06-13T18:33:07,True,synthetic://social_media/syn-soc-0072,,Found a picture of my dad teaching my daughter to ride a bike by searching the person's face and then scrolling a bit. Took two minutes. #GooglePhotos,150,,0,,,,,,,,,1226,133,,,success,True,True,family_memory,found,none_observed,,,,,,,,vague_search_succeeded
social_media:syn-soc-0073,social_media,facebook,syn-soc-0073,2024-11-21T03:18:45,True,synthetic://social_media/syn-soc-0073,,"I'm trying to find the photo of the shoes I tried on in the store. I need it now because I want to order them online. Timing wise it was around Diwali sales. No idea what the thing is actually called. I typed ""grey running shoes with green sole"" in search and got no results. Text inside screenshots doesn't seem to be searchable. Ended up scrolling back through years of photos. I gave up on finding it. #help",410,,0,,,,,,,,,1091,132,,,attempt,True,True,purchase_related_image,abandoned,F_data_index_limitation,remembered_time_approximation,exact_object_name_unknown,natural_language,grey running shoes with green sole,not_found,abandonment; manual_scrolling,,
social_media:syn-soc-0074,social_media,threads,syn-soc-0074,2024-07-09T10:31:12,True,synthetic://social_media/syn-soc-0074,,"Honestly, Face grouping merged my twin daughters into one person lol.",69,,0,,,,,,,,,641,82,,,noise,False,False,,,,,,,,,,,
social_media:syn-soc-0075,social_media,facebook,syn-soc-0075,2026-07-31T08:59:38,True,synthetic://social_media/syn-soc-0075,,"Looking for the picture of the pharmacy receipt. I remember thermal paper that was already fading. I don't remember when exactly. I typed ""pharmacy"" in search and nothing came up. It just doesn't show up in search even though I know it's there. Still haven't found it.",268,,0,,,,,,,,,374,165,,,attempt,True,True,receipt,not_found,C_retrieval,remembered_visual_appearance,exact_date_unknown,metadata,pharmacy,not_found,,,
social_media:syn-soc-0076,social_media,x,syn-soc-0076,2024-06-28T01:51:23,True,synthetic://social_media/syn-soc-0076,,"I've been looking for the photo of us dancing at the sangeet for days. I can picture a disco ball and me in a pink lehenga. I'm not sure if I ever put it in an album. I typed ""dance"" in search and it popped up near the top. I checked all my albums one by one. Got it eventually, after two evenings. #help",304,,0,,,,,,,,,975,111,,,attempt,True,True,wedding_memory,found,none_observed,remembered_visual_appearance,album_unknown,keyword,dance,found,album_browsing,,
social_media:syn-soc-0077,social_media,facebook,syn-soc-0077,2025-01-10T01:59:03,True,synthetic://social_media/syn-soc-0077,,"Search should work the way I remember things, like 'ramen bowl with egg at a small shop near station', not just single words.",125,,0,,,,,,,,,220,140,,,opinion,True,False,,,,,,,,,,,
social_media:syn-soc-0078,social_media,x,syn-soc-0078,2026-01-14T22:26:19,True,synthetic://social_media/syn-soc-0078,,"Does anyone know how to find the photo of the dessert we ordered at that restaurant? I need it because I want to go back but forgot the restaurant name. It was at my sister's birthday dinner. I don't remember the name of the place. Tried ""bangalore october"" but it just showed random photos. It seems like search ignores half of what I type and only matches one word. In the end I texted my friend to send it again. Got it eventually, after two evenings. #GooglePhotos",468,,0,,,,,,,,,1169,189,,,attempt,True,True,food_restaurant_memory,found,B_system_understanding,remembered_event,exact_location_unknown,metadata,bangalore october,wrong_results,ask_another_person,,
social_media:syn-soc-0079,social_media,threads,syn-soc-0079,2023-09-13T03:29:01,True,synthetic://social_media/syn-soc-0079,,"Pro tip: Ask whoever was there, someone in the group chat usually still has it. #help",85,,0,,,,,,,,,495,117,,,advice,True,False,,,,,,,,,,,
social_media:syn-soc-0080,social_media,instagram_comments,syn-soc-0080,2023-08-08T00:06:55,True,synthetic://social_media/syn-soc-0080,,It's frustrating that I have to guess what word the app uses for something. @googlephotos,89,,0,,,,,,,,,1187,153,,,opinion,True,False,,,,,,,,,,,
social_media:syn-soc-0081,social_media,instagram_comments,syn-soc-0081,2023-06-17T14:52:27,True,synthetic://social_media/syn-soc-0081,,"Honestly search is amazing. I typed ""whiteboard with launch timeline"" and it found the photo of the whiteboard from our planning session in seconds. #help",154,,0,,,,,,,,,307,189,,,success,True,True,work_memory,found,none_observed,,,,,,,,vague_search_succeeded
social_media:syn-soc-0082,social_media,instagram_comments,syn-soc-0082,2026-01-13T09:53:35,True,synthetic://social_media/syn-soc-0082,,"Honestly search is amazing. I typed ""hexagon wooden wall shelf"" and it found a photo of the bookshelf I wanted to build in seconds. #help",137,,0,,,,,,,,,1617,134,,,success,True,True,object_memory,found,none_observed,,,,,,,,vague_search_succeeded
social_media:syn-soc-0083,social_media,instagram_comments,syn-soc-0083,2026-02-27T08:53:11,True,synthetic://social_media/syn-soc-0083,,"I've been looking for a picture of the waterfall we hiked to for days. I need it now because my cousin asked for it for a reunion slideshow. I remember mist everywhere and everyone in raincoats. I can't remember the date at all. I typed ""waterfall with people in raincoats and mist"" in search and it gave me hundreds of photos. I have hundreds of similar shots and can't tell which one it was. I asked my sister if she still had it. Got it eventually, after about an hour.",472,,0,,,,,,,,,1460,5,,,attempt,True,True,travel_memory,found,D_result_evaluation,remembered_visual_appearance,exact_date_unknown,natural_language,waterfall with people in raincoats and mist,too_many_results,ask_another_person,,
social_media:syn-soc-0084,social_media,x,syn-soc-0084,2023-07-09T22:24:28,True,synthetic://social_media/syn-soc-0084,,"Does anyone know how to find a shot of the fireworks at the new year party? I need it now because I wanted to post a throwback. Timing wise it was one of the new years, 2019 or 2020. I don't remember when exactly. Tried ""fireworks"" and it gave me hundreds of photos. There are so many almost identical shots from that day that I can't tell which one it is. I jumped to roughly that year with the scrollbar and went month by month. Found one that might be it, but I'm not sure it's the same one.",494,,0,,,,,,,,,512,20,,,attempt,True,True,event_memory,uncertain,D_result_evaluation,remembered_time_approximation,exact_date_unknown,keyword,fireworks,too_many_results,date_browsing,,
social_media:syn-soc-0085,social_media,threads,syn-soc-0085,2023-10-18T15:52:13,True,synthetic://social_media/syn-soc-0085,,"honestly, the locked folder is a nice privacy feature. too many notifications about 'memories' i didn't ask for. #googlephotos",126,,0,,,,,,,,,838,79,,,noise,False,False,,,,,,,,,,,
social_media:syn-soc-0086,social_media,facebook,syn-soc-0086,2026-03-18T23:50:02,True,synthetic://social_media/syn-soc-0086,,"Honestly search is amazing. I typed ""small cafe with blue chairs near the beach"" and it found a photo of the tiny café we found in Goa in seconds. #GooglePhotos",160,,0,,,,,,,,,1122,120,,,success,True,True,travel_memory,found,none_observed,,,,,,,,vague_search_succeeded
social_media:syn-soc-0087,social_media,x,syn-soc-0087,2025-11-17T00:45:15,True,synthetic://social_media/syn-soc-0087,,"looking for the photo from our college fest. it had my classmates in it. i don't remember when exactly. tried ""college fest"" and nothing came up. i think it's in my partner's library, not mine. i gave up on finding it.",218,,0,,,,,,,,,806,34,,,attempt,True,True,school_or_college_memory,abandoned,F_data_index_limitation,remembered_person,exact_date_unknown,keyword,college fest,not_found,abandonment,,
social_media:syn-soc-0088,social_media,instagram_comments,syn-soc-0088,2025-08-13T23:34:09,True,synthetic://social_media/syn-soc-0088,,"I'm trying to find a photo of the rental agreement. I remember the landlord only gave us one copy so I photographed every page. I have no idea what year it was. I searched ""rent agreement document pages"" and got a bunch of pictures that had nothing to do with it. I know exactly what it looks like but can't put it into search words. I kept retyping different searches. Never found it. @googlephotos",399,,0,,,,,,,,,1539,64,,,attempt,True,True,document,not_found,A_memory_expression,remembered_context,exact_date_unknown,natural_language,rent agreement document pages,wrong_results,repeated_search,,
social_media:syn-soc-0089,social_media,instagram_comments,syn-soc-0089,2025-06-10T23:14:43,True,synthetic://social_media/syn-soc-0089,,"Does anyone know how to find the photo of us dancing at the sangeet? I need it now because I wanted it for our first anniversary post. It's from the sangeet night. I don't remember which album it went into. I typed ""couple dancing under disco ball pink lehenga"" in search and got thousands of results to scroll through. There are so many almost identical shots from that day that I can't tell which one it is. Eventually I just gave up. #GooglePhotos",450,,0,,,,,,,,,1771,151,,,attempt,True,True,wedding_memory,abandoned,D_result_evaluation,remembered_event,album_unknown,natural_language,couple dancing under disco ball pink lehenga,too_many_results,abandonment,,
social_media:syn-soc-0090,social_media,x,syn-soc-0090,2024-09-10T14:25:51,True,synthetic://social_media/syn-soc-0090,,It would help if the app told me why a photo showed up in results. #GooglePhotos,80,,0,,,,,,,,,1844,58,,,opinion,True,False,,,,,,,,,,,
social_media:syn-soc-0091,social_media,x,syn-soc-0091,2026-02-03T17:22:15,True,synthetic://social_media/syn-soc-0091,,"i'm trying to find the photo of us at the football match. i need it because reunion group chat asked for it. all i remember visually is all of us with painted faces. i have no idea what year it was. i typed ""friends with painted faces at football match"" in search and got a bunch of pictures that had nothing to do with it. i know exactly what it looks like but can't put it into search words. i asked my sister if she still had it. never found it. #help",454,,0,,,,,,,,,721,84,,,attempt,True,True,friend_memory,not_found,A_memory_expression,remembered_visual_appearance,exact_date_unknown,natural_language,friends with painted faces at football match,wrong_results,ask_another_person,,
social_media:syn-soc-0092,social_media,x,syn-soc-0092,2025-06-06T18:42:47,True,synthetic://social_media/syn-soc-0092,,"Does anyone know how to find that photo where I was wearing the blue shirt? I need it now because I need a profile photo for a new job. I know it was at a friend's place, I think. No clue what the place was called. I typed ""me wearing blue shirt white wall"" in search and got a bunch of pictures that had nothing to do with it. It seems like search ignores half of what I type and only matches one word. Got it eventually, after way too long.",442,,0,,,,,,,,,1982,39,,,attempt,True,True,personal_memory,found,B_system_understanding,remembered_place,exact_location_unknown,natural_language,me wearing blue shirt white wall,wrong_results,,,
social_media:syn-soc-0093,social_media,threads,syn-soc-0093,2026-07-24T09:43:30,True,synthetic://social_media/syn-soc-0093,,"Thought search was broken but the photo of us dancing at the sangeet was in my partner's library, not mine. #GooglePhotos",121,,0,,,,,,,,,190,157,,,misattribution,True,True,wedding_memory,not_found,F_data_index_limitation,,,,,,,,failure_not_search_related
social_media:syn-soc-0094,social_media,instagram_comments,syn-soc-0094,2023-12-06T17:58:01,True,synthetic://social_media/syn-soc-0094,,"Looking for the photo from my friend's wedding where we were standing outside. It had the groom and our school gang in it. I can't remember the date at all. Tried ""wedding"" and there it was. Ended up scrolling back through years of photos. Finally found it after way too long.",276,,0,,,,,,,,,1662,87,,,attempt,True,True,wedding_memory,found,none_observed,remembered_person,exact_date_unknown,keyword,wedding,found,manual_scrolling,,
social_media:syn-soc-0095,social_media,threads,syn-soc-0095,2026-04-26T10:56:06,True,synthetic://social_media/syn-soc-0095,,"Does anyone know how to find a short video of the band at the pub? It was while singing a cover of some old song. I don't know what it's called. I typed ""video of band with violin red lights pub"" in search and got no results. Screen recordings don't seem to be indexed at all. I kept retyping different searches. Eventually I just gave up.",339,,0,,,,,,,,,1136,57,,,attempt,True,True,video,abandoned,F_data_index_limitation,remembered_activity,exact_object_name_unknown,natural_language,video of band with violin red lights pub,not_found,abandonment; repeated_search,,
social_media:syn-soc-0096,social_media,facebook,syn-soc-0096,2023-11-10T03:35:23,True,synthetic://social_media/syn-soc-0096,,"Two things. Love the collage feature, made a nice one for my mom.",65,,0,,,,,,,,,845,190,,,noise,False,False,,,,,,,,,,,
social_media:syn-soc-0097,social_media,threads,syn-soc-0097,2025-09-23T17:54:29,True,synthetic://social_media/syn-soc-0097,,"Does anyone know how to find the picture of the pharmacy receipt? I remember thermal paper that was already fading. Not sure which month or year, honestly. Searched for ""pharmacy medicine bill"" and got no results. The photo is definitely in my library but search never shows it. I kept retyping different searches. Found one that might be it, but I'm not sure it's the same one.",378,,0,,,,,,,,,830,110,,,attempt,True,True,receipt,uncertain,C_retrieval,remembered_visual_appearance,exact_date_unknown,natural_language,pharmacy medicine bill,not_found,repeated_search,,
social_media:syn-soc-0098,social_media,instagram_comments,syn-soc-0098,2023-11-23T21:46:18,True,synthetic://social_media/syn-soc-0098,,"didn't remember anything except a yellow jacket and a flag behind us, searched for that and it showed up. impressed.",116,,0,,,,,,,,,1747,21,,,success,True,True,friend_memory,found,none_observed,,,,,,,,vague_search_succeeded
social_media:syn-soc-0099,social_media,threads,syn-soc-0099,2026-01-11T15:36:09,True,synthetic://social_media/syn-soc-0099,,Update: Storage is full again and now they want me to pay for more. Too expensive for what it is.,97,,0,,,,,,,,,105,0,,,noise,False,False,,,,,,,,,,,
social_media:syn-soc-0100,social_media,threads,syn-soc-0100,2023-05-14T16:49:59,True,synthetic://social_media/syn-soc-0100,,"I'm trying to find a sunset photo from the hotel balcony. I remember my wife being in it. I can't remember the date at all. Searched for ""sunset from hotel balcony with red railing"" and there it was. I went through the map view hoping to spot it. Got it eventually, after two evenings. @googlephotos",299,,0,,,,,,,,,1317,198,,,attempt,True,True,travel_memory,found,none_observed,remembered_person,exact_date_unknown,natural_language,sunset from hotel balcony with red railing,found,location_browsing,,
social_media:syn-soc-0101,social_media,facebook,syn-soc-0101,2024-04-03T10:19:44,True,synthetic://social_media/syn-soc-0101,,Minor gripe: I wish the video editor had more music options. #help,66,,0,,,,,,,,,1361,41,,,noise,False,False,,,,,,,,,,,
social_media:syn-soc-0102,social_media,instagram_comments,syn-soc-0102,2024-09-19T10:41:29,True,synthetic://social_media/syn-soc-0102,,"The search is fine if you know exactly what you want, but not when you only half remember it. #help",99,,0,,,,,,,,,1652,60,,,opinion,True,False,,,,,,,,,,,
social_media:syn-soc-0103,social_media,facebook,syn-soc-0103,2025-04-19T04:27:51,True,synthetic://social_media/syn-soc-0103,,"I'm trying to find the picture of the dent on my car. I need it now because the insurance surveyor wants the original photo. I remember a scratch on the silver door near the handle. I can't remember the date at all. I typed ""dent on silver car door"" in search and it popped up near the top. Got it eventually, after way too long.",329,,0,,,,,,,,,1919,181,,,attempt,True,True,object_memory,found,none_observed,remembered_visual_appearance,exact_date_unknown,natural_language,dent on silver car door,found,,,
social_media:syn-soc-0104,social_media,facebook,syn-soc-0104,2025-01-15T05:41:56,True,synthetic://social_media/syn-soc-0104,,"from experience, tip: if location history was on, try the map view and zoom into the area instead of searching the name. #googlephotos",134,,0,,,,,,,,,135,12,,,advice,True,False,,,,,,,,,,,
social_media:syn-soc-0105,social_media,instagram_comments,syn-soc-0105,2023-03-28T05:06:34,True,synthetic://social_media/syn-soc-0105,,"Does anyone know how to find a photo of the bookshelf I wanted to build? The photo shows a wall shelf. Not sure which month or year, honestly. I searched ""shelf"" but it just showed random photos. It took ""shelf"" literally and ignored everything else. I scrolled for like 40 minutes. Eventually I just gave up.",309,,0,,,,,,,,,1960,71,,,attempt,True,True,object_memory,abandoned,B_system_understanding,remembered_object,exact_date_unknown,metadata,shelf,wrong_results,abandonment; manual_scrolling,,
social_media:syn-soc-0106,social_media,facebook,syn-soc-0106,2023-01-19T22:59:36,True,synthetic://social_media/syn-soc-0106,,spent an hour looking for the screenshot of the train booking confirmation and it turns out i had deleted it years ago. not the app's fault. @googlephotos,154,,0,,,,,,,,,690,0,,,misattribution,True,True,screenshot,not_found,F_data_index_limitation,,,,,,,,failure_not_search_related
social_media:syn-soc-0107,social_media,facebook,syn-soc-0107,2024-03-08T05:22:53,True,synthetic://social_media/syn-soc-0107,,"I don't remember dates, nobody does. Searching by date is useless for old memories.",83,,0,,,,,,,,,1087,100,,,opinion,True,False,,,,,,,,,,,
social_media:syn-soc-0108,social_media,threads,syn-soc-0108,2026-03-17T08:24:30,True,synthetic://social_media/syn-soc-0108,,"Does anyone know how to find the video of my nephew saying his first word? For context, it was a video call I screen-recorded. The location data was probably off. Searched for ""baby saying first word video"" and nothing came up. Screen recordings don't seem to be indexed at all. I went through the map view hoping to spot it. Found one that might be it, but I'm not sure it's the same one.",389,,0,,,,,,,,,920,67,,,attempt,True,True,video,uncertain,F_data_index_limitation,remembered_context,metadata_unknown,natural_language,baby saying first word video,not_found,location_browsing,,
social_media:syn-soc-0109,social_media,facebook,syn-soc-0109,2024-04-14T21:06:04,True,synthetic://social_media/syn-soc-0109,,It would help if the app told me why a photo showed up in results. #help,72,,0,,,,,,,,,8,135,,,opinion,True,False,,,,,,,,,,,
social_media:syn-soc-0110,social_media,x,syn-soc-0110,2025-03-24T00:04:54,True,synthetic://social_media/syn-soc-0110,,"Was sure I'd never find the old scanned photo of my grandparents' wedding, but searching ""old photo"" plus the year got it on the first try.",139,,0,,,,,,,,,1643,70,,,success,True,True,family_memory,found,none_observed,,,,,,,,vague_search_succeeded
social_media:syn-soc-0111,social_media,threads,syn-soc-0111,2026-05-14T01:51:50,True,synthetic://social_media/syn-soc-0111,,"Honestly, Storage is full again and now they want me to pay for more. Too expensive for what it is. Syncing between my two phones is inconsistent.",146,,0,,,,,,,,,1093,169,,,noise,False,False,,,,,,,,,,,
social_media:syn-soc-0112,social_media,x,syn-soc-0112,2025-01-10T03:33:13,True,synthetic://social_media/syn-soc-0112,,"I've been looking for the screenshot of the product I wanted to buy for days. I need it because there's a sale now. For context, I saw it in an ad and screenshotted it. I don't know what it's called. Tried ""lamp"" and got no results. How do you even search for something like that? I scrolled for like 40 minutes. Still haven't found it. @googlephotos",350,,0,,,,,,,,,156,39,,,attempt,True,True,purchase_related_image,not_found,A_memory_expression,remembered_context,exact_object_name_unknown,keyword,lamp,not_found,manual_scrolling,,
social_media:syn-soc-0113,social_media,x,syn-soc-0113,2026-01-21T09:06:44,True,synthetic://social_media/syn-soc-0113,,"i've been looking for the photo of a plant i saw at a nursery for days. i know it was at a nursery near my office. no idea what the thing is actually called. i searched ""plant with purple striped leaves"" and it popped up near the top. got it eventually, after two evenings.",273,,0,,,,,,,,,129,41,,,attempt,True,True,object_memory,found,none_observed,remembered_place,exact_object_name_unknown,natural_language,plant with purple striped leaves,found,,,
social_media:syn-soc-0114,social_media,x,syn-soc-0114,2026-08-08T13:25:48,True,synthetic://social_media/syn-soc-0114,,"i've been looking for a photo of the biryani my grandmother made for days. i need it now because she passed away and i really want that picture. i remember a huge copper pot and her hands in the shot. i can't remember the date at all. i searched ""eid 2021"" and it gave me hundreds of photos. i have hundreds of similar shots and can't tell which one it was. tried synonyms like ""rice"" too. never found it.",405,,0,,,,,,,,,927,48,,,attempt,True,True,food_restaurant_memory,not_found,D_result_evaluation,remembered_visual_appearance,exact_date_unknown,metadata,eid 2021,too_many_results,synonym_search,,
social_media:syn-soc-0115,social_media,facebook,syn-soc-0115,2024-11-24T15:07:44,True,synthetic://social_media/syn-soc-0115,,"thought search was broken but the photo of my daughter on stage at her school play was in my partner's library, not mine.",121,,0,,,,,,,,,1765,118,,,misattribution,True,True,event_memory,not_found,F_data_index_limitation,,,,,,,,failure_not_search_related
social_media:syn-soc-0116,social_media,instagram_comments,syn-soc-0116,2026-02-23T04:14:29,True,synthetic://social_media/syn-soc-0116,,"Thought search was broken but the picture of the dent on my car was in my partner's library, not mine. #GooglePhotos",116,,0,,,,,,,,,1012,141,,,misattribution,True,True,object_memory,not_found,F_data_index_limitation,,,,,,,,failure_not_search_related
social_media:syn-soc-0117,social_media,threads,syn-soc-0117,2026-07-03T01:10:57,True,synthetic://social_media/syn-soc-0117,,Spent an hour looking for the screenshot of a chat where my landlord agreed to the repair and it turns out I had deleted it years ago. Not the app's fault. @googlephotos,169,,0,,,,,,,,,639,137,,,misattribution,True,True,screenshot,not_found,F_data_index_limitation,,,,,,,,failure_not_search_related
social_media:syn-soc-0118,social_media,x,syn-soc-0118,2024-01-14T03:23:19,True,synthetic://social_media/syn-soc-0118,,"does anyone know how to find the group photo from the night we all stayed up on the terrace? i need it now because one of them is getting married and we're making a video. i remember fairy lights and everyone squinting because of the flash. i don't remember the person's name. i typed ""friends on terrace at night with fairy lights"" in search and got a bunch of pictures that had nothing to do with it. after that i had no idea what else to try. i found a similar one but not the exact photo i wanted.",501,,0,,,,,,,,,742,29,,,attempt,True,True,friend_memory,partially_found,E_refinement,remembered_visual_appearance,person_name_unknown,natural_language,friends on terrace at night with fairy lights,wrong_results,,,
social_media:syn-soc-0119,social_media,x,syn-soc-0119,2023-09-11T06:38:56,True,synthetic://social_media/syn-soc-0119,,"Didn't remember anything except confetti in the air behind us, searched for that and it showed up. Impressed. #GooglePhotos",123,,0,,,,,,,,,474,12,,,success,True,True,friend_memory,found,none_observed,,,,,,,,vague_search_succeeded
youtube:syn-you-0000,youtube,youtube_comments,syn-you-0000,2023-08-08T12:25:42,True,synthetic://youtube/syn-you-0000,,"i remember photos by who i was with and what we were doing, not by where the gps says i was.",92,Google Photos vs iCloud Photos: which is better?,0,,,,,,,,,295,,,,opinion,True,False,,,,,,,,,,,
youtube:syn-you-0001,youtube,youtube_comments,syn-you-0001,2024-05-31T00:06:40,True,synthetic://youtube/syn-you-0001,,"I've been looking for the picture of the medicine I took when I was sick last year for days. It was last year, maybe during the rainy season. I don't remember the exact words on it. Tried ""medicine strip orange tablets"" and got no results. The writing on it isn't searchable, it seems. Tried synonyms like ""tablets"" too. Eventually I just gave up.",347,Google Photos hidden features (2025),0,,,,,,,,,125,,,,attempt,True,True,medical_or_health_image,abandoned,F_data_index_limitation,remembered_time_approximation,exact_text_unknown,natural_language,medicine strip orange tablets,not_found,abandonment; synonym_search,,
youtube:syn-you-0002,youtube,youtube_comments,syn-you-0002,2025-09-03T14:13:16,True,synthetic://youtube/syn-you-0002,,"Great video. Still, looking for the picture of the dent on my car. It was maybe 6 months ago. Not sure which month or year, honestly. Searched for ""car dent"" and it popped up near the top. Tried synonyms like ""scratch"" too. Finally found it after half an hour of scrolling.",273,Google Photos vs iCloud Photos: which is better?,0,,,,,,,,,451,,,,attempt,True,True,object_memory,found,none_observed,remembered_time_approximation,exact_date_unknown,metadata,car dent,found,synonym_search,,
youtube:syn-you-0003,youtube,youtube_comments,syn-you-0003,2025-02-26T07:58:08,True,synthetic://youtube/syn-you-0003,,Found a picture of the ramen bowl from the tiny shop by searching the person's face and then scrolling a bit. Took two minutes.,127,"Organise 50,000 photos in one afternoon",0,,,,,,,,,1314,,,,success,True,True,food_restaurant_memory,found,none_observed,,,,,,,,vague_search_succeeded
youtube:syn-you-0004,youtube,youtube_comments,syn-you-0004,2025-12-05T09:16:38,True,synthetic://youtube/syn-you-0004,,"Honestly, Face grouping merged my twin daughters into one person lol.",69,10 Google Photos search tricks you didn't know,0,,,,,,,,,556,,,,noise,False,False,,,,,,,,,,,
youtube:syn-you-0005,youtube,youtube_comments,syn-you-0005,2025-04-06T00:44:20,True,synthetic://youtube/syn-you-0005,,"Honestly I've stopped using search and just scroll, it's more predictable.",74,"Organise 50,000 photos in one afternoon",0,,,,,,,,,219,,,,opinion,True,False,,,,,,,,,,,
youtube:syn-you-0006,youtube,youtube_comments,syn-you-0006,2025-02-17T17:10:46,True,synthetic://youtube/syn-you-0006,,"great video. still, i've been looking for a photo with a guy we met on a trek for days. i remember a yellow jacket and a flag behind us. i don't remember the person's name. i typed ""trek"" in search and got a bunch of pictures that had nothing to do with it. i know exactly what it looks like but can't put it into search words. i went through the face group for that person too. found one that might be it, but i'm not sure it's the same one.",442,Google Photos hidden features (2025),0,,,,,,,,,665,,,,attempt,True,True,friend_memory,uncertain,A_memory_expression,remembered_visual_appearance,person_name_unknown,keyword,trek,wrong_results,people_browsing,,
youtube:syn-you-0007,youtube,youtube_comments,syn-you-0007,2024-05-08T19:23:14,True,synthetic://youtube/syn-you-0007,,It would help if the app told me why a photo showed up in results.,66,Google Photos vs iCloud Photos: which is better?,0,,,,,,,,,466,,,,opinion,True,False,,,,,,,,,,,
youtube:syn-you-0008,youtube,youtube_comments,syn-you-0008,2026-03-03T04:59:16,True,synthetic://youtube/syn-you-0008,,"Honestly search is amazing. I typed ""restaurant bill split between friends"" and it found the photo of the bill I took sometime last summer in seconds.",150,Google Photos vs iCloud Photos: which is better?,0,,,,,,,,,89,,,,success,True,True,receipt,found,none_observed,,,,,,,,vague_search_succeeded
youtube:syn-you-0009,youtube,youtube_comments,syn-you-0009,2024-05-27T21:47:03,True,synthetic://youtube/syn-you-0009,,"Great video. Still, i'm trying to find the photo from my friend's wedding where we were standing outside. I need it now because it's their anniversary next week. It was a couple of years ago, winter. I don't remember when exactly. I searched ""wedding"" and it popped up near the top. Finally found it after about an hour.",320,10 Google Photos search tricks you didn't know,0,,,,,,,,,974,,,,attempt,True,True,wedding_memory,found,none_observed,remembered_time_approximation,exact_date_unknown,keyword,wedding,found,,,
youtube:syn-you-0010,youtube,youtube_comments,syn-you-0010,2024-03-19T14:59:36,True,synthetic://youtube/syn-you-0010,,Found the photo I took of my passport page by searching the person's face and then scrolling a bit. Took two minutes.,117,10 Google Photos search tricks you didn't know,0,,,,,,,,,181,,,,success,True,True,document,found,none_observed,,,,,,,,vague_search_succeeded
youtube:syn-you-0011,youtube,youtube_comments,syn-you-0011,2023-01-01T15:33:01,True,synthetic://youtube/syn-you-0011,,It's frustrating that I have to guess what word the app uses for something.,75,How to find old photos fast on Android,0,,,,,,,,,730,,,,opinion,True,False,,,,,,,,,,,
youtube:syn-you-0012,youtube,youtube_comments,syn-you-0012,2023-02-25T03:33:00,True,synthetic://youtube/syn-you-0012,,"Something that helps: Try searching for something visible in the photo instead of what happened, like ""stage"" or ""cake"".",120,"Organise 50,000 photos in one afternoon",0,,,,,,,,,43,,,,advice,True,False,,,,,,,,,,,
youtube:syn-you-0013,youtube,youtube_comments,syn-you-0013,2023-11-18T08:31:39,True,synthetic://youtube/syn-you-0013,,"what worked for me: try searching for something visible in the photo instead of what happened, like ""stage"" or ""cake"".",118,10 Google Photos search tricks you didn't know,0,,,,,,,,,367,,,,advice,True,False,,,,,,,,,,,
youtube:syn-you-0014,youtube,youtube_comments,syn-you-0014,2023-09-29T10:44:26,True,synthetic://youtube/syn-you-0014,,"What worked for me: If it was a screenshot, open the Screenshots category first and then scroll by month.",105,10 Google Photos search tricks you didn't know,0,,,,,,,,,1355,,,,advice,True,False,,,,,,,,,,,
youtube:syn-you-0015,youtube,youtube_comments,syn-you-0015,2023-08-11T03:05:18,True,synthetic://youtube/syn-you-0015,,"Great video. Still, i've been looking for the picture of the medicine I took when I was sick last year for days. I need it because I'm sick again and want the same medicine. I remember a silver strip with orange tablets. Not sure which month or year, honestly. I typed ""medicine"" in search and nothing came up. I didn't know what else to try. I gave up on finding it.",367,10 Google Photos search tricks you didn't know,0,,,,,,,,,314,,,,attempt,True,True,medical_or_health_image,abandoned,E_refinement,remembered_visual_appearance,exact_date_unknown,keyword,medicine,not_found,abandonment,,
youtube:syn-you-0016,youtube,youtube_comments,syn-you-0016,2024-08-28T13:40:20,True,synthetic://youtube/syn-you-0016,,"looking for the photo of the team at the offsite. it had my old team in it. i can't remember the date at all. i typed ""team in matching t shirts by a pool"" in search but it just showed random photos. i didn't know what else to try. finally found it after way too long.",268,10 Google Photos search tricks you didn't know,0,,,,,,,,,1190,,,,attempt,True,True,work_memory,found,E_refinement,remembered_person,exact_date_unknown,natural_language,team in matching t shirts by a pool,wrong_results,,,
youtube:syn-you-0017,youtube,youtube_comments,syn-you-0017,2026-01-05T03:24:20,True,synthetic://youtube/syn-you-0017,,"looking for the screenshot where i had the information about that course. i need it because the application deadline might be close. all i remember visually is a blue banner with a university logo. i don't know what word the app would use for it. i searched ""course"" and it gave me hundreds of photos. i have hundreds of similar shots and can't tell which one it was. found one that might be it, but i'm not sure it's the same one.",431,How to find old photos fast on Android,0,,,,,,,,,1124,,,,attempt,True,True,screenshot,uncertain,D_result_evaluation,remembered_visual_appearance,exact_keyword_unknown,keyword,course,too_many_results,,,
youtube:syn-you-0018,youtube,youtube_comments,syn-you-0018,2025-05-25T17:51:31,True,synthetic://youtube/syn-you-0018,,"What worked for me: Tip: if location history was on, try the map view and zoom into the area instead of searching the name.",123,Google Photos hidden features (2025),0,,,,,,,,,451,,,,advice,True,False,,,,,,,,,,,
youtube:syn-you-0019,youtube,youtube_comments,syn-you-0019,2026-07-03T16:06:19,True,synthetic://youtube/syn-you-0019,,Update: Syncing between my two phones is inconsistent.,54,Google Photos vs iCloud Photos: which is better?,0,,,,,,,,,1476,,,,noise,False,False,,,,,,,,,,,
youtube:syn-you-0020,youtube,youtube_comments,syn-you-0020,2026-08-19T13:31:38,True,synthetic://youtube/syn-you-0020,,"this didn't help me: i'm trying to find a sunset photo from the hotel balcony. it's from that switzerland trip. i don't remember the name of the place. i searched ""sunset"" and nothing came up. i ran out of ideas pretty quickly. got it eventually, after three days.",264,10 Google Photos search tricks you didn't know,0,,,,,,,,,1472,,,,attempt,True,True,travel_memory,found,E_refinement,remembered_trip,exact_location_unknown,keyword,sunset,not_found,,,
youtube:syn-you-0021,youtube,youtube_comments,syn-you-0021,2023-08-24T18:21:02,True,synthetic://youtube/syn-you-0021,,"Honestly I've stopped using search and just scroll, it's more predictable.",74,How to find old photos fast on Android,0,,,,,,,,,598,,,,opinion,True,False,,,,,,,,,,,
youtube:syn-you-0022,youtube,youtube_comments,syn-you-0022,2023-10-30T21:51:28,True,synthetic://youtube/syn-you-0022,,"Search for the thing plus the city, e.g. ""cake bangalore"", works better than a sentence for me.",95,"Organise 50,000 photos in one afternoon",0,,,,,,,,,1105,,,,advice,True,False,,,,,,,,,,,
youtube:syn-you-0023,youtube,youtube_comments,syn-you-0023,2023-12-26T10:31:16,True,synthetic://youtube/syn-you-0023,,"Was sure I'd never find the photo I took of my passport page, but searching ""passport"" plus the year got it on the first try.",125,"Organise 50,000 photos in one afternoon",0,,,,,,,,,86,,,,success,True,True,document,found,none_observed,,,,,,,,vague_search_succeeded
youtube:syn-you-0024,youtube,youtube_comments,syn-you-0024,2023-11-02T09:48:32,True,synthetic://youtube/syn-you-0024,,"Great video. Still, does anyone know how to find the picture of my college marksheet? I remember it showed my semester grades. I don't remember when exactly. I typed ""marksheet"" in search and nothing came up. The text in the photo doesn't seem to be searchable. Eventually I searched my WhatsApp chats instead. Still haven't found it.",334,How to find old photos fast on Android,0,,,,,,,,,756,,,,attempt,True,True,document,not_found,F_data_index_limitation,remembered_text,exact_date_unknown,keyword,marksheet,not_found,other_application,,
youtube:syn-you-0025,youtube,youtube_comments,syn-you-0025,2023-03-27T20:07:02,True,synthetic://youtube/syn-you-0025,,Found the candid of my cousin laughing during the haldi by searching the person's face and then scrolling a bit. Took two minutes.,130,10 Google Photos search tricks you didn't know,0,,,,,,,,,1280,,,,success,True,True,wedding_memory,found,none_observed,,,,,,,,vague_search_succeeded
youtube:syn-you-0026,youtube,youtube_comments,syn-you-0026,2024-05-07T14:56:03,True,synthetic://youtube/syn-you-0026,,"From experience, If it was a screenshot, open the Screenshots category first and then scroll by month.",102,"Organise 50,000 photos in one afternoon",0,,,,,,,,,1143,,,,advice,True,False,,,,,,,,,,,
youtube:syn-you-0027,youtube,youtube_comments,syn-you-0027,2024-01-20T19:14:08,True,synthetic://youtube/syn-you-0027,,"Tried the tips from this video but i've been looking for the photo of the stage when they announced the results for days. I need it because I need it for my portfolio. I remember my team being in it. I don't remember when exactly. Tried ""awards december"" and it popped up near the top. I went through the face group for that person too. Finally found it after way too long.",373,Google Photos vs iCloud Photos: which is better?,0,,,,,,,,,548,,,,attempt,True,True,event_memory,found,none_observed,remembered_person,exact_date_unknown,metadata,awards december,found,people_browsing,,
youtube:syn-you-0028,youtube,youtube_comments,syn-you-0028,2025-03-10T10:37:03,True,synthetic://youtube/syn-you-0028,,"Looking for a screenshot of a recipe from Instagram. It had something with paneer and cashew paste on it. No idea what to search for really. I typed ""recipe"" in search and got no results. Text inside screenshots doesn't seem to be searchable. Never found it.",258,Google Photos hidden features (2025),0,,,,,,,,,726,,,,attempt,True,True,screenshot,not_found,F_data_index_limitation,remembered_text,exact_keyword_unknown,keyword,recipe,not_found,,,
youtube:syn-you-0029,youtube,youtube_comments,syn-you-0029,2023-03-28T06:47:36,True,synthetic://youtube/syn-you-0029,,It would help if the app told me why a photo showed up in results.,66,Google Photos hidden features (2025),0,,,,,,,,,1476,,,,opinion,True,False,,,,,,,,,,,
youtube:syn-you-0030,youtube,youtube_comments,syn-you-0030,2024-01-28T00:50:49,True,synthetic://youtube/syn-you-0030,,"Honestly, Cancelled my subscription, moving everything to an external drive. App keeps crashing when I open a large video.",122,10 Google Photos search tricks you didn't know,0,,,,,,,,,962,,,,noise,False,False,,,,,,,,,,,
youtube:syn-you-0031,youtube,youtube_comments,syn-you-0031,2025-11-16T20:57:39,True,synthetic://youtube/syn-you-0031,,"Couldn't find the photo with the bride and my grandmother anywhere, then realised it was on my old phone and never got backed up.",129,"Organise 50,000 photos in one afternoon",0,,,,,,,,,46,,,,misattribution,True,True,wedding_memory,not_found,F_data_index_limitation,,,,,,,,failure_not_search_related
youtube:syn-you-0032,youtube,youtube_comments,syn-you-0032,2024-02-02T19:09:31,True,synthetic://youtube/syn-you-0032,,"this didn't help me: i've been looking for the screenshot of a chat where my landlord agreed to the repair for days. i remember i screenshotted the whatsapp chat as proof. i don't remember when exactly. i typed ""screenshot of chat with landlord about repair"" in search and nothing came up. the photo is definitely in my library but search never shows it. still haven't found it.",378,How to find old photos fast on Android,0,,,,,,,,,1451,,,,attempt,True,True,screenshot,not_found,C_retrieval,remembered_context,exact_date_unknown,natural_language,screenshot of chat with landlord about repair,not_found,,,
youtube:syn-you-0033,youtube,youtube_comments,syn-you-0033,2023-07-04T03:26:36,True,synthetic://youtube/syn-you-0033,,Too many notifications about 'memories' I didn't ask for.,57,"Organise 50,000 photos in one afternoon",0,,,,,,,,,931,,,,noise,False,False,,,,,,,,,,,
youtube:syn-you-0034,youtube,youtube_comments,syn-you-0034,2023-04-09T22:04:49,True,synthetic://youtube/syn-you-0034,,"thought search was broken but the screenshot where i had the information about that course was in my partner's library, not mine.",129,Google Photos hidden features (2025),0,,,,,,,,,1215,,,,misattribution,True,True,screenshot,not_found,F_data_index_limitation,,,,,,,,failure_not_search_related
youtube:syn-you-0035,youtube,youtube_comments,syn-you-0035,2024-03-03T00:58:02,True,synthetic://youtube/syn-you-0035,,"This didn't help me: i've been looking for the screenshot of the train booking confirmation for days. It was last month. I don't remember the exact words on it. I searched ""train ticket booking confirmation screenshot"" and got no results. Text inside screenshots doesn't seem to be searchable. Eventually I searched my WhatsApp chats instead. Found one that might be it, but I'm not sure it's the same one.",406,10 Google Photos search tricks you didn't know,0,,,,,,,,,685,,,,attempt,True,True,screenshot,uncertain,F_data_index_limitation,remembered_time_approximation,exact_text_unknown,natural_language,train ticket booking confirmation screenshot,not_found,other_application,,
youtube:syn-you-0036,youtube,youtube_comments,syn-you-0036,2026-05-08T19:04:24,True,synthetic://youtube/syn-you-0036,,It would help if the app told me why a photo showed up in results.,66,Google Photos hidden features (2025),0,,,,,,,,,1409,,,,opinion,True,False,,,,,,,,,,,
youtube:syn-you-0037,youtube,youtube_comments,syn-you-0037,2023-02-24T21:21:21,True,synthetic://youtube/syn-you-0037,,"Looking for the photo of my son's vaccination card. I need it now because school admission needs it. It was when he was a baby. I don't know what it's called. I searched ""baby vaccination card pink"" and got no results. After that I had no idea what else to try. I checked my Gmail in case I had sent it to someone. Found one that might be it, but I'm not sure it's the same one.",378,Google Photos hidden features (2025),0,,,,,,,,,349,,,,attempt,True,True,document,uncertain,E_refinement,remembered_time_approximation,exact_object_name_unknown,natural_language,baby vaccination card pink,not_found,other_application,,
youtube:syn-you-0038,youtube,youtube_comments,syn-you-0038,2026-05-27T21:55:00,True,synthetic://youtube/syn-you-0038,,"What worked for me: If it was a screenshot, open the Screenshots category first and then scroll by month.",105,Google Photos hidden features (2025),0,,,,,,,,,150,,,,advice,True,False,,,,,,,,,,,
youtube:syn-you-0039,youtube,youtube_comments,syn-you-0039,2023-09-21T15:31:44,True,synthetic://youtube/syn-you-0039,,"Tried the tips from this video but does anyone know how to find the selfie from the concert? I need it now because it's her birthday and I want to post it. It was at the Coldplay concert. I don't remember when exactly. Searched for ""selfie at concert with confetti"" and got no results. I think it's in my partner's library, not mine. I jumped to roughly that year with the scrollbar and went month by month. Found one that might be it, but I'm not sure it's the same one.",471,Google Photos hidden features (2025),0,,,,,,,,,113,,,,attempt,True,True,friend_memory,uncertain,F_data_index_limitation,remembered_event,exact_date_unknown,natural_language,selfie at concert with confetti,not_found,date_browsing,,
youtube:syn-you-0040,youtube,youtube_comments,syn-you-0040,2023-08-11T17:40:20,True,synthetic://youtube/syn-you-0040,,"I'm trying to find the old scanned photo of my grandparents' wedding. I need it because we're printing a family tree. It's a scan my uncle sent me. I can't remember the date at all. I typed ""black and white wedding photo grandparents"" in search and nothing came up. I think it's in my partner's library, not mine. Never found it.",329,Google Photos vs iCloud Photos: which is better?,0,,,,,,,,,1149,,,,attempt,True,True,family_memory,not_found,F_data_index_limitation,remembered_relationship,exact_date_unknown,natural_language,black and white wedding photo grandparents,not_found,,,
youtube:syn-you-0041,youtube,youtube_comments,syn-you-0041,2024-06-24T10:34:23,True,synthetic://youtube/syn-you-0041,,"Thought search was broken but a picture of the ramen bowl from the tiny shop was in my partner's library, not mine.",115,10 Google Photos search tricks you didn't know,0,,,,,,,,,237,,,,misattribution,True,True,food_restaurant_memory,not_found,F_data_index_limitation,,,,,,,,failure_not_search_related
youtube:syn-you-0042,youtube,youtube_comments,syn-you-0042,2024-02-02T12:28:26,True,synthetic://youtube/syn-you-0042,,Found the photo from our college fest by searching the person's face and then scrolling a bit. Took two minutes.,112,Google Photos hidden features (2025),0,,,,,,,,,976,,,,success,True,True,school_or_college_memory,found,none_observed,,,,,,,,vague_search_succeeded
youtube:syn-you-0043,youtube,youtube_comments,syn-you-0043,2024-06-06T21:13:21,True,synthetic://youtube/syn-you-0043,,"I'm trying to find the photo of my first tattoo right after I got it. I need it now because the artist asked for a before picture. For context, it was still covered with cling film. I have no idea what year it was. I searched ""tattoo"" and got a bunch of pictures that had nothing to do with it. It took ""tattoo"" literally and ignored everything else. Finally found it after way too long.",387,"Organise 50,000 photos in one afternoon",0,,,,,,,,,1446,,,,attempt,True,True,personal_memory,found,B_system_understanding,remembered_context,exact_date_unknown,metadata,tattoo,wrong_results,,,
youtube:syn-you-0044,youtube,youtube_comments,syn-you-0044,2026-07-02T20:51:06,True,synthetic://youtube/syn-you-0044,,It would help if the app told me why a photo showed up in results.,66,How to find old photos fast on Android,0,,,,,,,,,1131,,,,opinion,True,False,,,,,,,,,,,
youtube:syn-you-0045,youtube,youtube_comments,syn-you-0045,2023-07-03T19:00:47,True,synthetic://youtube/syn-you-0045,,"Something that helps: Ask whoever was there, someone in the group chat usually still has it.",92,Google Photos hidden features (2025),0,,,,,,,,,1096,,,,advice,True,False,,,,,,,,,,,
youtube:syn-you-0046,youtube,youtube_comments,syn-you-0046,2026-07-28T20:42:28,True,synthetic://youtube/syn-you-0046,,Something that helps: Name the face groups. Searching a person's name works way better than describing them.,108,Google Photos hidden features (2025),0,,,,,,,,,676,,,,advice,True,False,,,,,,,,,,,
youtube:syn-you-0047,youtube,youtube_comments,syn-you-0047,2026-06-21T07:04:47,True,synthetic://youtube/syn-you-0047,,"the search is fine if you know exactly what you want, but not when you only half remember it.",93,Google Photos hidden features (2025),0,,,,,,,,,221,,,,opinion,True,False,,,,,,,,,,,
youtube:syn-you-0048,youtube,youtube_comments,syn-you-0048,2024-03-18T11:16:07,True,synthetic://youtube/syn-you-0048,,"Great video. Still, i'm trying to find the screenshot of the product I wanted to buy. All I remember visually is a brass lamp with a curved neck. I don't remember the exact words on it. I searched ""lamp"" and got no results. Text inside screenshots doesn't seem to be searchable. Tried synonyms like ""light"" too. Never found it.",327,"Organise 50,000 photos in one afternoon",0,,,,,,,,,1242,,,,attempt,True,True,purchase_related_image,not_found,F_data_index_limitation,remembered_visual_appearance,exact_text_unknown,keyword,lamp,not_found,synonym_search,,
youtube:syn-you-0049,youtube,youtube_comments,syn-you-0049,2024-06-28T03:24:14,True,synthetic://youtube/syn-you-0049,,"I'm trying to find a screenshot of a map with a pin someone sent. Timing wise it was a year or two ago. No clue what the place was called. I typed ""map"" in search and nothing came up. The photo is definitely in my library but search never shows it. I scrolled for like 40 minutes. I found a similar one but not the exact photo I wanted.",336,"Organise 50,000 photos in one afternoon",0,,,,,,,,,774,,,,attempt,True,True,screenshot,partially_found,C_retrieval,remembered_time_approximation,exact_location_unknown,keyword,map,not_found,manual_scrolling,,
youtube:syn-you-0050,youtube,youtube_comments,syn-you-0050,2026-04-18T11:18:49,True,synthetic://youtube/syn-you-0050,,"Looking for the photo of the rash on my arm. For context, I took it to show the dermatologist how it looked on day one. I don't remember when exactly. I typed ""red rash on arm"" in search and got no results. The writing on it isn't searchable, it seems. Eventually I just gave up.",279,10 Google Photos search tricks you didn't know,0,,,,,,,,,60,,,,attempt,True,True,medical_or_health_image,abandoned,F_data_index_limitation,remembered_context,exact_date_unknown,natural_language,red rash on arm,not_found,abandonment,,
youtube:syn-you-0051,youtube,youtube_comments,syn-you-0051,2023-01-14T18:42:37,True,synthetic://youtube/syn-you-0051,,"Search should work the way I remember things, like 'ramen bowl with egg at a small shop near station', not just single words.",125,"Organise 50,000 photos in one afternoon",0,,,,,,,,,800,,,,opinion,True,False,,,,,,,,,,,
youtube:syn-you-0052,youtube,youtube_comments,syn-you-0052,2023-04-23T04:15:07,True,synthetic://youtube/syn-you-0052,,"from experience, search by year first, like ""2019"", then scroll within that. much faster than scrolling from today.",115,"Organise 50,000 photos in one afternoon",0,,,,,,,,,413,,,,advice,True,False,,,,,,,,,,,
youtube:syn-you-0053,youtube,youtube_comments,syn-you-0053,2023-02-22T01:44:40,True,synthetic://youtube/syn-you-0053,,"didn't remember anything except a google maps screen with a red pin in the hills, searched for that and it showed up. impressed.",128,Google Photos vs iCloud Photos: which is better?,0,,,,,,,,,1080,,,,success,True,True,screenshot,found,none_observed,,,,,,,,vague_search_succeeded
youtube:syn-you-0054,youtube,youtube_comments,syn-you-0054,2024-08-23T22:55:57,True,synthetic://youtube/syn-you-0054,,"pro tip: search by year first, like ""2019"", then scroll within that. much faster than scrolling from today.",107,10 Google Photos search tricks you didn't know,0,,,,,,,,,658,,,,advice,True,False,,,,,,,,,,,
youtube:syn-you-0055,youtube,youtube_comments,syn-you-0055,2026-04-07T16:08:26,True,synthetic://youtube/syn-you-0055,,"was sure i'd never find the candid of my cousin laughing during the haldi, but searching ""haldi"" plus the year got it on the first try.",135,Google Photos vs iCloud Photos: which is better?,0,,,,,,,,,1284,,,,success,True,True,wedding_memory,found,none_observed,,,,,,,,vague_search_succeeded
youtube:syn-you-0056,youtube,youtube_comments,syn-you-0056,2025-02-26T01:44:11,True,synthetic://youtube/syn-you-0056,,"This didn't help me: i've been looking for a screenshot of a recipe from Instagram for days. I need it now because guests are coming this weekend. It had something with paneer and cashew paste on it. No idea what to search for really. Tried ""instagram screenshot"" and got thousands of results to scroll through. There are so many almost identical shots from that day that I can't tell which one it is. Never found it.",417,"Organise 50,000 photos in one afternoon",0,,,,,,,,,136,,,,attempt,True,True,screenshot,not_found,D_result_evaluation,remembered_text,exact_keyword_unknown,metadata,instagram screenshot,too_many_results,,,
youtube:syn-you-0057,youtube,youtube_comments,syn-you-0057,2025-12-28T09:34:05,True,synthetic://youtube/syn-you-0057,,Minor gripe: Storage is full again and now they want me to pay for more. Too expensive for what it is. Uploading in original quality eats my data plan.,151,Google Photos hidden features (2025),0,,,,,,,,,406,,,,noise,False,False,,,,,,,,,,,
youtube:syn-you-0058,youtube,youtube_comments,syn-you-0058,2025-01-02T06:14:05,True,synthetic://youtube/syn-you-0058,,"didn't remember anything except a pink bicycle and dad in his old cap, searched for that and it showed up. impressed.",117,How to find old photos fast on Android,0,,,,,,,,,821,,,,success,True,True,family_memory,found,none_observed,,,,,,,,vague_search_succeeded
youtube:syn-you-0059,youtube,youtube_comments,syn-you-0059,2023-01-22T07:27:38,True,synthetic://youtube/syn-you-0059,,"I remember photos by who I was with and what we were doing, not by where the GPS says I was.",92,10 Google Photos search tricks you didn't know,0,,,,,,,,,160,,,,opinion,True,False,,,,,,,,,,,
youtube:syn-you-0060,youtube,youtube_comments,syn-you-0060,2024-10-23T01:44:23,True,synthetic://youtube/syn-you-0060,,"does anyone know how to find a photo of the tiny café we found in goa? i need it because my friend is going to goa and asked for the name. i remember blue wooden chairs and a hand-painted menu board. not sure which month or year, honestly. i typed ""goa 2022"" in search and got no results. how do you even search for something like that? finally found it after three days.",371,How to find old photos fast on Android,0,,,,,,,,,1045,,,,attempt,True,True,travel_memory,found,A_memory_expression,remembered_visual_appearance,exact_date_unknown,metadata,goa 2022,not_found,,,
youtube:syn-you-0061,youtube,youtube_comments,syn-you-0061,2024-07-18T10:22:04,True,synthetic://youtube/syn-you-0061,,Name the face groups. Searching a person's name works way better than describing them.,86,Google Photos hidden features (2025),0,,,,,,,,,925,,,,advice,True,False,,,,,,,,,,,
youtube:syn-you-0062,youtube,youtube_comments,syn-you-0062,2024-06-18T18:54:42,True,synthetic://youtube/syn-you-0062,,"Great video. Still, i've been looking for the group photo from the night we all stayed up on the terrace for days. It was final year of college, so around 2016. I can't remember the date at all. I searched ""terrace"" and got no results. I didn't know what else to try. Found one that might be it, but I'm not sure it's the same one.",331,"Organise 50,000 photos in one afternoon",0,,,,,,,,,1118,,,,attempt,True,True,friend_memory,uncertain,E_refinement,remembered_time_approximation,exact_date_unknown,keyword,terrace,not_found,,,
youtube:syn-you-0063,youtube,youtube_comments,syn-you-0063,2026-01-20T23:10:47,True,synthetic://youtube/syn-you-0063,,"I'm trying to find the photo of the temple on the hill. It's from a drive with my parents. No clue what the place was called. I typed ""white temple on hill with steps"" in search and nothing came up. It just doesn't show up in search even though I know it's there. Found one that might be it, but I'm not sure it's the same one.",327,10 Google Photos search tricks you didn't know,0,,,,,,,,,928,,,,attempt,True,True,location_memory,uncertain,C_retrieval,remembered_trip,exact_location_unknown,natural_language,white temple on hill with steps,not_found,,,
youtube:syn-you-0064,youtube,youtube_comments,syn-you-0064,2025-04-09T18:52:11,True,synthetic://youtube/syn-you-0064,,"I don't remember dates, nobody does. Searching by date is useless for old memories.",83,10 Google Photos search tricks you didn't know,0,,,,,,,,,747,,,,opinion,True,False,,,,,,,,,,,
youtube:syn-you-0065,youtube,youtube_comments,syn-you-0065,2025-12-06T23:42:47,True,synthetic://youtube/syn-you-0065,,"Tried the tips from this video but looking for the candid of my cousin laughing during the haldi. I need it now because she wants it for her album. It had my cousin in it. I have no idea what year it was. I searched ""2023 wedding"" and got thousands of results to scroll through. All the results look the same as tiny thumbnails. Eventually I just gave up.",355,"Organise 50,000 photos in one afternoon",0,,,,,,,,,284,,,,attempt,True,True,wedding_memory,abandoned,D_result_evaluation,remembered_person,exact_date_unknown,metadata,2023 wedding,too_many_results,abandonment,,
youtube:syn-you-0066,youtube,youtube_comments,syn-you-0066,2026-05-25T12:17:45,True,synthetic://youtube/syn-you-0066,,"This didn't help me: does anyone know how to find the photo of us dancing at the sangeet? I remember we had practised that dance for weeks. I'm not sure if I ever put it in an album. I searched ""dance"" and nothing came up. It just doesn't show up in search even though I know it's there. I scrolled for like 40 minutes. Still haven't found it.",343,"Organise 50,000 photos in one afternoon",0,,,,,,,,,1133,,,,attempt,True,True,wedding_memory,not_found,C_retrieval,remembered_context,album_unknown,keyword,dance,not_found,manual_scrolling,,
youtube:syn-you-0067,youtube,youtube_comments,syn-you-0067,2024-12-11T16:27:06,True,synthetic://youtube/syn-you-0067,,"You can search text inside photos sometimes, but it only works if the words are clear in the image.",99,"Organise 50,000 photos in one afternoon",0,,,,,,,,,1039,,,,advice,True,False,,,,,,,,,,,
youtube:syn-you-0068,youtube,youtube_comments,syn-you-0068,2026-06-04T19:22:36,True,synthetic://youtube/syn-you-0068,,"I've been looking for that picture from the trip where we stayed near the beach for days. I need it because I want to book the same homestay. It was taken at a homestay near a quiet beach. No clue what the place was called. Searched for ""hammock between coconut trees near beach homestay"" and there it was. Got it eventually, after way too long.",345,"Organise 50,000 photos in one afternoon",0,,,,,,,,,307,,,,attempt,True,True,location_memory,found,none_observed,remembered_place,exact_location_unknown,natural_language,hammock between coconut trees near beach homestay,found,,,
youtube:syn-you-0069,youtube,youtube_comments,syn-you-0069,2025-10-15T05:36:13,True,synthetic://youtube/syn-you-0069,,"The search is fine if you know exactly what you want, but not when you only half remember it.",93,How to find old photos fast on Android,0,,,,,,,,,1057,,,,opinion,True,False,,,,,,,,,,,
youtube:syn-you-0070,youtube,youtube_comments,syn-you-0070,2024-07-26T19:43:30,True,synthetic://youtube/syn-you-0070,,"Looking for the photo I took of my passport page. I need it now because I need the number urgently for a booking. I remember I took it when applying for a visa. I can't recall what it said exactly. Searched for ""photo of passport page"" and nothing came up. The photo is definitely in my library but search never shows it. Eventually I just gave up.",348,How to find old photos fast on Android,0,,,,,,,,,549,,,,attempt,True,True,document,abandoned,C_retrieval,remembered_context,exact_text_unknown,natural_language,photo of passport page,not_found,abandonment,,
youtube:syn-you-0071,youtube,youtube_comments,syn-you-0071,2024-11-02T06:47:38,True,synthetic://youtube/syn-you-0071,,"Looking for the photo of my handwritten letter to myself. I remember I wrote it on my 25th birthday and took a photo before sealing it. I can't recall what it said exactly. I searched ""letter"" and got thousands of results to scroll through. All the results look the same as tiny thumbnails. Got it eventually, after about an hour.",330,Google Photos vs iCloud Photos: which is better?,0,,,,,,,,,364,,,,attempt,True,True,personal_memory,found,D_result_evaluation,remembered_context,exact_text_unknown,keyword,letter,too_many_results,,,
youtube:syn-you-0072,youtube,youtube_comments,syn-you-0072,2023-12-10T20:57:04,True,synthetic://youtube/syn-you-0072,,Pro tip: Name the face groups. Searching a person's name works way better than describing them.,95,Google Photos vs iCloud Photos: which is better?,0,,,,,,,,,1206,,,,advice,True,False,,,,,,,,,,,
youtube:syn-you-0073,youtube,youtube_comments,syn-you-0073,2026-05-30T13:28:23,True,synthetic://youtube/syn-you-0073,,minor gripe: shared album invite link doesn't work for my dad.,62,Google Photos hidden features (2025),0,,,,,,,,,1033,,,,noise,False,False,,,,,,,,,,,
youtube:syn-you-0074,youtube,youtube_comments,syn-you-0074,2026-05-11T17:37:51,True,synthetic://youtube/syn-you-0074,,"Tried the tips from this video but does anyone know how to find the screenshot of a chat where my landlord agreed to the repair? I need it now because he's now saying he never agreed. It had my landlord in it. I don't remember when exactly. Tried ""whatsapp"" and got no results. The photo is definitely in my library but search never shows it. Found one that might be it, but I'm not sure it's the same one.",406,Google Photos hidden features (2025),0,,,,,,,,,1068,,,,attempt,True,True,screenshot,uncertain,C_retrieval,remembered_person,exact_date_unknown,keyword,whatsapp,not_found,,,
youtube:syn-you-0075,youtube,youtube_comments,syn-you-0075,2023-03-19T03:07:53,True,synthetic://youtube/syn-you-0075,,It's frustrating that I have to guess what word the app uses for something.,75,Google Photos hidden features (2025),0,,,,,,,,,807,,,,opinion,True,False,,,,,,,,,,,
youtube:syn-you-0076,youtube,youtube_comments,syn-you-0076,2024-10-31T11:56:00,True,synthetic://youtube/syn-you-0076,,The app is slow to load thumbnails on my old phone. The locked folder is a nice privacy feature.,96,10 Google Photos search tricks you didn't know,0,,,,,,,,,443,,,,noise,False,False,,,,,,,,,,,
youtube:syn-you-0077,youtube,youtube_comments,syn-you-0077,2023-05-04T22:01:47,True,synthetic://youtube/syn-you-0077,,"Great video. Still, does anyone know how to find the candid of my cousin laughing during the haldi? I need it now because she wants it for her album. It was the morning before the wedding, 2023. I have no idea what year it was. I typed ""haldi"" in search and it gave me hundreds of photos. All the results look the same as tiny thumbnails. Ended up scrolling back through years of photos. I found a similar one but not the exact photo I wanted.",443,Google Photos vs iCloud Photos: which is better?,0,,,,,,,,,13,,,,attempt,True,True,wedding_memory,partially_found,D_result_evaluation,remembered_time_approximation,exact_date_unknown,keyword,haldi,too_many_results,manual_scrolling,,
youtube:syn-you-0078,youtube,youtube_comments,syn-you-0078,2025-11-10T12:16:48,True,synthetic://youtube/syn-you-0078,,"I've been looking for a photo of the biryani my grandmother made for days. I can picture a huge copper pot and her hands in the shot. Not sure which month or year, honestly. I typed ""eid 2021"" in search and got thousands of results to scroll through. There are so many almost identical shots from that day that I can't tell which one it is. Found one that might be it, but I'm not sure it's the same one.",404,"Organise 50,000 photos in one afternoon",0,,,,,,,,,1294,,,,attempt,True,True,food_restaurant_memory,uncertain,D_result_evaluation,remembered_visual_appearance,exact_date_unknown,metadata,eid 2021,too_many_results,,,
youtube:syn-you-0079,youtube,youtube_comments,syn-you-0079,2025-01-14T11:33:12,True,synthetic://youtube/syn-you-0079,,something that helps: name the face groups. searching a person's name works way better than describing them.,108,"Organise 50,000 photos in one afternoon",0,,,,,,,,,589,,,,advice,True,False,,,,,,,,,,,
youtube:syn-you-0080,youtube,youtube_comments,syn-you-0080,2023-09-01T03:01:16,True,synthetic://youtube/syn-you-0080,,minor gripe: the app is slow to load thumbnails on my old phone.,64,Google Photos vs iCloud Photos: which is better?,0,,,,,,,,,680,,,,noise,False,False,,,,,,,,,,,
youtube:syn-you-0081,youtube,youtube_comments,syn-you-0081,2023-03-29T05:40:39,True,synthetic://youtube/syn-you-0081,,"Tip: if location history was on, try the map view and zoom into the area instead of searching the name.",103,How to find old photos fast on Android,0,,,,,,,,,1309,,,,advice,True,False,,,,,,,,,,,
youtube:syn-you-0082,youtube,youtube_comments,syn-you-0082,2024-04-29T04:46:27,True,synthetic://youtube/syn-you-0082,,"Honestly search is amazing. I typed ""red rash on arm"" and it found the photo of the rash on my arm in seconds.",110,10 Google Photos search tricks you didn't know,0,,,,,,,,,667,,,,success,True,True,medical_or_health_image,found,none_observed,,,,,,,,vague_search_succeeded
youtube:syn-you-0083,youtube,youtube_comments,syn-you-0083,2024-11-27T17:29:43,True,synthetic://youtube/syn-you-0083,,"Couldn't find a photo of the tiny café we found in Goa anywhere, then realised it was on my old phone and never got backed up.",126,"Organise 50,000 photos in one afternoon",0,,,,,,,,,417,,,,misattribution,True,True,travel_memory,not_found,F_data_index_limitation,,,,,,,,failure_not_search_related
youtube:syn-you-0084,youtube,youtube_comments,syn-you-0084,2024-01-09T03:39:15,True,synthetic://youtube/syn-you-0084,,"From experience, Search for the thing plus the city, e.g. ""cake bangalore"", works better than a sentence for me.",112,How to find old photos fast on Android,0,,,,,,,,,582,,,,advice,True,False,,,,,,,,,,,
youtube:syn-you-0085,youtube,youtube_comments,syn-you-0085,2026-04-16T22:34:19,True,synthetic://youtube/syn-you-0085,,"Couldn't find the photo of my son's vaccination card anywhere, then realised it was on my old phone and never got backed up.",124,Google Photos vs iCloud Photos: which is better?,0,,,,,,,,,295,,,,misattribution,True,True,document,not_found,F_data_index_limitation,,,,,,,,failure_not_search_related
youtube:syn-you-0086,youtube,youtube_comments,syn-you-0086,2023-05-09T04:35:53,True,synthetic://youtube/syn-you-0086,,"this didn't help me: i'm trying to find the photo of a plant i saw at a nursery. i need it because i want to buy it now that i have a balcony. timing wise it was last spring. i can't recall where exactly it was. tried ""plant"" but it just showed random photos. how do you even search for something like that? eventually i just gave up.",334,Google Photos hidden features (2025),0,,,,,,,,,1321,,,,attempt,True,True,object_memory,abandoned,A_memory_expression,remembered_time_approximation,exact_location_unknown,keyword,plant,wrong_results,abandonment,,
youtube:syn-you-0087,youtube,youtube_comments,syn-you-0087,2025-09-10T16:54:11,True,synthetic://youtube/syn-you-0087,,"I've been looking for the photo of the stage when they announced the results for days. I need it now because I need it for my portfolio. Timing wise it was around the end of the year, 2022 or 2023. I have no idea what year it was. I searched ""me on stage with trophy under purple lights"" and got thousands of results to scroll through. There are so many almost identical shots from that day that I can't tell which one it is. I gave up on finding it.",450,How to find old photos fast on Android,0,,,,,,,,,1151,,,,attempt,True,True,event_memory,abandoned,D_result_evaluation,remembered_time_approximation,exact_date_unknown,natural_language,me on stage with trophy under purple lights,too_many_results,abandonment,,
youtube:syn-you-0088,youtube,youtube_comments,syn-you-0088,2026-03-15T01:11:25,True,synthetic://youtube/syn-you-0088,,"i don't remember dates, nobody does. searching by date is useless for old memories.",83,Google Photos hidden features (2025),0,,,,,,,,,1266,,,,opinion,True,False,,,,,,,,,,,
youtube:syn-you-0089,youtube,youtube_comments,syn-you-0089,2026-02-08T08:46:40,True,synthetic://youtube/syn-you-0089,,"from experience, name the face groups. searching a person's name works way better than describing them.",103,10 Google Photos search tricks you didn't know,0,,,,,,,,,803,,,,advice,True,False,,,,,,,,,,,
youtube:syn-you-0090,youtube,youtube_comments,syn-you-0090,2023-07-26T15:33:00,True,synthetic://youtube/syn-you-0090,,"This didn't help me: looking for the picture of the dent on my car. It's a picture of a dent on the car door. I have no idea what year it was. Tried ""car"" and there it was. Got it eventually, after two evenings.",211,10 Google Photos search tricks you didn't know,0,,,,,,,,,1311,,,,attempt,True,True,object_memory,found,none_observed,remembered_object,exact_date_unknown,keyword,car,found,,,
youtube:syn-you-0091,youtube,youtube_comments,syn-you-0091,2024-08-16T08:59:52,True,synthetic://youtube/syn-you-0091,,"This didn't help me: looking for the photo of the warranty card for the washing machine. I need it now because the machine broke and service wants the warranty. I can picture a small card taped to the invoice. I can't recall what it said exactly. Searched for ""washing machine warranty card"" and nothing came up. The text on the bill isn't searchable as far as I can tell. I gave up on finding it.",397,How to find old photos fast on Android,0,,,,,,,,,534,,,,attempt,True,True,receipt,abandoned,F_data_index_limitation,remembered_visual_appearance,exact_text_unknown,natural_language,washing machine warranty card,not_found,abandonment,,
youtube:syn-you-0092,youtube,youtube_comments,syn-you-0092,2024-10-31T05:02:04,True,synthetic://youtube/syn-you-0092,,"this didn't help me: i've been looking for the photo of the electrician's handwritten estimate for days. i need it because he's charging way more now. i can picture blue pen on lined paper. i don't know what word the app would use for it. tried ""estimate"" and got a bunch of pictures that had nothing to do with it. i didn't know what else to try. ended up scrolling back through years of photos. i gave up on finding it.",421,"Organise 50,000 photos in one afternoon",0,,,,,,,,,497,,,,attempt,True,True,receipt,abandoned,E_refinement,remembered_visual_appearance,exact_keyword_unknown,keyword,estimate,wrong_results,abandonment; manual_scrolling,,
youtube:syn-you-0093,youtube,youtube_comments,syn-you-0093,2025-01-01T06:43:23,True,synthetic://youtube/syn-you-0093,,"This didn't help me: i'm trying to find the photo of the view from the train window. It's from the Europe backpacking trip. I don't remember the name of the place. Searched for ""view from train window with green hills"" and got a bunch of pictures that had nothing to do with it. It took ""train"" literally and ignored everything else. I found a similar one but not the exact photo I wanted.",389,Google Photos vs iCloud Photos: which is better?,0,,,,,,,,,124,,,,attempt,True,True,travel_memory,partially_found,B_system_understanding,remembered_trip,exact_location_unknown,natural_language,view from train window with green hills,wrong_results,,,
youtube:syn-you-0094,youtube,youtube_comments,syn-you-0094,2024-12-14T00:52:29,True,synthetic://youtube/syn-you-0094,,"Does anyone know how to find that photo where I was wearing the blue shirt? I need it because I need a profile photo for a new job. I know it was at a friend's place, I think. I don't remember the name of the place. I searched ""summer"" and there it was. Finally found it after three days.",288,Google Photos hidden features (2025),0,,,,,,,,,978,,,,attempt,True,True,personal_memory,found,none_observed,remembered_place,exact_location_unknown,metadata,summer,found,,,
youtube:syn-you-0095,youtube,youtube_comments,syn-you-0095,2023-04-27T22:17:06,True,synthetic://youtube/syn-you-0095,,"Something that helps: If it was a screenshot, open the Screenshots category first and then scroll by month.",107,10 Google Photos search tricks you didn't know,0,,,,,,,,,1180,,,,advice,True,False,,,,,,,,,,,
youtube:syn-you-0096,youtube,youtube_comments,syn-you-0096,2025-04-04T03:48:17,True,synthetic://youtube/syn-you-0096,,"Great video. Still, looking for a photo of the rental agreement. I need it because the landlord is refusing to return the deposit. It's a picture of the rental agreement. I can't recall what it said exactly. I searched ""rent agreement document pages"" and nothing came up. The photo is definitely in my library but search never shows it. Still haven't found it.",360,10 Google Photos search tricks you didn't know,0,,,,,,,,,247,,,,attempt,True,True,document,not_found,C_retrieval,remembered_object,exact_text_unknown,natural_language,rent agreement document pages,not_found,,,
youtube:syn-you-0097,youtube,youtube_comments,syn-you-0097,2025-12-19T15:56:01,True,synthetic://youtube/syn-you-0097,,"Didn't remember anything except a wooden roof and my dad standing at the front, searched for that and it showed up. Impressed.",126,Google Photos hidden features (2025),0,,,,,,,,,1275,,,,success,True,True,travel_memory,found,none_observed,,,,,,,,vague_search_succeeded
youtube:syn-you-0098,youtube,youtube_comments,syn-you-0098,2023-01-18T20:59:13,True,synthetic://youtube/syn-you-0098,,"Does anyone know how to find the family photo from Diwali where everyone is wearing white? I remember everyone in white kurtas with diyas in front. I can't remember the date at all. I searched ""diwali"" and there it was. I went through the face group for that person too. Finally found it after half an hour of scrolling.",320,Google Photos hidden features (2025),0,,,,,,,,,307,,,,attempt,True,True,family_memory,found,none_observed,remembered_visual_appearance,exact_date_unknown,keyword,diwali,found,people_browsing,,
youtube:syn-you-0099,youtube,youtube_comments,syn-you-0099,2025-01-05T20:00:49,True,synthetic://youtube/syn-you-0099,,"This didn't help me: i'm trying to find the photo from my friend's wedding where we were standing outside. I remember the groom and our school gang being in it. No clue what the place was called. I searched ""wedding"" and it gave me hundreds of photos. There are so many almost identical shots from that day that I can't tell which one it is. I asked my sister if she still had it. I found a similar one but not the exact photo I wanted.",436,How to find old photos fast on Android,0,,,,,,,,,793,,,,attempt,True,True,wedding_memory,partially_found,D_result_evaluation,remembered_person,exact_location_unknown,keyword,wedding,too_many_results,ask_another_person,,
youtube:syn-you-0100,youtube,youtube_comments,syn-you-0100,2024-06-15T02:43:43,True,synthetic://youtube/syn-you-0100,,can't figure out how to download all my photos to a hard drive.,63,Google Photos hidden features (2025),0,,,,,,,,,52,,,,noise,False,False,,,,,,,,,,,
youtube:syn-you-0101,youtube,youtube_comments,syn-you-0101,2023-09-10T13:10:24,True,synthetic://youtube/syn-you-0101,,Found the photo I took of my passport page by searching the person's face and then scrolling a bit. Took two minutes.,117,Google Photos hidden features (2025),0,,,,,,,,,981,,,,success,True,True,document,found,none_observed,,,,,,,,vague_search_succeeded
youtube:syn-you-0102,youtube,youtube_comments,syn-you-0102,2024-03-30T10:23:35,True,synthetic://youtube/syn-you-0102,,"great video. still, i've been looking for the photo i took of my passport page for days. i remember i took it when applying for a visa. i can't recall what it said exactly. i typed ""passport"" in search and nothing came up. i ran out of ideas pretty quickly. eventually i searched my whatsapp chats instead. eventually i just gave up.",333,10 Google Photos search tricks you didn't know,0,,,,,,,,,255,,,,attempt,True,True,document,abandoned,E_refinement,remembered_context,exact_text_unknown,keyword,passport,not_found,abandonment; other_application,,
youtube:syn-you-0103,youtube,youtube_comments,syn-you-0103,2026-08-03T16:26:15,True,synthetic://youtube/syn-you-0103,,Minor gripe: Uploading in original quality eats my data plan. I wish the video editor had more music options.,109,Google Photos vs iCloud Photos: which is better?,0,,,,,,,,,631,,,,noise,False,False,,,,,,,,,,,
youtube:syn-you-0104,youtube,youtube_comments,syn-you-0104,2026-04-23T12:40:17,True,synthetic://youtube/syn-you-0104,,"Pro tip: Ask whoever was there, someone in the group chat usually still has it.",79,How to find old photos fast on Android,0,,,,,,,,,870,,,,advice,True,False,,,,,,,,,,,
youtube:syn-you-0105,youtube,youtube_comments,syn-you-0105,2023-08-06T04:58:58,True,synthetic://youtube/syn-you-0105,,two things. face grouping merged my twin daughters into one person lol.,71,Google Photos vs iCloud Photos: which is better?,0,,,,,,,,,889,,,,noise,False,False,,,,,,,,,,,
youtube:syn-you-0106,youtube,youtube_comments,syn-you-0106,2023-07-19T13:20:04,True,synthetic://youtube/syn-you-0106,,"tried the tips from this video but i've been looking for a photo of the tiny café we found in goa for days. it was sometime in december, maybe 2021 or 2022. i can't recall where exactly it was. searched for ""small cafe with blue chairs near the beach"" and nothing came up. i ran out of ideas pretty quickly. finally found it after three days.",342,Google Photos hidden features (2025),0,,,,,,,,,1213,,,,attempt,True,True,travel_memory,found,E_refinement,remembered_time_approximation,exact_location_unknown,natural_language,small cafe with blue chairs near the beach,not_found,,,
youtube:syn-you-0107,youtube,youtube_comments,syn-you-0107,2025-08-07T03:04:27,True,synthetic://youtube/syn-you-0107,,Shared album invite link doesn't work for my dad.,49,"Organise 50,000 photos in one afternoon",0,,,,,,,,,86,,,,noise,False,False,,,,,,,,,,,
youtube:syn-you-0108,youtube,youtube_comments,syn-you-0108,2023-04-21T16:49:08,True,synthetic://youtube/syn-you-0108,,"if it was a screenshot, open the screenshots category first and then scroll by month.",85,Google Photos hidden features (2025),0,,,,,,,,,680,,,,advice,True,False,,,,,,,,,,,
youtube:syn-you-0109,youtube,youtube_comments,syn-you-0109,2025-12-22T10:01:56,True,synthetic://youtube/syn-you-0109,,It's frustrating that I have to guess what word the app uses for something.,75,How to find old photos fast on Android,0,,,,,,,,,408,,,,opinion,True,False,,,,,,,,,,,
youtube:syn-you-0110,youtube,youtube_comments,syn-you-0110,2023-02-20T00:38:04,True,synthetic://youtube/syn-you-0110,,"Update: The editing tools are great, the magic eraser is really good.",69,Google Photos vs iCloud Photos: which is better?,0,,,,,,,,,372,,,,noise,False,False,,,,,,,,,,,
youtube:syn-you-0111,youtube,youtube_comments,syn-you-0111,2025-07-04T15:30:24,True,synthetic://youtube/syn-you-0111,,Something that helps: Check whether the photo was ever backed up. If it was from an old phone it might never have been uploaded.,128,Google Photos vs iCloud Photos: which is better?,0,,,,,,,,,1220,,,,advice,True,False,,,,,,,,,,,
youtube:syn-you-0112,youtube,youtube_comments,syn-you-0112,2023-09-04T20:26:05,True,synthetic://youtube/syn-you-0112,,"If it was a screenshot, open the Screenshots category first and then scroll by month.",85,How to find old photos fast on Android,0,,,,,,,,,407,,,,advice,True,False,,,,,,,,,,,
youtube:syn-you-0113,youtube,youtube_comments,syn-you-0113,2025-04-05T15:06:09,True,synthetic://youtube/syn-you-0113,,"Tried the tips from this video but i've been looking for that picture from the trip where we stayed near the beach for days. It's from a long weekend trip. I don't remember when exactly. Tried ""beach 2021"" and got no results. After that I had no idea what else to try. I found a similar one but not the exact photo I wanted.",324,How to find old photos fast on Android,0,,,,,,,,,676,,,,attempt,True,True,location_memory,partially_found,E_refinement,remembered_trip,exact_date_unknown,metadata,beach 2021,not_found,,,
youtube:syn-you-0114,youtube,youtube_comments,syn-you-0114,2023-04-14T16:16:20,True,synthetic://youtube/syn-you-0114,,Why did they move the sharing button? The new layout is confusing.,66,Google Photos vs iCloud Photos: which is better?,0,,,,,,,,,1365,,,,noise,False,False,,,,,,,,,,,
youtube:syn-you-0115,youtube,youtube_comments,syn-you-0115,2024-06-21T21:19:11,True,synthetic://youtube/syn-you-0115,,"search should work the way i remember things, like 'me wearing blue shirt white wall', not just single words.",109,"Organise 50,000 photos in one afternoon",0,,,,,,,,,1130,,,,opinion,True,False,,,,,,,,,,,
youtube:syn-you-0116,youtube,youtube_comments,syn-you-0116,2026-03-21T00:06:36,True,synthetic://youtube/syn-you-0116,,"Something that helps: You can search text inside photos sometimes, but it only works if the words are clear in the image.",121,Google Photos hidden features (2025),0,,,,,,,,,1367,,,,advice,True,False,,,,,,,,,,,
youtube:syn-you-0117,youtube,youtube_comments,syn-you-0117,2024-06-07T22:13:47,True,synthetic://youtube/syn-you-0117,,"Search should work the way I remember things, like 'dad standing on a boat with a wooden roof', not just single words.",118,"Organise 50,000 photos in one afternoon",0,,,,,,,,,77,,,,opinion,True,False,,,,,,,,,,,
youtube:syn-you-0118,youtube,youtube_comments,syn-you-0118,2025-10-14T14:22:53,True,synthetic://youtube/syn-you-0118,,"Pro tip: Use the date jump on the scrollbar, drag to the year and go month by month.",84,"Organise 50,000 photos in one afternoon",0,,,,,,,,,1009,,,,advice,True,False,,,,,,,,,,,
youtube:syn-you-0119,youtube,youtube_comments,syn-you-0119,2026-04-23T15:59:02,True,synthetic://youtube/syn-you-0119,,Two things. Can't figure out how to download all my photos to a hard drive.,75,10 Google Photos search tricks you didn't know,0,,,,,,,,,849,,,,noise,False,False,,,,,,,,,,,
forums:syn-for-0000,forums,toms_guide_forum,syn-for-0000,2026-02-06T20:19:22,True,synthetic://forums/syn-for-0000,Tips for locating that picture from the trip where we stayed near the beach?,"A lot of my photos come from shared albums. Looking for that picture from the trip where we stayed near the beach. I need it now because I want to book the same homestay. It was 2021 or 2022, not sure. I know it was at a homestay near a quiet beach. The photo probably has no proper date on it. Not sure which month or year, honestly. I typed ""beach 2021"" in search and there it was. I typed ""beach"" in search and there it was. Searched for ""hammock between coconut trees near beach homestay"" and there it was. I kept retyping different searches. Tried synonyms like ""sea"" too. Got it eventually, after half an hour of scrolling. Am I doing something wrong?",657,Apps & software,0,,,,,,,,,,,3556,29,attempt,True,True,location_memory,found,none_observed,remembered_place; remembered_time_approximation,exact_date_unknown; metadata_unknown,metadata; keyword; natural_language,beach 2021; beach; hammock between coconut trees near beach homestay,found; found; found,repeated_search; synonym_search,shared_library,
forums:syn-for-0001,forums,xda_forums,syn-for-0001,2024-01-08T10:39:44,True,synthetic://forums/syn-for-0001,Search vs scrolling for old memories,Something that helps: Name the face groups. Searching a person's name works way better than describing them.,108,Apps & software,0,,,,,,,,,,,9324,39,advice,True,False,,,,,,,,,,,
forums:syn-for-0002,forums,xda_forums,syn-for-0002,2024-06-26T22:16:30,True,synthetic://forums/syn-for-0002,Tips for locating an old photo?,"Update: Uploading in original quality eats my data plan. Cancelled my subscription, moving everything to an external drive.",123,Apps & software,0,,,,,,,,,,,14895,32,noise,False,False,,,,,,,,,,,
forums:syn-for-0003,forums,macrumors_forums,syn-for-0003,2023-01-24T05:34:07,True,synthetic://forums/syn-for-0003,Finding a specific old photo in Google Photos,"Couldn't find the photo of the stage when they announced the results anywhere, then realised it was on my old phone and never got backed up.",140,Apps & software,0,,,,,,,,,,,12696,9,misattribution,True,True,event_memory,not_found,F_data_index_limitation,,,,,,,,failure_not_search_related
forums:syn-for-0004,forums,toms_guide_forum,syn-for-0004,2026-04-02T08:51:11,True,synthetic://forums/syn-for-0004,Tips for locating an old photo?,What worked for me: Check whether the photo was ever backed up. If it was from an old phone it might never have been uploaded.,126,Apps & software,0,,,,,,,,,,,17830,34,advice,True,False,,,,,,,,,,,
forums:syn-for-0005,forums,macrumors_forums,syn-for-0005,2025-10-26T20:53:38,True,synthetic://forums/syn-for-0005,Search vs scrolling for old memories,"What worked for me: Tip: if location history was on, try the map view and zoom into the area instead of searching the name.",123,Apps & software,0,,,,,,,,,,,17505,32,advice,True,False,,,,,,,,,,,
forums:syn-for-0006,forums,android_central_forums,syn-for-0006,2025-03-31T12:06:14,True,synthetic://forums/syn-for-0006,Tips for locating the photo of my son's first steps?,"I've used Google Photos since it launched. Does anyone know how to find the photo of my son's first steps? I need it because we're making a birthday album. I remember my son being in it. I can picture the green rug and him holding the sofa. It's the one my wife took, not me. I can't remember the date at all. I don't remember which album it went into. Searched for ""baby walking"" and got thousands of results to scroll through. There are so many almost identical shots from that day that I can't tell which one it is. I went through the face group for that person too. I jumped to roughly that year with the scrollbar and went month by month. Eventually I just gave up. Any tips?",680,Apps & software,0,,,,,,,,,,,9173,19,attempt,True,True,family_memory,abandoned,D_result_evaluation,remembered_person; remembered_relationship; remembered_visual_appearance,album_unknown; exact_date_unknown,keyword,baby walking,too_many_results,abandonment; date_browsing; people_browsing,long_tenure,
forums:syn-for-0007,forums,toms_guide_forum,syn-for-0007,2026-01-07T22:28:44,True,synthetic://forums/syn-for-0007,Search vs scrolling for old memories,"Half my library is screenshots. I'm trying to find the photo of my car's insurance papers. I need it now because I had an accident and need the policy number. I remember I took it in the car when the traffic police stopped me once. It's a picture of the insurance papers. I can't recall what it said exactly. I have no idea what year it was. Tried ""insurance"" and nothing came up. I searched ""insurance"" and got no results. Searched for ""car insurance paper on dashboard"" and nothing came up. The photo is definitely in my library but search never shows it. I scrolled for like 40 minutes. Tried synonyms like ""policy"" too. I found a similar one but not the exact photo I wanted.",679,Apps & software,0,,,,,,,,,,,10261,32,attempt,True,True,document,partially_found,C_retrieval,remembered_context; remembered_object,exact_date_unknown; exact_text_unknown,metadata; keyword; natural_language,insurance; insurance; car insurance paper on dashboard,not_found; not_found; not_found,manual_scrolling; synonym_search,screenshot_heavy,
forums:syn-for-0008,forums,xda_forums,syn-for-0008,2026-05-12T02:01:55,True,synthetic://forums/syn-for-0008,Finding a specific old photo in Google Photos,"A lot of my photos come from shared albums. Looking for the photo with the bride and my grandmother. I need it now because grandma wants a print. It was at my brother's wedding. I can picture grandma in a green saree sitting on the stage. I remember my grandmother and my sister-in-law being in it. It was reception night. I don't remember which album it went into. I have no idea what year it was. Searched for ""reception"" and it gave me hundreds of photos. I typed ""grandmother"" in search and it gave me hundreds of photos. All the results look the same as tiny thumbnails. I asked my sister if she still had it. Got it eventually, after half an hour of scrolling. How do you all deal with this?",697,Apps & software,0,,,,,,,,,,,861,38,attempt,True,True,wedding_memory,found,D_result_evaluation,remembered_event; remembered_person; remembered_time_approximation; remembered_visual_appearance,album_unknown; exact_date_unknown,metadata; keyword,reception; grandmother,too_many_results; too_many_results,ask_another_person,shared_library,
forums:syn-for-0009,forums,xda_forums,syn-for-0009,2024-03-28T07:00:03,True,synthetic://forums/syn-for-0009,Search vs scrolling for old memories,"On photos.google.com from my PC. I've been looking for the photo of my dad's blood test report for days. I need it because the new doctor wants old values. Timing wise it was before his surgery, early last year. For context, the lab gave only a paper copy. I can't recall what it said exactly. I typed ""report"" in search and got no results. It just doesn't show up in search even though I know it's there. Tried synonyms like ""test results"" too. I scrolled for like 40 minutes. Never found it.",493,Apps & software,0,,,,,,,,,,,4337,15,attempt,True,True,medical_or_health_image,not_found,C_retrieval,remembered_context; remembered_time_approximation,exact_text_unknown,keyword,report,not_found,manual_scrolling; synonym_search,desktop_web,
forums:syn-for-0010,forums,toms_guide_forum,syn-for-0010,2023-09-25T23:03:58,True,synthetic://forums/syn-for-0010,Tips for locating an old photo?,Two things. Face grouping merged my twin daughters into one person lol. Uploading in original quality eats my data plan.,120,Apps & software,0,,,,,,,,,,,9526,3,noise,False,False,,,,,,,,,,,
forums:syn-for-0011,forums,toms_guide_forum,syn-for-0011,2023-01-13T19:32:46,True,synthetic://forums/syn-for-0011,Search vs scrolling for old memories,"I'm trying to find the photo of the menu at the street food stall. I need it now because I want to recommend it to someone visiting. It was while eating chaat after the market. Timing wise it was a winter evening, not sure which year. I know it was somewhere in Old Delhi. I remember it showed the prices and the name of the stall. Not sure which month or year, honestly. I searched ""handwritten street food menu board"" and got thousands of results to scroll through. I searched ""menu"" and it gave me hundreds of photos. There are so many almost identical shots from that day that I can't tell which one it is. I asked my sister if she still had it. I scrolled for like 40 minutes. Found one that might be it, but I'm not sure it's the same one. Any tips?",755,Apps & software,0,,,,,,,,,,,15817,31,attempt,True,True,food_restaurant_memory,uncertain,D_result_evaluation,remembered_activity; remembered_place; remembered_text; remembered_time_approximation,exact_date_unknown,natural_language; keyword,handwritten street food menu board; menu,too_many_results; too_many_results,ask_another_person; manual_scrolling,,
forums:syn-for-0012,forums,macrumors_forums,syn-for-0012,2023-06-12T06:17:40,True,synthetic://forums/syn-for-0012,Search vs scrolling for old memories,"Was sure I'd never find the video of my dog meeting the new puppy, but searching ""dog video"" plus the year got it on the first try.",131,Apps & software,0,,,,,,,,,,,496,17,success,True,True,video,found,none_observed,,,,,,,,vague_search_succeeded
forums:syn-for-0013,forums,toms_guide_forum,syn-for-0013,2024-09-17T23:46:06,True,synthetic://forums/syn-for-0013,Tips for locating the photo of the team at the offsite?,"On the web version on my laptop. I've been looking for the photo of the team at the offsite for days. I need it now because a colleague is leaving and we're making a card. It had my old team in it. It's from the team offsite. It was before I switched jobs, 2021 maybe. I can't recall where exactly it was. I don't remember when exactly. I typed ""team"" in search and nothing came up. Tried ""team in matching t shirts by a pool"" and got no results. I typed ""offsite 2021"" in search and got a bunch of pictures that had nothing to do with it. After that I had no idea what else to try. I checked all my albums one by one. I gave up on finding it. Am I doing something wrong?",671,Apps & software,0,,,,,,,,,,,4822,12,attempt,True,True,work_memory,abandoned,E_refinement,remembered_event; remembered_person; remembered_time_approximation,exact_date_unknown; exact_location_unknown,keyword; natural_language; metadata,team; team in matching t shirts by a pool; offsite 2021,not_found; not_found; wrong_results,abandonment; album_browsing,desktop_web,
forums:syn-for-0014,forums,toms_guide_forum,syn-for-0014,2023-10-14T07:02:48,True,synthetic://forums/syn-for-0014,Tips for locating an old photo?,"Honestly search is amazing. I typed ""plant with purple striped leaves"" and it found the photo of a plant I saw at a nursery in seconds.",135,Apps & software,0,,,,,,,,,,,17655,39,success,True,True,object_memory,found,none_observed,,,,,,,,vague_search_succeeded
forums:syn-for-0015,forums,android_central_forums,syn-for-0015,2025-06-16T14:29:45,True,synthetic://forums/syn-for-0015,Tips for locating an old photo?,Two things. The widget on the home screen shows the same photo every day. Why did they move the sharing button? The new layout is confusing.,140,Apps & software,0,,,,,,,,,,,5501,31,noise,False,False,,,,,,,,,,,
forums:syn-for-0016,forums,toms_guide_forum,syn-for-0016,2024-01-28T20:12:36,True,synthetic://forums/syn-for-0016,Google Photos search is failing me,"What worked for me: Tip: if location history was on, try the map view and zoom into the area instead of searching the name.",123,Apps & software,0,,,,,,,,,,,2434,30,advice,True,False,,,,,,,,,,,
forums:syn-for-0017,forums,macrumors_forums,syn-for-0017,2023-04-20T19:21:35,True,synthetic://forums/syn-for-0017,Finding a specific old photo in Google Photos,"On iOS. Looking for the photo of the stage when they announced the results. I need it because I need it for my portfolio. For context, I was holding a trophy. It was at my company's annual awards night. Timing wise it was around the end of the year, 2022 or 2023. I remember my team being in it. I have no idea what year it was. Searched for ""awards december"" and it popped up near the top. I searched ""award"" and it popped up near the top. I typed ""me on stage with trophy under purple lights"" in search and there it was. I jumped to roughly that year with the scrollbar and went month by month. I went through the face group for that person too. Got it eventually, after way too long.",686,Apps & software,0,,,,,,,,,,,15618,38,attempt,True,True,event_memory,found,none_observed,remembered_context; remembered_event; remembered_person; remembered_time_approximation,exact_date_unknown,metadata; keyword; natural_language,awards december; award; me on stage with trophy under purple lights,found; found; found,date_browsing; people_browsing,ios_device,
forums:syn-for-0018,forums,macrumors_forums,syn-for-0018,2026-02-05T03:54:04,True,synthetic://forums/syn-for-0018,Google Photos search is failing me,"Honestly I've stopped using search and just scroll, it's more predictable.",74,Apps & software,0,,,,,,,,,,,19571,7,opinion,True,False,,,,,,,,,,,
forums:syn-for-0019,forums,android_central_forums,syn-for-0019,2024-04-27T08:40:30,True,synthetic://forums/syn-for-0019,Finding a specific old photo in Google Photos,"Looking for the picture of the wine label from our anniversary dinner. It was a couple of years back. It had my partner in it. I can picture a label with a drawing of a bird. It was for our 5th anniversary. No idea what the thing is actually called. I can't recall what it said exactly. Searched for ""wine"" and got no results. After that I had no idea what else to try. Ended up scrolling back through years of photos. I kept retyping different searches. Still haven't found it. Any tips?",488,Apps & software,0,,,,,,,,,,,18062,31,attempt,True,True,food_restaurant_memory,not_found,E_refinement,remembered_occasion; remembered_person; remembered_time_approximation; remembered_visual_appearance,exact_object_name_unknown; exact_text_unknown,keyword,wine,not_found,manual_scrolling; repeated_search,,
forums:syn-for-0020,forums,xda_forums,syn-for-0020,2025-02-02T13:58:14,True,synthetic://forums/syn-for-0020,Google Photos search is failing me,"On my Pixel. I'm trying to find the picture of the houseboat we stayed on. I need it now because I wanted to print it for my parents' anniversary. This was during our family trip to Kerala. Timing wise it was a few years ago, before covid I think. It had my parents in it. It was taken somewhere in the Kerala backwaters. I have no idea what year it was. Searched for ""kerala 2019"" and it popped up near the top. I jumped to roughly that year with the scrollbar and went month by month. Got it eventually, after two evenings. Am I doing something wrong?",553,Apps & software,0,,,,,,,,,,,18171,18,attempt,True,True,travel_memory,found,none_observed,remembered_person; remembered_place; remembered_time_approximation; remembered_trip,exact_date_unknown,metadata,kerala 2019,found,date_browsing,android_device,
forums:syn-for-0021,forums,xda_forums,syn-for-0021,2026-08-06T03:05:47,True,synthetic://forums/syn-for-0021,Search vs scrolling for old memories,"Pro tip: If it was a screenshot, open the Screenshots category first and then scroll by month.",94,Apps & software,0,,,,,,,,,,,9105,26,advice,True,False,,,,,,,,,,,
forums:syn-for-0022,forums,toms_guide_forum,syn-for-0022,2024-02-04T11:27:49,True,synthetic://forums/syn-for-0022,Tips for locating an old photo?,"Something that helps: Try searching for something visible in the photo instead of what happened, like ""stage"" or ""cake"".",120,Apps & software,0,,,,,,,,,,,3250,2,advice,True,False,,,,,,,,,,,
forums:syn-for-0023,forums,macrumors_forums,syn-for-0023,2026-01-14T11:47:38,True,synthetic://forums/syn-for-0023,Search vs scrolling for old memories,"I've been looking for the photo of the view from the train window for days. I need it because I was telling someone about the trip and wanted to show them. I can picture green hills and a reflection of my face in the glass. It was in 2018 or 2019, can't pin it down. I have no idea what year it was. I typed ""view from train window with green hills"" in search but it just showed random photos. I searched ""train 2018"" and got no results. I ran out of ideas pretty quickly. In the end I texted my friend to send it again. I went through the map view hoping to spot it. Still haven't found it. How do you all deal with this?",622,Apps & software,0,,,,,,,,,,,1424,33,attempt,True,True,travel_memory,not_found,E_refinement,remembered_time_approximation; remembered_visual_appearance,exact_date_unknown,natural_language; metadata,view from train window with green hills; train 2018,wrong_results; not_found,ask_another_person; location_browsing,,
forums:syn-for-0024,forums,android_central_forums,syn-for-0024,2024-02-03T15:39:07,True,synthetic://forums/syn-for-0024,Tips for locating an old photo?,"Thought search was broken but the photo of my dad's blood test report was in my partner's library, not mine.",108,Apps & software,0,,,,,,,,,,,18202,9,misattribution,True,True,medical_or_health_image,not_found,F_data_index_limitation,,,,,,,,failure_not_search_related
forums:syn-for-0025,forums,macrumors_forums,syn-for-0025,2023-02-15T03:10:00,True,synthetic://forums/syn-for-0025,Search vs scrolling for old memories,"I'm trying to find the photo of us dancing at the sangeet. I need it now because I wanted it for our first anniversary post. It was the night before our wedding. For context, we had practised that dance for weeks. I'm not sure if I ever put it in an album. I typed ""sangeet"" in search and got no results. Searched for ""couple dancing under disco ball pink lehenga"" and got no results. I think it's in a shared album someone else made, not my library. Ended up scrolling back through years of photos. Eventually I just gave up. How do you all deal with this?",557,Apps & software,0,,,,,,,,,,,17154,36,attempt,True,True,wedding_memory,abandoned,F_data_index_limitation,remembered_context; remembered_time_approximation,album_unknown,metadata; natural_language,sangeet; couple dancing under disco ball pink lehenga,not_found; not_found,abandonment; manual_scrolling,,
forums:syn-for-0026,forums,toms_guide_forum,syn-for-0026,2024-06-29T06:26:43,True,synthetic://forums/syn-for-0026,Tips for locating the photo of the warranty card for the washing machine?,"Does anyone know how to find the photo of the warranty card for the washing machine? I need it now because the machine broke and service wants the warranty. It's a picture of the warranty card. Timing wise it was when we bought it, 2 years ago maybe. For context, I photographed it right after installation. I can't recall what it said exactly. Searched for ""warranty 2024"" and got no results. Tried ""warranty"" but it just showed random photos. After that I had no idea what else to try. I checked my Gmail in case I had sent it to someone. Found one that might be it, but I'm not sure it's the same one. Is there a better way to search for stuff like this?",657,Apps & software,0,,,,,,,,,,,16834,37,attempt,True,True,receipt,uncertain,E_refinement,remembered_context; remembered_object; remembered_time_approximation,exact_text_unknown,metadata; keyword,warranty 2024; warranty,not_found; wrong_results,other_application,,
forums:syn-for-0027,forums,android_central_forums,syn-for-0027,2024-06-25T13:20:30,True,synthetic://forums/syn-for-0027,Finding a specific old photo in Google Photos,It would help if the app told me why a photo showed up in results.,66,Apps & software,0,,,,,,,,,,,18188,22,opinion,True,False,,,,,,,,,,,
forums:syn-for-0028,forums,macrumors_forums,syn-for-0028,2025-08-20T06:28:01,True,synthetic://forums/syn-for-0028,Tips for locating the screenshot of a chat where my landlord agreed to the repair?,"Does anyone know how to find the screenshot of a chat where my landlord agreed to the repair? I need it because he's now saying he never agreed. I remember my landlord being in it. It was sometime last spring. I remember green chat bubbles. I can't recall what it said exactly. Searched for ""chat screenshot"" and got no results. Text inside screenshots doesn't seem to be searchable. Ended up scrolling back through years of photos. I found a similar one but not the exact photo I wanted. Is there a better way to search for stuff like this?",541,Apps & software,0,,,,,,,,,,,215,3,attempt,True,True,screenshot,partially_found,F_data_index_limitation,remembered_person; remembered_time_approximation; remembered_visual_appearance,exact_text_unknown,metadata,chat screenshot,not_found,manual_scrolling,,
forums:syn-for-0029,forums,macrumors_forums,syn-for-0029,2025-11-24T06:39:15,True,synthetic://forums/syn-for-0029,Search vs scrolling for old memories,"Honestly I've stopped using search and just scroll, it's more predictable.",74,Apps & software,0,,,,,,,,,,,7926,5,opinion,True,False,,,,,,,,,,,
forums:syn-for-0030,forums,android_central_forums,syn-for-0030,2025-06-21T01:56:18,True,synthetic://forums/syn-for-0030,Finding a specific old photo in Google Photos,"I'm trying to find the picture of the wine label from our anniversary dinner. I need it now because I want to buy the same wine again. I remember a label with a drawing of a bird. I remember my partner being in it. I can't recall what it said exactly. I typed ""anniversary 2023"" in search but it just showed random photos. I know exactly what it looks like but can't put it into search words. In the end I texted my friend to send it again. Got it eventually, after two evenings. Is there a better way to search for stuff like this?",532,Apps & software,0,,,,,,,,,,,1125,29,attempt,True,True,food_restaurant_memory,found,A_memory_expression,remembered_person; remembered_visual_appearance,exact_text_unknown,metadata,anniversary 2023,wrong_results,ask_another_person,,
forums:syn-for-0031,forums,toms_guide_forum,syn-for-0031,2024-11-11T01:39:11,True,synthetic://forums/syn-for-0031,Google Photos search is failing me,"On Android. I've been looking for the photo of the street where we got lost for days. I need it because we want to frame it. It had my husband in it. I know it was in some old town in Portugal. I remember yellow tiles on the walls and a tram line. This was during our honeymoon. I can't recall where exactly it was. I can't recall the name of the event. Tried ""narrow street with yellow tiles and tram"" and got a bunch of pictures that had nothing to do with it. I just didn't know how to describe it in a way search would get. Ended up scrolling back through years of photos. I jumped to roughly that year with the scrollbar and went month by month. I gave up on finding it. Am I doing something wrong?",703,Apps & software,0,,,,,,,,,,,6052,4,attempt,True,True,travel_memory,abandoned,A_memory_expression,remembered_person; remembered_place; remembered_trip; remembered_visual_appearance,event_name_unknown; exact_location_unknown,natural_language,narrow street with yellow tiles and tram,wrong_results,abandonment; date_browsing; manual_scrolling,android_device,
forums:syn-for-0032,forums,android_central_forums,syn-for-0032,2025-02-22T22:57:36,True,synthetic://forums/syn-for-0032,Finding a specific old photo in Google Photos,"I've been looking for the photo of my car's insurance papers for days. Timing wise it was last year sometime. It had the policy number on it. Not sure which month or year, honestly. I can't recall what it said exactly. I typed ""insurance"" in search and got no results. The text in the photo doesn't seem to be searchable. Ended up scrolling back through years of photos. I found a similar one but not the exact photo I wanted. How do you all deal with this?",457,Apps & software,0,,,,,,,,,,,10891,21,attempt,True,True,document,partially_found,F_data_index_limitation,remembered_text; remembered_time_approximation,exact_date_unknown; exact_text_unknown,metadata,insurance,not_found,manual_scrolling,,
forums:syn-for-0033,forums,toms_guide_forum,syn-for-0033,2023-04-21T06:26:59,True,synthetic://forums/syn-for-0033,Tips for locating the photo of the street where we got lost?,"I'm trying to find the photo of the street where we got lost. I need it now because we want to frame it. I know it was in some old town in Portugal. I remember yellow tiles on the walls and a tram line. It's from our honeymoon. I can't recall the name of the event. No clue what the place was called. I searched ""narrow street with yellow tiles and tram"" and there it was. Searched for ""street"" and it popped up near the top. I searched ""lisbon"" and there it was. I jumped to roughly that year with the scrollbar and went month by month. Got it eventually, after way too long. Any tips?",586,Apps & software,0,,,,,,,,,,,7711,20,attempt,True,True,travel_memory,found,none_observed,remembered_place; remembered_trip; remembered_visual_appearance,event_name_unknown; exact_location_unknown,natural_language; keyword; metadata,narrow street with yellow tiles and tram; street; lisbon,found; found; found,date_browsing,,
forums:syn-for-0034,forums,toms_guide_forum,syn-for-0034,2026-07-21T22:29:14,True,synthetic://forums/syn-for-0034,Tips for locating the photo of the parking spot sign?,"Does anyone know how to find the photo of the parking spot sign? It was taken in a multi-level parking. I remember a green pillar with a letter and number. I remember I took it so I'd remember where I parked. Timing wise it was a few weeks ago. I don't remember the exact words on it. I typed ""parking pillar sign"" in search and nothing came up. The location data was probably off so there's nothing to go on. Gave up for the day and tried again the next week. Never found it. Any tips?",486,Apps & software,0,,,,,,,,,,,1486,31,attempt,True,True,location_memory,not_found,F_data_index_limitation,remembered_context; remembered_place; remembered_time_approximation; remembered_visual_appearance,exact_text_unknown,natural_language,parking pillar sign,not_found,return_later,,
forums:syn-for-0035,forums,macrumors_forums,syn-for-0035,2025-01-05T12:36:05,True,synthetic://forums/syn-for-0035,Tips for locating the picture of the wine label from our anniversary dinner?,"I'm trying to find the picture of the wine label from our anniversary dinner. I need it now because I want to buy the same wine again. It was taken on our 5th anniversary. It was a couple of years back. I can picture a label with a drawing of a bird. We were at the Italian place downtown when I took it. I don't remember the exact words on it. I don't know what it's called. I typed ""anniversary 2023"" in search and nothing came up. Tried ""wine"" and got a bunch of pictures that had nothing to do with it. I typed ""wine bottle with bird drawing on label"" in search but it just showed random photos. I just didn't know how to describe it in a way search would get. Tried synonyms like ""bottle"" too. Gave up for the day and tried again the next week. Found one that might be it, but I'm not sure it's the same one. Is there a better way to search for stuff like this?",866,Apps & software,0,,,,,,,,,,,4850,2,attempt,True,True,food_restaurant_memory,uncertain,A_memory_expression,remembered_occasion; remembered_place; remembered_time_approximation; remembered_visual_appearance,exact_object_name_unknown; exact_text_unknown,metadata; keyword; natural_language,anniversary 2023; wine; wine bottle with bird drawing on label,not_found; wrong_results; wrong_results,return_later; synonym_search,,
forums:syn-for-0036,forums,xda_forums,syn-for-0036,2024-03-22T05:51:00,True,synthetic://forums/syn-for-0036,Finding a specific old photo in Google Photos,"I'm trying to find the photo of the stage when they announced the results. I need it now because I need it for my portfolio. It's from my company's annual awards night. Timing wise it was around the end of the year, 2022 or 2023. I don't remember when exactly. I don't even remember what the event was called. Tried ""award"" and it gave me hundreds of photos. I typed ""me on stage with trophy under purple lights"" in search and got thousands of results to scroll through. I searched ""awards december"" and it gave me hundreds of photos. All the results look the same as tiny thumbnails. Ended up scrolling back through years of photos. I went through the face group for that person too. Never found it. Am I doing something wrong?",728,Apps & software,0,,,,,,,,,,,16212,13,attempt,True,True,event_memory,not_found,D_result_evaluation,remembered_event; remembered_time_approximation,event_name_unknown; exact_date_unknown,keyword; natural_language; metadata,award; me on stage with trophy under purple lights; awards december,too_many_results; too_many_results; too_many_results,manual_scrolling; people_browsing,,
forums:syn-for-0037,forums,toms_guide_forum,syn-for-0037,2026-06-16T00:14:11,True,synthetic://forums/syn-for-0037,Tips for locating a short video of the band at the pub?,"On Android. Looking for a short video of the band at the pub. I need it because I want to find the band name. It's from a random Friday gig. Timing wise it was one weekend, maybe 2022. It was taken at a pub in the old part of town. I don't even remember what the event was called. I don't remember the name of the place. I typed ""band"" in search and nothing came up. Searched for ""friday 2022"" and got no results. I searched ""video of band with violin red lights pub"" and nothing came up. The photo is definitely in my library but search never shows it. I jumped to roughly that year with the scrollbar and went month by month. Still haven't found it. Am I doing something wrong?",679,Apps & software,0,,,,,,,,,,,18484,35,attempt,True,True,video,not_found,C_retrieval,remembered_event; remembered_place; remembered_time_approximation,event_name_unknown; exact_location_unknown,keyword; metadata; natural_language,band; friday 2022; video of band with violin red lights pub,not_found; not_found; not_found,date_browsing,android_device,
forums:syn-for-0038,forums,xda_forums,syn-for-0038,2024-10-24T20:35:33,True,synthetic://forums/syn-for-0038,Google Photos search is failing me,"Couldn't find a picture of the sofa fabric sample anywhere, then realised it was on my old phone and never got backed up.",121,Apps & software,0,,,,,,,,,,,19495,37,misattribution,True,True,purchase_related_image,not_found,F_data_index_limitation,,,,,,,,failure_not_search_related
forums:syn-for-0039,forums,android_central_forums,syn-for-0039,2025-03-20T01:41:25,True,synthetic://forums/syn-for-0039,Search vs scrolling for old memories,"Was sure I'd never find the photo of the shoes I tried on in the store, but searching ""shoes"" plus the year got it on the first try.",132,Apps & software,0,,,,,,,,,,,5921,0,success,True,True,purchase_related_image,found,none_observed,,,,,,,,vague_search_succeeded
forums:syn-for-0040,forums,toms_guide_forum,syn-for-0040,2025-12-10T04:31:57,True,synthetic://forums/syn-for-0040,Finding a specific old photo in Google Photos,"Looking for the photo from our college fest. I need it now because 10 year reunion is coming up. I remember all of us in black t-shirts in front of a big banner. I remember the photos were from an old phone that I backed up later. Timing wise it was second year, so 2014 or 2015. I can't remember the date at all. Tried ""2014"" and nothing came up. It just doesn't show up in search even though I know it's there. Ended up scrolling back through years of photos. Finally found it after half an hour of scrolling.",511,Apps & software,0,,,,,,,,,,,12044,36,attempt,True,True,school_or_college_memory,found,C_retrieval,remembered_context; remembered_time_approximation; remembered_visual_appearance,exact_date_unknown,metadata,2014,not_found,manual_scrolling,,
forums:syn-for-0041,forums,android_central_forums,syn-for-0041,2024-09-28T01:56:41,True,synthetic://forums/syn-for-0041,Google Photos search is failing me,"Does anyone know how to find a photo of the tiny café we found in Goa? I need it now because my friend is going to Goa and asked for the name. Timing wise it was sometime in December, maybe 2021 or 2022. I remember blue wooden chairs and a hand-painted menu board. I have no idea what year it was. I typed ""goa 2022"" in search but it just showed random photos. Tried ""cafe"" but it just showed random photos. It doesn't understand what I'm describing at all. I went through the map view hoping to spot it. I jumped to roughly that year with the scrollbar and went month by month. Never found it. Any tips?",604,Apps & software,0,,,,,,,,,,,15672,10,attempt,True,True,travel_memory,not_found,B_system_understanding,remembered_time_approximation; remembered_visual_appearance,exact_date_unknown,metadata; keyword,goa 2022; cafe,wrong_results; wrong_results,date_browsing; location_browsing,,
forums:syn-for-0042,forums,macrumors_forums,syn-for-0042,2023-03-15T23:05:05,True,synthetic://forums/syn-for-0042,Google Photos search is failing me,"On photos.google.com from my PC. I've been looking for the picture of the houseboat we stayed on for days. It's from our family trip to Kerala. I remember my parents being in it. All I remember visually is a wooden roof and my dad standing at the front. We were somewhere in the Kerala backwaters when I took it. I have no idea what year it was. Tried ""dad standing on a boat with a wooden roof"" and it gave me hundreds of photos. I have hundreds of similar shots and can't tell which one it was. Ended up scrolling back through years of photos. Eventually I just gave up. Any tips?",582,Apps & software,0,,,,,,,,,,,7226,8,attempt,True,True,travel_memory,abandoned,D_result_evaluation,remembered_person; remembered_place; remembered_trip; remembered_visual_appearance,exact_date_unknown,natural_language,dad standing on a boat with a wooden roof,too_many_results,abandonment; manual_scrolling,desktop_web,
forums:syn-for-0043,forums,toms_guide_forum,syn-for-0043,2026-08-27T05:53:40,True,synthetic://forums/syn-for-0043,Finding a specific old photo in Google Photos,"Looking for the picture of the wine label from our anniversary dinner. I need it now because I want to buy the same wine again. It had my partner in it. It was for our 5th anniversary. Timing wise it was a couple of years back. No idea what the thing is actually called. I typed ""wine"" in search but it just showed random photos. Searched for ""anniversary 2023"" and got a bunch of pictures that had nothing to do with it. It took ""wine"" literally and ignored everything else. Gave up for the day and tried again the next week. Ended up scrolling back through years of photos. Still haven't found it. Any tips?",609,Apps & software,0,,,,,,,,,,,15440,19,attempt,True,True,food_restaurant_memory,not_found,B_system_understanding,remembered_occasion; remembered_person; remembered_time_approximation,exact_object_name_unknown,keyword; metadata,wine; anniversary 2023,wrong_results; wrong_results,manual_scrolling; return_later,,
forums:syn-for-0044,forums,macrumors_forums,syn-for-0044,2026-03-14T18:38:47,True,synthetic://forums/syn-for-0044,Finding a specific old photo in Google Photos,"Does anyone know how to find the photo from my friend's wedding where we were standing outside? I need it now because it's their anniversary next week. Timing wise it was a couple of years ago, winter. It was at my friend's wedding. I can't remember the date at all. Searched for ""wedding"" but it just showed random photos. I typed ""wedding december"" in search and got no results. Searched for ""friends standing outside wedding venue at night"" and got a bunch of pictures that had nothing to do with it. I ran out of ideas pretty quickly. I asked my sister if she still had it. Still haven't found it. Am I doing something wrong?",629,Apps & software,0,,,,,,,,,,,9985,37,attempt,True,True,wedding_memory,not_found,E_refinement,remembered_event; remembered_time_approximation,exact_date_unknown,keyword; metadata; natural_language,wedding; wedding december; friends standing outside wedding venue at night,wrong_results; not_found; wrong_results,ask_another_person,,
forums:syn-for-0045,forums,toms_guide_forum,syn-for-0045,2023-03-16T16:03:19,True,synthetic://forums/syn-for-0045,Google Photos search is failing me,"Couldn't find the selfie from the concert anywhere, then realised it was on my old phone and never got backed up.",113,Apps & software,0,,,,,,,,,,,10082,38,misattribution,True,True,friend_memory,not_found,F_data_index_limitation,,,,,,,,failure_not_search_related
forums:syn-for-0046,forums,xda_forums,syn-for-0046,2024-06-29T05:30:31,True,synthetic://forums/syn-for-0046,Search vs scrolling for old memories,"Looking for a picture of the sofa fabric sample. For context, the shop said to send them the photo when ordering. It was when we were redoing the living room. No idea what the thing is actually called. I have no idea what year it was. I typed ""mustard fabric sample"" in search but it just showed random photos. It took ""fabric"" literally and ignored everything else. Tried synonyms like ""cloth"" too. I gave up on finding it.",424,Apps & software,0,,,,,,,,,,,19518,39,attempt,True,True,purchase_related_image,abandoned,B_system_understanding,remembered_context; remembered_time_approximation,exact_date_unknown; exact_object_name_unknown,natural_language,mustard fabric sample,wrong_results,abandonment; synonym_search,,
forums:syn-for-0047,forums,macrumors_forums,syn-for-0047,2024-11-08T16:30:45,True,synthetic://forums/syn-for-0047,Tips for locating a photo of the biryani my grandmother made?,"On my iPhone. Does anyone know how to find a photo of the biryani my grandmother made? It was for Eid. Honestly it means a lot to me. I remember my grandmother being in it. I don't remember when exactly. Tried ""biryani"" but it just showed random photos. I searched ""eid 2021"" but it just showed random photos. Searched for ""grandma serving biryani from a copper pot"" and got a bunch of pictures that had nothing to do with it. It seems like search ignores half of what I type and only matches one word. I went through the face group for that person too. I jumped to roughly that year with the scrollbar and went month by month. Never found it.",643,Apps & software,0,,,,,,,,,,,6582,23,attempt,True,True,food_restaurant_memory,not_found,B_system_understanding,remembered_emotion; remembered_occasion; remembered_person,exact_date_unknown,keyword; metadata; natural_language,biryani; eid 2021; grandma serving biryani from a copper pot,wrong_results; wrong_results; wrong_results,date_browsing; people_browsing,ios_device,
forums:syn-for-0048,forums,xda_forums,syn-for-0048,2024-07-19T04:58:38,True,synthetic://forums/syn-for-0048,Tips for locating a short video of the band at the pub?,"On the web version on my laptop. I'm trying to find a short video of the band at the pub. I need it now because I want to find the band name. It was while singing a cover of some old song. It was one weekend, maybe 2022. It was at a random Friday gig. No clue what the place was called. No idea what the thing is actually called. Searched for ""video of band with violin red lights pub"" and nothing came up. I typed ""band"" in search and got no results. I typed ""friday 2022"" in search and got no results. The photo is definitely in my library but search never shows it. I even googled how to search Google Photos better. Found one that might be it, but I'm not sure it's the same one. Am I doing something wrong?",711,Apps & software,0,,,,,,,,,,,6000,24,attempt,True,True,video,uncertain,C_retrieval,remembered_activity; remembered_event; remembered_time_approximation,exact_location_unknown; exact_object_name_unknown,natural_language; keyword; metadata,video of band with violin red lights pub; band; friday 2022,not_found; not_found; not_found,external_search,desktop_web,
forums:syn-for-0049,forums,android_central_forums,syn-for-0049,2023-04-18T09:38:24,True,synthetic://forums/syn-for-0049,Google Photos search is failing me,"You can search text inside photos sometimes, but it only works if the words are clear in the image.",99,Apps & software,0,,,,,,,,,,,5208,26,advice,True,False,,,,,,,,,,,
forums:syn-for-0050,forums,xda_forums,syn-for-0050,2024-06-30T23:41:00,True,synthetic://forums/syn-for-0050,Finding a specific old photo in Google Photos,"Looking for the photo of the parking spot sign. I need it because I got a parking fine and need to prove where I was. It was a few weeks ago. All I remember visually is a green pillar with a letter and number. I remember I took it so I'd remember where I parked. I can't recall where exactly it was. I searched ""parking pillar sign"" and got no results. I searched ""parking"" and got no results. Tried ""parking"" and nothing came up. The location data was probably off so there's nothing to go on. I went through the map view hoping to spot it. Tried synonyms like ""car park"" too. Never found it. How do you all deal with this?",624,Apps & software,0,,,,,,,,,,,16342,12,attempt,True,True,location_memory,not_found,F_data_index_limitation,remembered_context; remembered_time_approximation; remembered_visual_appearance,exact_location_unknown,natural_language; keyword; metadata,parking pillar sign; parking; parking,not_found; not_found; not_found,location_browsing; synonym_search,,
forums:syn-for-0051,forums,android_central_forums,syn-for-0051,2025-04-21T12:25:52,True,synthetic://forums/syn-for-0051,Google Photos search is failing me,Minor gripe: Storage is full again and now they want me to pay for more. Too expensive for what it is.,102,Apps & software,0,,,,,,,,,,,14622,29,noise,False,False,,,,,,,,,,,
forums:syn-for-0052,forums,xda_forums,syn-for-0052,2023-02-24T21:59:55,True,synthetic://forums/syn-for-0052,Google Photos search is failing me,"I'm trying to find the photo of the team at the offsite. All I remember visually is everyone in matching t-shirts by a pool. It had my old team in it. It was at the team offsite. I can't recall where exactly it was. I searched ""team"" and nothing came up. Tried ""offsite 2021"" and got a bunch of pictures that had nothing to do with it. Tried ""team in matching t shirts by a pool"" but it just showed random photos. I know exactly what it looks like but can't put it into search words. I jumped to roughly that year with the scrollbar and went month by month. Still haven't found it. Is there a better way to search for stuff like this?",634,Apps & software,0,,,,,,,,,,,13091,33,attempt,True,True,work_memory,not_found,A_memory_expression,remembered_event; remembered_person; remembered_visual_appearance,exact_location_unknown,keyword; metadata; natural_language,team; offsite 2021; team in matching t shirts by a pool,not_found; wrong_results; wrong_results,date_browsing,,
forums:syn-for-0053,forums,android_central_forums,syn-for-0053,2025-08-28T08:05:05,True,synthetic://forums/syn-for-0053,Google Photos search is failing me,"I've been looking for the photo of the temple on the hill for days. I need it because my parents want to visit again. It was a long time ago, maybe 2015. We were on a hill somewhere on the way to Mysore when I took it. No clue what the place was called. I typed ""white temple on hill with steps"" in search and it popped up near the top. Tried ""temple"" and there it was. Tried ""mysore 2015"" and there it was. Ended up scrolling back through years of photos. In the end I texted my friend to send it again. Got it eventually, after half an hour of scrolling. Is there a better way to search for stuff like this?",609,Apps & software,0,,,,,,,,,,,13918,27,attempt,True,True,location_memory,found,none_observed,remembered_place; remembered_time_approximation,exact_location_unknown,natural_language; keyword; metadata,white temple on hill with steps; temple; mysore 2015,found; found; found,ask_another_person; manual_scrolling,,
forums:syn-for-0054,forums,toms_guide_forum,syn-for-0054,2024-12-17T01:15:55,True,synthetic://forums/syn-for-0054,Finding a specific old photo in Google Photos,"Search for the thing plus the city, e.g. ""cake bangalore"", works better than a sentence for me.",95,Apps & software,0,,,,,,,,,,,1654,35,advice,True,False,,,,,,,,,,,
forums:syn-for-0055,forums,macrumors_forums,syn-for-0055,2025-11-07T00:36:53,True,synthetic://forums/syn-for-0055,Tips for locating the video of my dog meeting the new puppy?,"I have 12 years of photos in there. I'm trying to find the video of my dog meeting the new puppy. I need it because our old dog passed away last week. It had our old dog in it. It was right after we adopted the puppy, 2020. All I remember visually is the puppy running circles around him. It's the funniest thing. I have no idea what year it was. I typed ""2020 video"" in search and got no results. Tried ""video of old dog meeting new puppy"" and got no results. It just doesn't show up in search even though I know it's there. Ended up scrolling back through years of photos. I kept retyping different searches. I found a similar one but not the exact photo I wanted. Any tips?",676,Apps & software,0,,,,,,,,,,,5095,22,attempt,True,True,video,partially_found,C_retrieval,remembered_emotion; remembered_person; remembered_time_approximation; remembered_visual_appearance,exact_date_unknown,metadata; natural_language,2020 video; video of old dog meeting new puppy,not_found; not_found,manual_scrolling; repeated_search,large_library,
forums:syn-for-0056,forums,android_central_forums,syn-for-0056,2023-04-28T18:31:18,True,synthetic://forums/syn-for-0056,Search vs scrolling for old memories,"I search in Photos pretty much every day. I've been looking for the photo of the warranty card for the washing machine for days. I need it now because the machine broke and service wants the warranty. I remember a small card taped to the invoice. I remember I photographed it right after installation. It was when we bought it, 2 years ago maybe. It had the serial number on it. I don't remember when exactly. I can't recall what it said exactly. I searched ""washing machine warranty card"" and got no results. Tried ""warranty 2024"" and got a bunch of pictures that had nothing to do with it. I typed ""warranty"" in search and nothing came up. After that I had no idea what else to try. I checked my Gmail in case I had sent it to someone. Finally found it after way too long. How do you all deal with this?",805,Apps & software,0,,,,,,,,,,,12022,24,attempt,True,True,receipt,found,E_refinement,remembered_context; remembered_text; remembered_time_approximation; remembered_visual_appearance,exact_date_unknown; exact_text_unknown,natural_language; metadata; keyword,washing machine warranty card; warranty 2024; warranty,not_found; wrong_results; not_found,other_application,frequent_searcher,
forums:syn-for-0057,forums,xda_forums,syn-for-0057,2024-06-03T06:08:35,True,synthetic://forums/syn-for-0057,Finding a specific old photo in Google Photos,"Does anyone know how to find the photo of the view from the train window? I need it now because I was telling someone about the trip and wanted to show them. I remember green hills and a reflection of my face in the glass. It was taken on the train somewhere between two cities. This was during the Europe backpacking trip. I can't recall where exactly it was. Not sure which month or year, honestly. Tried ""train"" and got no results. Searched for ""train 2018"" and got no results. The photo is definitely in my library but search never shows it. I went through the map view hoping to spot it. I found a similar one but not the exact photo I wanted. Is there a better way to search for stuff like this?",701,Apps & software,0,,,,,,,,,,,16307,6,attempt,True,True,travel_memory,partially_found,C_retrieval,remembered_place; remembered_trip; remembered_visual_appearance,exact_date_unknown; exact_location_unknown,keyword; metadata,train; train 2018,not_found; not_found,location_browsing,,
forums:syn-for-0058,forums,android_central_forums,syn-for-0058,2023-11-03T11:11:42,True,synthetic://forums/syn-for-0058,Google Photos search is failing me,"What worked for me: Search by year first, like ""2019"", then scroll within that. Much faster than scrolling from today.",118,Apps & software,0,,,,,,,,,,,14140,39,advice,True,False,,,,,,,,,,,
forums:syn-for-0059,forums,toms_guide_forum,syn-for-0059,2023-03-16T20:37:18,True,synthetic://forums/syn-for-0059,Google Photos search is failing me,"Couldn't find the photo of us dancing at the sangeet anywhere, then realised it was on my old phone and never got backed up.",124,Apps & software,0,,,,,,,,,,,2481,10,misattribution,True,True,wedding_memory,not_found,F_data_index_limitation,,,,,,,,failure_not_search_related
forums:syn-for-0060,forums,android_central_forums,syn-for-0060,2023-06-13T21:54:57,True,synthetic://forums/syn-for-0060,Search vs scrolling for old memories,Spent an hour looking for a picture of the site inspection issue and it turns out I had deleted it years ago. Not the app's fault.,130,Apps & software,0,,,,,,,,,,,12809,1,misattribution,True,True,work_memory,not_found,F_data_index_limitation,,,,,,,,failure_not_search_related
forums:syn-for-0061,forums,toms_guide_forum,syn-for-0061,2025-09-22T13:46:03,True,synthetic://forums/syn-for-0061,Tips for locating a picture of the site inspection issue?,"Does anyone know how to find a picture of the site inspection issue? I need it because the client is disputing the report. For context, I took it for the report and never sent it. Timing wise it was a few months back. I can picture a rusty pipe with a yellow tag. It's a picture of a cracked pipe fitting. I have no idea what year it was. No idea what the thing is actually called. Tried ""pipe"" but it just showed random photos. It seems like search ignores half of what I type and only matches one word. Tried synonyms like ""plumbing"" too. Found one that might be it, but I'm not sure it's the same one. Am I doing something wrong?",632,Apps & software,0,,,,,,,,,,,15776,0,attempt,True,True,work_memory,uncertain,B_system_understanding,remembered_context; remembered_object; remembered_time_approximation; remembered_visual_appearance,exact_date_unknown; exact_object_name_unknown,keyword,pipe,wrong_results,synonym_search,,
forums:syn-for-0062,forums,toms_guide_forum,syn-for-0062,2025-05-11T20:26:05,True,synthetic://forums/syn-for-0062,Tips for locating an old photo?,Update: Storage is full again and now they want me to pay for more. Too expensive for what it is.,97,Apps & software,0,,,,,,,,,,,10181,34,noise,False,False,,,,,,,,,,,
forums:syn-for-0063,forums,toms_guide_forum,syn-for-0063,2025-04-01T10:50:25,True,synthetic://forums/syn-for-0063,Search vs scrolling for old memories,Found the screenshot of the train booking confirmation by searching the person's face and then scrolling a bit. Took two minutes.,129,Apps & software,0,,,,,,,,,,,10192,5,success,True,True,screenshot,found,none_observed,,,,,,,,vague_search_succeeded
forums:syn-for-0064,forums,xda_forums,syn-for-0064,2024-12-12T15:31:59,True,synthetic://forums/syn-for-0064,Tips for locating an old photo?,Found the photo of the whiteboard from our planning session by searching the person's face and then scrolling a bit. Took two minutes.,134,Apps & software,0,,,,,,,,,,,10883,2,success,True,True,work_memory,found,none_observed,,,,,,,,vague_search_succeeded
forums:syn-for-0065,forums,android_central_forums,syn-for-0065,2025-12-19T05:51:55,True,synthetic://forums/syn-for-0065,Search vs scrolling for old memories,"I take a ridiculous number of screenshots. I've been looking for the picture of the houseboat we stayed on for days. I need it because I wanted to print it for my parents' anniversary. It had my parents in it. It's from our family trip to Kerala. All I remember visually is a wooden roof and my dad standing at the front. Not sure which month or year, honestly. I searched ""dad standing on a boat with a wooden roof"" and got a bunch of pictures that had nothing to do with it. How do you even search for something like that? I scrolled for like 40 minutes. I jumped to roughly that year with the scrollbar and went month by month. Eventually I just gave up. How do you all deal with this?",688,Apps & software,0,,,,,,,,,,,9870,15,attempt,True,True,travel_memory,abandoned,A_memory_expression,remembered_person; remembered_trip; remembered_visual_appearance,exact_date_unknown,natural_language,dad standing on a boat with a wooden roof,wrong_results,abandonment; date_browsing; manual_scrolling,screenshot_heavy,
forums:syn-for-0066,forums,toms_guide_forum,syn-for-0066,2025-10-22T15:17:47,True,synthetic://forums/syn-for-0066,Google Photos search is failing me,"Does anyone know how to find a short video of the band at the pub? I can picture red lights and the singer with a violin. It was while singing a cover of some old song. Timing wise it was one weekend, maybe 2022. It's from a random Friday gig. I don't remember the name of the place. No idea what the thing is actually called. I typed ""band"" in search and got no results. I typed ""video of band with violin red lights pub"" in search and nothing came up. Searched for ""friday 2022"" and got no results. The photo is definitely in my library but search never shows it. Ended up scrolling back through years of photos. I gave up on finding it.",639,Apps & software,0,,,,,,,,,,,18911,34,attempt,True,True,video,abandoned,C_retrieval,remembered_activity; remembered_event; remembered_time_approximation; remembered_visual_appearance,exact_location_unknown; exact_object_name_unknown,keyword; natural_language; metadata,band; video of band with violin red lights pub; friday 2022,not_found; not_found; not_found,abandonment; manual_scrolling,,
forums:syn-for-0067,forums,toms_guide_forum,syn-for-0067,2023-08-01T00:17:25,True,synthetic://forums/syn-for-0067,Google Photos search is failing me,"Update: The editing tools are great, the magic eraser is really good. Love the collage feature, made a nice one for my mom.",123,Apps & software,0,,,,,,,,,,,2055,11,noise,False,False,,,,,,,,,,,
forums:syn-for-0068,forums,xda_forums,syn-for-0068,2023-10-17T12:57:11,True,synthetic://forums/syn-for-0068,Google Photos search is failing me,"I use search a lot for work stuff. Looking for the picture of the wine label from our anniversary dinner. I remember a label with a drawing of a bird. I remember my partner being in it. I don't remember the exact words on it. I don't know what it's called. Searched for ""wine bottle with bird drawing on label"" and got no results. I know exactly what it looks like but can't put it into search words. Ended up scrolling back through years of photos. Still haven't found it. Is there a better way to search for stuff like this?",526,Apps & software,0,,,,,,,,,,,15171,21,attempt,True,True,food_restaurant_memory,not_found,A_memory_expression,remembered_person; remembered_visual_appearance,exact_object_name_unknown; exact_text_unknown,natural_language,wine bottle with bird drawing on label,not_found,manual_scrolling,frequent_searcher,
forums:syn-for-0069,forums,macrumors_forums,syn-for-0069,2025-03-13T06:55:44,True,synthetic://forums/syn-for-0069,Search vs scrolling for old memories,Minor gripe: Please add a dark mode for the web version. Syncing between my two phones is inconsistent.,103,Apps & software,0,,,,,,,,,,,125,35,noise,False,False,,,,,,,,,,,
forums:syn-for-0070,forums,macrumors_forums,syn-for-0070,2023-05-21T09:30:21,True,synthetic://forums/syn-for-0070,Tips for locating an old photo?,"Was sure I'd never find that photo where I was wearing the blue shirt, but searching ""blue shirt"" plus the year got it on the first try.",136,Apps & software,0,,,,,,,,,,,6248,16,success,True,True,personal_memory,found,none_observed,,,,,,,,vague_search_succeeded
forums:syn-for-0071,forums,macrumors_forums,syn-for-0071,2025-03-22T19:40:14,True,synthetic://forums/syn-for-0071,Google Photos search is failing me,"I take a ridiculous number of screenshots. I'm trying to find the screenshot of the train booking confirmation. It was last month. I can picture a white screen with a green tick. I remember it showed the PNR number. I can't recall what it said exactly. Tried ""train ticket booking confirmation screenshot"" and nothing came up. Text inside screenshots doesn't seem to be searchable. I tried the screenshots category filter as well. Got it eventually, after three days. Any tips?",477,Apps & software,0,,,,,,,,,,,18697,17,attempt,True,True,screenshot,found,F_data_index_limitation,remembered_text; remembered_time_approximation; remembered_visual_appearance,exact_text_unknown,natural_language,train ticket booking confirmation screenshot,not_found,filters,screenshot_heavy,
forums:syn-for-0072,forums,toms_guide_forum,syn-for-0072,2023-10-07T00:35:28,True,synthetic://forums/syn-for-0072,Finding a specific old photo in Google Photos,"On iOS. I'm trying to find the photo from my friend's wedding where we were standing outside. I need it now because it's their anniversary next week. It was taken outside the venue near the parking area. I remember me in a maroon sherwani and fairy lights on a gate. I don't remember the name of the place. I don't remember when exactly. Searched for ""friends standing outside wedding venue at night"" and got thousands of results to scroll through. Tried ""wedding december"" and it gave me hundreds of photos. There are so many almost identical shots from that day that I can't tell which one it is. Ended up scrolling back through years of photos. Eventually I just gave up. Am I doing something wrong?",702,Apps & software,0,,,,,,,,,,,7112,13,attempt,True,True,wedding_memory,abandoned,D_result_evaluation,remembered_place; remembered_visual_appearance,exact_date_unknown; exact_location_unknown,natural_language; metadata,friends standing outside wedding venue at night; wedding december,too_many_results; too_many_results,abandonment; manual_scrolling,ios_device,
forums:syn-for-0073,forums,toms_guide_forum,syn-for-0073,2024-03-25T07:10:56,True,synthetic://forums/syn-for-0073,Search vs scrolling for old memories,"Search should work the way I remember things, like 'students in black t shirts in front of banner', not just single words.",122,Apps & software,0,,,,,,,,,,,14499,4,opinion,True,False,,,,,,,,,,,
forums:syn-for-0074,forums,toms_guide_forum,syn-for-0074,2025-07-23T13:17:47,True,synthetic://forums/syn-for-0074,Search vs scrolling for old memories,Name the face groups. Searching a person's name works way better than describing them.,86,Apps & software,0,,,,,,,,,,,4702,30,advice,True,False,,,,,,,,,,,
forums:syn-for-0075,forums,macrumors_forums,syn-for-0075,2025-08-05T03:41:55,True,synthetic://forums/syn-for-0075,Tips for locating the photo of my dad's blood test report?,"On photos.google.com from my PC. Looking for the photo of my dad's blood test report. I need it because the new doctor wants old values. I can picture a report with a hospital logo. It's a picture of a lab report. It had the sugar and cholesterol values on it. I can't remember the date at all. I can't recall what it said exactly. Searched for ""report"" and there it was. Tried ""lab report 2025"" and there it was. I scrolled for like 40 minutes. I checked my Gmail in case I had sent it to someone. Got it eventually, after three days. How do you all deal with this?",566,Apps & software,0,,,,,,,,,,,13613,6,attempt,True,True,medical_or_health_image,found,none_observed,remembered_object; remembered_text; remembered_visual_appearance,exact_date_unknown; exact_text_unknown,keyword; metadata,report; lab report 2025,found; found,manual_scrolling; other_application,desktop_web,
forums:syn-for-0076,forums,toms_guide_forum,syn-for-0076,2024-01-10T09:36:04,True,synthetic://forums/syn-for-0076,Tips for locating an old photo?,"Something that helps: Use the date jump on the scrollbar, drag to the year and go month by month.",97,Apps & software,0,,,,,,,,,,,17797,14,advice,True,False,,,,,,,,,,,
forums:syn-for-0077,forums,xda_forums,syn-for-0077,2024-12-10T20:07:36,True,synthetic://forums/syn-for-0077,Finding a specific old photo in Google Photos,"Does anyone know how to find the photo of my son's vaccination card? I need it now because school admission needs it. I remember it showed the dates of the last booster. All I remember visually is a pink card with stamps. I don't remember the exact words on it. I don't know what it's called. I searched ""vaccination"" and nothing came up. Tried ""vaccine"" and nothing came up. The photo is definitely in my library but search never shows it. I checked my Gmail in case I had sent it to someone. Finally found it after two evenings.",530,Apps & software,0,,,,,,,,,,,14940,3,attempt,True,True,document,found,C_retrieval,remembered_text; remembered_visual_appearance,exact_object_name_unknown; exact_text_unknown,keyword; metadata,vaccination; vaccine,not_found; not_found,other_application,,
forums:syn-for-0078,forums,macrumors_forums,syn-for-0078,2025-02-08T06:24:48,True,synthetic://forums/syn-for-0078,Search vs scrolling for old memories,"Looking for a photo of the bookshelf I wanted to build. I need it because the carpenter is coming tomorrow. It had my friend in it. It's a picture of a wall shelf. I remember wooden shelves shaped like a hexagon. I can't remember the date at all. I typed ""hexagon wooden wall shelf"" in search but it just showed random photos. After that I had no idea what else to try. I scrolled for like 40 minutes. I jumped to roughly that year with the scrollbar and went month by month. Finally found it after about an hour. Am I doing something wrong?",541,Apps & software,0,,,,,,,,,,,6353,12,attempt,True,True,object_memory,found,E_refinement,remembered_object; remembered_person; remembered_visual_appearance,exact_date_unknown,natural_language,hexagon wooden wall shelf,wrong_results,date_browsing; manual_scrolling,,
forums:syn-for-0079,forums,macrumors_forums,syn-for-0079,2026-01-10T07:07:04,True,synthetic://forums/syn-for-0079,Tips for locating an old photo?,"Honestly I've stopped using search and just scroll, it's more predictable.",74,Apps & software,0,,,,,,,,,,,9947,28,opinion,True,False,,,,,,,,,,,
forums:syn-for-0080,forums,xda_forums,syn-for-0080,2025-05-06T02:55:58,True,synthetic://forums/syn-for-0080,Google Photos search is failing me,"I use search a lot for work stuff. Does anyone know how to find the photo from our college fest? I need it now because 10 year reunion is coming up. I remember the photos were from an old phone that I backed up later. Timing wise it was second year, so 2014 or 2015. I can picture all of us in black t-shirts in front of a big banner. I don't remember when exactly. I don't even remember what the event was called. I typed ""students in black t shirts in front of banner"" in search and got no results. I typed ""college fest"" in search and nothing came up. It just doesn't show up in search even though I know it's there. I kept retyping different searches. I went through the map view hoping to spot it. Still haven't found it. Am I doing something wrong?",754,Apps & software,0,,,,,,,,,,,19861,8,attempt,True,True,school_or_college_memory,not_found,C_retrieval,remembered_context; remembered_time_approximation; remembered_visual_appearance,event_name_unknown; exact_date_unknown,natural_language; keyword,students in black t shirts in front of banner; college fest,not_found; not_found,location_browsing; repeated_search,frequent_searcher,
forums:syn-for-0081,forums,xda_forums,syn-for-0081,2024-11-17T09:26:15,True,synthetic://forums/syn-for-0081,Tips for locating a sunset photo from the hotel balcony?,"I've been looking for a sunset photo from the hotel balcony for days. I need it because I want to use it as a wallpaper again. This was during that Switzerland trip. Timing wise it was in summer, I'm not sure which year. It had my wife in it. I remember an orange sky and a red railing in the corner. Not sure which month or year, honestly. Searched for ""sunset from hotel balcony with red railing"" and nothing came up. I didn't know what else to try. Ended up scrolling back through years of photos. I asked my sister if she still had it. Never found it.",555,Apps & software,0,,,,,,,,,,,3231,12,attempt,True,True,travel_memory,not_found,E_refinement,remembered_person; remembered_time_approximation; remembered_trip; remembered_visual_appearance,exact_date_unknown,natural_language,sunset from hotel balcony with red railing,not_found,ask_another_person; manual_scrolling,,
forums:syn-for-0082,forums,macrumors_forums,syn-for-0082,2026-02-13T19:33:36,True,synthetic://forums/syn-for-0082,Tips for locating the photo of my son's first steps?,"On my Pixel. I'm trying to find the photo of my son's first steps. I need it because we're making a birthday album. It's the one my wife took, not me. It was taken in our old apartment's living room. I'm not sure if I ever put it in an album. I typed ""2019"" in search but it just showed random photos. Searched for ""baby standing holding sofa on green rug"" and got no results. I know exactly what it looks like but can't put it into search words. Ended up scrolling back through years of photos. I went through the face group for that person too. I gave up on finding it. How do you all deal with this?",602,Apps & software,0,,,,,,,,,,,4426,0,attempt,True,True,family_memory,abandoned,A_memory_expression,remembered_place; remembered_relationship,album_unknown,metadata; natural_language,2019; baby standing holding sofa on green rug,wrong_results; not_found,abandonment; manual_scrolling; people_browsing,android_device,
forums:syn-for-0083,forums,xda_forums,syn-for-0083,2024-01-02T02:44:03,True,synthetic://forums/syn-for-0083,Tips for locating the photo of the street where we got lost?,"I've been looking for the photo of the street where we got lost for days. I need it now because we want to frame it. Timing wise it was on the third or fourth day of the trip. All I remember visually is yellow tiles on the walls and a tram line. I can't recall the name of the event. No clue what the place was called. Tried ""lisbon"" but it just showed random photos. It took ""street"" literally and ignored everything else. I jumped to roughly that year with the scrollbar and went month by month. I found a similar one but not the exact photo I wanted. Is there a better way to search for stuff like this?",606,Apps & software,0,,,,,,,,,,,2145,2,attempt,True,True,travel_memory,partially_found,B_system_understanding,remembered_time_approximation; remembered_visual_appearance,event_name_unknown; exact_location_unknown,metadata,lisbon,wrong_results,date_browsing,,
forums:syn-for-0084,forums,android_central_forums,syn-for-0084,2024-10-30T06:32:02,True,synthetic://forums/syn-for-0084,Finding a specific old photo in Google Photos,"Half my library is screenshots. I'm trying to find the selfie from the concert. I need it because it's her birthday and I want to post it. I remember my best friend being in it. It was at the Coldplay concert. I remember my phone was almost dead. I remember confetti in the air behind us. Not sure which month or year, honestly. I searched ""selfie at concert with confetti"" and nothing came up. I typed ""concert"" in search and nothing came up. It came from my old phone and I'm not sure it ever got backed up. In the end I texted my friend to send it again. I went through the face group for that person too. Never found it. Is there a better way to search for stuff like this?",677,Apps & software,0,,,,,,,,,,,11691,35,attempt,True,True,friend_memory,not_found,F_data_index_limitation,remembered_context; remembered_event; remembered_person; remembered_visual_appearance,exact_date_unknown,natural_language; keyword,selfie at concert with confetti; concert,not_found; not_found,ask_another_person; people_browsing,screenshot_heavy,
forums:syn-for-0085,forums,xda_forums,syn-for-0085,2026-03-02T22:15:45,True,synthetic://forums/syn-for-0085,Search vs scrolling for old memories,"Was sure I'd never find the screenshot of the train booking confirmation, but searching ""ticket"" plus the year got it on the first try.",135,Apps & software,0,,,,,,,,,,,13095,34,success,True,True,screenshot,found,none_observed,,,,,,,,vague_search_succeeded
forums:syn-for-0086,forums,android_central_forums,syn-for-0086,2026-05-31T05:32:49,True,synthetic://forums/syn-for-0086,Tips for locating a screenshot of a recipe from Instagram?,"Looking for a screenshot of a recipe from Instagram. I need it now because guests are coming this weekend. For context, I screenshotted it from a reel. All I remember visually is a dark background with white text. It had something with paneer and cashew paste on it. I can't recall what it said exactly. Searched for ""recipe"" and it gave me hundreds of photos. Searched for ""paneer recipe screenshot"" and got thousands of results to scroll through. I searched ""instagram screenshot"" and it gave me hundreds of photos. There are so many almost identical shots from that day that I can't tell which one it is. Ended up scrolling back through years of photos. I found a similar one but not the exact photo I wanted.",712,Apps & software,0,,,,,,,,,,,6172,29,attempt,True,True,screenshot,partially_found,D_result_evaluation,remembered_context; remembered_text; remembered_visual_appearance,exact_text_unknown,keyword; natural_language; metadata,recipe; paneer recipe screenshot; instagram screenshot,too_many_results; too_many_results; too_many_results,manual_scrolling,,
forums:syn-for-0087,forums,macrumors_forums,syn-for-0087,2025-03-28T19:26:14,True,synthetic://forums/syn-for-0087,Finding a specific old photo in Google Photos,"Looking for the screenshot where I had the information about that course. I need it because the application deadline might be close. For context, someone posted it on LinkedIn. It was a few months ago. I remember a blue banner with a university logo. It had the course fees and the deadline on it. No idea what to search for really. Not sure which month or year, honestly. I typed ""course"" in search and got no results. I typed ""screenshot of course details with fees"" in search and got no results. Text inside screenshots doesn't seem to be searchable. I tried the screenshots category filter as well. I checked my Gmail in case I had sent it to someone. Got it eventually, after half an hour of scrolling. Is there a better way to search for stuff like this?",760,Apps & software,0,,,,,,,,,,,4583,20,attempt,True,True,screenshot,found,F_data_index_limitation,remembered_context; remembered_text; remembered_time_approximation; remembered_visual_appearance,exact_date_unknown; exact_keyword_unknown,keyword; natural_language,course; screenshot of course details with fees,not_found; not_found,filters; other_application,,
forums:syn-for-0088,forums,android_central_forums,syn-for-0088,2025-04-10T10:02:29,True,synthetic://forums/syn-for-0088,Tips for locating a picture of the site inspection issue?,"A lot of my photos come from shared albums. Looking for a picture of the site inspection issue. I need it because the client is disputing the report. For context, I took it for the report and never sent it. The photo shows a cracked pipe fitting. Timing wise it was a few months back. I remember a rusty pipe with a yellow tag. No idea what the thing is actually called. Searched for ""warehouse"" and got a bunch of pictures that had nothing to do with it. I searched ""rusty pipe with yellow tag at warehouse"" but it just showed random photos. It doesn't understand what I'm describing at all. I jumped to roughly that year with the scrollbar and went month by month. I asked my sister if she still had it. I gave up on finding it.",730,Apps & software,0,,,,,,,,,,,3737,26,attempt,True,True,work_memory,abandoned,B_system_understanding,remembered_context; remembered_object; remembered_time_approximation; remembered_visual_appearance,exact_object_name_unknown,metadata; natural_language,warehouse; rusty pipe with yellow tag at warehouse,wrong_results; wrong_results,abandonment; ask_another_person; date_browsing,shared_library,
forums:syn-for-0089,forums,android_central_forums,syn-for-0089,2025-11-28T22:56:04,True,synthetic://forums/syn-for-0089,Search vs scrolling for old memories,"Two things. Love the collage feature, made a nice one for my mom. The app is slow to load thumbnails on my old phone.",117,Apps & software,0,,,,,,,,,,,19105,34,noise,False,False,,,,,,,,,,,
forums:syn-for-0090,forums,xda_forums,syn-for-0090,2024-08-22T21:16:22,True,synthetic://forums/syn-for-0090,Tips for locating an old photo?,Found that picture from the trip where we stayed near the beach by searching the person's face and then scrolling a bit. Took two minutes.,138,Apps & software,0,,,,,,,,,,,9553,20,success,True,True,location_memory,found,none_observed,,,,,,,,vague_search_succeeded
forums:syn-for-0091,forums,android_central_forums,syn-for-0091,2025-09-15T11:06:32,True,synthetic://forums/syn-for-0091,Search vs scrolling for old memories,"I'm trying to find a picture of the waterfall we hiked to. I need it because my cousin asked for it for a reunion slideshow. Timing wise it was during monsoon, around 2020. I remember mist everywhere and everyone in raincoats. Not sure which month or year, honestly. Tried ""waterfall with people in raincoats and mist"" and got thousands of results to scroll through. I typed ""waterfall"" in search and it gave me hundreds of photos. There are so many almost identical shots from that day that I can't tell which one it is. I went through the map view hoping to spot it. Found one that might be it, but I'm not sure it's the same one.",632,Apps & software,0,,,,,,,,,,,8632,6,attempt,True,True,travel_memory,uncertain,D_result_evaluation,remembered_time_approximation; remembered_visual_appearance,exact_date_unknown,natural_language; keyword,waterfall with people in raincoats and mist; waterfall,too_many_results; too_many_results,location_browsing,,
forums:syn-for-0092,forums,macrumors_forums,syn-for-0092,2023-01-30T05:26:19,True,synthetic://forums/syn-for-0092,Finding a specific old photo in Google Photos,Spent an hour looking for the photo of the electrician's handwritten estimate and it turns out I had deleted it years ago. Not the app's fault.,143,Apps & software,0,,,,,,,,,,,1598,0,misattribution,True,True,receipt,not_found,F_data_index_limitation,,,,,,,,failure_not_search_related
forums:syn-for-0093,forums,macrumors_forums,syn-for-0093,2023-09-09T01:43:59,True,synthetic://forums/syn-for-0093,Tips for locating the family photo from Diwali where everyone is wearing white?,"I moved all my old phone photos in years ago. Does anyone know how to find the family photo from Diwali where everyone is wearing white? I remember everyone in white kurtas with diyas in front. Timing wise it was one of the Diwalis between 2017 and 2020. We were at my aunt's house when I took it. It was taken on Diwali. Not sure which month or year, honestly. I searched ""diwali 2018"" and nothing came up. Tried ""diwali"" and got no results. How do you even search for something like that? I went through the face group for that person too. Found one that might be it, but I'm not sure it's the same one. Am I doing something wrong?",633,Apps & software,0,,,,,,,,,,,8309,8,attempt,True,True,family_memory,uncertain,A_memory_expression,remembered_occasion; remembered_place; remembered_time_approximation; remembered_visual_appearance,exact_date_unknown,metadata; keyword,diwali 2018; diwali,not_found; not_found,people_browsing,long_tenure,
forums:syn-for-0094,forums,macrumors_forums,syn-for-0094,2025-09-18T09:59:07,True,synthetic://forums/syn-for-0094,Search vs scrolling for old memories,"Couldn't find the photo of the bill I took sometime last summer anywhere, then realised it was on my old phone and never got backed up.",135,Apps & software,0,,,,,,,,,,,18355,25,misattribution,True,True,receipt,not_found,F_data_index_limitation,,,,,,,,failure_not_search_related
forums:syn-for-0095,forums,android_central_forums,syn-for-0095,2024-09-08T01:24:21,True,synthetic://forums/syn-for-0095,Google Photos search is failing me,"I don't remember dates, nobody does. Searching by date is useless for old memories.",83,Apps & software,0,,,,,,,,,,,3878,20,opinion,True,False,,,,,,,,,,,
forums:syn-for-0096,forums,macrumors_forums,syn-for-0096,2023-01-13T17:48:27,True,synthetic://forums/syn-for-0096,Tips for locating the photo of my first tattoo right after I got it?,"On my iPhone. Does anyone know how to find the photo of my first tattoo right after I got it? I need it because the artist asked for a before picture. For context, it was still covered with cling film. I can picture a small wave design on my wrist, all red around it. The photo shows a tattoo. Timing wise it was a few years back. Not sure which month or year, honestly. I typed ""tattoo"" in search and there it was. Searched for ""fresh wave tattoo on wrist"" and it popped up near the top. Ended up scrolling back through years of photos. Finally found it after half an hour of scrolling. Is there a better way to search for stuff like this?",640,Apps & software,0,,,,,,,,,,,11443,13,attempt,True,True,personal_memory,found,none_observed,remembered_context; remembered_object; remembered_time_approximation; remembered_visual_appearance,exact_date_unknown,metadata; natural_language,tattoo; fresh wave tattoo on wrist,found; found,manual_scrolling,ios_device,
forums:syn-for-0097,forums,toms_guide_forum,syn-for-0097,2025-04-11T04:12:39,True,synthetic://forums/syn-for-0097,Tips for locating a photo of the biryani my grandmother made?,"I'm trying to find a photo of the biryani my grandmother made. I know it was at my grandmother's house. It was for Eid. I can't remember the date at all. I typed ""grandma serving biryani from a copper pot"" in search but it just showed random photos. I typed ""eid 2021"" in search and got a bunch of pictures that had nothing to do with it. Tried ""biryani"" but it just showed random photos. I didn't know what else to try. Ended up scrolling back through years of photos. I even googled how to search Google Photos better. Eventually I just gave up. Am I doing something wrong?",575,Apps & software,0,,,,,,,,,,,2803,28,attempt,True,True,food_restaurant_memory,abandoned,E_refinement,remembered_occasion; remembered_place,exact_date_unknown,natural_language; metadata; keyword,grandma serving biryani from a copper pot; eid 2021; biryani,wrong_results; wrong_results; wrong_results,abandonment; external_search; manual_scrolling,,
forums:syn-for-0098,forums,android_central_forums,syn-for-0098,2026-05-20T07:23:50,True,synthetic://forums/syn-for-0098,Search vs scrolling for old memories,"I search in Photos pretty much every day. Does anyone know how to find a sunset photo from the hotel balcony? Timing wise it was in summer, I'm not sure which year. I know it was at the hotel near the lake. No clue what the place was called. I don't remember when exactly. I searched ""sunset from hotel balcony with red railing"" and it popped up near the top. I scrolled for like 40 minutes. In the end I texted my friend to send it again. Got it eventually, after half an hour of scrolling. Am I doing something wrong?",519,Apps & software,0,,,,,,,,,,,16779,34,attempt,True,True,travel_memory,found,none_observed,remembered_place; remembered_time_approximation,exact_date_unknown; exact_location_unknown,natural_language,sunset from hotel balcony with red railing,found,ask_another_person; manual_scrolling,frequent_searcher,
forums:syn-for-0099,forums,android_central_forums,syn-for-0099,2025-06-30T11:07:52,True,synthetic://forums/syn-for-0099,Tips for locating the picture of the houseboat we stayed on?,"Looking for the picture of the houseboat we stayed on. I need it because I wanted to print it for my parents' anniversary. Timing wise it was a few years ago, before covid I think. It's from our family trip to Kerala. I have no idea what year it was. I can't recall where exactly it was. Tried ""dad standing on a boat with a wooden roof"" and it gave me hundreds of photos. All the results look the same as tiny thumbnails. I jumped to roughly that year with the scrollbar and went month by month. Ended up scrolling back through years of photos. Eventually I just gave up. Am I doing something wrong?",600,Apps & software,0,,,,,,,,,,,7469,30,attempt,True,True,travel_memory,abandoned,D_result_evaluation,remembered_time_approximation; remembered_trip,exact_date_unknown; exact_location_unknown,natural_language,dad standing on a boat with a wooden roof,too_many_results,abandonment; date_browsing; manual_scrolling,,
forums:syn-for-0100,forums,xda_forums,syn-for-0100,2023-07-27T18:38:13,True,synthetic://forums/syn-for-0100,Tips for locating an old photo?,"Search should work the way I remember things, like 'white temple on hill with steps', not just single words.",108,Apps & software,0,,,,,,,,,,,13971,30,opinion,True,False,,,,,,,,,,,
forums:syn-for-0101,forums,toms_guide_forum,syn-for-0101,2025-12-26T21:41:03,True,synthetic://forums/syn-for-0101,Google Photos search is failing me,"I've been looking for the family photo from Diwali where everyone is wearing white for days. I need it because my aunt asked me to send it. I can picture everyone in white kurtas with diyas in front. It was taken at my aunt's house. I remember the whole extended family being in it. Not sure which month or year, honestly. Searched for ""diwali 2018"" and got no results. I know exactly what it looks like but can't put it into search words. I went through the face group for that person too. Ended up scrolling back through years of photos. I found a similar one but not the exact photo I wanted. Am I doing something wrong?",623,Apps & software,0,,,,,,,,,,,18971,1,attempt,True,True,family_memory,partially_found,A_memory_expression,remembered_person; remembered_place; remembered_visual_appearance,exact_date_unknown,metadata,diwali 2018,not_found,manual_scrolling; people_browsing,,
forums:syn-for-0102,forums,macrumors_forums,syn-for-0102,2025-08-04T00:31:25,True,synthetic://forums/syn-for-0102,Tips for locating a photo of the rental agreement?,"Does anyone know how to find a photo of the rental agreement? I need it now because the landlord is refusing to return the deposit. Timing wise it was when we moved into this flat, 2021 or so. I can picture stamp paper with a purple stamp. It's a picture of the rental agreement. For context, the landlord only gave us one copy so I photographed every page. Not sure which month or year, honestly. I can't recall what it said exactly. I searched ""agreement 2021"" and there it was. I searched ""rent agreement document pages"" and it popped up near the top. Searched for ""agreement"" and there it was. Eventually I searched my WhatsApp chats instead. Got it eventually, after about an hour.",686,Apps & software,0,,,,,,,,,,,10821,6,attempt,True,True,document,found,none_observed,remembered_context; remembered_object; remembered_time_approximation; remembered_visual_appearance,exact_date_unknown; exact_text_unknown,metadata; natural_language; keyword,agreement 2021; rent agreement document pages; agreement,found; found; found,other_application,,
forums:syn-for-0103,forums,xda_forums,syn-for-0103,2026-04-13T07:33:47,True,synthetic://forums/syn-for-0103,Tips for locating the screenshot of the product I wanted to buy?,"Does anyone know how to find the screenshot of the product I wanted to buy? It had the brand name on it. I remember a brass lamp with a curved neck. It was a couple of months ago. No idea what the thing is actually called. I don't remember the exact words on it. Tried ""brass lamp with curved neck"" and there it was. Searched for ""lamp"" and it popped up near the top. Ended up scrolling back through years of photos. Got it eventually, after way too long. Am I doing something wrong?",483,Apps & software,0,,,,,,,,,,,16584,34,attempt,True,True,purchase_related_image,found,none_observed,remembered_text; remembered_time_approximation; remembered_visual_appearance,exact_object_name_unknown; exact_text_unknown,natural_language; keyword,brass lamp with curved neck; lamp,found; found,manual_scrolling,,
forums:syn-for-0104,forums,xda_forums,syn-for-0104,2023-05-01T19:20:14,True,synthetic://forums/syn-for-0104,Finding a specific old photo in Google Photos,"I've used Google Photos since it launched. Looking for a picture of the sofa fabric sample. We were at the furniture shop when I took it. I remember a mustard-coloured textured fabric. For context, the shop said to send them the photo when ordering. I don't remember when exactly. I typed ""furniture shop"" in search and it popped up near the top. I tried the screenshots category filter as well. Finally found it after three days.",430,Apps & software,0,,,,,,,,,,,1449,18,attempt,True,True,purchase_related_image,found,none_observed,remembered_context; remembered_place; remembered_visual_appearance,exact_date_unknown,metadata,furniture shop,found,filters,long_tenure,
forums:syn-for-0105,forums,macrumors_forums,syn-for-0105,2026-04-12T17:44:37,True,synthetic://forums/syn-for-0105,Tips for locating the photo from the Ganpati procession?,"I've been looking for the photo from the Ganpati procession for days. I need it now because our society newsletter wanted old pictures. It was at the Ganpati visarjan. I can picture red gulal everywhere and the idol behind us. It was taken on the road near our society. I can't remember the date at all. I typed ""people covered in red colour with ganesh idol"" in search and nothing came up. I searched ""september"" and got no results. Searched for ""ganpati"" and nothing came up. It just doesn't show up in search even though I know it's there. I scrolled for like 40 minutes. I jumped to roughly that year with the scrollbar and went month by month. Found one that might be it, but I'm not sure it's the same one. Is there a better way to search for stuff like this?",765,Apps & software,0,,,,,,,,,,,3840,6,attempt,True,True,event_memory,uncertain,C_retrieval,remembered_event; remembered_place; remembered_visual_appearance,exact_date_unknown,natural_language; metadata; keyword,people covered in red colour with ganesh idol; september; ganpati,not_found; not_found; not_found,date_browsing; manual_scrolling,,
forums:syn-for-0106,forums,macrumors_forums,syn-for-0106,2023-08-03T22:41:57,True,synthetic://forums/syn-for-0106,Google Photos search is failing me,"On Android. I've been looking for the candid of my cousin laughing during the haldi for days. For context, someone had just thrown haldi on her. It's from my cousin's haldi. I remember yellow everywhere and marigold flowers. I don't remember when exactly. I searched ""girl laughing covered in yellow with marigolds"" and got thousands of results to scroll through. All the results look the same as tiny thumbnails. I asked my sister if she still had it. I checked all my albums one by one. Eventually I just gave up. How do you all deal with this?",546,Apps & software,0,,,,,,,,,,,11019,34,attempt,True,True,wedding_memory,abandoned,D_result_evaluation,remembered_context; remembered_event; remembered_visual_appearance,exact_date_unknown,natural_language,girl laughing covered in yellow with marigolds,too_many_results,abandonment; album_browsing; ask_another_person,android_device,
forums:syn-for-0107,forums,xda_forums,syn-for-0107,2024-06-27T01:33:36,True,synthetic://forums/syn-for-0107,Finding a specific old photo in Google Photos,Pro tip: Name the face groups. Searching a person's name works way better than describing them.,95,Apps & software,0,,,,,,,,,,,6240,35,advice,True,False,,,,,,,,,,,
forums:syn-for-0108,forums,macrumors_forums,syn-for-0108,2024-10-17T12:45:54,True,synthetic://forums/syn-for-0108,Search vs scrolling for old memories,"I'm trying to find the photo of the warranty card for the washing machine. I need it now because the machine broke and service wants the warranty. All I remember visually is a small card taped to the invoice. The photo shows the warranty card. For context, I photographed it right after installation. I don't remember the exact words on it. I searched ""warranty 2024"" and got a bunch of pictures that had nothing to do with it. Searched for ""warranty"" and got a bunch of pictures that had nothing to do with it. I typed ""washing machine warranty card"" in search and nothing came up. How do you even search for something like that? I checked my Gmail in case I had sent it to someone. Never found it. Is there a better way to search for stuff like this?",752,Apps & software,0,,,,,,,,,,,4499,31,attempt,True,True,receipt,not_found,A_memory_expression,remembered_context; remembered_object; remembered_visual_appearance,exact_text_unknown,metadata; keyword; natural_language,warranty 2024; warranty; washing machine warranty card,wrong_results; wrong_results; not_found,other_application,,
forums:syn-for-0109,forums,xda_forums,syn-for-0109,2025-08-30T16:21:57,True,synthetic://forums/syn-for-0109,Google Photos search is failing me,"I'm trying to find the photo of the menu at the street food stall. I need it because I want to recommend it to someone visiting. We were somewhere in Old Delhi when I took it. It had the prices and the name of the stall on it. I can't recall what it said exactly. Searched for ""delhi winter"" and got a bunch of pictures that had nothing to do with it. I didn't know what else to try. In the end I texted my friend to send it again. I found a similar one but not the exact photo I wanted. Am I doing something wrong?",515,Apps & software,0,,,,,,,,,,,326,38,attempt,True,True,food_restaurant_memory,partially_found,E_refinement,remembered_place; remembered_text,exact_text_unknown,metadata,delhi winter,wrong_results,ask_another_person,,
forums:syn-for-0110,forums,macrumors_forums,syn-for-0110,2023-04-26T18:00:47,True,synthetic://forums/syn-for-0110,Finding a specific old photo in Google Photos,"I'm trying to find a photo of the tiny café we found in Goa. It's from our Goa trip. All I remember visually is blue wooden chairs and a hand-painted menu board. It was taken somewhere near the beach in north Goa. I don't remember the name of the place. I typed ""goa 2022"" in search and got a bunch of pictures that had nothing to do with it. I know exactly what it looks like but can't put it into search words. I jumped to roughly that year with the scrollbar and went month by month. Still haven't found it.",510,Apps & software,0,,,,,,,,,,,18564,13,attempt,True,True,travel_memory,not_found,A_memory_expression,remembered_place; remembered_trip; remembered_visual_appearance,exact_location_unknown,metadata,goa 2022,wrong_results,date_browsing,,
forums:syn-for-0111,forums,macrumors_forums,syn-for-0111,2023-10-23T06:45:16,True,synthetic://forums/syn-for-0111,Google Photos search is failing me,"On my Pixel. Does anyone know how to find the photo of the menu at the street food stall? I need it now because I want to recommend it to someone visiting. It was while eating chaat after the market. We were somewhere in Old Delhi when I took it. Not sure which month or year, honestly. I typed ""delhi winter"" in search and got no results. I just didn't know how to describe it in a way search would get. Ended up scrolling back through years of photos. Never found it. Any tips?",479,Apps & software,0,,,,,,,,,,,5698,26,attempt,True,True,food_restaurant_memory,not_found,A_memory_expression,remembered_activity; remembered_place,exact_date_unknown,metadata,delhi winter,not_found,manual_scrolling,android_device,
forums:syn-for-0112,forums,android_central_forums,syn-for-0112,2023-05-03T03:29:14,True,synthetic://forums/syn-for-0112,Tips for locating a photo of the biryani my grandmother made?,"Half my library is screenshots. Looking for a photo of the biryani my grandmother made. I need it because she passed away and I really want that picture. It was taken at my grandmother's house. It means a lot to me. It was taken on Eid. I remember a huge copper pot and her hands in the shot. Not sure which month or year, honestly. I typed ""eid 2021"" in search and there it was. Searched for ""biryani"" and there it was. I jumped to roughly that year with the scrollbar and went month by month. Got it eventually, after about an hour. Is there a better way to search for stuff like this?",587,Apps & software,0,,,,,,,,,,,18501,0,attempt,True,True,food_restaurant_memory,found,none_observed,remembered_emotion; remembered_occasion; remembered_place; remembered_visual_appearance,exact_date_unknown,metadata; keyword,eid 2021; biryani,found; found,date_browsing,screenshot_heavy,
forums:syn-for-0113,forums,android_central_forums,syn-for-0113,2023-01-13T16:33:29,True,synthetic://forums/syn-for-0113,Search vs scrolling for old memories,"Looking for the photo of the street where we got lost. I need it because we want to frame it. Timing wise it was on the third or fourth day of the trip. All I remember visually is yellow tiles on the walls and a tram line. I don't remember the name of the place. Searched for ""lisbon"" and it gave me hundreds of photos. I searched ""narrow street with yellow tiles and tram"" and it gave me hundreds of photos. I typed ""street"" in search and got thousands of results to scroll through. I have hundreds of similar shots and can't tell which one it was. Ended up scrolling back through years of photos. In the end I texted my friend to send it again. I found a similar one but not the exact photo I wanted. Am I doing something wrong?",730,Apps & software,0,,,,,,,,,,,1812,9,attempt,True,True,travel_memory,partially_found,D_result_evaluation,remembered_time_approximation; remembered_visual_appearance,exact_location_unknown,metadata; natural_language; keyword,lisbon; narrow street with yellow tiles and tram; street,too_many_results; too_many_results; too_many_results,ask_another_person; manual_scrolling,,
forums:syn-for-0114,forums,macrumors_forums,syn-for-0114,2025-04-17T02:52:21,True,synthetic://forums/syn-for-0114,Finding a specific old photo in Google Photos,"On iOS. I'm trying to find the photo of the parking spot sign. I need it because I got a parking fine and need to prove where I was. All I remember visually is a green pillar with a letter and number. For context, I took it so I'd remember where I parked. I remember it showed the level and bay number. I can't recall what it said exactly. Tried ""parking"" and nothing came up. I typed ""parking pillar sign"" in search and got no results. The location data was probably off so there's nothing to go on. Ended up scrolling back through years of photos. I gave up on finding it. How do you all deal with this?",605,Apps & software,0,,,,,,,,,,,4438,17,attempt,True,True,location_memory,abandoned,F_data_index_limitation,remembered_context; remembered_text; remembered_visual_appearance,exact_text_unknown,keyword; natural_language,parking; parking pillar sign,not_found; not_found,abandonment; manual_scrolling,ios_device,
forums:syn-for-0115,forums,toms_guide_forum,syn-for-0115,2024-06-14T00:51:37,True,synthetic://forums/syn-for-0115,Finding a specific old photo in Google Photos,"I'm trying to find the photo of my first tattoo right after I got it. I need it now because the artist asked for a before picture. Timing wise it was a few years back. The photo shows a tattoo. All I remember visually is a small wave design on my wrist, all red around it. Not sure which month or year, honestly. Tried ""fresh wave tattoo on wrist"" and there it was. Searched for ""tattoo"" and it popped up near the top. Gave up for the day and tried again the next week. Got it eventually, after way too long. Is there a better way to search for stuff like this?",561,Apps & software,0,,,,,,,,,,,18549,7,attempt,True,True,personal_memory,found,none_observed,remembered_object; remembered_time_approximation; remembered_visual_appearance,exact_date_unknown,natural_language; metadata,fresh wave tattoo on wrist; tattoo,found; found,return_later,,
forums:syn-for-0116,forums,xda_forums,syn-for-0116,2023-10-31T00:31:46,True,synthetic://forums/syn-for-0116,Google Photos search is failing me,"Looking for the photo of the electrician's handwritten estimate. I need it because he's charging way more now. I remember he wrote it on a notebook page. I can picture blue pen on lined paper. It's a picture of a handwritten estimate. I don't remember when exactly. I can't recall what it said exactly. Tried ""handwritten estimate on notebook paper"" and nothing came up. Searched for ""electrician"" and got no results. Searched for ""estimate"" and nothing came up. The photo is definitely in my library but search never shows it. Eventually I searched my WhatsApp chats instead. Finally found it after way too long. Am I doing something wrong?",641,Apps & software,0,,,,,,,,,,,7187,0,attempt,True,True,receipt,found,C_retrieval,remembered_context; remembered_object; remembered_visual_appearance,exact_date_unknown; exact_text_unknown,natural_language; metadata; keyword,handwritten estimate on notebook paper; electrician; estimate,not_found; not_found; not_found,other_application,,
forums:syn-for-0117,forums,toms_guide_forum,syn-for-0117,2024-09-06T19:46:54,True,synthetic://forums/syn-for-0117,Search vs scrolling for old memories,"I've used Google Photos since it launched. Does anyone know how to find a photo of the tiny café we found in Goa? I need it because my friend is going to Goa and asked for the name. It was sometime in December, maybe 2021 or 2022. All I remember visually is blue wooden chairs and a hand-painted menu board. It was taken somewhere near the beach in north Goa. This was during our Goa trip. I can't remember the date at all. I don't remember the name of the place. Tried ""goa 2022"" and got a bunch of pictures that had nothing to do with it. It doesn't understand what I'm describing at all. I scrolled for like 40 minutes. I went through the map view hoping to spot it. I gave up on finding it.",694,Apps & software,0,,,,,,,,,,,8504,24,attempt,True,True,travel_memory,abandoned,B_system_understanding,remembered_place; remembered_time_approximation; remembered_trip; remembered_visual_appearance,exact_date_unknown; exact_location_unknown,metadata,goa 2022,wrong_results,abandonment; location_browsing; manual_scrolling,long_tenure,
forums:syn-for-0118,forums,macrumors_forums,syn-for-0118,2026-05-07T21:27:45,True,synthetic://forums/syn-for-0118,Google Photos search is failing me,"Search should work the way I remember things, like 'friends on terrace at night with fairy lights', not just single words.",122,Apps & software,0,,,,,,,,,,,8210,27,opinion,True,False,,,,,,,,,,,
forums:syn-for-0119,forums,android_central_forums,syn-for-0119,2024-07-13T14:43:28,True,synthetic://forums/syn-for-0119,Finding a specific old photo in Google Photos,"Does anyone know how to find the photo of the dessert we ordered at that restaurant? I need it now because I want to go back but forgot the restaurant name. It was at my sister's birthday dinner. I remember a chocolate dome with gold stuff on top. It was taken at some rooftop place in Bangalore. It had my sister in it. I don't even remember what the event was called. I typed ""chocolate dessert with gold on top"" in search but it just showed random photos. I know exactly what it looks like but can't put it into search words. I kept retyping different searches. I jumped to roughly that year with the scrollbar and went month by month. Got it eventually, after three days. How do you all deal with this?",706,Apps & software,0,,,,,,,,,,,3179,3,attempt,True,True,food_restaurant_memory,found,A_memory_expression,remembered_event; remembered_person; remembered_place; remembered_visual_appearance,event_name_unknown,natural_language,chocolate dessert with gold on top,wrong_results,date_browsing; repeated_search,,
